commodity_price_id,observation_date,commodity,market,price_value,currency,unit,data_type,source
CP_000001,2024-01-01,THERMAL_COAL,NEWCASTLE_BENCHMARK,136.49,USD,USD_PER_MT,SYNTHETIC,SYNTHETIC_GENERATOR_V1
CP_000002,2024-01-02,THERMAL_COAL,NEWCASTLE_BENCHMARK,137.35,USD,USD_PER_MT,SYNTHETIC,SYNTHETIC_GENERATOR_V1
CP_000003,2024-01-03,THERMAL_COAL,NEWCASTLE_BENCHMARK,137.10,USD,USD_PER_MT,SYNTHETIC,SYNTHETIC_GENERATOR_V1
CP_000004,2024-01-04,THERMAL_COAL,NEWCASTLE_BENCHMARK,137.91,USD,USD_PER_MT,SYNTHETIC,SYNTHETIC_GENERATOR_V1
CP_000005,2024-01-05,THERMAL_COAL,NEWCASTLE_BENCHMARK,137.75,USD,USD_PER_MT,SYNTHETIC,SYNTHETIC_GENERATOR_V1
CP_000006,2024-01-06,THERMAL_COAL,NEWCASTLE_BENCHMARK,138.68,USD,USD_PER_MT,SYNTHETIC,SYNTHETIC_GENERATOR_V1
CP_000007,2024-01-07,THERMAL_COAL,NEWCASTLE_BENCHMARK,137.67,USD,USD_PER_MT,SYNTHETIC,SYNTHETIC_GENERATOR_V1
CP_000008,2024-01-08,THERMAL_COAL,NEWCASTLE_BENCHMARK,138.01,USD,USD_PER_MT,SYNTHETIC,SYNTHETIC_GENERATOR_V1
CP_000009,2024-01-09,THERMAL_COAL,NEWCASTLE_BENCHMARK,137.93,USD,USD_PER_MT,SYNTHETIC,SYNTHETIC_GENERATOR_V1
CP_000010,2024-01-10,THERMAL_COAL,NEWCASTLE_BENCHMARK,137.58,USD,USD_PER_MT,SYNTHETIC,SYNTHETIC_GENERATOR_V1
CP_000011,2024-01-11,THERMAL_COAL,NEWCASTLE_BENCHMARK,136.82,USD,USD_PER_MT,SYNTHETIC,SYNTHETIC_GENERATOR_V1
CP_000012,2024-01-12,THERMAL_COAL,NEWCASTLE_BENCHMARK,138.10,USD,USD_PER_MT,SYNTHETIC,SYNTHETIC_GENERATOR_V1
CP_000013,2024-01-13,THERMAL_COAL,NEWCASTLE_BENCHMARK,137.12,USD,USD_PER_MT,SYNTHETIC,SYNTHETIC_GENERATOR_V1
CP_000014,2024-01-14,THERMAL_COAL,NEWCASTLE_BENCHMARK,137.54,USD,USD_PER_MT,SYNTHETIC,SYNTHETIC_GENERATOR_V1
CP_000015,2024-01-15,THERMAL_COAL,NEWCASTLE_BENCHMARK,137.39,USD,USD_PER_MT,SYNTHETIC,SYNTHETIC_GENERATOR_V1
CP_000016,2024-01-16,THERMAL_COAL,NEWCASTLE_BENCHMARK,136.64,USD,USD_PER_MT,SYNTHETIC,SYNTHETIC_GENERATOR_V1
CP_000017,2024-01-17,THERMAL_COAL,NEWCASTLE_BENCHMARK,137.88,USD,USD_PER_MT,SYNTHETIC,SYNTHETIC_GENERATOR_V1
CP_000018,2024-01-18,THERMAL_COAL,NEWCASTLE_BENCHMARK,138.08,USD,USD_PER_MT,SYNTHETIC,SYNTHETIC_GENERATOR_V1
CP_000019,2024-01-19,THERMAL_COAL,NEWCASTLE_BENCHMARK,138.62,USD,USD_PER_MT,SYNTHETIC,SYNTHETIC_GENERATOR_V1
CP_000020,2024-01-20,THERMAL_COAL,NEWCASTLE_BENCHMARK,138.86,USD,USD_PER_MT,SYNTHETIC,SYNTHETIC_GENERATOR_V1
CP_000021,2024-01-21,THERMAL_COAL,NEWCASTLE_BENCHMARK,137.67,USD,USD_PER_MT,SYNTHETIC,SYNTHETIC_GENERATOR_V1
CP_000022,2024-01-22,THERMAL_COAL,NEWCASTLE_BENCHMARK,136.65,USD,USD_PER_MT,SYNTHETIC,SYNTHETIC_GENERATOR_V1
CP_000023,2024-01-23,THERMAL_COAL,NEWCASTLE_BENCHMARK,136.42,USD,USD_PER_MT,SYNTHETIC,SYNTHETIC_GENERATOR_V1
CP_000024,2024-01-24,THERMAL_COAL,NEWCASTLE_BENCHMARK,135.30,USD,USD_PER_MT,SYNTHETIC,SYNTHETIC_GENERATOR_V1
CP_000025,2024-01-25,THERMAL_COAL,NEWCASTLE_BENCHMARK,135.55,USD,USD_PER_MT,SYNTHETIC,SYNTHETIC_GENERATOR_V1
CP_000026,2024-01-26,THERMAL_COAL,NEWCASTLE_BENCHMARK,134.73,USD,USD_PER_MT,SYNTHETIC,SYNTHETIC_GENERATOR_V1
CP_000027,2024-01-27,THERMAL_COAL,NEWCASTLE_BENCHMARK,136.81,USD,USD_PER_MT,SYNTHETIC,SYNTHETIC_GENERATOR_V1
CP_000028,2024-01-28,THERMAL_COAL,NEWCASTLE_BENCHMARK,136.40,USD,USD_PER_MT,SYNTHETIC,SYNTHETIC_GENERATOR_V1
CP_000029,2024-01-29,THERMAL_COAL,NEWCASTLE_BENCHMARK,137.53,USD,USD_PER_MT,SYNTHETIC,SYNTHETIC_GENERATOR_V1
CP_000030,2024-01-30,THERMAL_COAL,NEWCASTLE_BENCHMARK,136.89,USD,USD_PER_MT,SYNTHETIC,SYNTHETIC_GENERATOR_V1
CP_000031,2024-01-31,THERMAL_COAL,NEWCASTLE_BENCHMARK,135.89,USD,USD_PER_MT,SYNTHETIC,SYNTHETIC_GENERATOR_V1
CP_000032,2024-02-01,THERMAL_COAL,NEWCASTLE_BENCHMARK,137.64,USD,USD_PER_MT,SYNTHETIC,SYNTHETIC_GENERATOR_V1
CP_000033,2024-02-02,THERMAL_COAL,NEWCASTLE_BENCHMARK,137.63,USD,USD_PER_MT,SYNTHETIC,SYNTHETIC_GENERATOR_V1
CP_000034,2024-02-03,THERMAL_COAL,NEWCASTLE_BENCHMARK,138.78,USD,USD_PER_MT,SYNTHETIC,SYNTHETIC_GENERATOR_V1
CP_000035,2024-02-04,THERMAL_COAL,NEWCASTLE_BENCHMARK,139.10,USD,USD_PER_MT,SYNTHETIC,SYNTHETIC_GENERATOR_V1
CP_000036,2024-02-05,THERMAL_COAL,NEWCASTLE_BENCHMARK,138.09,USD,USD_PER_MT,SYNTHETIC,SYNTHETIC_GENERATOR_V1
CP_000037,2024-02-06,THERMAL_COAL,NEWCASTLE_BENCHMARK,137.87,USD,USD_PER_MT,SYNTHETIC,SYNTHETIC_GENERATOR_V1
CP_000038,2024-02-07,THERMAL_COAL,NEWCASTLE_BENCHMARK,139.20,USD,USD_PER_MT,SYNTHETIC,SYNTHETIC_GENERATOR_V1
CP_000039,2024-02-08,THERMAL_COAL,NEWCASTLE_BENCHMARK,138.51,USD,USD_PER_MT,SYNTHETIC,SYNTHETIC_GENERATOR_V1
CP_000040,2024-02-09,THERMAL_COAL,NEWCASTLE_BENCHMARK,137.52,USD,USD_PER_MT,SYNTHETIC,SYNTHETIC_GENERATOR_V1
CP_000041,2024-02-10,THERMAL_COAL,NEWCASTLE_BENCHMARK,137.80,USD,USD_PER_MT,SYNTHETIC,SYNTHETIC_GENERATOR_V1
CP_000042,2024-02-11,THERMAL_COAL,NEWCASTLE_BENCHMARK,137.14,USD,USD_PER_MT,SYNTHETIC,SYNTHETIC_GENERATOR_V1
CP_000043,2024-02-12,THERMAL_COAL,NEWCASTLE_BENCHMARK,137.33,USD,USD_PER_MT,SYNTHETIC,SYNTHETIC_GENERATOR_V1
CP_000044,2024-02-13,THERMAL_COAL,NEWCASTLE_BENCHMARK,138.42,USD,USD_PER_MT,SYNTHETIC,SYNTHETIC_GENERATOR_V1
CP_000045,2024-02-14,THERMAL_COAL,NEWCASTLE_BENCHMARK,138.81,USD,USD_PER_MT,SYNTHETIC,SYNTHETIC_GENERATOR_V1
CP_000046,2024-02-15,THERMAL_COAL,NEWCASTLE_BENCHMARK,138.93,USD,USD_PER_MT,SYNTHETIC,SYNTHETIC_GENERATOR_V1
CP_000047,2024-02-16,THERMAL_COAL,NEWCASTLE_BENCHMARK,138.51,USD,USD_PER_MT,SYNTHETIC,SYNTHETIC_GENERATOR_V1
CP_000048,2024-02-17,THERMAL_COAL,NEWCASTLE_BENCHMARK,138.52,USD,USD_PER_MT,SYNTHETIC,SYNTHETIC_GENERATOR_V1
CP_000049,2024-02-18,THERMAL_COAL,NEWCASTLE_BENCHMARK,137.97,USD,USD_PER_MT,SYNTHETIC,SYNTHETIC_GENERATOR_V1
CP_000050,2024-02-19,THERMAL_COAL,NEWCASTLE_BENCHMARK,137.45,USD,USD_PER_MT,SYNTHETIC,SYNTHETIC_GENERATOR_V1
CP_000051,2024-02-20,THERMAL_COAL,NEWCASTLE_BENCHMARK,136.93,USD,USD_PER_MT,SYNTHETIC,SYNTHETIC_GENERATOR_V1
CP_000052,2024-02-21,THERMAL_COAL,NEWCASTLE_BENCHMARK,137.55,USD,USD_PER_MT,SYNTHETIC,SYNTHETIC_GENERATOR_V1
CP_000053,2024-02-22,THERMAL_COAL,NEWCASTLE_BENCHMARK,137.54,USD,USD_PER_MT,SYNTHETIC,SYNTHETIC_GENERATOR_V1
CP_000054,2024-02-23,THERMAL_COAL,NEWCASTLE_BENCHMARK,137.09,USD,USD_PER_MT,SYNTHETIC,SYNTHETIC_GENERATOR_V1
CP_000055,2024-02-24,THERMAL_COAL,NEWCASTLE_BENCHMARK,137.90,USD,USD_PER_MT,SYNTHETIC,SYNTHETIC_GENERATOR_V1
CP_000056,2024-02-25,THERMAL_COAL,NEWCASTLE_BENCHMARK,138.77,USD,USD_PER_MT,SYNTHETIC,SYNTHETIC_GENERATOR_V1
CP_000057,2024-02-26,THERMAL_COAL,NEWCASTLE_BENCHMARK,138.08,USD,USD_PER_MT,SYNTHETIC,SYNTHETIC_GENERATOR_V1
CP_000058,2024-02-27,THERMAL_COAL,NEWCASTLE_BENCHMARK,138.01,USD,USD_PER_MT,SYNTHETIC,SYNTHETIC_GENERATOR_V1
CP_000059,2024-02-28,THERMAL_COAL,NEWCASTLE_BENCHMARK,138.21,USD,USD_PER_MT,SYNTHETIC,SYNTHETIC_GENERATOR_V1
CP_000060,2024-02-29,THERMAL_COAL,NEWCASTLE_BENCHMARK,137.89,USD,USD_PER_MT,SYNTHETIC,SYNTHETIC_GENERATOR_V1
CP_000061,2024-03-01,THERMAL_COAL,NEWCASTLE_BENCHMARK,137.02,USD,USD_PER_MT,SYNTHETIC,SYNTHETIC_GENERATOR_V1
CP_000062,2024-03-02,THERMAL_COAL,NEWCASTLE_BENCHMARK,137.89,USD,USD_PER_MT,SYNTHETIC,SYNTHETIC_GENERATOR_V1
CP_000063,2024-03-03,THERMAL_COAL,NEWCASTLE_BENCHMARK,136.41,USD,USD_PER_MT,SYNTHETIC,SYNTHETIC_GENERATOR_V1
CP_000064,2024-03-04,THERMAL_COAL,NEWCASTLE_BENCHMARK,136.27,USD,USD_PER_MT,SYNTHETIC,SYNTHETIC_GENERATOR_V1
CP_000065,2024-03-05,THERMAL_COAL,NEWCASTLE_BENCHMARK,136.47,USD,USD_PER_MT,SYNTHETIC,SYNTHETIC_GENERATOR_V1
CP_000066,2024-03-06,THERMAL_COAL,NEWCASTLE_BENCHMARK,134.60,USD,USD_PER_MT,SYNTHETIC,SYNTHETIC_GENERATOR_V1
CP_000067,2024-03-07,THERMAL_COAL,NEWCASTLE_BENCHMARK,133.76,USD,USD_PER_MT,SYNTHETIC,SYNTHETIC_GENERATOR_V1
CP_000068,2024-03-08,THERMAL_COAL,NEWCASTLE_BENCHMARK,133.71,USD,USD_PER_MT,SYNTHETIC,SYNTHETIC_GENERATOR_V1
CP_000069,2024-03-09,THERMAL_COAL,NEWCASTLE_BENCHMARK,134.47,USD,USD_PER_MT,SYNTHETIC,SYNTHETIC_GENERATOR_V1
CP_000070,2024-03-10,THERMAL_COAL,NEWCASTLE_BENCHMARK,133.79,USD,USD_PER_MT,SYNTHETIC,SYNTHETIC_GENERATOR_V1
CP_000071,2024-03-11,THERMAL_COAL,NEWCASTLE_BENCHMARK,134.76,USD,USD_PER_MT,SYNTHETIC,SYNTHETIC_GENERATOR_V1
CP_000072,2024-03-12,THERMAL_COAL,NEWCASTLE_BENCHMARK,135.37,USD,USD_PER_MT,SYNTHETIC,SYNTHETIC_GENERATOR_V1
CP_000073,2024-03-13,THERMAL_COAL,NEWCASTLE_BENCHMARK,135.87,USD,USD_PER_MT,SYNTHETIC,SYNTHETIC_GENERATOR_V1
CP_000074,2024-03-14,THERMAL_COAL,NEWCASTLE_BENCHMARK,136.18,USD,USD_PER_MT,SYNTHETIC,SYNTHETIC_GENERATOR_V1
CP_000075,2024-03-15,THERMAL_COAL,NEWCASTLE_BENCHMARK,136.90,USD,USD_PER_MT,SYNTHETIC,SYNTHETIC_GENERATOR_V1
CP_000076,2024-03-16,THERMAL_COAL,NEWCASTLE_BENCHMARK,135.64,USD,USD_PER_MT,SYNTHETIC,SYNTHETIC_GENERATOR_V1
CP_000077,2024-03-17,THERMAL_COAL,NEWCASTLE_BENCHMARK,136.31,USD,USD_PER_MT,SYNTHETIC,SYNTHETIC_GENERATOR_V1
CP_000078,2024-03-18,THERMAL_COAL,NEWCASTLE_BENCHMARK,135.87,USD,USD_PER_MT,SYNTHETIC,SYNTHETIC_GENERATOR_V1
CP_000079,2024-03-19,THERMAL_COAL,NEWCASTLE_BENCHMARK,136.35,USD,USD_PER_MT,SYNTHETIC,SYNTHETIC_GENERATOR_V1
CP_000080,2024-03-20,THERMAL_COAL,NEWCASTLE_BENCHMARK,135.94,USD,USD_PER_MT,SYNTHETIC,SYNTHETIC_GENERATOR_V1
CP_000081,2024-03-21,THERMAL_COAL,NEWCASTLE_BENCHMARK,135.93,USD,USD_PER_MT,SYNTHETIC,SYNTHETIC_GENERATOR_V1
CP_000082,2024-03-22,THERMAL_COAL,NEWCASTLE_BENCHMARK,136.65,USD,USD_PER_MT,SYNTHETIC,SYNTHETIC_GENERATOR_V1
CP_000083,2024-03-23,THERMAL_COAL,NEWCASTLE_BENCHMARK,136.04,USD,USD_PER_MT,SYNTHETIC,SYNTHETIC_GENERATOR_V1
CP_000084,2024-03-24,THERMAL_COAL,NEWCASTLE_BENCHMARK,136.49,USD,USD_PER_MT,SYNTHETIC,SYNTHETIC_GENERATOR_V1
CP_000085,2024-03-25,THERMAL_COAL,NEWCASTLE_BENCHMARK,136.06,USD,USD_PER_MT,SYNTHETIC,SYNTHETIC_GENERATOR_V1
CP_000086,2024-03-26,THERMAL_COAL,NEWCASTLE_BENCHMARK,137.42,USD,USD_PER_MT,SYNTHETIC,SYNTHETIC_GENERATOR_V1
CP_000087,2024-03-27,THERMAL_COAL,NEWCASTLE_BENCHMARK,137.87,USD,USD_PER_MT,SYNTHETIC,SYNTHETIC_GENERATOR_V1
CP_000088,2024-03-28,THERMAL_COAL,NEWCASTLE_BENCHMARK,138.38,USD,USD_PER_MT,SYNTHETIC,SYNTHETIC_GENERATOR_V1
CP_000089,2024-03-29,THERMAL_COAL,NEWCASTLE_BENCHMARK,138.43,USD,USD_PER_MT,SYNTHETIC,SYNTHETIC_GENERATOR_V1
CP_000090,2024-03-30,THERMAL_COAL,NEWCASTLE_BENCHMARK,138.75,USD,USD_PER_MT,SYNTHETIC,SYNTHETIC_GENERATOR_V1
CP_000091,2024-03-31,THERMAL_COAL,NEWCASTLE_BENCHMARK,139.34,USD,USD_PER_MT,SYNTHETIC,SYNTHETIC_GENERATOR_V1
CP_000092,2024-04-01,THERMAL_COAL,NEWCASTLE_BENCHMARK,139.97,USD,USD_PER_MT,SYNTHETIC,SYNTHETIC_GENERATOR_V1
CP_000093,2024-04-02,THERMAL_COAL,NEWCASTLE_BENCHMARK,139.58,USD,USD_PER_MT,SYNTHETIC,SYNTHETIC_GENERATOR_V1
CP_000094,2024-04-03,THERMAL_COAL,NEWCASTLE_BENCHMARK,139.92,USD,USD_PER_MT,SYNTHETIC,SYNTHETIC_GENERATOR_V1
CP_000095,2024-04-04,THERMAL_COAL,NEWCASTLE_BENCHMARK,142.02,USD,USD_PER_MT,SYNTHETIC,SYNTHETIC_GENERATOR_V1
CP_000096,2024-04-05,THERMAL_COAL,NEWCASTLE_BENCHMARK,142.49,USD,USD_PER_MT,SYNTHETIC,SYNTHETIC_GENERATOR_V1
CP_000097,2024-04-06,THERMAL_COAL,NEWCASTLE_BENCHMARK,142.08,USD,USD_PER_MT,SYNTHETIC,SYNTHETIC_GENERATOR_V1
CP_000098,2024-04-07,THERMAL_COAL,NEWCASTLE_BENCHMARK,142.39,USD,USD_PER_MT,SYNTHETIC,SYNTHETIC_GENERATOR_V1
CP_000099,2024-04-08,THERMAL_COAL,NEWCASTLE_BENCHMARK,143.74,USD,USD_PER_MT,SYNTHETIC,SYNTHETIC_GENERATOR_V1
CP_000100,2024-04-09,THERMAL_COAL,NEWCASTLE_BENCHMARK,143.90,USD,USD_PER_MT,SYNTHETIC,SYNTHETIC_GENERATOR_V1
CP_000101,2024-04-10,THERMAL_COAL,NEWCASTLE_BENCHMARK,143.96,USD,USD_PER_MT,SYNTHETIC,SYNTHETIC_GENERATOR_V1
CP_000102,2024-04-11,THERMAL_COAL,NEWCASTLE_BENCHMARK,142.93,USD,USD_PER_MT,SYNTHETIC,SYNTHETIC_GENERATOR_V1
CP_000103,2024-04-12,THERMAL_COAL,NEWCASTLE_BENCHMARK,142.48,USD,USD_PER_MT,SYNTHETIC,SYNTHETIC_GENERATOR_V1
CP_000104,2024-04-13,THERMAL_COAL,NEWCASTLE_BENCHMARK,142.68,USD,USD_PER_MT,SYNTHETIC,SYNTHETIC_GENERATOR_V1
CP_000105,2024-04-14,THERMAL_COAL,NEWCASTLE_BENCHMARK,142.70,USD,USD_PER_MT,SYNTHETIC,SYNTHETIC_GENERATOR_V1
CP_000106,2024-04-15,THERMAL_COAL,NEWCASTLE_BENCHMARK,143.49,USD,USD_PER_MT,SYNTHETIC,SYNTHETIC_GENERATOR_V1
CP_000107,2024-04-16,THERMAL_COAL,NEWCASTLE_BENCHMARK,143.70,USD,USD_PER_MT,SYNTHETIC,SYNTHETIC_GENERATOR_V1
CP_000108,2024-04-17,THERMAL_COAL,NEWCASTLE_BENCHMARK,145.19,USD,USD_PER_MT,SYNTHETIC,SYNTHETIC_GENERATOR_V1
CP_000109,2024-04-18,THERMAL_COAL,NEWCASTLE_BENCHMARK,145.27,USD,USD_PER_MT,SYNTHETIC,SYNTHETIC_GENERATOR_V1
CP_000110,2024-04-19,THERMAL_COAL,NEWCASTLE_BENCHMARK,144.28,USD,USD_PER_MT,SYNTHETIC,SYNTHETIC_GENERATOR_V1
CP_000111,2024-04-20,THERMAL_COAL,NEWCASTLE_BENCHMARK,145.12,USD,USD_PER_MT,SYNTHETIC,SYNTHETIC_GENERATOR_V1
CP_000112,2024-04-21,THERMAL_COAL,NEWCASTLE_BENCHMARK,146.67,USD,USD_PER_MT,SYNTHETIC,SYNTHETIC_GENERATOR_V1
CP_000113,2024-04-22,THERMAL_COAL,NEWCASTLE_BENCHMARK,147.16,USD,USD_PER_MT,SYNTHETIC,SYNTHETIC_GENERATOR_V1
CP_000114,2024-04-23,THERMAL_COAL,NEWCASTLE_BENCHMARK,146.96,USD,USD_PER_MT,SYNTHETIC,SYNTHETIC_GENERATOR_V1
CP_000115,2024-04-24,THERMAL_COAL,NEWCASTLE_BENCHMARK,145.86,USD,USD_PER_MT,SYNTHETIC,SYNTHETIC_GENERATOR_V1
CP_000116,2024-04-25,THERMAL_COAL,NEWCASTLE_BENCHMARK,147.47,USD,USD_PER_MT,SYNTHETIC,SYNTHETIC_GENERATOR_V1
CP_000117,2024-04-26,THERMAL_COAL,NEWCASTLE_BENCHMARK,147.37,USD,USD_PER_MT,SYNTHETIC,SYNTHETIC_GENERATOR_V1
CP_000118,2024-04-27,THERMAL_COAL,NEWCASTLE_BENCHMARK,148.63,USD,USD_PER_MT,SYNTHETIC,SYNTHETIC_GENERATOR_V1
CP_000119,2024-04-28,THERMAL_COAL,NEWCASTLE_BENCHMARK,148.31,USD,USD_PER_MT,SYNTHETIC,SYNTHETIC_GENERATOR_V1
CP_000120,2024-04-29,THERMAL_COAL,NEWCASTLE_BENCHMARK,148.77,USD,USD_PER_MT,SYNTHETIC,SYNTHETIC_GENERATOR_V1
CP_000121,2024-04-30,THERMAL_COAL,NEWCASTLE_BENCHMARK,147.99,USD,USD_PER_MT,SYNTHETIC,SYNTHETIC_GENERATOR_V1
CP_000122,2024-05-01,THERMAL_COAL,NEWCASTLE_BENCHMARK,148.02,USD,USD_PER_MT,SYNTHETIC,SYNTHETIC_GENERATOR_V1
CP_000123,2024-05-02,THERMAL_COAL,NEWCASTLE_BENCHMARK,148.44,USD,USD_PER_MT,SYNTHETIC,SYNTHETIC_GENERATOR_V1
CP_000124,2024-05-03,THERMAL_COAL,NEWCASTLE_BENCHMARK,148.35,USD,USD_PER_MT,SYNTHETIC,SYNTHETIC_GENERATOR_V1
CP_000125,2024-05-04,THERMAL_COAL,NEWCASTLE_BENCHMARK,148.19,USD,USD_PER_MT,SYNTHETIC,SYNTHETIC_GENERATOR_V1
CP_000126,2024-05-05,THERMAL_COAL,NEWCASTLE_BENCHMARK,147.17,USD,USD_PER_MT,SYNTHETIC,SYNTHETIC_GENERATOR_V1
CP_000127,2024-05-06,THERMAL_COAL,NEWCASTLE_BENCHMARK,146.16,USD,USD_PER_MT,SYNTHETIC,SYNTHETIC_GENERATOR_V1
CP_000128,2024-05-07,THERMAL_COAL,NEWCASTLE_BENCHMARK,145.24,USD,USD_PER_MT,SYNTHETIC,SYNTHETIC_GENERATOR_V1
CP_000129,2024-05-08,THERMAL_COAL,NEWCASTLE_BENCHMARK,144.59,USD,USD_PER_MT,SYNTHETIC,SYNTHETIC_GENERATOR_V1
CP_000130,2024-05-09,THERMAL_COAL,NEWCASTLE_BENCHMARK,145.20,USD,USD_PER_MT,SYNTHETIC,SYNTHETIC_GENERATOR_V1
CP_000131,2024-05-10,THERMAL_COAL,NEWCASTLE_BENCHMARK,143.67,USD,USD_PER_MT,SYNTHETIC,SYNTHETIC_GENERATOR_V1
CP_000132,2024-05-11,THERMAL_COAL,NEWCASTLE_BENCHMARK,143.87,USD,USD_PER_MT,SYNTHETIC,SYNTHETIC_GENERATOR_V1
CP_000133,2024-05-12,THERMAL_COAL,NEWCASTLE_BENCHMARK,143.27,USD,USD_PER_MT,SYNTHETIC,SYNTHETIC_GENERATOR_V1
CP_000134,2024-05-13,THERMAL_COAL,NEWCASTLE_BENCHMARK,143.21,USD,USD_PER_MT,SYNTHETIC,SYNTHETIC_GENERATOR_V1
CP_000135,2024-05-14,THERMAL_COAL,NEWCASTLE_BENCHMARK,142.85,USD,USD_PER_MT,SYNTHETIC,SYNTHETIC_GENERATOR_V1
CP_000136,2024-05-15,THERMAL_COAL,NEWCASTLE_BENCHMARK,144.19,USD,USD_PER_MT,SYNTHETIC,SYNTHETIC_GENERATOR_V1
CP_000137,2024-05-16,THERMAL_COAL,NEWCASTLE_BENCHMARK,144.10,USD,USD_PER_MT,SYNTHETIC,SYNTHETIC_GENERATOR_V1
CP_000138,2024-05-17,THERMAL_COAL,NEWCASTLE_BENCHMARK,143.66,USD,USD_PER_MT,SYNTHETIC,SYNTHETIC_GENERATOR_V1
CP_000139,2024-05-18,THERMAL_COAL,NEWCASTLE_BENCHMARK,143.18,USD,USD_PER_MT,SYNTHETIC,SYNTHETIC_GENERATOR_V1
CP_000140,2024-05-19,THERMAL_COAL,NEWCASTLE_BENCHMARK,143.22,USD,USD_PER_MT,SYNTHETIC,SYNTHETIC_GENERATOR_V1
CP_000141,2024-05-20,THERMAL_COAL,NEWCASTLE_BENCHMARK,144.11,USD,USD_PER_MT,SYNTHETIC,SYNTHETIC_GENERATOR_V1
CP_000142,2024-05-21,THERMAL_COAL,NEWCASTLE_BENCHMARK,143.29,USD,USD_PER_MT,SYNTHETIC,SYNTHETIC_GENERATOR_V1
CP_000143,2024-05-22,THERMAL_COAL,NEWCASTLE_BENCHMARK,143.21,USD,USD_PER_MT,SYNTHETIC,SYNTHETIC_GENERATOR_V1
CP_000144,2024-05-23,THERMAL_COAL,NEWCASTLE_BENCHMARK,141.66,USD,USD_PER_MT,SYNTHETIC,SYNTHETIC_GENERATOR_V1
CP_000145,2024-05-24,THERMAL_COAL,NEWCASTLE_BENCHMARK,141.77,USD,USD_PER_MT,SYNTHETIC,SYNTHETIC_GENERATOR_V1
CP_000146,2024-05-25,THERMAL_COAL,NEWCASTLE_BENCHMARK,142.57,USD,USD_PER_MT,SYNTHETIC,SYNTHETIC_GENERATOR_V1
CP_000147,2024-05-26,THERMAL_COAL,NEWCASTLE_BENCHMARK,141.68,USD,USD_PER_MT,SYNTHETIC,SYNTHETIC_GENERATOR_V1
CP_000148,2024-05-27,THERMAL_COAL,NEWCASTLE_BENCHMARK,142.48,USD,USD_PER_MT,SYNTHETIC,SYNTHETIC_GENERATOR_V1
CP_000149,2024-05-28,THERMAL_COAL,NEWCASTLE_BENCHMARK,141.65,USD,USD_PER_MT,SYNTHETIC,SYNTHETIC_GENERATOR_V1
CP_000150,2024-05-29,THERMAL_COAL,NEWCASTLE_BENCHMARK,141.40,USD,USD_PER_MT,SYNTHETIC,SYNTHETIC_GENERATOR_V1
CP_000151,2024-05-30,THERMAL_COAL,NEWCASTLE_BENCHMARK,141.58,USD,USD_PER_MT,SYNTHETIC,SYNTHETIC_GENERATOR_V1
CP_000152,2024-05-31,THERMAL_COAL,NEWCASTLE_BENCHMARK,142.30,USD,USD_PER_MT,SYNTHETIC,SYNTHETIC_GENERATOR_V1
CP_000153,2024-06-01,THERMAL_COAL,NEWCASTLE_BENCHMARK,141.46,USD,USD_PER_MT,SYNTHETIC,SYNTHETIC_GENERATOR_V1
CP_000154,2024-06-02,THERMAL_COAL,NEWCASTLE_BENCHMARK,141.45,USD,USD_PER_MT,SYNTHETIC,SYNTHETIC_GENERATOR_V1
CP_000155,2024-06-03,THERMAL_COAL,NEWCASTLE_BENCHMARK,140.71,USD,USD_PER_MT,SYNTHETIC,SYNTHETIC_GENERATOR_V1
CP_000156,2024-06-04,THERMAL_COAL,NEWCASTLE_BENCHMARK,141.11,USD,USD_PER_MT,SYNTHETIC,SYNTHETIC_GENERATOR_V1
CP_000157,2024-06-05,THERMAL_COAL,NEWCASTLE_BENCHMARK,141.59,USD,USD_PER_MT,SYNTHETIC,SYNTHETIC_GENERATOR_V1
CP_000158,2024-06-06,THERMAL_COAL,NEWCASTLE_BENCHMARK,142.45,USD,USD_PER_MT,SYNTHETIC,SYNTHETIC_GENERATOR_V1
CP_000159,2024-06-07,THERMAL_COAL,NEWCASTLE_BENCHMARK,142.03,USD,USD_PER_MT,SYNTHETIC,SYNTHETIC_GENERATOR_V1
CP_000160,2024-06-08,THERMAL_COAL,NEWCASTLE_BENCHMARK,142.23,USD,USD_PER_MT,SYNTHETIC,SYNTHETIC_GENERATOR_V1
CP_000161,2024-06-09,THERMAL_COAL,NEWCASTLE_BENCHMARK,142.43,USD,USD_PER_MT,SYNTHETIC,SYNTHETIC_GENERATOR_V1
CP_000162,2024-06-10,THERMAL_COAL,NEWCASTLE_BENCHMARK,143.24,USD,USD_PER_MT,SYNTHETIC,SYNTHETIC_GENERATOR_V1
CP_000163,2024-06-11,THERMAL_COAL,NEWCASTLE_BENCHMARK,142.11,USD,USD_PER_MT,SYNTHETIC,SYNTHETIC_GENERATOR_V1
CP_000164,2024-06-12,THERMAL_COAL,NEWCASTLE_BENCHMARK,140.83,USD,USD_PER_MT,SYNTHETIC,SYNTHETIC_GENERATOR_V1
CP_000165,2024-06-13,THERMAL_COAL,NEWCASTLE_BENCHMARK,141.15,USD,USD_PER_MT,SYNTHETIC,SYNTHETIC_GENERATOR_V1
CP_000166,2024-06-14,THERMAL_COAL,NEWCASTLE_BENCHMARK,140.74,USD,USD_PER_MT,SYNTHETIC,SYNTHETIC_GENERATOR_V1
CP_000167,2024-06-15,THERMAL_COAL,NEWCASTLE_BENCHMARK,139.65,USD,USD_PER_MT,SYNTHETIC,SYNTHETIC_GENERATOR_V1
CP_000168,2024-06-16,THERMAL_COAL,NEWCASTLE_BENCHMARK,140.28,USD,USD_PER_MT,SYNTHETIC,SYNTHETIC_GENERATOR_V1
CP_000169,2024-06-17,THERMAL_COAL,NEWCASTLE_BENCHMARK,140.62,USD,USD_PER_MT,SYNTHETIC,SYNTHETIC_GENERATOR_V1
CP_000170,2024-06-18,THERMAL_COAL,NEWCASTLE_BENCHMARK,139.96,USD,USD_PER_MT,SYNTHETIC,SYNTHETIC_GENERATOR_V1
CP_000171,2024-06-19,THERMAL_COAL,NEWCASTLE_BENCHMARK,140.46,USD,USD_PER_MT,SYNTHETIC,SYNTHETIC_GENERATOR_V1
CP_000172,2024-06-20,THERMAL_COAL,NEWCASTLE_BENCHMARK,140.84,USD,USD_PER_MT,SYNTHETIC,SYNTHETIC_GENERATOR_V1
CP_000173,2024-06-21,THERMAL_COAL,NEWCASTLE_BENCHMARK,140.18,USD,USD_PER_MT,SYNTHETIC,SYNTHETIC_GENERATOR_V1
CP_000174,2024-06-22,THERMAL_COAL,NEWCASTLE_BENCHMARK,139.35,USD,USD_PER_MT,SYNTHETIC,SYNTHETIC_GENERATOR_V1
CP_000175,2024-06-23,THERMAL_COAL,NEWCASTLE_BENCHMARK,137.87,USD,USD_PER_MT,SYNTHETIC,SYNTHETIC_GENERATOR_V1
CP_000176,2024-06-24,THERMAL_COAL,NEWCASTLE_BENCHMARK,137.82,USD,USD_PER_MT,SYNTHETIC,SYNTHETIC_GENERATOR_V1
CP_000177,2024-06-25,THERMAL_COAL,NEWCASTLE_BENCHMARK,137.76,USD,USD_PER_MT,SYNTHETIC,SYNTHETIC_GENERATOR_V1
CP_000178,2024-06-26,THERMAL_COAL,NEWCASTLE_BENCHMARK,137.87,USD,USD_PER_MT,SYNTHETIC,SYNTHETIC_GENERATOR_V1
CP_000179,2024-06-27,THERMAL_COAL,NEWCASTLE_BENCHMARK,136.86,USD,USD_PER_MT,SYNTHETIC,SYNTHETIC_GENERATOR_V1
CP_000180,2024-06-28,THERMAL_COAL,NEWCASTLE_BENCHMARK,135.85,USD,USD_PER_MT,SYNTHETIC,SYNTHETIC_GENERATOR_V1
CP_000181,2024-06-29,THERMAL_COAL,NEWCASTLE_BENCHMARK,135.41,USD,USD_PER_MT,SYNTHETIC,SYNTHETIC_GENERATOR_V1
CP_000182,2024-06-30,THERMAL_COAL,NEWCASTLE_BENCHMARK,135.58,USD,USD_PER_MT,SYNTHETIC,SYNTHETIC_GENERATOR_V1
CP_000183,2024-07-01,THERMAL_COAL,NEWCASTLE_BENCHMARK,135.78,USD,USD_PER_MT,SYNTHETIC,SYNTHETIC_GENERATOR_V1
CP_000184,2024-07-02,THERMAL_COAL,NEWCASTLE_BENCHMARK,135.97,USD,USD_PER_MT,SYNTHETIC,SYNTHETIC_GENERATOR_V1
CP_000185,2024-07-03,THERMAL_COAL,NEWCASTLE_BENCHMARK,135.27,USD,USD_PER_MT,SYNTHETIC,SYNTHETIC_GENERATOR_V1
CP_000186,2024-07-04,THERMAL_COAL,NEWCASTLE_BENCHMARK,134.98,USD,USD_PER_MT,SYNTHETIC,SYNTHETIC_GENERATOR_V1
CP_000187,2024-07-05,THERMAL_COAL,NEWCASTLE_BENCHMARK,134.96,USD,USD_PER_MT,SYNTHETIC,SYNTHETIC_GENERATOR_V1
CP_000188,2024-07-06,THERMAL_COAL,NEWCASTLE_BENCHMARK,134.99,USD,USD_PER_MT,SYNTHETIC,SYNTHETIC_GENERATOR_V1
CP_000189,2024-07-07,THERMAL_COAL,NEWCASTLE_BENCHMARK,136.06,USD,USD_PER_MT,SYNTHETIC,SYNTHETIC_GENERATOR_V1
CP_000190,2024-07-08,THERMAL_COAL,NEWCASTLE_BENCHMARK,137.03,USD,USD_PER_MT,SYNTHETIC,SYNTHETIC_GENERATOR_V1
CP_000191,2024-07-09,THERMAL_COAL,NEWCASTLE_BENCHMARK,138.15,USD,USD_PER_MT,SYNTHETIC,SYNTHETIC_GENERATOR_V1
CP_000192,2024-07-10,THERMAL_COAL,NEWCASTLE_BENCHMARK,137.35,USD,USD_PER_MT,SYNTHETIC,SYNTHETIC_GENERATOR_V1
CP_000193,2024-07-11,THERMAL_COAL,NEWCASTLE_BENCHMARK,137.91,USD,USD_PER_MT,SYNTHETIC,SYNTHETIC_GENERATOR_V1
CP_000194,2024-07-12,THERMAL_COAL,NEWCASTLE_BENCHMARK,138.09,USD,USD_PER_MT,SYNTHETIC,SYNTHETIC_GENERATOR_V1
CP_000195,2024-07-13,THERMAL_COAL,NEWCASTLE_BENCHMARK,138.68,USD,USD_PER_MT,SYNTHETIC,SYNTHETIC_GENERATOR_V1
CP_000196,2024-07-14,THERMAL_COAL,NEWCASTLE_BENCHMARK,139.95,USD,USD_PER_MT,SYNTHETIC,SYNTHETIC_GENERATOR_V1
CP_000197,2024-07-15,THERMAL_COAL,NEWCASTLE_BENCHMARK,139.29,USD,USD_PER_MT,SYNTHETIC,SYNTHETIC_GENERATOR_V1
CP_000198,2024-07-16,THERMAL_COAL,NEWCASTLE_BENCHMARK,139.02,USD,USD_PER_MT,SYNTHETIC,SYNTHETIC_GENERATOR_V1
CP_000199,2024-07-17,THERMAL_COAL,NEWCASTLE_BENCHMARK,138.56,USD,USD_PER_MT,SYNTHETIC,SYNTHETIC_GENERATOR_V1
CP_000200,2024-07-18,THERMAL_COAL,NEWCASTLE_BENCHMARK,138.01,USD,USD_PER_MT,SYNTHETIC,SYNTHETIC_GENERATOR_V1
CP_000201,2024-07-19,THERMAL_COAL,NEWCASTLE_BENCHMARK,137.65,USD,USD_PER_MT,SYNTHETIC,SYNTHETIC_GENERATOR_V1
CP_000202,2024-07-20,THERMAL_COAL,NEWCASTLE_BENCHMARK,139.32,USD,USD_PER_MT,SYNTHETIC,SYNTHETIC_GENERATOR_V1
CP_000203,2024-07-21,THERMAL_COAL,NEWCASTLE_BENCHMARK,138.87,USD,USD_PER_MT,SYNTHETIC,SYNTHETIC_GENERATOR_V1
CP_000204,2024-07-22,THERMAL_COAL,NEWCASTLE_BENCHMARK,138.96,USD,USD_PER_MT,SYNTHETIC,SYNTHETIC_GENERATOR_V1
CP_000205,2024-07-23,THERMAL_COAL,NEWCASTLE_BENCHMARK,138.88,USD,USD_PER_MT,SYNTHETIC,SYNTHETIC_GENERATOR_V1
CP_000206,2024-07-24,THERMAL_COAL,NEWCASTLE_BENCHMARK,139.17,USD,USD_PER_MT,SYNTHETIC,SYNTHETIC_GENERATOR_V1
CP_000207,2024-07-25,THERMAL_COAL,NEWCASTLE_BENCHMARK,138.96,USD,USD_PER_MT,SYNTHETIC,SYNTHETIC_GENERATOR_V1
CP_000208,2024-07-26,THERMAL_COAL,NEWCASTLE_BENCHMARK,140.50,USD,USD_PER_MT,SYNTHETIC,SYNTHETIC_GENERATOR_V1
CP_000209,2024-07-27,THERMAL_COAL,NEWCASTLE_BENCHMARK,140.50,USD,USD_PER_MT,SYNTHETIC,SYNTHETIC_GENERATOR_V1
CP_000210,2024-07-28,THERMAL_COAL,NEWCASTLE_BENCHMARK,140.31,USD,USD_PER_MT,SYNTHETIC,SYNTHETIC_GENERATOR_V1
CP_000211,2024-07-29,THERMAL_COAL,NEWCASTLE_BENCHMARK,140.67,USD,USD_PER_MT,SYNTHETIC,SYNTHETIC_GENERATOR_V1
CP_000212,2024-07-30,THERMAL_COAL,NEWCASTLE_BENCHMARK,140.32,USD,USD_PER_MT,SYNTHETIC,SYNTHETIC_GENERATOR_V1
CP_000213,2024-07-31,THERMAL_COAL,NEWCASTLE_BENCHMARK,140.03,USD,USD_PER_MT,SYNTHETIC,SYNTHETIC_GENERATOR_V1
CP_000214,2024-08-01,THERMAL_COAL,NEWCASTLE_BENCHMARK,141.03,USD,USD_PER_MT,SYNTHETIC,SYNTHETIC_GENERATOR_V1
CP_000215,2024-08-02,THERMAL_COAL,NEWCASTLE_BENCHMARK,139.52,USD,USD_PER_MT,SYNTHETIC,SYNTHETIC_GENERATOR_V1
CP_000216,2024-08-03,THERMAL_COAL,NEWCASTLE_BENCHMARK,140.40,USD,USD_PER_MT,SYNTHETIC,SYNTHETIC_GENERATOR_V1
CP_000217,2024-08-04,THERMAL_COAL,NEWCASTLE_BENCHMARK,139.47,USD,USD_PER_MT,SYNTHETIC,SYNTHETIC_GENERATOR_V1
CP_000218,2024-08-05,THERMAL_COAL,NEWCASTLE_BENCHMARK,139.22,USD,USD_PER_MT,SYNTHETIC,SYNTHETIC_GENERATOR_V1
CP_000219,2024-08-06,THERMAL_COAL,NEWCASTLE_BENCHMARK,138.65,USD,USD_PER_MT,SYNTHETIC,SYNTHETIC_GENERATOR_V1
CP_000220,2024-08-07,THERMAL_COAL,NEWCASTLE_BENCHMARK,138.22,USD,USD_PER_MT,SYNTHETIC,SYNTHETIC_GENERATOR_V1
CP_000221,2024-08-08,THERMAL_COAL,NEWCASTLE_BENCHMARK,137.16,USD,USD_PER_MT,SYNTHETIC,SYNTHETIC_GENERATOR_V1
CP_000222,2024-08-09,THERMAL_COAL,NEWCASTLE_BENCHMARK,136.59,USD,USD_PER_MT,SYNTHETIC,SYNTHETIC_GENERATOR_V1
CP_000223,2024-08-10,THERMAL_COAL,NEWCASTLE_BENCHMARK,136.64,USD,USD_PER_MT,SYNTHETIC,SYNTHETIC_GENERATOR_V1
CP_000224,2024-08-11,THERMAL_COAL,NEWCASTLE_BENCHMARK,138.45,USD,USD_PER_MT,SYNTHETIC,SYNTHETIC_GENERATOR_V1
CP_000225,2024-08-12,THERMAL_COAL,NEWCASTLE_BENCHMARK,138.12,USD,USD_PER_MT,SYNTHETIC,SYNTHETIC_GENERATOR_V1
CP_000226,2024-08-13,THERMAL_COAL,NEWCASTLE_BENCHMARK,138.81,USD,USD_PER_MT,SYNTHETIC,SYNTHETIC_GENERATOR_V1
CP_000227,2024-08-14,THERMAL_COAL,NEWCASTLE_BENCHMARK,138.81,USD,USD_PER_MT,SYNTHETIC,SYNTHETIC_GENERATOR_V1
CP_000228,2024-08-15,THERMAL_COAL,NEWCASTLE_BENCHMARK,138.27,USD,USD_PER_MT,SYNTHETIC,SYNTHETIC_GENERATOR_V1
CP_000229,2024-08-16,THERMAL_COAL,NEWCASTLE_BENCHMARK,138.86,USD,USD_PER_MT,SYNTHETIC,SYNTHETIC_GENERATOR_V1
CP_000230,2024-08-17,THERMAL_COAL,NEWCASTLE_BENCHMARK,140.08,USD,USD_PER_MT,SYNTHETIC,SYNTHETIC_GENERATOR_V1
CP_000231,2024-08-18,THERMAL_COAL,NEWCASTLE_BENCHMARK,139.39,USD,USD_PER_MT,SYNTHETIC,SYNTHETIC_GENERATOR_V1
CP_000232,2024-08-19,THERMAL_COAL,NEWCASTLE_BENCHMARK,139.66,USD,USD_PER_MT,SYNTHETIC,SYNTHETIC_GENERATOR_V1
CP_000233,2024-08-20,THERMAL_COAL,NEWCASTLE_BENCHMARK,141.21,USD,USD_PER_MT,SYNTHETIC,SYNTHETIC_GENERATOR_V1
CP_000234,2024-08-21,THERMAL_COAL,NEWCASTLE_BENCHMARK,141.41,USD,USD_PER_MT,SYNTHETIC,SYNTHETIC_GENERATOR_V1
CP_000235,2024-08-22,THERMAL_COAL,NEWCASTLE_BENCHMARK,141.96,USD,USD_PER_MT,SYNTHETIC,SYNTHETIC_GENERATOR_V1
CP_000236,2024-08-23,THERMAL_COAL,NEWCASTLE_BENCHMARK,142.84,USD,USD_PER_MT,SYNTHETIC,SYNTHETIC_GENERATOR_V1
CP_000237,2024-08-24,THERMAL_COAL,NEWCASTLE_BENCHMARK,142.22,USD,USD_PER_MT,SYNTHETIC,SYNTHETIC_GENERATOR_V1
CP_000238,2024-08-25,THERMAL_COAL,NEWCASTLE_BENCHMARK,143.09,USD,USD_PER_MT,SYNTHETIC,SYNTHETIC_GENERATOR_V1
CP_000239,2024-08-26,THERMAL_COAL,NEWCASTLE_BENCHMARK,142.48,USD,USD_PER_MT,SYNTHETIC,SYNTHETIC_GENERATOR_V1
CP_000240,2024-08-27,THERMAL_COAL,NEWCASTLE_BENCHMARK,142.92,USD,USD_PER_MT,SYNTHETIC,SYNTHETIC_GENERATOR_V1
CP_000241,2024-08-28,THERMAL_COAL,NEWCASTLE_BENCHMARK,143.98,USD,USD_PER_MT,SYNTHETIC,SYNTHETIC_GENERATOR_V1
CP_000242,2024-08-29,THERMAL_COAL,NEWCASTLE_BENCHMARK,144.10,USD,USD_PER_MT,SYNTHETIC,SYNTHETIC_GENERATOR_V1
CP_000243,2024-08-30,THERMAL_COAL,NEWCASTLE_BENCHMARK,142.68,USD,USD_PER_MT,SYNTHETIC,SYNTHETIC_GENERATOR_V1
CP_000244,2024-08-31,THERMAL_COAL,NEWCASTLE_BENCHMARK,144.35,USD,USD_PER_MT,SYNTHETIC,SYNTHETIC_GENERATOR_V1
CP_000245,2024-09-01,THERMAL_COAL,NEWCASTLE_BENCHMARK,144.44,USD,USD_PER_MT,SYNTHETIC,SYNTHETIC_GENERATOR_V1
CP_000246,2024-09-02,THERMAL_COAL,NEWCASTLE_BENCHMARK,144.34,USD,USD_PER_MT,SYNTHETIC,SYNTHETIC_GENERATOR_V1
CP_000247,2024-09-03,THERMAL_COAL,NEWCASTLE_BENCHMARK,143.68,USD,USD_PER_MT,SYNTHETIC,SYNTHETIC_GENERATOR_V1
CP_000248,2024-09-04,THERMAL_COAL,NEWCASTLE_BENCHMARK,144.17,USD,USD_PER_MT,SYNTHETIC,SYNTHETIC_GENERATOR_V1
CP_000249,2024-09-05,THERMAL_COAL,NEWCASTLE_BENCHMARK,142.66,USD,USD_PER_MT,SYNTHETIC,SYNTHETIC_GENERATOR_V1
CP_000250,2024-09-06,THERMAL_COAL,NEWCASTLE_BENCHMARK,141.74,USD,USD_PER_MT,SYNTHETIC,SYNTHETIC_GENERATOR_V1
CP_000251,2024-09-07,THERMAL_COAL,NEWCASTLE_BENCHMARK,140.35,USD,USD_PER_MT,SYNTHETIC,SYNTHETIC_GENERATOR_V1
CP_000252,2024-09-08,THERMAL_COAL,NEWCASTLE_BENCHMARK,140.20,USD,USD_PER_MT,SYNTHETIC,SYNTHETIC_GENERATOR_V1
CP_000253,2024-09-09,THERMAL_COAL,NEWCASTLE_BENCHMARK,139.71,USD,USD_PER_MT,SYNTHETIC,SYNTHETIC_GENERATOR_V1
CP_000254,2024-09-10,THERMAL_COAL,NEWCASTLE_BENCHMARK,139.57,USD,USD_PER_MT,SYNTHETIC,SYNTHETIC_GENERATOR_V1
CP_000255,2024-09-11,THERMAL_COAL,NEWCASTLE_BENCHMARK,140.46,USD,USD_PER_MT,SYNTHETIC,SYNTHETIC_GENERATOR_V1
CP_000256,2024-09-12,THERMAL_COAL,NEWCASTLE_BENCHMARK,139.58,USD,USD_PER_MT,SYNTHETIC,SYNTHETIC_GENERATOR_V1
CP_000257,2024-09-13,THERMAL_COAL,NEWCASTLE_BENCHMARK,138.00,USD,USD_PER_MT,SYNTHETIC,SYNTHETIC_GENERATOR_V1
CP_000258,2024-09-14,THERMAL_COAL,NEWCASTLE_BENCHMARK,138.75,USD,USD_PER_MT,SYNTHETIC,SYNTHETIC_GENERATOR_V1
CP_000259,2024-09-15,THERMAL_COAL,NEWCASTLE_BENCHMARK,139.25,USD,USD_PER_MT,SYNTHETIC,SYNTHETIC_GENERATOR_V1
CP_000260,2024-09-16,THERMAL_COAL,NEWCASTLE_BENCHMARK,140.63,USD,USD_PER_MT,SYNTHETIC,SYNTHETIC_GENERATOR_V1
CP_000261,2024-09-17,THERMAL_COAL,NEWCASTLE_BENCHMARK,140.10,USD,USD_PER_MT,SYNTHETIC,SYNTHETIC_GENERATOR_V1
CP_000262,2024-09-18,THERMAL_COAL,NEWCASTLE_BENCHMARK,139.76,USD,USD_PER_MT,SYNTHETIC,SYNTHETIC_GENERATOR_V1
CP_000263,2024-09-19,THERMAL_COAL,NEWCASTLE_BENCHMARK,139.84,USD,USD_PER_MT,SYNTHETIC,SYNTHETIC_GENERATOR_V1
CP_000264,2024-09-20,THERMAL_COAL,NEWCASTLE_BENCHMARK,139.38,USD,USD_PER_MT,SYNTHETIC,SYNTHETIC_GENERATOR_V1
CP_000265,2024-09-21,THERMAL_COAL,NEWCASTLE_BENCHMARK,139.35,USD,USD_PER_MT,SYNTHETIC,SYNTHETIC_GENERATOR_V1
CP_000266,2024-09-22,THERMAL_COAL,NEWCASTLE_BENCHMARK,138.47,USD,USD_PER_MT,SYNTHETIC,SYNTHETIC_GENERATOR_V1
CP_000267,2024-09-23,THERMAL_COAL,NEWCASTLE_BENCHMARK,138.16,USD,USD_PER_MT,SYNTHETIC,SYNTHETIC_GENERATOR_V1
CP_000268,2024-09-24,THERMAL_COAL,NEWCASTLE_BENCHMARK,139.33,USD,USD_PER_MT,SYNTHETIC,SYNTHETIC_GENERATOR_V1
CP_000269,2024-09-25,THERMAL_COAL,NEWCASTLE_BENCHMARK,140.09,USD,USD_PER_MT,SYNTHETIC,SYNTHETIC_GENERATOR_V1
CP_000270,2024-09-26,THERMAL_COAL,NEWCASTLE_BENCHMARK,139.10,USD,USD_PER_MT,SYNTHETIC,SYNTHETIC_GENERATOR_V1
CP_000271,2024-09-27,THERMAL_COAL,NEWCASTLE_BENCHMARK,138.64,USD,USD_PER_MT,SYNTHETIC,SYNTHETIC_GENERATOR_V1
CP_000272,2024-09-28,THERMAL_COAL,NEWCASTLE_BENCHMARK,137.85,USD,USD_PER_MT,SYNTHETIC,SYNTHETIC_GENERATOR_V1
CP_000273,2024-09-29,THERMAL_COAL,NEWCASTLE_BENCHMARK,139.60,USD,USD_PER_MT,SYNTHETIC,SYNTHETIC_GENERATOR_V1
CP_000274,2024-09-30,THERMAL_COAL,NEWCASTLE_BENCHMARK,139.26,USD,USD_PER_MT,SYNTHETIC,SYNTHETIC_GENERATOR_V1
CP_000275,2024-10-01,THERMAL_COAL,NEWCASTLE_BENCHMARK,138.29,USD,USD_PER_MT,SYNTHETIC,SYNTHETIC_GENERATOR_V1
CP_000276,2024-10-02,THERMAL_COAL,NEWCASTLE_BENCHMARK,137.47,USD,USD_PER_MT,SYNTHETIC,SYNTHETIC_GENERATOR_V1
CP_000277,2024-10-03,THERMAL_COAL,NEWCASTLE_BENCHMARK,136.98,USD,USD_PER_MT,SYNTHETIC,SYNTHETIC_GENERATOR_V1
CP_000278,2024-10-04,THERMAL_COAL,NEWCASTLE_BENCHMARK,136.25,USD,USD_PER_MT,SYNTHETIC,SYNTHETIC_GENERATOR_V1
CP_000279,2024-10-05,THERMAL_COAL,NEWCASTLE_BENCHMARK,137.10,USD,USD_PER_MT,SYNTHETIC,SYNTHETIC_GENERATOR_V1
CP_000280,2024-10-06,THERMAL_COAL,NEWCASTLE_BENCHMARK,136.60,USD,USD_PER_MT,SYNTHETIC,SYNTHETIC_GENERATOR_V1
CP_000281,2024-10-07,THERMAL_COAL,NEWCASTLE_BENCHMARK,136.76,USD,USD_PER_MT,SYNTHETIC,SYNTHETIC_GENERATOR_V1
CP_000282,2024-10-08,THERMAL_COAL,NEWCASTLE_BENCHMARK,137.17,USD,USD_PER_MT,SYNTHETIC,SYNTHETIC_GENERATOR_V1
CP_000283,2024-10-09,THERMAL_COAL,NEWCASTLE_BENCHMARK,137.06,USD,USD_PER_MT,SYNTHETIC,SYNTHETIC_GENERATOR_V1
CP_000284,2024-10-10,THERMAL_COAL,NEWCASTLE_BENCHMARK,137.41,USD,USD_PER_MT,SYNTHETIC,SYNTHETIC_GENERATOR_V1
CP_000285,2024-10-11,THERMAL_COAL,NEWCASTLE_BENCHMARK,137.11,USD,USD_PER_MT,SYNTHETIC,SYNTHETIC_GENERATOR_V1
CP_000286,2024-10-12,THERMAL_COAL,NEWCASTLE_BENCHMARK,137.46,USD,USD_PER_MT,SYNTHETIC,SYNTHETIC_GENERATOR_V1
CP_000287,2024-10-13,THERMAL_COAL,NEWCASTLE_BENCHMARK,137.66,USD,USD_PER_MT,SYNTHETIC,SYNTHETIC_GENERATOR_V1
CP_000288,2024-10-14,THERMAL_COAL,NEWCASTLE_BENCHMARK,138.01,USD,USD_PER_MT,SYNTHETIC,SYNTHETIC_GENERATOR_V1
CP_000289,2024-10-15,THERMAL_COAL,NEWCASTLE_BENCHMARK,137.63,USD,USD_PER_MT,SYNTHETIC,SYNTHETIC_GENERATOR_V1
CP_000290,2024-10-16,THERMAL_COAL,NEWCASTLE_BENCHMARK,138.42,USD,USD_PER_MT,SYNTHETIC,SYNTHETIC_GENERATOR_V1
CP_000291,2024-10-17,THERMAL_COAL,NEWCASTLE_BENCHMARK,140.37,USD,USD_PER_MT,SYNTHETIC,SYNTHETIC_GENERATOR_V1
CP_000292,2024-10-18,THERMAL_COAL,NEWCASTLE_BENCHMARK,139.16,USD,USD_PER_MT,SYNTHETIC,SYNTHETIC_GENERATOR_V1
CP_000293,2024-10-19,THERMAL_COAL,NEWCASTLE_BENCHMARK,138.41,USD,USD_PER_MT,SYNTHETIC,SYNTHETIC_GENERATOR_V1
CP_000294,2024-10-20,THERMAL_COAL,NEWCASTLE_BENCHMARK,137.89,USD,USD_PER_MT,SYNTHETIC,SYNTHETIC_GENERATOR_V1
CP_000295,2024-10-21,THERMAL_COAL,NEWCASTLE_BENCHMARK,137.74,USD,USD_PER_MT,SYNTHETIC,SYNTHETIC_GENERATOR_V1
CP_000296,2024-10-22,THERMAL_COAL,NEWCASTLE_BENCHMARK,138.23,USD,USD_PER_MT,SYNTHETIC,SYNTHETIC_GENERATOR_V1
CP_000297,2024-10-23,THERMAL_COAL,NEWCASTLE_BENCHMARK,137.90,USD,USD_PER_MT,SYNTHETIC,SYNTHETIC_GENERATOR_V1
CP_000298,2024-10-24,THERMAL_COAL,NEWCASTLE_BENCHMARK,139.21,USD,USD_PER_MT,SYNTHETIC,SYNTHETIC_GENERATOR_V1
CP_000299,2024-10-25,THERMAL_COAL,NEWCASTLE_BENCHMARK,139.90,USD,USD_PER_MT,SYNTHETIC,SYNTHETIC_GENERATOR_V1
CP_000300,2024-10-26,THERMAL_COAL,NEWCASTLE_BENCHMARK,140.23,USD,USD_PER_MT,SYNTHETIC,SYNTHETIC_GENERATOR_V1
CP_000301,2024-10-27,THERMAL_COAL,NEWCASTLE_BENCHMARK,141.53,USD,USD_PER_MT,SYNTHETIC,SYNTHETIC_GENERATOR_V1
CP_000302,2024-10-28,THERMAL_COAL,NEWCASTLE_BENCHMARK,141.09,USD,USD_PER_MT,SYNTHETIC,SYNTHETIC_GENERATOR_V1
CP_000303,2024-10-29,THERMAL_COAL,NEWCASTLE_BENCHMARK,141.21,USD,USD_PER_MT,SYNTHETIC,SYNTHETIC_GENERATOR_V1
CP_000304,2024-10-30,THERMAL_COAL,NEWCASTLE_BENCHMARK,140.61,USD,USD_PER_MT,SYNTHETIC,SYNTHETIC_GENERATOR_V1
CP_000305,2024-10-31,THERMAL_COAL,NEWCASTLE_BENCHMARK,140.47,USD,USD_PER_MT,SYNTHETIC,SYNTHETIC_GENERATOR_V1
CP_000306,2024-11-01,THERMAL_COAL,NEWCASTLE_BENCHMARK,141.11,USD,USD_PER_MT,SYNTHETIC,SYNTHETIC_GENERATOR_V1
CP_000307,2024-11-02,THERMAL_COAL,NEWCASTLE_BENCHMARK,142.37,USD,USD_PER_MT,SYNTHETIC,SYNTHETIC_GENERATOR_V1
CP_000308,2024-11-03,THERMAL_COAL,NEWCASTLE_BENCHMARK,142.68,USD,USD_PER_MT,SYNTHETIC,SYNTHETIC_GENERATOR_V1
CP_000309,2024-11-04,THERMAL_COAL,NEWCASTLE_BENCHMARK,141.98,USD,USD_PER_MT,SYNTHETIC,SYNTHETIC_GENERATOR_V1
CP_000310,2024-11-05,THERMAL_COAL,NEWCASTLE_BENCHMARK,142.52,USD,USD_PER_MT,SYNTHETIC,SYNTHETIC_GENERATOR_V1
CP_000311,2024-11-06,THERMAL_COAL,NEWCASTLE_BENCHMARK,141.91,USD,USD_PER_MT,SYNTHETIC,SYNTHETIC_GENERATOR_V1
CP_000312,2024-11-07,THERMAL_COAL,NEWCASTLE_BENCHMARK,141.70,USD,USD_PER_MT,SYNTHETIC,SYNTHETIC_GENERATOR_V1
CP_000313,2024-11-08,THERMAL_COAL,NEWCASTLE_BENCHMARK,140.99,USD,USD_PER_MT,SYNTHETIC,SYNTHETIC_GENERATOR_V1
CP_000314,2024-11-09,THERMAL_COAL,NEWCASTLE_BENCHMARK,141.01,USD,USD_PER_MT,SYNTHETIC,SYNTHETIC_GENERATOR_V1
CP_000315,2024-11-10,THERMAL_COAL,NEWCASTLE_BENCHMARK,142.15,USD,USD_PER_MT,SYNTHETIC,SYNTHETIC_GENERATOR_V1
CP_000316,2024-11-11,THERMAL_COAL,NEWCASTLE_BENCHMARK,141.76,USD,USD_PER_MT,SYNTHETIC,SYNTHETIC_GENERATOR_V1
CP_000317,2024-11-12,THERMAL_COAL,NEWCASTLE_BENCHMARK,141.50,USD,USD_PER_MT,SYNTHETIC,SYNTHETIC_GENERATOR_V1
CP_000318,2024-11-13,THERMAL_COAL,NEWCASTLE_BENCHMARK,142.33,USD,USD_PER_MT,SYNTHETIC,SYNTHETIC_GENERATOR_V1
CP_000319,2024-11-14,THERMAL_COAL,NEWCASTLE_BENCHMARK,142.99,USD,USD_PER_MT,SYNTHETIC,SYNTHETIC_GENERATOR_V1
CP_000320,2024-11-15,THERMAL_COAL,NEWCASTLE_BENCHMARK,143.11,USD,USD_PER_MT,SYNTHETIC,SYNTHETIC_GENERATOR_V1
CP_000321,2024-11-16,THERMAL_COAL,NEWCASTLE_BENCHMARK,142.87,USD,USD_PER_MT,SYNTHETIC,SYNTHETIC_GENERATOR_V1
CP_000322,2024-11-17,THERMAL_COAL,NEWCASTLE_BENCHMARK,142.42,USD,USD_PER_MT,SYNTHETIC,SYNTHETIC_GENERATOR_V1
CP_000323,2024-11-18,THERMAL_COAL,NEWCASTLE_BENCHMARK,142.60,USD,USD_PER_MT,SYNTHETIC,SYNTHETIC_GENERATOR_V1
CP_000324,2024-11-19,THERMAL_COAL,NEWCASTLE_BENCHMARK,141.16,USD,USD_PER_MT,SYNTHETIC,SYNTHETIC_GENERATOR_V1
CP_000325,2024-11-20,THERMAL_COAL,NEWCASTLE_BENCHMARK,139.33,USD,USD_PER_MT,SYNTHETIC,SYNTHETIC_GENERATOR_V1
CP_000326,2024-11-21,THERMAL_COAL,NEWCASTLE_BENCHMARK,138.87,USD,USD_PER_MT,SYNTHETIC,SYNTHETIC_GENERATOR_V1
CP_000327,2024-11-22,THERMAL_COAL,NEWCASTLE_BENCHMARK,138.54,USD,USD_PER_MT,SYNTHETIC,SYNTHETIC_GENERATOR_V1
CP_000328,2024-11-23,THERMAL_COAL,NEWCASTLE_BENCHMARK,138.39,USD,USD_PER_MT,SYNTHETIC,SYNTHETIC_GENERATOR_V1
CP_000329,2024-11-24,THERMAL_COAL,NEWCASTLE_BENCHMARK,139.03,USD,USD_PER_MT,SYNTHETIC,SYNTHETIC_GENERATOR_V1
CP_000330,2024-11-25,THERMAL_COAL,NEWCASTLE_BENCHMARK,137.84,USD,USD_PER_MT,SYNTHETIC,SYNTHETIC_GENERATOR_V1
CP_000331,2024-11-26,THERMAL_COAL,NEWCASTLE_BENCHMARK,138.10,USD,USD_PER_MT,SYNTHETIC,SYNTHETIC_GENERATOR_V1
CP_000332,2024-11-27,THERMAL_COAL,NEWCASTLE_BENCHMARK,138.89,USD,USD_PER_MT,SYNTHETIC,SYNTHETIC_GENERATOR_V1
CP_000333,2024-11-28,THERMAL_COAL,NEWCASTLE_BENCHMARK,139.07,USD,USD_PER_MT,SYNTHETIC,SYNTHETIC_GENERATOR_V1
CP_000334,2024-11-29,THERMAL_COAL,NEWCASTLE_BENCHMARK,138.90,USD,USD_PER_MT,SYNTHETIC,SYNTHETIC_GENERATOR_V1
CP_000335,2024-11-30,THERMAL_COAL,NEWCASTLE_BENCHMARK,138.06,USD,USD_PER_MT,SYNTHETIC,SYNTHETIC_GENERATOR_V1
CP_000336,2024-12-01,THERMAL_COAL,NEWCASTLE_BENCHMARK,136.85,USD,USD_PER_MT,SYNTHETIC,SYNTHETIC_GENERATOR_V1
CP_000337,2024-12-02,THERMAL_COAL,NEWCASTLE_BENCHMARK,137.72,USD,USD_PER_MT,SYNTHETIC,SYNTHETIC_GENERATOR_V1
CP_000338,2024-12-03,THERMAL_COAL,NEWCASTLE_BENCHMARK,137.09,USD,USD_PER_MT,SYNTHETIC,SYNTHETIC_GENERATOR_V1
CP_000339,2024-12-04,THERMAL_COAL,NEWCASTLE_BENCHMARK,138.95,USD,USD_PER_MT,SYNTHETIC,SYNTHETIC_GENERATOR_V1
CP_000340,2024-12-05,THERMAL_COAL,NEWCASTLE_BENCHMARK,137.30,USD,USD_PER_MT,SYNTHETIC,SYNTHETIC_GENERATOR_V1
CP_000341,2024-12-06,THERMAL_COAL,NEWCASTLE_BENCHMARK,138.14,USD,USD_PER_MT,SYNTHETIC,SYNTHETIC_GENERATOR_V1
CP_000342,2024-12-07,THERMAL_COAL,NEWCASTLE_BENCHMARK,138.37,USD,USD_PER_MT,SYNTHETIC,SYNTHETIC_GENERATOR_V1
CP_000343,2024-12-08,THERMAL_COAL,NEWCASTLE_BENCHMARK,138.87,USD,USD_PER_MT,SYNTHETIC,SYNTHETIC_GENERATOR_V1
CP_000344,2024-12-09,THERMAL_COAL,NEWCASTLE_BENCHMARK,138.92,USD,USD_PER_MT,SYNTHETIC,SYNTHETIC_GENERATOR_V1
CP_000345,2024-12-10,THERMAL_COAL,NEWCASTLE_BENCHMARK,139.08,USD,USD_PER_MT,SYNTHETIC,SYNTHETIC_GENERATOR_V1
CP_000346,2024-12-11,THERMAL_COAL,NEWCASTLE_BENCHMARK,141.22,USD,USD_PER_MT,SYNTHETIC,SYNTHETIC_GENERATOR_V1
CP_000347,2024-12-12,THERMAL_COAL,NEWCASTLE_BENCHMARK,141.67,USD,USD_PER_MT,SYNTHETIC,SYNTHETIC_GENERATOR_V1
CP_000348,2024-12-13,THERMAL_COAL,NEWCASTLE_BENCHMARK,141.45,USD,USD_PER_MT,SYNTHETIC,SYNTHETIC_GENERATOR_V1
CP_000349,2024-12-14,THERMAL_COAL,NEWCASTLE_BENCHMARK,140.11,USD,USD_PER_MT,SYNTHETIC,SYNTHETIC_GENERATOR_V1
CP_000350,2024-12-15,THERMAL_COAL,NEWCASTLE_BENCHMARK,140.62,USD,USD_PER_MT,SYNTHETIC,SYNTHETIC_GENERATOR_V1
CP_000351,2024-12-16,THERMAL_COAL,NEWCASTLE_BENCHMARK,139.99,USD,USD_PER_MT,SYNTHETIC,SYNTHETIC_GENERATOR_V1
CP_000352,2024-12-17,THERMAL_COAL,NEWCASTLE_BENCHMARK,139.90,USD,USD_PER_MT,SYNTHETIC,SYNTHETIC_GENERATOR_V1
CP_000353,2024-12-18,THERMAL_COAL,NEWCASTLE_BENCHMARK,139.91,USD,USD_PER_MT,SYNTHETIC,SYNTHETIC_GENERATOR_V1
CP_000354,2024-12-19,THERMAL_COAL,NEWCASTLE_BENCHMARK,139.70,USD,USD_PER_MT,SYNTHETIC,SYNTHETIC_GENERATOR_V1
CP_000355,2024-12-20,THERMAL_COAL,NEWCASTLE_BENCHMARK,138.69,USD,USD_PER_MT,SYNTHETIC,SYNTHETIC_GENERATOR_V1
CP_000356,2024-12-21,THERMAL_COAL,NEWCASTLE_BENCHMARK,139.10,USD,USD_PER_MT,SYNTHETIC,SYNTHETIC_GENERATOR_V1
CP_000357,2024-12-22,THERMAL_COAL,NEWCASTLE_BENCHMARK,138.52,USD,USD_PER_MT,SYNTHETIC,SYNTHETIC_GENERATOR_V1
CP_000358,2024-12-23,THERMAL_COAL,NEWCASTLE_BENCHMARK,137.67,USD,USD_PER_MT,SYNTHETIC,SYNTHETIC_GENERATOR_V1
CP_000359,2024-12-24,THERMAL_COAL,NEWCASTLE_BENCHMARK,137.89,USD,USD_PER_MT,SYNTHETIC,SYNTHETIC_GENERATOR_V1
CP_000360,2024-12-25,THERMAL_COAL,NEWCASTLE_BENCHMARK,137.19,USD,USD_PER_MT,SYNTHETIC,SYNTHETIC_GENERATOR_V1
CP_000361,2024-12-26,THERMAL_COAL,NEWCASTLE_BENCHMARK,136.28,USD,USD_PER_MT,SYNTHETIC,SYNTHETIC_GENERATOR_V1
CP_000362,2024-12-27,THERMAL_COAL,NEWCASTLE_BENCHMARK,136.66,USD,USD_PER_MT,SYNTHETIC,SYNTHETIC_GENERATOR_V1
CP_000363,2024-12-28,THERMAL_COAL,NEWCASTLE_BENCHMARK,135.94,USD,USD_PER_MT,SYNTHETIC,SYNTHETIC_GENERATOR_V1
CP_000364,2024-12-29,THERMAL_COAL,NEWCASTLE_BENCHMARK,135.38,USD,USD_PER_MT,SYNTHETIC,SYNTHETIC_GENERATOR_V1
CP_000365,2024-12-30,THERMAL_COAL,NEWCASTLE_BENCHMARK,135.85,USD,USD_PER_MT,SYNTHETIC,SYNTHETIC_GENERATOR_V1
CP_000366,2024-12-31,THERMAL_COAL,NEWCASTLE_BENCHMARK,135.86,USD,USD_PER_MT,SYNTHETIC,SYNTHETIC_GENERATOR_V1
CP_000367,2025-01-01,THERMAL_COAL,NEWCASTLE_BENCHMARK,137.02,USD,USD_PER_MT,SYNTHETIC,SYNTHETIC_GENERATOR_V1
CP_000368,2025-01-02,THERMAL_COAL,NEWCASTLE_BENCHMARK,137.05,USD,USD_PER_MT,SYNTHETIC,SYNTHETIC_GENERATOR_V1
CP_000369,2025-01-03,THERMAL_COAL,NEWCASTLE_BENCHMARK,136.59,USD,USD_PER_MT,SYNTHETIC,SYNTHETIC_GENERATOR_V1
CP_000370,2025-01-04,THERMAL_COAL,NEWCASTLE_BENCHMARK,137.58,USD,USD_PER_MT,SYNTHETIC,SYNTHETIC_GENERATOR_V1
CP_000371,2025-01-05,THERMAL_COAL,NEWCASTLE_BENCHMARK,137.69,USD,USD_PER_MT,SYNTHETIC,SYNTHETIC_GENERATOR_V1
CP_000372,2025-01-06,THERMAL_COAL,NEWCASTLE_BENCHMARK,138.70,USD,USD_PER_MT,SYNTHETIC,SYNTHETIC_GENERATOR_V1
CP_000373,2025-01-07,THERMAL_COAL,NEWCASTLE_BENCHMARK,139.02,USD,USD_PER_MT,SYNTHETIC,SYNTHETIC_GENERATOR_V1
CP_000374,2025-01-08,THERMAL_COAL,NEWCASTLE_BENCHMARK,139.66,USD,USD_PER_MT,SYNTHETIC,SYNTHETIC_GENERATOR_V1
CP_000375,2025-01-09,THERMAL_COAL,NEWCASTLE_BENCHMARK,139.31,USD,USD_PER_MT,SYNTHETIC,SYNTHETIC_GENERATOR_V1
CP_000376,2025-01-10,THERMAL_COAL,NEWCASTLE_BENCHMARK,138.09,USD,USD_PER_MT,SYNTHETIC,SYNTHETIC_GENERATOR_V1
CP_000377,2025-01-11,THERMAL_COAL,NEWCASTLE_BENCHMARK,139.31,USD,USD_PER_MT,SYNTHETIC,SYNTHETIC_GENERATOR_V1
CP_000378,2025-01-12,THERMAL_COAL,NEWCASTLE_BENCHMARK,139.06,USD,USD_PER_MT,SYNTHETIC,SYNTHETIC_GENERATOR_V1
CP_000379,2025-01-13,THERMAL_COAL,NEWCASTLE_BENCHMARK,138.21,USD,USD_PER_MT,SYNTHETIC,SYNTHETIC_GENERATOR_V1
CP_000380,2025-01-14,THERMAL_COAL,NEWCASTLE_BENCHMARK,137.48,USD,USD_PER_MT,SYNTHETIC,SYNTHETIC_GENERATOR_V1
CP_000381,2025-01-15,THERMAL_COAL,NEWCASTLE_BENCHMARK,138.65,USD,USD_PER_MT,SYNTHETIC,SYNTHETIC_GENERATOR_V1
CP_000382,2025-01-16,THERMAL_COAL,NEWCASTLE_BENCHMARK,138.62,USD,USD_PER_MT,SYNTHETIC,SYNTHETIC_GENERATOR_V1
CP_000383,2025-01-17,THERMAL_COAL,NEWCASTLE_BENCHMARK,137.10,USD,USD_PER_MT,SYNTHETIC,SYNTHETIC_GENERATOR_V1
CP_000384,2025-01-18,THERMAL_COAL,NEWCASTLE_BENCHMARK,136.40,USD,USD_PER_MT,SYNTHETIC,SYNTHETIC_GENERATOR_V1
CP_000385,2025-01-19,THERMAL_COAL,NEWCASTLE_BENCHMARK,136.22,USD,USD_PER_MT,SYNTHETIC,SYNTHETIC_GENERATOR_V1
CP_000386,2025-01-20,THERMAL_COAL,NEWCASTLE_BENCHMARK,135.94,USD,USD_PER_MT,SYNTHETIC,SYNTHETIC_GENERATOR_V1
CP_000387,2025-01-21,THERMAL_COAL,NEWCASTLE_BENCHMARK,136.53,USD,USD_PER_MT,SYNTHETIC,SYNTHETIC_GENERATOR_V1
CP_000388,2025-01-22,THERMAL_COAL,NEWCASTLE_BENCHMARK,136.73,USD,USD_PER_MT,SYNTHETIC,SYNTHETIC_GENERATOR_V1
CP_000389,2025-01-23,THERMAL_COAL,NEWCASTLE_BENCHMARK,137.42,USD,USD_PER_MT,SYNTHETIC,SYNTHETIC_GENERATOR_V1
CP_000390,2025-01-24,THERMAL_COAL,NEWCASTLE_BENCHMARK,138.32,USD,USD_PER_MT,SYNTHETIC,SYNTHETIC_GENERATOR_V1
CP_000391,2025-01-25,THERMAL_COAL,NEWCASTLE_BENCHMARK,138.23,USD,USD_PER_MT,SYNTHETIC,SYNTHETIC_GENERATOR_V1
CP_000392,2025-01-26,THERMAL_COAL,NEWCASTLE_BENCHMARK,137.37,USD,USD_PER_MT,SYNTHETIC,SYNTHETIC_GENERATOR_V1
CP_000393,2025-01-27,THERMAL_COAL,NEWCASTLE_BENCHMARK,136.98,USD,USD_PER_MT,SYNTHETIC,SYNTHETIC_GENERATOR_V1
CP_000394,2025-01-28,THERMAL_COAL,NEWCASTLE_BENCHMARK,137.28,USD,USD_PER_MT,SYNTHETIC,SYNTHETIC_GENERATOR_V1
CP_000395,2025-01-29,THERMAL_COAL,NEWCASTLE_BENCHMARK,136.83,USD,USD_PER_MT,SYNTHETIC,SYNTHETIC_GENERATOR_V1
CP_000396,2025-01-30,THERMAL_COAL,NEWCASTLE_BENCHMARK,136.62,USD,USD_PER_MT,SYNTHETIC,SYNTHETIC_GENERATOR_V1
CP_000397,2025-01-31,THERMAL_COAL,NEWCASTLE_BENCHMARK,136.76,USD,USD_PER_MT,SYNTHETIC,SYNTHETIC_GENERATOR_V1
CP_000398,2025-02-01,THERMAL_COAL,NEWCASTLE_BENCHMARK,136.89,USD,USD_PER_MT,SYNTHETIC,SYNTHETIC_GENERATOR_V1
CP_000399,2025-02-02,THERMAL_COAL,NEWCASTLE_BENCHMARK,137.63,USD,USD_PER_MT,SYNTHETIC,SYNTHETIC_GENERATOR_V1
CP_000400,2025-02-03,THERMAL_COAL,NEWCASTLE_BENCHMARK,137.26,USD,USD_PER_MT,SYNTHETIC,SYNTHETIC_GENERATOR_V1
CP_000401,2025-02-04,THERMAL_COAL,NEWCASTLE_BENCHMARK,136.58,USD,USD_PER_MT,SYNTHETIC,SYNTHETIC_GENERATOR_V1
CP_000402,2025-02-05,THERMAL_COAL,NEWCASTLE_BENCHMARK,135.81,USD,USD_PER_MT,SYNTHETIC,SYNTHETIC_GENERATOR_V1
CP_000403,2025-02-06,THERMAL_COAL,NEWCASTLE_BENCHMARK,136.29,USD,USD_PER_MT,SYNTHETIC,SYNTHETIC_GENERATOR_V1
CP_000404,2025-02-07,THERMAL_COAL,NEWCASTLE_BENCHMARK,136.65,USD,USD_PER_MT,SYNTHETIC,SYNTHETIC_GENERATOR_V1
CP_000405,2025-02-08,THERMAL_COAL,NEWCASTLE_BENCHMARK,137.46,USD,USD_PER_MT,SYNTHETIC,SYNTHETIC_GENERATOR_V1
CP_000406,2025-02-09,THERMAL_COAL,NEWCASTLE_BENCHMARK,137.16,USD,USD_PER_MT,SYNTHETIC,SYNTHETIC_GENERATOR_V1
CP_000407,2025-02-10,THERMAL_COAL,NEWCASTLE_BENCHMARK,138.09,USD,USD_PER_MT,SYNTHETIC,SYNTHETIC_GENERATOR_V1
CP_000408,2025-02-11,THERMAL_COAL,NEWCASTLE_BENCHMARK,139.00,USD,USD_PER_MT,SYNTHETIC,SYNTHETIC_GENERATOR_V1
CP_000409,2025-02-12,THERMAL_COAL,NEWCASTLE_BENCHMARK,140.92,USD,USD_PER_MT,SYNTHETIC,SYNTHETIC_GENERATOR_V1
CP_000410,2025-02-13,THERMAL_COAL,NEWCASTLE_BENCHMARK,141.15,USD,USD_PER_MT,SYNTHETIC,SYNTHETIC_GENERATOR_V1
CP_000411,2025-02-14,THERMAL_COAL,NEWCASTLE_BENCHMARK,141.12,USD,USD_PER_MT,SYNTHETIC,SYNTHETIC_GENERATOR_V1
CP_000412,2025-02-15,THERMAL_COAL,NEWCASTLE_BENCHMARK,140.81,USD,USD_PER_MT,SYNTHETIC,SYNTHETIC_GENERATOR_V1
CP_000413,2025-02-16,THERMAL_COAL,NEWCASTLE_BENCHMARK,140.35,USD,USD_PER_MT,SYNTHETIC,SYNTHETIC_GENERATOR_V1
CP_000414,2025-02-17,THERMAL_COAL,NEWCASTLE_BENCHMARK,141.04,USD,USD_PER_MT,SYNTHETIC,SYNTHETIC_GENERATOR_V1
CP_000415,2025-02-18,THERMAL_COAL,NEWCASTLE_BENCHMARK,140.87,USD,USD_PER_MT,SYNTHETIC,SYNTHETIC_GENERATOR_V1
CP_000416,2025-02-19,THERMAL_COAL,NEWCASTLE_BENCHMARK,141.16,USD,USD_PER_MT,SYNTHETIC,SYNTHETIC_GENERATOR_V1
CP_000417,2025-02-20,THERMAL_COAL,NEWCASTLE_BENCHMARK,140.84,USD,USD_PER_MT,SYNTHETIC,SYNTHETIC_GENERATOR_V1
CP_000418,2025-02-21,THERMAL_COAL,NEWCASTLE_BENCHMARK,142.58,USD,USD_PER_MT,SYNTHETIC,SYNTHETIC_GENERATOR_V1
CP_000419,2025-02-22,THERMAL_COAL,NEWCASTLE_BENCHMARK,143.27,USD,USD_PER_MT,SYNTHETIC,SYNTHETIC_GENERATOR_V1
CP_000420,2025-02-23,THERMAL_COAL,NEWCASTLE_BENCHMARK,142.38,USD,USD_PER_MT,SYNTHETIC,SYNTHETIC_GENERATOR_V1
CP_000421,2025-02-24,THERMAL_COAL,NEWCASTLE_BENCHMARK,143.23,USD,USD_PER_MT,SYNTHETIC,SYNTHETIC_GENERATOR_V1
CP_000422,2025-02-25,THERMAL_COAL,NEWCASTLE_BENCHMARK,144.46,USD,USD_PER_MT,SYNTHETIC,SYNTHETIC_GENERATOR_V1
CP_000423,2025-02-26,THERMAL_COAL,NEWCASTLE_BENCHMARK,143.59,USD,USD_PER_MT,SYNTHETIC,SYNTHETIC_GENERATOR_V1
CP_000424,2025-02-27,THERMAL_COAL,NEWCASTLE_BENCHMARK,144.58,USD,USD_PER_MT,SYNTHETIC,SYNTHETIC_GENERATOR_V1
CP_000425,2025-02-28,THERMAL_COAL,NEWCASTLE_BENCHMARK,145.74,USD,USD_PER_MT,SYNTHETIC,SYNTHETIC_GENERATOR_V1
CP_000426,2025-03-01,THERMAL_COAL,NEWCASTLE_BENCHMARK,145.00,USD,USD_PER_MT,SYNTHETIC,SYNTHETIC_GENERATOR_V1
CP_000427,2025-03-02,THERMAL_COAL,NEWCASTLE_BENCHMARK,144.91,USD,USD_PER_MT,SYNTHETIC,SYNTHETIC_GENERATOR_V1
CP_000428,2025-03-03,THERMAL_COAL,NEWCASTLE_BENCHMARK,145.18,USD,USD_PER_MT,SYNTHETIC,SYNTHETIC_GENERATOR_V1
CP_000429,2025-03-04,THERMAL_COAL,NEWCASTLE_BENCHMARK,145.15,USD,USD_PER_MT,SYNTHETIC,SYNTHETIC_GENERATOR_V1
CP_000430,2025-03-05,THERMAL_COAL,NEWCASTLE_BENCHMARK,143.99,USD,USD_PER_MT,SYNTHETIC,SYNTHETIC_GENERATOR_V1
CP_000431,2025-03-06,THERMAL_COAL,NEWCASTLE_BENCHMARK,143.90,USD,USD_PER_MT,SYNTHETIC,SYNTHETIC_GENERATOR_V1
CP_000432,2025-03-07,THERMAL_COAL,NEWCASTLE_BENCHMARK,144.78,USD,USD_PER_MT,SYNTHETIC,SYNTHETIC_GENERATOR_V1
CP_000433,2025-03-08,THERMAL_COAL,NEWCASTLE_BENCHMARK,142.91,USD,USD_PER_MT,SYNTHETIC,SYNTHETIC_GENERATOR_V1
CP_000434,2025-03-09,THERMAL_COAL,NEWCASTLE_BENCHMARK,144.23,USD,USD_PER_MT,SYNTHETIC,SYNTHETIC_GENERATOR_V1
CP_000435,2025-03-10,THERMAL_COAL,NEWCASTLE_BENCHMARK,144.78,USD,USD_PER_MT,SYNTHETIC,SYNTHETIC_GENERATOR_V1
CP_000436,2025-03-11,THERMAL_COAL,NEWCASTLE_BENCHMARK,144.87,USD,USD_PER_MT,SYNTHETIC,SYNTHETIC_GENERATOR_V1
CP_000437,2025-03-12,THERMAL_COAL,NEWCASTLE_BENCHMARK,145.11,USD,USD_PER_MT,SYNTHETIC,SYNTHETIC_GENERATOR_V1
CP_000438,2025-03-13,THERMAL_COAL,NEWCASTLE_BENCHMARK,144.53,USD,USD_PER_MT,SYNTHETIC,SYNTHETIC_GENERATOR_V1
CP_000439,2025-03-14,THERMAL_COAL,NEWCASTLE_BENCHMARK,143.18,USD,USD_PER_MT,SYNTHETIC,SYNTHETIC_GENERATOR_V1
CP_000440,2025-03-15,THERMAL_COAL,NEWCASTLE_BENCHMARK,144.17,USD,USD_PER_MT,SYNTHETIC,SYNTHETIC_GENERATOR_V1
CP_000441,2025-03-16,THERMAL_COAL,NEWCASTLE_BENCHMARK,145.14,USD,USD_PER_MT,SYNTHETIC,SYNTHETIC_GENERATOR_V1
CP_000442,2025-03-17,THERMAL_COAL,NEWCASTLE_BENCHMARK,144.43,USD,USD_PER_MT,SYNTHETIC,SYNTHETIC_GENERATOR_V1
CP_000443,2025-03-18,THERMAL_COAL,NEWCASTLE_BENCHMARK,143.88,USD,USD_PER_MT,SYNTHETIC,SYNTHETIC_GENERATOR_V1
CP_000444,2025-03-19,THERMAL_COAL,NEWCASTLE_BENCHMARK,144.26,USD,USD_PER_MT,SYNTHETIC,SYNTHETIC_GENERATOR_V1
CP_000445,2025-03-20,THERMAL_COAL,NEWCASTLE_BENCHMARK,144.98,USD,USD_PER_MT,SYNTHETIC,SYNTHETIC_GENERATOR_V1
CP_000446,2025-03-21,THERMAL_COAL,NEWCASTLE_BENCHMARK,145.01,USD,USD_PER_MT,SYNTHETIC,SYNTHETIC_GENERATOR_V1
CP_000447,2025-03-22,THERMAL_COAL,NEWCASTLE_BENCHMARK,144.66,USD,USD_PER_MT,SYNTHETIC,SYNTHETIC_GENERATOR_V1
CP_000448,2025-03-23,THERMAL_COAL,NEWCASTLE_BENCHMARK,144.35,USD,USD_PER_MT,SYNTHETIC,SYNTHETIC_GENERATOR_V1
CP_000449,2025-03-24,THERMAL_COAL,NEWCASTLE_BENCHMARK,144.32,USD,USD_PER_MT,SYNTHETIC,SYNTHETIC_GENERATOR_V1
CP_000450,2025-03-25,THERMAL_COAL,NEWCASTLE_BENCHMARK,144.90,USD,USD_PER_MT,SYNTHETIC,SYNTHETIC_GENERATOR_V1
CP_000451,2025-03-26,THERMAL_COAL,NEWCASTLE_BENCHMARK,142.95,USD,USD_PER_MT,SYNTHETIC,SYNTHETIC_GENERATOR_V1
CP_000452,2025-03-27,THERMAL_COAL,NEWCASTLE_BENCHMARK,141.83,USD,USD_PER_MT,SYNTHETIC,SYNTHETIC_GENERATOR_V1
CP_000453,2025-03-28,THERMAL_COAL,NEWCASTLE_BENCHMARK,142.36,USD,USD_PER_MT,SYNTHETIC,SYNTHETIC_GENERATOR_V1
CP_000454,2025-03-29,THERMAL_COAL,NEWCASTLE_BENCHMARK,142.12,USD,USD_PER_MT,SYNTHETIC,SYNTHETIC_GENERATOR_V1
CP_000455,2025-03-30,THERMAL_COAL,NEWCASTLE_BENCHMARK,141.28,USD,USD_PER_MT,SYNTHETIC,SYNTHETIC_GENERATOR_V1
CP_000456,2025-03-31,THERMAL_COAL,NEWCASTLE_BENCHMARK,141.29,USD,USD_PER_MT,SYNTHETIC,SYNTHETIC_GENERATOR_V1
CP_000457,2025-04-01,THERMAL_COAL,NEWCASTLE_BENCHMARK,141.53,USD,USD_PER_MT,SYNTHETIC,SYNTHETIC_GENERATOR_V1
CP_000458,2025-04-02,THERMAL_COAL,NEWCASTLE_BENCHMARK,141.52,USD,USD_PER_MT,SYNTHETIC,SYNTHETIC_GENERATOR_V1
CP_000459,2025-04-03,THERMAL_COAL,NEWCASTLE_BENCHMARK,142.09,USD,USD_PER_MT,SYNTHETIC,SYNTHETIC_GENERATOR_V1
CP_000460,2025-04-04,THERMAL_COAL,NEWCASTLE_BENCHMARK,142.34,USD,USD_PER_MT,SYNTHETIC,SYNTHETIC_GENERATOR_V1
CP_000461,2025-04-05,THERMAL_COAL,NEWCASTLE_BENCHMARK,142.76,USD,USD_PER_MT,SYNTHETIC,SYNTHETIC_GENERATOR_V1
CP_000462,2025-04-06,THERMAL_COAL,NEWCASTLE_BENCHMARK,140.61,USD,USD_PER_MT,SYNTHETIC,SYNTHETIC_GENERATOR_V1
CP_000463,2025-04-07,THERMAL_COAL,NEWCASTLE_BENCHMARK,141.10,USD,USD_PER_MT,SYNTHETIC,SYNTHETIC_GENERATOR_V1
CP_000464,2025-04-08,THERMAL_COAL,NEWCASTLE_BENCHMARK,141.50,USD,USD_PER_MT,SYNTHETIC,SYNTHETIC_GENERATOR_V1
CP_000465,2025-04-09,THERMAL_COAL,NEWCASTLE_BENCHMARK,141.30,USD,USD_PER_MT,SYNTHETIC,SYNTHETIC_GENERATOR_V1
CP_000466,2025-04-10,THERMAL_COAL,NEWCASTLE_BENCHMARK,141.53,USD,USD_PER_MT,SYNTHETIC,SYNTHETIC_GENERATOR_V1
CP_000467,2025-04-11,THERMAL_COAL,NEWCASTLE_BENCHMARK,141.80,USD,USD_PER_MT,SYNTHETIC,SYNTHETIC_GENERATOR_V1
CP_000468,2025-04-12,THERMAL_COAL,NEWCASTLE_BENCHMARK,140.97,USD,USD_PER_MT,SYNTHETIC,SYNTHETIC_GENERATOR_V1
CP_000469,2025-04-13,THERMAL_COAL,NEWCASTLE_BENCHMARK,139.82,USD,USD_PER_MT,SYNTHETIC,SYNTHETIC_GENERATOR_V1
CP_000470,2025-04-14,THERMAL_COAL,NEWCASTLE_BENCHMARK,140.30,USD,USD_PER_MT,SYNTHETIC,SYNTHETIC_GENERATOR_V1
CP_000471,2025-04-15,THERMAL_COAL,NEWCASTLE_BENCHMARK,140.71,USD,USD_PER_MT,SYNTHETIC,SYNTHETIC_GENERATOR_V1
CP_000472,2025-04-16,THERMAL_COAL,NEWCASTLE_BENCHMARK,140.50,USD,USD_PER_MT,SYNTHETIC,SYNTHETIC_GENERATOR_V1
CP_000473,2025-04-17,THERMAL_COAL,NEWCASTLE_BENCHMARK,140.67,USD,USD_PER_MT,SYNTHETIC,SYNTHETIC_GENERATOR_V1
CP_000474,2025-04-18,THERMAL_COAL,NEWCASTLE_BENCHMARK,141.37,USD,USD_PER_MT,SYNTHETIC,SYNTHETIC_GENERATOR_V1
CP_000475,2025-04-19,THERMAL_COAL,NEWCASTLE_BENCHMARK,140.55,USD,USD_PER_MT,SYNTHETIC,SYNTHETIC_GENERATOR_V1
CP_000476,2025-04-20,THERMAL_COAL,NEWCASTLE_BENCHMARK,141.15,USD,USD_PER_MT,SYNTHETIC,SYNTHETIC_GENERATOR_V1
CP_000477,2025-04-21,THERMAL_COAL,NEWCASTLE_BENCHMARK,141.31,USD,USD_PER_MT,SYNTHETIC,SYNTHETIC_GENERATOR_V1
CP_000478,2025-04-22,THERMAL_COAL,NEWCASTLE_BENCHMARK,140.31,USD,USD_PER_MT,SYNTHETIC,SYNTHETIC_GENERATOR_V1
CP_000479,2025-04-23,THERMAL_COAL,NEWCASTLE_BENCHMARK,140.25,USD,USD_PER_MT,SYNTHETIC,SYNTHETIC_GENERATOR_V1
CP_000480,2025-04-24,THERMAL_COAL,NEWCASTLE_BENCHMARK,140.69,USD,USD_PER_MT,SYNTHETIC,SYNTHETIC_GENERATOR_V1
CP_000481,2025-04-25,THERMAL_COAL,NEWCASTLE_BENCHMARK,140.75,USD,USD_PER_MT,SYNTHETIC,SYNTHETIC_GENERATOR_V1
CP_000482,2025-04-26,THERMAL_COAL,NEWCASTLE_BENCHMARK,139.54,USD,USD_PER_MT,SYNTHETIC,SYNTHETIC_GENERATOR_V1
CP_000483,2025-04-27,THERMAL_COAL,NEWCASTLE_BENCHMARK,139.40,USD,USD_PER_MT,SYNTHETIC,SYNTHETIC_GENERATOR_V1
CP_000484,2025-04-28,THERMAL_COAL,NEWCASTLE_BENCHMARK,140.44,USD,USD_PER_MT,SYNTHETIC,SYNTHETIC_GENERATOR_V1
CP_000485,2025-04-29,THERMAL_COAL,NEWCASTLE_BENCHMARK,140.50,USD,USD_PER_MT,SYNTHETIC,SYNTHETIC_GENERATOR_V1
CP_000486,2025-04-30,THERMAL_COAL,NEWCASTLE_BENCHMARK,141.36,USD,USD_PER_MT,SYNTHETIC,SYNTHETIC_GENERATOR_V1
CP_000487,2025-05-01,THERMAL_COAL,NEWCASTLE_BENCHMARK,141.55,USD,USD_PER_MT,SYNTHETIC,SYNTHETIC_GENERATOR_V1
CP_000488,2025-05-02,THERMAL_COAL,NEWCASTLE_BENCHMARK,141.03,USD,USD_PER_MT,SYNTHETIC,SYNTHETIC_GENERATOR_V1
CP_000489,2025-05-03,THERMAL_COAL,NEWCASTLE_BENCHMARK,141.33,USD,USD_PER_MT,SYNTHETIC,SYNTHETIC_GENERATOR_V1
CP_000490,2025-05-04,THERMAL_COAL,NEWCASTLE_BENCHMARK,140.96,USD,USD_PER_MT,SYNTHETIC,SYNTHETIC_GENERATOR_V1
CP_000491,2025-05-05,THERMAL_COAL,NEWCASTLE_BENCHMARK,140.70,USD,USD_PER_MT,SYNTHETIC,SYNTHETIC_GENERATOR_V1
CP_000492,2025-05-06,THERMAL_COAL,NEWCASTLE_BENCHMARK,139.60,USD,USD_PER_MT,SYNTHETIC,SYNTHETIC_GENERATOR_V1
CP_000493,2025-05-07,THERMAL_COAL,NEWCASTLE_BENCHMARK,140.19,USD,USD_PER_MT,SYNTHETIC,SYNTHETIC_GENERATOR_V1
CP_000494,2025-05-08,THERMAL_COAL,NEWCASTLE_BENCHMARK,141.28,USD,USD_PER_MT,SYNTHETIC,SYNTHETIC_GENERATOR_V1
CP_000495,2025-05-09,THERMAL_COAL,NEWCASTLE_BENCHMARK,141.95,USD,USD_PER_MT,SYNTHETIC,SYNTHETIC_GENERATOR_V1
CP_000496,2025-05-10,THERMAL_COAL,NEWCASTLE_BENCHMARK,140.30,USD,USD_PER_MT,SYNTHETIC,SYNTHETIC_GENERATOR_V1
CP_000497,2025-05-11,THERMAL_COAL,NEWCASTLE_BENCHMARK,139.82,USD,USD_PER_MT,SYNTHETIC,SYNTHETIC_GENERATOR_V1
CP_000498,2025-05-12,THERMAL_COAL,NEWCASTLE_BENCHMARK,140.39,USD,USD_PER_MT,SYNTHETIC,SYNTHETIC_GENERATOR_V1
CP_000499,2025-05-13,THERMAL_COAL,NEWCASTLE_BENCHMARK,140.16,USD,USD_PER_MT,SYNTHETIC,SYNTHETIC_GENERATOR_V1
CP_000500,2025-05-14,THERMAL_COAL,NEWCASTLE_BENCHMARK,138.48,USD,USD_PER_MT,SYNTHETIC,SYNTHETIC_GENERATOR_V1
CP_000501,2025-05-15,THERMAL_COAL,NEWCASTLE_BENCHMARK,139.22,USD,USD_PER_MT,SYNTHETIC,SYNTHETIC_GENERATOR_V1
CP_000502,2025-05-16,THERMAL_COAL,NEWCASTLE_BENCHMARK,139.09,USD,USD_PER_MT,SYNTHETIC,SYNTHETIC_GENERATOR_V1
CP_000503,2025-05-17,THERMAL_COAL,NEWCASTLE_BENCHMARK,140.01,USD,USD_PER_MT,SYNTHETIC,SYNTHETIC_GENERATOR_V1
CP_000504,2025-05-18,THERMAL_COAL,NEWCASTLE_BENCHMARK,140.58,USD,USD_PER_MT,SYNTHETIC,SYNTHETIC_GENERATOR_V1
CP_000505,2025-05-19,THERMAL_COAL,NEWCASTLE_BENCHMARK,140.41,USD,USD_PER_MT,SYNTHETIC,SYNTHETIC_GENERATOR_V1
CP_000506,2025-05-20,THERMAL_COAL,NEWCASTLE_BENCHMARK,139.19,USD,USD_PER_MT,SYNTHETIC,SYNTHETIC_GENERATOR_V1
CP_000507,2025-05-21,THERMAL_COAL,NEWCASTLE_BENCHMARK,139.36,USD,USD_PER_MT,SYNTHETIC,SYNTHETIC_GENERATOR_V1
CP_000508,2025-05-22,THERMAL_COAL,NEWCASTLE_BENCHMARK,140.29,USD,USD_PER_MT,SYNTHETIC,SYNTHETIC_GENERATOR_V1
CP_000509,2025-05-23,THERMAL_COAL,NEWCASTLE_BENCHMARK,139.17,USD,USD_PER_MT,SYNTHETIC,SYNTHETIC_GENERATOR_V1
CP_000510,2025-05-24,THERMAL_COAL,NEWCASTLE_BENCHMARK,138.94,USD,USD_PER_MT,SYNTHETIC,SYNTHETIC_GENERATOR_V1
CP_000511,2025-05-25,THERMAL_COAL,NEWCASTLE_BENCHMARK,139.11,USD,USD_PER_MT,SYNTHETIC,SYNTHETIC_GENERATOR_V1
CP_000512,2025-05-26,THERMAL_COAL,NEWCASTLE_BENCHMARK,138.62,USD,USD_PER_MT,SYNTHETIC,SYNTHETIC_GENERATOR_V1
CP_000513,2025-05-27,THERMAL_COAL,NEWCASTLE_BENCHMARK,138.32,USD,USD_PER_MT,SYNTHETIC,SYNTHETIC_GENERATOR_V1
CP_000514,2025-05-28,THERMAL_COAL,NEWCASTLE_BENCHMARK,138.66,USD,USD_PER_MT,SYNTHETIC,SYNTHETIC_GENERATOR_V1
CP_000515,2025-05-29,THERMAL_COAL,NEWCASTLE_BENCHMARK,138.51,USD,USD_PER_MT,SYNTHETIC,SYNTHETIC_GENERATOR_V1
CP_000516,2025-05-30,THERMAL_COAL,NEWCASTLE_BENCHMARK,140.05,USD,USD_PER_MT,SYNTHETIC,SYNTHETIC_GENERATOR_V1
CP_000517,2025-05-31,THERMAL_COAL,NEWCASTLE_BENCHMARK,139.51,USD,USD_PER_MT,SYNTHETIC,SYNTHETIC_GENERATOR_V1
CP_000518,2025-06-01,THERMAL_COAL,NEWCASTLE_BENCHMARK,138.80,USD,USD_PER_MT,SYNTHETIC,SYNTHETIC_GENERATOR_V1
CP_000519,2025-06-02,THERMAL_COAL,NEWCASTLE_BENCHMARK,138.94,USD,USD_PER_MT,SYNTHETIC,SYNTHETIC_GENERATOR_V1
CP_000520,2025-06-03,THERMAL_COAL,NEWCASTLE_BENCHMARK,139.50,USD,USD_PER_MT,SYNTHETIC,SYNTHETIC_GENERATOR_V1
CP_000521,2025-06-04,THERMAL_COAL,NEWCASTLE_BENCHMARK,139.42,USD,USD_PER_MT,SYNTHETIC,SYNTHETIC_GENERATOR_V1
CP_000522,2025-06-05,THERMAL_COAL,NEWCASTLE_BENCHMARK,140.59,USD,USD_PER_MT,SYNTHETIC,SYNTHETIC_GENERATOR_V1
CP_000523,2025-06-06,THERMAL_COAL,NEWCASTLE_BENCHMARK,141.82,USD,USD_PER_MT,SYNTHETIC,SYNTHETIC_GENERATOR_V1
CP_000524,2025-06-07,THERMAL_COAL,NEWCASTLE_BENCHMARK,142.52,USD,USD_PER_MT,SYNTHETIC,SYNTHETIC_GENERATOR_V1
CP_000525,2025-06-08,THERMAL_COAL,NEWCASTLE_BENCHMARK,141.93,USD,USD_PER_MT,SYNTHETIC,SYNTHETIC_GENERATOR_V1
CP_000526,2025-06-09,THERMAL_COAL,NEWCASTLE_BENCHMARK,141.43,USD,USD_PER_MT,SYNTHETIC,SYNTHETIC_GENERATOR_V1
CP_000527,2025-06-10,THERMAL_COAL,NEWCASTLE_BENCHMARK,141.71,USD,USD_PER_MT,SYNTHETIC,SYNTHETIC_GENERATOR_V1
CP_000528,2025-06-11,THERMAL_COAL,NEWCASTLE_BENCHMARK,142.07,USD,USD_PER_MT,SYNTHETIC,SYNTHETIC_GENERATOR_V1
CP_000529,2025-06-12,THERMAL_COAL,NEWCASTLE_BENCHMARK,142.08,USD,USD_PER_MT,SYNTHETIC,SYNTHETIC_GENERATOR_V1
CP_000530,2025-06-13,THERMAL_COAL,NEWCASTLE_BENCHMARK,140.83,USD,USD_PER_MT,SYNTHETIC,SYNTHETIC_GENERATOR_V1
CP_000531,2025-06-14,THERMAL_COAL,NEWCASTLE_BENCHMARK,139.73,USD,USD_PER_MT,SYNTHETIC,SYNTHETIC_GENERATOR_V1
CP_000532,2025-06-15,THERMAL_COAL,NEWCASTLE_BENCHMARK,138.78,USD,USD_PER_MT,SYNTHETIC,SYNTHETIC_GENERATOR_V1
CP_000533,2025-06-16,THERMAL_COAL,NEWCASTLE_BENCHMARK,138.32,USD,USD_PER_MT,SYNTHETIC,SYNTHETIC_GENERATOR_V1
CP_000534,2025-06-17,THERMAL_COAL,NEWCASTLE_BENCHMARK,139.07,USD,USD_PER_MT,SYNTHETIC,SYNTHETIC_GENERATOR_V1
CP_000535,2025-06-18,THERMAL_COAL,NEWCASTLE_BENCHMARK,138.44,USD,USD_PER_MT,SYNTHETIC,SYNTHETIC_GENERATOR_V1
CP_000536,2025-06-19,THERMAL_COAL,NEWCASTLE_BENCHMARK,137.87,USD,USD_PER_MT,SYNTHETIC,SYNTHETIC_GENERATOR_V1
CP_000537,2025-06-20,THERMAL_COAL,NEWCASTLE_BENCHMARK,138.29,USD,USD_PER_MT,SYNTHETIC,SYNTHETIC_GENERATOR_V1
CP_000538,2025-06-21,THERMAL_COAL,NEWCASTLE_BENCHMARK,137.01,USD,USD_PER_MT,SYNTHETIC,SYNTHETIC_GENERATOR_V1
CP_000539,2025-06-22,THERMAL_COAL,NEWCASTLE_BENCHMARK,137.18,USD,USD_PER_MT,SYNTHETIC,SYNTHETIC_GENERATOR_V1
CP_000540,2025-06-23,THERMAL_COAL,NEWCASTLE_BENCHMARK,138.62,USD,USD_PER_MT,SYNTHETIC,SYNTHETIC_GENERATOR_V1
CP_000541,2025-06-24,THERMAL_COAL,NEWCASTLE_BENCHMARK,138.62,USD,USD_PER_MT,SYNTHETIC,SYNTHETIC_GENERATOR_V1
CP_000542,2025-06-25,THERMAL_COAL,NEWCASTLE_BENCHMARK,137.77,USD,USD_PER_MT,SYNTHETIC,SYNTHETIC_GENERATOR_V1
CP_000543,2025-06-26,THERMAL_COAL,NEWCASTLE_BENCHMARK,137.22,USD,USD_PER_MT,SYNTHETIC,SYNTHETIC_GENERATOR_V1
CP_000544,2025-06-27,THERMAL_COAL,NEWCASTLE_BENCHMARK,138.26,USD,USD_PER_MT,SYNTHETIC,SYNTHETIC_GENERATOR_V1
CP_000545,2025-06-28,THERMAL_COAL,NEWCASTLE_BENCHMARK,137.19,USD,USD_PER_MT,SYNTHETIC,SYNTHETIC_GENERATOR_V1
CP_000546,2025-06-29,THERMAL_COAL,NEWCASTLE_BENCHMARK,136.77,USD,USD_PER_MT,SYNTHETIC,SYNTHETIC_GENERATOR_V1
CP_000547,2025-06-30,THERMAL_COAL,NEWCASTLE_BENCHMARK,135.06,USD,USD_PER_MT,SYNTHETIC,SYNTHETIC_GENERATOR_V1
CP_000548,2025-07-01,THERMAL_COAL,NEWCASTLE_BENCHMARK,135.04,USD,USD_PER_MT,SYNTHETIC,SYNTHETIC_GENERATOR_V1
CP_000549,2025-07-02,THERMAL_COAL,NEWCASTLE_BENCHMARK,133.74,USD,USD_PER_MT,SYNTHETIC,SYNTHETIC_GENERATOR_V1
CP_000550,2025-07-03,THERMAL_COAL,NEWCASTLE_BENCHMARK,134.19,USD,USD_PER_MT,SYNTHETIC,SYNTHETIC_GENERATOR_V1
CP_000551,2025-07-04,THERMAL_COAL,NEWCASTLE_BENCHMARK,133.30,USD,USD_PER_MT,SYNTHETIC,SYNTHETIC_GENERATOR_V1
CP_000552,2025-07-05,THERMAL_COAL,NEWCASTLE_BENCHMARK,132.21,USD,USD_PER_MT,SYNTHETIC,SYNTHETIC_GENERATOR_V1
CP_000553,2025-07-06,THERMAL_COAL,NEWCASTLE_BENCHMARK,132.93,USD,USD_PER_MT,SYNTHETIC,SYNTHETIC_GENERATOR_V1
CP_000554,2025-07-07,THERMAL_COAL,NEWCASTLE_BENCHMARK,132.17,USD,USD_PER_MT,SYNTHETIC,SYNTHETIC_GENERATOR_V1
CP_000555,2025-07-08,THERMAL_COAL,NEWCASTLE_BENCHMARK,132.32,USD,USD_PER_MT,SYNTHETIC,SYNTHETIC_GENERATOR_V1
CP_000556,2025-07-09,THERMAL_COAL,NEWCASTLE_BENCHMARK,132.78,USD,USD_PER_MT,SYNTHETIC,SYNTHETIC_GENERATOR_V1
CP_000557,2025-07-10,THERMAL_COAL,NEWCASTLE_BENCHMARK,133.89,USD,USD_PER_MT,SYNTHETIC,SYNTHETIC_GENERATOR_V1
CP_000558,2025-07-11,THERMAL_COAL,NEWCASTLE_BENCHMARK,134.30,USD,USD_PER_MT,SYNTHETIC,SYNTHETIC_GENERATOR_V1
CP_000559,2025-07-12,THERMAL_COAL,NEWCASTLE_BENCHMARK,133.45,USD,USD_PER_MT,SYNTHETIC,SYNTHETIC_GENERATOR_V1
CP_000560,2025-07-13,THERMAL_COAL,NEWCASTLE_BENCHMARK,134.56,USD,USD_PER_MT,SYNTHETIC,SYNTHETIC_GENERATOR_V1
CP_000561,2025-07-14,THERMAL_COAL,NEWCASTLE_BENCHMARK,135.36,USD,USD_PER_MT,SYNTHETIC,SYNTHETIC_GENERATOR_V1
CP_000562,2025-07-15,THERMAL_COAL,NEWCASTLE_BENCHMARK,135.25,USD,USD_PER_MT,SYNTHETIC,SYNTHETIC_GENERATOR_V1
CP_000563,2025-07-16,THERMAL_COAL,NEWCASTLE_BENCHMARK,135.13,USD,USD_PER_MT,SYNTHETIC,SYNTHETIC_GENERATOR_V1
CP_000564,2025-07-17,THERMAL_COAL,NEWCASTLE_BENCHMARK,135.30,USD,USD_PER_MT,SYNTHETIC,SYNTHETIC_GENERATOR_V1
CP_000565,2025-07-18,THERMAL_COAL,NEWCASTLE_BENCHMARK,135.61,USD,USD_PER_MT,SYNTHETIC,SYNTHETIC_GENERATOR_V1
CP_000566,2025-07-19,THERMAL_COAL,NEWCASTLE_BENCHMARK,134.36,USD,USD_PER_MT,SYNTHETIC,SYNTHETIC_GENERATOR_V1
CP_000567,2025-07-20,THERMAL_COAL,NEWCASTLE_BENCHMARK,132.92,USD,USD_PER_MT,SYNTHETIC,SYNTHETIC_GENERATOR_V1
CP_000568,2025-07-21,THERMAL_COAL,NEWCASTLE_BENCHMARK,133.48,USD,USD_PER_MT,SYNTHETIC,SYNTHETIC_GENERATOR_V1
CP_000569,2025-07-22,THERMAL_COAL,NEWCASTLE_BENCHMARK,133.81,USD,USD_PER_MT,SYNTHETIC,SYNTHETIC_GENERATOR_V1
CP_000570,2025-07-23,THERMAL_COAL,NEWCASTLE_BENCHMARK,133.39,USD,USD_PER_MT,SYNTHETIC,SYNTHETIC_GENERATOR_V1
CP_000571,2025-07-24,THERMAL_COAL,NEWCASTLE_BENCHMARK,134.06,USD,USD_PER_MT,SYNTHETIC,SYNTHETIC_GENERATOR_V1
CP_000572,2025-07-25,THERMAL_COAL,NEWCASTLE_BENCHMARK,134.34,USD,USD_PER_MT,SYNTHETIC,SYNTHETIC_GENERATOR_V1
CP_000573,2025-07-26,THERMAL_COAL,NEWCASTLE_BENCHMARK,134.18,USD,USD_PER_MT,SYNTHETIC,SYNTHETIC_GENERATOR_V1
CP_000574,2025-07-27,THERMAL_COAL,NEWCASTLE_BENCHMARK,131.92,USD,USD_PER_MT,SYNTHETIC,SYNTHETIC_GENERATOR_V1
CP_000575,2025-07-28,THERMAL_COAL,NEWCASTLE_BENCHMARK,132.36,USD,USD_PER_MT,SYNTHETIC,SYNTHETIC_GENERATOR_V1
CP_000576,2025-07-29,THERMAL_COAL,NEWCASTLE_BENCHMARK,131.90,USD,USD_PER_MT,SYNTHETIC,SYNTHETIC_GENERATOR_V1
CP_000577,2025-07-30,THERMAL_COAL,NEWCASTLE_BENCHMARK,131.91,USD,USD_PER_MT,SYNTHETIC,SYNTHETIC_GENERATOR_V1
CP_000578,2025-07-31,THERMAL_COAL,NEWCASTLE_BENCHMARK,131.34,USD,USD_PER_MT,SYNTHETIC,SYNTHETIC_GENERATOR_V1
CP_000579,2025-08-01,THERMAL_COAL,NEWCASTLE_BENCHMARK,131.97,USD,USD_PER_MT,SYNTHETIC,SYNTHETIC_GENERATOR_V1
CP_000580,2025-08-02,THERMAL_COAL,NEWCASTLE_BENCHMARK,133.47,USD,USD_PER_MT,SYNTHETIC,SYNTHETIC_GENERATOR_V1
CP_000581,2025-08-03,THERMAL_COAL,NEWCASTLE_BENCHMARK,133.91,USD,USD_PER_MT,SYNTHETIC,SYNTHETIC_GENERATOR_V1
CP_000582,2025-08-04,THERMAL_COAL,NEWCASTLE_BENCHMARK,134.88,USD,USD_PER_MT,SYNTHETIC,SYNTHETIC_GENERATOR_V1
CP_000583,2025-08-05,THERMAL_COAL,NEWCASTLE_BENCHMARK,134.89,USD,USD_PER_MT,SYNTHETIC,SYNTHETIC_GENERATOR_V1
CP_000584,2025-08-06,THERMAL_COAL,NEWCASTLE_BENCHMARK,135.26,USD,USD_PER_MT,SYNTHETIC,SYNTHETIC_GENERATOR_V1
CP_000585,2025-08-07,THERMAL_COAL,NEWCASTLE_BENCHMARK,136.58,USD,USD_PER_MT,SYNTHETIC,SYNTHETIC_GENERATOR_V1
CP_000586,2025-08-08,THERMAL_COAL,NEWCASTLE_BENCHMARK,137.44,USD,USD_PER_MT,SYNTHETIC,SYNTHETIC_GENERATOR_V1
CP_000587,2025-08-09,THERMAL_COAL,NEWCASTLE_BENCHMARK,136.51,USD,USD_PER_MT,SYNTHETIC,SYNTHETIC_GENERATOR_V1
CP_000588,2025-08-10,THERMAL_COAL,NEWCASTLE_BENCHMARK,138.09,USD,USD_PER_MT,SYNTHETIC,SYNTHETIC_GENERATOR_V1
CP_000589,2025-08-11,THERMAL_COAL,NEWCASTLE_BENCHMARK,137.35,USD,USD_PER_MT,SYNTHETIC,SYNTHETIC_GENERATOR_V1
CP_000590,2025-08-12,THERMAL_COAL,NEWCASTLE_BENCHMARK,136.96,USD,USD_PER_MT,SYNTHETIC,SYNTHETIC_GENERATOR_V1
CP_000591,2025-08-13,THERMAL_COAL,NEWCASTLE_BENCHMARK,138.02,USD,USD_PER_MT,SYNTHETIC,SYNTHETIC_GENERATOR_V1
CP_000592,2025-08-14,THERMAL_COAL,NEWCASTLE_BENCHMARK,137.47,USD,USD_PER_MT,SYNTHETIC,SYNTHETIC_GENERATOR_V1
CP_000593,2025-08-15,THERMAL_COAL,NEWCASTLE_BENCHMARK,136.65,USD,USD_PER_MT,SYNTHETIC,SYNTHETIC_GENERATOR_V1
CP_000594,2025-08-16,THERMAL_COAL,NEWCASTLE_BENCHMARK,137.34,USD,USD_PER_MT,SYNTHETIC,SYNTHETIC_GENERATOR_V1
CP_000595,2025-08-17,THERMAL_COAL,NEWCASTLE_BENCHMARK,137.20,USD,USD_PER_MT,SYNTHETIC,SYNTHETIC_GENERATOR_V1
CP_000596,2025-08-18,THERMAL_COAL,NEWCASTLE_BENCHMARK,136.41,USD,USD_PER_MT,SYNTHETIC,SYNTHETIC_GENERATOR_V1
CP_000597,2025-08-19,THERMAL_COAL,NEWCASTLE_BENCHMARK,136.17,USD,USD_PER_MT,SYNTHETIC,SYNTHETIC_GENERATOR_V1
CP_000598,2025-08-20,THERMAL_COAL,NEWCASTLE_BENCHMARK,135.17,USD,USD_PER_MT,SYNTHETIC,SYNTHETIC_GENERATOR_V1
CP_000599,2025-08-21,THERMAL_COAL,NEWCASTLE_BENCHMARK,136.18,USD,USD_PER_MT,SYNTHETIC,SYNTHETIC_GENERATOR_V1
CP_000600,2025-08-22,THERMAL_COAL,NEWCASTLE_BENCHMARK,136.05,USD,USD_PER_MT,SYNTHETIC,SYNTHETIC_GENERATOR_V1
CP_000601,2025-08-23,THERMAL_COAL,NEWCASTLE_BENCHMARK,136.25,USD,USD_PER_MT,SYNTHETIC,SYNTHETIC_GENERATOR_V1
CP_000602,2025-08-24,THERMAL_COAL,NEWCASTLE_BENCHMARK,137.89,USD,USD_PER_MT,SYNTHETIC,SYNTHETIC_GENERATOR_V1
CP_000603,2025-08-25,THERMAL_COAL,NEWCASTLE_BENCHMARK,137.95,USD,USD_PER_MT,SYNTHETIC,SYNTHETIC_GENERATOR_V1
CP_000604,2025-08-26,THERMAL_COAL,NEWCASTLE_BENCHMARK,138.02,USD,USD_PER_MT,SYNTHETIC,SYNTHETIC_GENERATOR_V1
CP_000605,2025-08-27,THERMAL_COAL,NEWCASTLE_BENCHMARK,136.21,USD,USD_PER_MT,SYNTHETIC,SYNTHETIC_GENERATOR_V1
CP_000606,2025-08-28,THERMAL_COAL,NEWCASTLE_BENCHMARK,136.26,USD,USD_PER_MT,SYNTHETIC,SYNTHETIC_GENERATOR_V1
CP_000607,2025-08-29,THERMAL_COAL,NEWCASTLE_BENCHMARK,136.57,USD,USD_PER_MT,SYNTHETIC,SYNTHETIC_GENERATOR_V1
CP_000608,2025-08-30,THERMAL_COAL,NEWCASTLE_BENCHMARK,136.39,USD,USD_PER_MT,SYNTHETIC,SYNTHETIC_GENERATOR_V1
CP_000609,2025-08-31,THERMAL_COAL,NEWCASTLE_BENCHMARK,137.94,USD,USD_PER_MT,SYNTHETIC,SYNTHETIC_GENERATOR_V1
CP_000610,2025-09-01,THERMAL_COAL,NEWCASTLE_BENCHMARK,137.84,USD,USD_PER_MT,SYNTHETIC,SYNTHETIC_GENERATOR_V1
CP_000611,2025-09-02,THERMAL_COAL,NEWCASTLE_BENCHMARK,137.86,USD,USD_PER_MT,SYNTHETIC,SYNTHETIC_GENERATOR_V1
CP_000612,2025-09-03,THERMAL_COAL,NEWCASTLE_BENCHMARK,137.54,USD,USD_PER_MT,SYNTHETIC,SYNTHETIC_GENERATOR_V1
CP_000613,2025-09-04,THERMAL_COAL,NEWCASTLE_BENCHMARK,137.74,USD,USD_PER_MT,SYNTHETIC,SYNTHETIC_GENERATOR_V1
CP_000614,2025-09-05,THERMAL_COAL,NEWCASTLE_BENCHMARK,137.96,USD,USD_PER_MT,SYNTHETIC,SYNTHETIC_GENERATOR_V1
CP_000615,2025-09-06,THERMAL_COAL,NEWCASTLE_BENCHMARK,139.01,USD,USD_PER_MT,SYNTHETIC,SYNTHETIC_GENERATOR_V1
CP_000616,2025-09-07,THERMAL_COAL,NEWCASTLE_BENCHMARK,138.72,USD,USD_PER_MT,SYNTHETIC,SYNTHETIC_GENERATOR_V1
CP_000617,2025-09-08,THERMAL_COAL,NEWCASTLE_BENCHMARK,138.42,USD,USD_PER_MT,SYNTHETIC,SYNTHETIC_GENERATOR_V1
CP_000618,2025-09-09,THERMAL_COAL,NEWCASTLE_BENCHMARK,137.40,USD,USD_PER_MT,SYNTHETIC,SYNTHETIC_GENERATOR_V1
CP_000619,2025-09-10,THERMAL_COAL,NEWCASTLE_BENCHMARK,136.28,USD,USD_PER_MT,SYNTHETIC,SYNTHETIC_GENERATOR_V1
CP_000620,2025-09-11,THERMAL_COAL,NEWCASTLE_BENCHMARK,136.98,USD,USD_PER_MT,SYNTHETIC,SYNTHETIC_GENERATOR_V1
CP_000621,2025-09-12,THERMAL_COAL,NEWCASTLE_BENCHMARK,137.18,USD,USD_PER_MT,SYNTHETIC,SYNTHETIC_GENERATOR_V1
CP_000622,2025-09-13,THERMAL_COAL,NEWCASTLE_BENCHMARK,137.48,USD,USD_PER_MT,SYNTHETIC,SYNTHETIC_GENERATOR_V1
CP_000623,2025-09-14,THERMAL_COAL,NEWCASTLE_BENCHMARK,138.08,USD,USD_PER_MT,SYNTHETIC,SYNTHETIC_GENERATOR_V1
CP_000624,2025-09-15,THERMAL_COAL,NEWCASTLE_BENCHMARK,139.09,USD,USD_PER_MT,SYNTHETIC,SYNTHETIC_GENERATOR_V1
CP_000625,2025-09-16,THERMAL_COAL,NEWCASTLE_BENCHMARK,139.23,USD,USD_PER_MT,SYNTHETIC,SYNTHETIC_GENERATOR_V1
CP_000626,2025-09-17,THERMAL_COAL,NEWCASTLE_BENCHMARK,139.04,USD,USD_PER_MT,SYNTHETIC,SYNTHETIC_GENERATOR_V1
CP_000627,2025-09-18,THERMAL_COAL,NEWCASTLE_BENCHMARK,139.26,USD,USD_PER_MT,SYNTHETIC,SYNTHETIC_GENERATOR_V1
CP_000628,2025-09-19,THERMAL_COAL,NEWCASTLE_BENCHMARK,138.02,USD,USD_PER_MT,SYNTHETIC,SYNTHETIC_GENERATOR_V1
CP_000629,2025-09-20,THERMAL_COAL,NEWCASTLE_BENCHMARK,138.33,USD,USD_PER_MT,SYNTHETIC,SYNTHETIC_GENERATOR_V1
CP_000630,2025-09-21,THERMAL_COAL,NEWCASTLE_BENCHMARK,137.46,USD,USD_PER_MT,SYNTHETIC,SYNTHETIC_GENERATOR_V1
CP_000631,2025-09-22,THERMAL_COAL,NEWCASTLE_BENCHMARK,138.00,USD,USD_PER_MT,SYNTHETIC,SYNTHETIC_GENERATOR_V1
CP_000632,2025-09-23,THERMAL_COAL,NEWCASTLE_BENCHMARK,137.34,USD,USD_PER_MT,SYNTHETIC,SYNTHETIC_GENERATOR_V1
CP_000633,2025-09-24,THERMAL_COAL,NEWCASTLE_BENCHMARK,138.00,USD,USD_PER_MT,SYNTHETIC,SYNTHETIC_GENERATOR_V1
CP_000634,2025-09-25,THERMAL_COAL,NEWCASTLE_BENCHMARK,137.04,USD,USD_PER_MT,SYNTHETIC,SYNTHETIC_GENERATOR_V1
CP_000635,2025-09-26,THERMAL_COAL,NEWCASTLE_BENCHMARK,136.89,USD,USD_PER_MT,SYNTHETIC,SYNTHETIC_GENERATOR_V1
CP_000636,2025-09-27,THERMAL_COAL,NEWCASTLE_BENCHMARK,136.62,USD,USD_PER_MT,SYNTHETIC,SYNTHETIC_GENERATOR_V1
CP_000637,2025-09-28,THERMAL_COAL,NEWCASTLE_BENCHMARK,136.45,USD,USD_PER_MT,SYNTHETIC,SYNTHETIC_GENERATOR_V1
CP_000638,2025-09-29,THERMAL_COAL,NEWCASTLE_BENCHMARK,136.10,USD,USD_PER_MT,SYNTHETIC,SYNTHETIC_GENERATOR_V1
CP_000639,2025-09-30,THERMAL_COAL,NEWCASTLE_BENCHMARK,135.77,USD,USD_PER_MT,SYNTHETIC,SYNTHETIC_GENERATOR_V1
CP_000640,2025-10-01,THERMAL_COAL,NEWCASTLE_BENCHMARK,136.91,USD,USD_PER_MT,SYNTHETIC,SYNTHETIC_GENERATOR_V1
CP_000641,2025-10-02,THERMAL_COAL,NEWCASTLE_BENCHMARK,138.00,USD,USD_PER_MT,SYNTHETIC,SYNTHETIC_GENERATOR_V1
CP_000642,2025-10-03,THERMAL_COAL,NEWCASTLE_BENCHMARK,136.91,USD,USD_PER_MT,SYNTHETIC,SYNTHETIC_GENERATOR_V1
CP_000643,2025-10-04,THERMAL_COAL,NEWCASTLE_BENCHMARK,137.32,USD,USD_PER_MT,SYNTHETIC,SYNTHETIC_GENERATOR_V1
CP_000644,2025-10-05,THERMAL_COAL,NEWCASTLE_BENCHMARK,138.54,USD,USD_PER_MT,SYNTHETIC,SYNTHETIC_GENERATOR_V1
CP_000645,2025-10-06,THERMAL_COAL,NEWCASTLE_BENCHMARK,138.85,USD,USD_PER_MT,SYNTHETIC,SYNTHETIC_GENERATOR_V1
CP_000646,2025-10-07,THERMAL_COAL,NEWCASTLE_BENCHMARK,137.92,USD,USD_PER_MT,SYNTHETIC,SYNTHETIC_GENERATOR_V1
CP_000647,2025-10-08,THERMAL_COAL,NEWCASTLE_BENCHMARK,138.30,USD,USD_PER_MT,SYNTHETIC,SYNTHETIC_GENERATOR_V1
CP_000648,2025-10-09,THERMAL_COAL,NEWCASTLE_BENCHMARK,138.32,USD,USD_PER_MT,SYNTHETIC,SYNTHETIC_GENERATOR_V1
CP_000649,2025-10-10,THERMAL_COAL,NEWCASTLE_BENCHMARK,139.30,USD,USD_PER_MT,SYNTHETIC,SYNTHETIC_GENERATOR_V1
CP_000650,2025-10-11,THERMAL_COAL,NEWCASTLE_BENCHMARK,140.06,USD,USD_PER_MT,SYNTHETIC,SYNTHETIC_GENERATOR_V1
CP_000651,2025-10-12,THERMAL_COAL,NEWCASTLE_BENCHMARK,140.37,USD,USD_PER_MT,SYNTHETIC,SYNTHETIC_GENERATOR_V1
CP_000652,2025-10-13,THERMAL_COAL,NEWCASTLE_BENCHMARK,142.22,USD,USD_PER_MT,SYNTHETIC,SYNTHETIC_GENERATOR_V1
CP_000653,2025-10-14,THERMAL_COAL,NEWCASTLE_BENCHMARK,143.91,USD,USD_PER_MT,SYNTHETIC,SYNTHETIC_GENERATOR_V1
CP_000654,2025-10-15,THERMAL_COAL,NEWCASTLE_BENCHMARK,143.19,USD,USD_PER_MT,SYNTHETIC,SYNTHETIC_GENERATOR_V1
CP_000655,2025-10-16,THERMAL_COAL,NEWCASTLE_BENCHMARK,143.00,USD,USD_PER_MT,SYNTHETIC,SYNTHETIC_GENERATOR_V1
CP_000656,2025-10-17,THERMAL_COAL,NEWCASTLE_BENCHMARK,142.73,USD,USD_PER_MT,SYNTHETIC,SYNTHETIC_GENERATOR_V1
CP_000657,2025-10-18,THERMAL_COAL,NEWCASTLE_BENCHMARK,143.71,USD,USD_PER_MT,SYNTHETIC,SYNTHETIC_GENERATOR_V1
CP_000658,2025-10-19,THERMAL_COAL,NEWCASTLE_BENCHMARK,143.75,USD,USD_PER_MT,SYNTHETIC,SYNTHETIC_GENERATOR_V1
CP_000659,2025-10-20,THERMAL_COAL,NEWCASTLE_BENCHMARK,144.42,USD,USD_PER_MT,SYNTHETIC,SYNTHETIC_GENERATOR_V1
CP_000660,2025-10-21,THERMAL_COAL,NEWCASTLE_BENCHMARK,145.08,USD,USD_PER_MT,SYNTHETIC,SYNTHETIC_GENERATOR_V1
CP_000661,2025-10-22,THERMAL_COAL,NEWCASTLE_BENCHMARK,145.19,USD,USD_PER_MT,SYNTHETIC,SYNTHETIC_GENERATOR_V1
CP_000662,2025-10-23,THERMAL_COAL,NEWCASTLE_BENCHMARK,145.11,USD,USD_PER_MT,SYNTHETIC,SYNTHETIC_GENERATOR_V1
CP_000663,2025-10-24,THERMAL_COAL,NEWCASTLE_BENCHMARK,145.42,USD,USD_PER_MT,SYNTHETIC,SYNTHETIC_GENERATOR_V1
CP_000664,2025-10-25,THERMAL_COAL,NEWCASTLE_BENCHMARK,145.65,USD,USD_PER_MT,SYNTHETIC,SYNTHETIC_GENERATOR_V1
CP_000665,2025-10-26,THERMAL_COAL,NEWCASTLE_BENCHMARK,145.94,USD,USD_PER_MT,SYNTHETIC,SYNTHETIC_GENERATOR_V1
CP_000666,2025-10-27,THERMAL_COAL,NEWCASTLE_BENCHMARK,145.28,USD,USD_PER_MT,SYNTHETIC,SYNTHETIC_GENERATOR_V1
CP_000667,2025-10-28,THERMAL_COAL,NEWCASTLE_BENCHMARK,145.44,USD,USD_PER_MT,SYNTHETIC,SYNTHETIC_GENERATOR_V1
CP_000668,2025-10-29,THERMAL_COAL,NEWCASTLE_BENCHMARK,145.12,USD,USD_PER_MT,SYNTHETIC,SYNTHETIC_GENERATOR_V1
CP_000669,2025-10-30,THERMAL_COAL,NEWCASTLE_BENCHMARK,145.85,USD,USD_PER_MT,SYNTHETIC,SYNTHETIC_GENERATOR_V1
CP_000670,2025-10-31,THERMAL_COAL,NEWCASTLE_BENCHMARK,146.80,USD,USD_PER_MT,SYNTHETIC,SYNTHETIC_GENERATOR_V1
CP_000671,2025-11-01,THERMAL_COAL,NEWCASTLE_BENCHMARK,146.04,USD,USD_PER_MT,SYNTHETIC,SYNTHETIC_GENERATOR_V1
CP_000672,2025-11-02,THERMAL_COAL,NEWCASTLE_BENCHMARK,145.82,USD,USD_PER_MT,SYNTHETIC,SYNTHETIC_GENERATOR_V1
CP_000673,2025-11-03,THERMAL_COAL,NEWCASTLE_BENCHMARK,146.09,USD,USD_PER_MT,SYNTHETIC,SYNTHETIC_GENERATOR_V1
CP_000674,2025-11-04,THERMAL_COAL,NEWCASTLE_BENCHMARK,145.98,USD,USD_PER_MT,SYNTHETIC,SYNTHETIC_GENERATOR_V1
CP_000675,2025-11-05,THERMAL_COAL,NEWCASTLE_BENCHMARK,145.76,USD,USD_PER_MT,SYNTHETIC,SYNTHETIC_GENERATOR_V1
CP_000676,2025-11-06,THERMAL_COAL,NEWCASTLE_BENCHMARK,145.83,USD,USD_PER_MT,SYNTHETIC,SYNTHETIC_GENERATOR_V1
CP_000677,2025-11-07,THERMAL_COAL,NEWCASTLE_BENCHMARK,145.46,USD,USD_PER_MT,SYNTHETIC,SYNTHETIC_GENERATOR_V1
CP_000678,2025-11-08,THERMAL_COAL,NEWCASTLE_BENCHMARK,144.70,USD,USD_PER_MT,SYNTHETIC,SYNTHETIC_GENERATOR_V1
CP_000679,2025-11-09,THERMAL_COAL,NEWCASTLE_BENCHMARK,144.67,USD,USD_PER_MT,SYNTHETIC,SYNTHETIC_GENERATOR_V1
CP_000680,2025-11-10,THERMAL_COAL,NEWCASTLE_BENCHMARK,143.62,USD,USD_PER_MT,SYNTHETIC,SYNTHETIC_GENERATOR_V1
CP_000681,2025-11-11,THERMAL_COAL,NEWCASTLE_BENCHMARK,142.66,USD,USD_PER_MT,SYNTHETIC,SYNTHETIC_GENERATOR_V1
CP_000682,2025-11-12,THERMAL_COAL,NEWCASTLE_BENCHMARK,143.65,USD,USD_PER_MT,SYNTHETIC,SYNTHETIC_GENERATOR_V1
CP_000683,2025-11-13,THERMAL_COAL,NEWCASTLE_BENCHMARK,143.45,USD,USD_PER_MT,SYNTHETIC,SYNTHETIC_GENERATOR_V1
CP_000684,2025-11-14,THERMAL_COAL,NEWCASTLE_BENCHMARK,142.30,USD,USD_PER_MT,SYNTHETIC,SYNTHETIC_GENERATOR_V1
CP_000685,2025-11-15,THERMAL_COAL,NEWCASTLE_BENCHMARK,143.53,USD,USD_PER_MT,SYNTHETIC,SYNTHETIC_GENERATOR_V1
CP_000686,2025-11-16,THERMAL_COAL,NEWCASTLE_BENCHMARK,143.22,USD,USD_PER_MT,SYNTHETIC,SYNTHETIC_GENERATOR_V1
CP_000687,2025-11-17,THERMAL_COAL,NEWCASTLE_BENCHMARK,143.82,USD,USD_PER_MT,SYNTHETIC,SYNTHETIC_GENERATOR_V1
CP_000688,2025-11-18,THERMAL_COAL,NEWCASTLE_BENCHMARK,143.61,USD,USD_PER_MT,SYNTHETIC,SYNTHETIC_GENERATOR_V1
CP_000689,2025-11-19,THERMAL_COAL,NEWCASTLE_BENCHMARK,146.04,USD,USD_PER_MT,SYNTHETIC,SYNTHETIC_GENERATOR_V1
CP_000690,2025-11-20,THERMAL_COAL,NEWCASTLE_BENCHMARK,146.69,USD,USD_PER_MT,SYNTHETIC,SYNTHETIC_GENERATOR_V1
CP_000691,2025-11-21,THERMAL_COAL,NEWCASTLE_BENCHMARK,145.20,USD,USD_PER_MT,SYNTHETIC,SYNTHETIC_GENERATOR_V1
CP_000692,2025-11-22,THERMAL_COAL,NEWCASTLE_BENCHMARK,145.40,USD,USD_PER_MT,SYNTHETIC,SYNTHETIC_GENERATOR_V1
CP_000693,2025-11-23,THERMAL_COAL,NEWCASTLE_BENCHMARK,145.19,USD,USD_PER_MT,SYNTHETIC,SYNTHETIC_GENERATOR_V1
CP_000694,2025-11-24,THERMAL_COAL,NEWCASTLE_BENCHMARK,144.33,USD,USD_PER_MT,SYNTHETIC,SYNTHETIC_GENERATOR_V1
CP_000695,2025-11-25,THERMAL_COAL,NEWCASTLE_BENCHMARK,145.01,USD,USD_PER_MT,SYNTHETIC,SYNTHETIC_GENERATOR_V1
CP_000696,2025-11-26,THERMAL_COAL,NEWCASTLE_BENCHMARK,144.58,USD,USD_PER_MT,SYNTHETIC,SYNTHETIC_GENERATOR_V1
CP_000697,2025-11-27,THERMAL_COAL,NEWCASTLE_BENCHMARK,143.35,USD,USD_PER_MT,SYNTHETIC,SYNTHETIC_GENERATOR_V1
CP_000698,2025-11-28,THERMAL_COAL,NEWCASTLE_BENCHMARK,142.35,USD,USD_PER_MT,SYNTHETIC,SYNTHETIC_GENERATOR_V1
CP_000699,2025-11-29,THERMAL_COAL,NEWCASTLE_BENCHMARK,140.68,USD,USD_PER_MT,SYNTHETIC,SYNTHETIC_GENERATOR_V1
CP_000700,2025-11-30,THERMAL_COAL,NEWCASTLE_BENCHMARK,141.12,USD,USD_PER_MT,SYNTHETIC,SYNTHETIC_GENERATOR_V1
CP_000701,2025-12-01,THERMAL_COAL,NEWCASTLE_BENCHMARK,141.62,USD,USD_PER_MT,SYNTHETIC,SYNTHETIC_GENERATOR_V1
CP_000702,2025-12-02,THERMAL_COAL,NEWCASTLE_BENCHMARK,141.27,USD,USD_PER_MT,SYNTHETIC,SYNTHETIC_GENERATOR_V1
CP_000703,2025-12-03,THERMAL_COAL,NEWCASTLE_BENCHMARK,141.85,USD,USD_PER_MT,SYNTHETIC,SYNTHETIC_GENERATOR_V1
CP_000704,2025-12-04,THERMAL_COAL,NEWCASTLE_BENCHMARK,141.91,USD,USD_PER_MT,SYNTHETIC,SYNTHETIC_GENERATOR_V1
CP_000705,2025-12-05,THERMAL_COAL,NEWCASTLE_BENCHMARK,142.09,USD,USD_PER_MT,SYNTHETIC,SYNTHETIC_GENERATOR_V1
CP_000706,2025-12-06,THERMAL_COAL,NEWCASTLE_BENCHMARK,141.72,USD,USD_PER_MT,SYNTHETIC,SYNTHETIC_GENERATOR_V1
CP_000707,2025-12-07,THERMAL_COAL,NEWCASTLE_BENCHMARK,141.79,USD,USD_PER_MT,SYNTHETIC,SYNTHETIC_GENERATOR_V1
CP_000708,2025-12-08,THERMAL_COAL,NEWCASTLE_BENCHMARK,141.56,USD,USD_PER_MT,SYNTHETIC,SYNTHETIC_GENERATOR_V1
CP_000709,2025-12-09,THERMAL_COAL,NEWCASTLE_BENCHMARK,141.42,USD,USD_PER_MT,SYNTHETIC,SYNTHETIC_GENERATOR_V1
CP_000710,2025-12-10,THERMAL_COAL,NEWCASTLE_BENCHMARK,140.82,USD,USD_PER_MT,SYNTHETIC,SYNTHETIC_GENERATOR_V1
CP_000711,2025-12-11,THERMAL_COAL,NEWCASTLE_BENCHMARK,140.25,USD,USD_PER_MT,SYNTHETIC,SYNTHETIC_GENERATOR_V1
CP_000712,2025-12-12,THERMAL_COAL,NEWCASTLE_BENCHMARK,142.67,USD,USD_PER_MT,SYNTHETIC,SYNTHETIC_GENERATOR_V1
CP_000713,2025-12-13,THERMAL_COAL,NEWCASTLE_BENCHMARK,141.07,USD,USD_PER_MT,SYNTHETIC,SYNTHETIC_GENERATOR_V1
CP_000714,2025-12-14,THERMAL_COAL,NEWCASTLE_BENCHMARK,140.99,USD,USD_PER_MT,SYNTHETIC,SYNTHETIC_GENERATOR_V1
CP_000715,2025-12-15,THERMAL_COAL,NEWCASTLE_BENCHMARK,139.58,USD,USD_PER_MT,SYNTHETIC,SYNTHETIC_GENERATOR_V1
CP_000716,2025-12-16,THERMAL_COAL,NEWCASTLE_BENCHMARK,139.34,USD,USD_PER_MT,SYNTHETIC,SYNTHETIC_GENERATOR_V1
CP_000717,2025-12-17,THERMAL_COAL,NEWCASTLE_BENCHMARK,140.69,USD,USD_PER_MT,SYNTHETIC,SYNTHETIC_GENERATOR_V1
CP_000718,2025-12-18,THERMAL_COAL,NEWCASTLE_BENCHMARK,140.09,USD,USD_PER_MT,SYNTHETIC,SYNTHETIC_GENERATOR_V1
CP_000719,2025-12-19,THERMAL_COAL,NEWCASTLE_BENCHMARK,141.05,USD,USD_PER_MT,SYNTHETIC,SYNTHETIC_GENERATOR_V1
CP_000720,2025-12-20,THERMAL_COAL,NEWCASTLE_BENCHMARK,140.20,USD,USD_PER_MT,SYNTHETIC,SYNTHETIC_GENERATOR_V1
CP_000721,2025-12-21,THERMAL_COAL,NEWCASTLE_BENCHMARK,139.71,USD,USD_PER_MT,SYNTHETIC,SYNTHETIC_GENERATOR_V1
CP_000722,2025-12-22,THERMAL_COAL,NEWCASTLE_BENCHMARK,140.08,USD,USD_PER_MT,SYNTHETIC,SYNTHETIC_GENERATOR_V1
CP_000723,2025-12-23,THERMAL_COAL,NEWCASTLE_BENCHMARK,139.20,USD,USD_PER_MT,SYNTHETIC,SYNTHETIC_GENERATOR_V1
CP_000724,2025-12-24,THERMAL_COAL,NEWCASTLE_BENCHMARK,139.52,USD,USD_PER_MT,SYNTHETIC,SYNTHETIC_GENERATOR_V1
CP_000725,2025-12-25,THERMAL_COAL,NEWCASTLE_BENCHMARK,140.81,USD,USD_PER_MT,SYNTHETIC,SYNTHETIC_GENERATOR_V1
CP_000726,2025-12-26,THERMAL_COAL,NEWCASTLE_BENCHMARK,141.35,USD,USD_PER_MT,SYNTHETIC,SYNTHETIC_GENERATOR_V1
CP_000727,2025-12-27,THERMAL_COAL,NEWCASTLE_BENCHMARK,140.22,USD,USD_PER_MT,SYNTHETIC,SYNTHETIC_GENERATOR_V1
CP_000728,2025-12-28,THERMAL_COAL,NEWCASTLE_BENCHMARK,140.37,USD,USD_PER_MT,SYNTHETIC,SYNTHETIC_GENERATOR_V1
CP_000729,2025-12-29,THERMAL_COAL,NEWCASTLE_BENCHMARK,139.86,USD,USD_PER_MT,SYNTHETIC,SYNTHETIC_GENERATOR_V1
CP_000730,2025-12-30,THERMAL_COAL,NEWCASTLE_BENCHMARK,139.35,USD,USD_PER_MT,SYNTHETIC,SYNTHETIC_GENERATOR_V1
CP_000731,2025-12-31,THERMAL_COAL,NEWCASTLE_BENCHMARK,138.78,USD,USD_PER_MT,SYNTHETIC,SYNTHETIC_GENERATOR_V1
CP_000732,2024-01-01,COKING_COAL,PREMIUM_COKING,259.61,USD,USD_PER_MT,SYNTHETIC,SYNTHETIC_GENERATOR_V1
CP_000733,2024-01-02,COKING_COAL,PREMIUM_COKING,261.61,USD,USD_PER_MT,SYNTHETIC,SYNTHETIC_GENERATOR_V1
CP_000734,2024-01-03,COKING_COAL,PREMIUM_COKING,261.77,USD,USD_PER_MT,SYNTHETIC,SYNTHETIC_GENERATOR_V1
CP_000735,2024-01-04,COKING_COAL,PREMIUM_COKING,262.32,USD,USD_PER_MT,SYNTHETIC,SYNTHETIC_GENERATOR_V1
CP_000736,2024-01-05,COKING_COAL,PREMIUM_COKING,260.99,USD,USD_PER_MT,SYNTHETIC,SYNTHETIC_GENERATOR_V1
CP_000737,2024-01-06,COKING_COAL,PREMIUM_COKING,261.68,USD,USD_PER_MT,SYNTHETIC,SYNTHETIC_GENERATOR_V1
CP_000738,2024-01-07,COKING_COAL,PREMIUM_COKING,263.55,USD,USD_PER_MT,SYNTHETIC,SYNTHETIC_GENERATOR_V1
CP_000739,2024-01-08,COKING_COAL,PREMIUM_COKING,263.82,USD,USD_PER_MT,SYNTHETIC,SYNTHETIC_GENERATOR_V1
CP_000740,2024-01-09,COKING_COAL,PREMIUM_COKING,266.32,USD,USD_PER_MT,SYNTHETIC,SYNTHETIC_GENERATOR_V1
CP_000741,2024-01-10,COKING_COAL,PREMIUM_COKING,265.11,USD,USD_PER_MT,SYNTHETIC,SYNTHETIC_GENERATOR_V1
CP_000742,2024-01-11,COKING_COAL,PREMIUM_COKING,264.70,USD,USD_PER_MT,SYNTHETIC,SYNTHETIC_GENERATOR_V1
CP_000743,2024-01-12,COKING_COAL,PREMIUM_COKING,266.43,USD,USD_PER_MT,SYNTHETIC,SYNTHETIC_GENERATOR_V1
CP_000744,2024-01-13,COKING_COAL,PREMIUM_COKING,265.92,USD,USD_PER_MT,SYNTHETIC,SYNTHETIC_GENERATOR_V1
CP_000745,2024-01-14,COKING_COAL,PREMIUM_COKING,267.78,USD,USD_PER_MT,SYNTHETIC,SYNTHETIC_GENERATOR_V1
CP_000746,2024-01-15,COKING_COAL,PREMIUM_COKING,268.11,USD,USD_PER_MT,SYNTHETIC,SYNTHETIC_GENERATOR_V1
CP_000747,2024-01-16,COKING_COAL,PREMIUM_COKING,269.31,USD,USD_PER_MT,SYNTHETIC,SYNTHETIC_GENERATOR_V1
CP_000748,2024-01-17,COKING_COAL,PREMIUM_COKING,266.74,USD,USD_PER_MT,SYNTHETIC,SYNTHETIC_GENERATOR_V1
CP_000749,2024-01-18,COKING_COAL,PREMIUM_COKING,267.04,USD,USD_PER_MT,SYNTHETIC,SYNTHETIC_GENERATOR_V1
CP_000750,2024-01-19,COKING_COAL,PREMIUM_COKING,265.71,USD,USD_PER_MT,SYNTHETIC,SYNTHETIC_GENERATOR_V1
CP_000751,2024-01-20,COKING_COAL,PREMIUM_COKING,267.07,USD,USD_PER_MT,SYNTHETIC,SYNTHETIC_GENERATOR_V1
CP_000752,2024-01-21,COKING_COAL,PREMIUM_COKING,267.86,USD,USD_PER_MT,SYNTHETIC,SYNTHETIC_GENERATOR_V1
CP_000753,2024-01-22,COKING_COAL,PREMIUM_COKING,267.23,USD,USD_PER_MT,SYNTHETIC,SYNTHETIC_GENERATOR_V1
CP_000754,2024-01-23,COKING_COAL,PREMIUM_COKING,266.70,USD,USD_PER_MT,SYNTHETIC,SYNTHETIC_GENERATOR_V1
CP_000755,2024-01-24,COKING_COAL,PREMIUM_COKING,268.96,USD,USD_PER_MT,SYNTHETIC,SYNTHETIC_GENERATOR_V1
CP_000756,2024-01-25,COKING_COAL,PREMIUM_COKING,264.84,USD,USD_PER_MT,SYNTHETIC,SYNTHETIC_GENERATOR_V1
CP_000757,2024-01-26,COKING_COAL,PREMIUM_COKING,264.94,USD,USD_PER_MT,SYNTHETIC,SYNTHETIC_GENERATOR_V1
CP_000758,2024-01-27,COKING_COAL,PREMIUM_COKING,265.26,USD,USD_PER_MT,SYNTHETIC,SYNTHETIC_GENERATOR_V1
CP_000759,2024-01-28,COKING_COAL,PREMIUM_COKING,264.12,USD,USD_PER_MT,SYNTHETIC,SYNTHETIC_GENERATOR_V1
CP_000760,2024-01-29,COKING_COAL,PREMIUM_COKING,269.09,USD,USD_PER_MT,SYNTHETIC,SYNTHETIC_GENERATOR_V1
CP_000761,2024-01-30,COKING_COAL,PREMIUM_COKING,268.92,USD,USD_PER_MT,SYNTHETIC,SYNTHETIC_GENERATOR_V1
CP_000762,2024-01-31,COKING_COAL,PREMIUM_COKING,265.94,USD,USD_PER_MT,SYNTHETIC,SYNTHETIC_GENERATOR_V1
CP_000763,2024-02-01,COKING_COAL,PREMIUM_COKING,268.46,USD,USD_PER_MT,SYNTHETIC,SYNTHETIC_GENERATOR_V1
CP_000764,2024-02-02,COKING_COAL,PREMIUM_COKING,269.99,USD,USD_PER_MT,SYNTHETIC,SYNTHETIC_GENERATOR_V1
CP_000765,2024-02-03,COKING_COAL,PREMIUM_COKING,266.44,USD,USD_PER_MT,SYNTHETIC,SYNTHETIC_GENERATOR_V1
CP_000766,2024-02-04,COKING_COAL,PREMIUM_COKING,266.40,USD,USD_PER_MT,SYNTHETIC,SYNTHETIC_GENERATOR_V1
CP_000767,2024-02-05,COKING_COAL,PREMIUM_COKING,269.07,USD,USD_PER_MT,SYNTHETIC,SYNTHETIC_GENERATOR_V1
CP_000768,2024-02-06,COKING_COAL,PREMIUM_COKING,267.96,USD,USD_PER_MT,SYNTHETIC,SYNTHETIC_GENERATOR_V1
CP_000769,2024-02-07,COKING_COAL,PREMIUM_COKING,266.37,USD,USD_PER_MT,SYNTHETIC,SYNTHETIC_GENERATOR_V1
CP_000770,2024-02-08,COKING_COAL,PREMIUM_COKING,266.92,USD,USD_PER_MT,SYNTHETIC,SYNTHETIC_GENERATOR_V1
CP_000771,2024-02-09,COKING_COAL,PREMIUM_COKING,266.26,USD,USD_PER_MT,SYNTHETIC,SYNTHETIC_GENERATOR_V1
CP_000772,2024-02-10,COKING_COAL,PREMIUM_COKING,264.52,USD,USD_PER_MT,SYNTHETIC,SYNTHETIC_GENERATOR_V1
CP_000773,2024-02-11,COKING_COAL,PREMIUM_COKING,266.22,USD,USD_PER_MT,SYNTHETIC,SYNTHETIC_GENERATOR_V1
CP_000774,2024-02-12,COKING_COAL,PREMIUM_COKING,265.09,USD,USD_PER_MT,SYNTHETIC,SYNTHETIC_GENERATOR_V1
CP_000775,2024-02-13,COKING_COAL,PREMIUM_COKING,264.51,USD,USD_PER_MT,SYNTHETIC,SYNTHETIC_GENERATOR_V1
CP_000776,2024-02-14,COKING_COAL,PREMIUM_COKING,262.43,USD,USD_PER_MT,SYNTHETIC,SYNTHETIC_GENERATOR_V1
CP_000777,2024-02-15,COKING_COAL,PREMIUM_COKING,262.94,USD,USD_PER_MT,SYNTHETIC,SYNTHETIC_GENERATOR_V1
CP_000778,2024-02-16,COKING_COAL,PREMIUM_COKING,263.37,USD,USD_PER_MT,SYNTHETIC,SYNTHETIC_GENERATOR_V1
CP_000779,2024-02-17,COKING_COAL,PREMIUM_COKING,266.41,USD,USD_PER_MT,SYNTHETIC,SYNTHETIC_GENERATOR_V1
CP_000780,2024-02-18,COKING_COAL,PREMIUM_COKING,266.60,USD,USD_PER_MT,SYNTHETIC,SYNTHETIC_GENERATOR_V1
CP_000781,2024-02-19,COKING_COAL,PREMIUM_COKING,264.72,USD,USD_PER_MT,SYNTHETIC,SYNTHETIC_GENERATOR_V1
CP_000782,2024-02-20,COKING_COAL,PREMIUM_COKING,263.16,USD,USD_PER_MT,SYNTHETIC,SYNTHETIC_GENERATOR_V1
CP_000783,2024-02-21,COKING_COAL,PREMIUM_COKING,263.01,USD,USD_PER_MT,SYNTHETIC,SYNTHETIC_GENERATOR_V1
CP_000784,2024-02-22,COKING_COAL,PREMIUM_COKING,263.64,USD,USD_PER_MT,SYNTHETIC,SYNTHETIC_GENERATOR_V1
CP_000785,2024-02-23,COKING_COAL,PREMIUM_COKING,262.57,USD,USD_PER_MT,SYNTHETIC,SYNTHETIC_GENERATOR_V1
CP_000786,2024-02-24,COKING_COAL,PREMIUM_COKING,261.63,USD,USD_PER_MT,SYNTHETIC,SYNTHETIC_GENERATOR_V1
CP_000787,2024-02-25,COKING_COAL,PREMIUM_COKING,257.85,USD,USD_PER_MT,SYNTHETIC,SYNTHETIC_GENERATOR_V1
CP_000788,2024-02-26,COKING_COAL,PREMIUM_COKING,258.28,USD,USD_PER_MT,SYNTHETIC,SYNTHETIC_GENERATOR_V1
CP_000789,2024-02-27,COKING_COAL,PREMIUM_COKING,258.64,USD,USD_PER_MT,SYNTHETIC,SYNTHETIC_GENERATOR_V1
CP_000790,2024-02-28,COKING_COAL,PREMIUM_COKING,257.49,USD,USD_PER_MT,SYNTHETIC,SYNTHETIC_GENERATOR_V1
CP_000791,2024-02-29,COKING_COAL,PREMIUM_COKING,257.29,USD,USD_PER_MT,SYNTHETIC,SYNTHETIC_GENERATOR_V1
CP_000792,2024-03-01,COKING_COAL,PREMIUM_COKING,257.67,USD,USD_PER_MT,SYNTHETIC,SYNTHETIC_GENERATOR_V1
CP_000793,2024-03-02,COKING_COAL,PREMIUM_COKING,257.21,USD,USD_PER_MT,SYNTHETIC,SYNTHETIC_GENERATOR_V1
CP_000794,2024-03-03,COKING_COAL,PREMIUM_COKING,256.17,USD,USD_PER_MT,SYNTHETIC,SYNTHETIC_GENERATOR_V1
CP_000795,2024-03-04,COKING_COAL,PREMIUM_COKING,257.90,USD,USD_PER_MT,SYNTHETIC,SYNTHETIC_GENERATOR_V1
CP_000796,2024-03-05,COKING_COAL,PREMIUM_COKING,257.95,USD,USD_PER_MT,SYNTHETIC,SYNTHETIC_GENERATOR_V1
CP_000797,2024-03-06,COKING_COAL,PREMIUM_COKING,259.33,USD,USD_PER_MT,SYNTHETIC,SYNTHETIC_GENERATOR_V1
CP_000798,2024-03-07,COKING_COAL,PREMIUM_COKING,258.74,USD,USD_PER_MT,SYNTHETIC,SYNTHETIC_GENERATOR_V1
CP_000799,2024-03-08,COKING_COAL,PREMIUM_COKING,258.04,USD,USD_PER_MT,SYNTHETIC,SYNTHETIC_GENERATOR_V1
CP_000800,2024-03-09,COKING_COAL,PREMIUM_COKING,257.01,USD,USD_PER_MT,SYNTHETIC,SYNTHETIC_GENERATOR_V1
CP_000801,2024-03-10,COKING_COAL,PREMIUM_COKING,258.03,USD,USD_PER_MT,SYNTHETIC,SYNTHETIC_GENERATOR_V1
CP_000802,2024-03-11,COKING_COAL,PREMIUM_COKING,259.42,USD,USD_PER_MT,SYNTHETIC,SYNTHETIC_GENERATOR_V1
CP_000803,2024-03-12,COKING_COAL,PREMIUM_COKING,256.84,USD,USD_PER_MT,SYNTHETIC,SYNTHETIC_GENERATOR_V1
CP_000804,2024-03-13,COKING_COAL,PREMIUM_COKING,260.55,USD,USD_PER_MT,SYNTHETIC,SYNTHETIC_GENERATOR_V1
CP_000805,2024-03-14,COKING_COAL,PREMIUM_COKING,260.37,USD,USD_PER_MT,SYNTHETIC,SYNTHETIC_GENERATOR_V1
CP_000806,2024-03-15,COKING_COAL,PREMIUM_COKING,260.55,USD,USD_PER_MT,SYNTHETIC,SYNTHETIC_GENERATOR_V1
CP_000807,2024-03-16,COKING_COAL,PREMIUM_COKING,260.54,USD,USD_PER_MT,SYNTHETIC,SYNTHETIC_GENERATOR_V1
CP_000808,2024-03-17,COKING_COAL,PREMIUM_COKING,260.72,USD,USD_PER_MT,SYNTHETIC,SYNTHETIC_GENERATOR_V1
CP_000809,2024-03-18,COKING_COAL,PREMIUM_COKING,259.87,USD,USD_PER_MT,SYNTHETIC,SYNTHETIC_GENERATOR_V1
CP_000810,2024-03-19,COKING_COAL,PREMIUM_COKING,259.37,USD,USD_PER_MT,SYNTHETIC,SYNTHETIC_GENERATOR_V1
CP_000811,2024-03-20,COKING_COAL,PREMIUM_COKING,259.38,USD,USD_PER_MT,SYNTHETIC,SYNTHETIC_GENERATOR_V1
CP_000812,2024-03-21,COKING_COAL,PREMIUM_COKING,258.64,USD,USD_PER_MT,SYNTHETIC,SYNTHETIC_GENERATOR_V1
CP_000813,2024-03-22,COKING_COAL,PREMIUM_COKING,260.96,USD,USD_PER_MT,SYNTHETIC,SYNTHETIC_GENERATOR_V1
CP_000814,2024-03-23,COKING_COAL,PREMIUM_COKING,262.13,USD,USD_PER_MT,SYNTHETIC,SYNTHETIC_GENERATOR_V1
CP_000815,2024-03-24,COKING_COAL,PREMIUM_COKING,262.24,USD,USD_PER_MT,SYNTHETIC,SYNTHETIC_GENERATOR_V1
CP_000816,2024-03-25,COKING_COAL,PREMIUM_COKING,262.77,USD,USD_PER_MT,SYNTHETIC,SYNTHETIC_GENERATOR_V1
CP_000817,2024-03-26,COKING_COAL,PREMIUM_COKING,263.90,USD,USD_PER_MT,SYNTHETIC,SYNTHETIC_GENERATOR_V1
CP_000818,2024-03-27,COKING_COAL,PREMIUM_COKING,264.10,USD,USD_PER_MT,SYNTHETIC,SYNTHETIC_GENERATOR_V1
CP_000819,2024-03-28,COKING_COAL,PREMIUM_COKING,268.15,USD,USD_PER_MT,SYNTHETIC,SYNTHETIC_GENERATOR_V1
CP_000820,2024-03-29,COKING_COAL,PREMIUM_COKING,266.96,USD,USD_PER_MT,SYNTHETIC,SYNTHETIC_GENERATOR_V1
CP_000821,2024-03-30,COKING_COAL,PREMIUM_COKING,269.31,USD,USD_PER_MT,SYNTHETIC,SYNTHETIC_GENERATOR_V1
CP_000822,2024-03-31,COKING_COAL,PREMIUM_COKING,268.33,USD,USD_PER_MT,SYNTHETIC,SYNTHETIC_GENERATOR_V1
CP_000823,2024-04-01,COKING_COAL,PREMIUM_COKING,269.80,USD,USD_PER_MT,SYNTHETIC,SYNTHETIC_GENERATOR_V1
CP_000824,2024-04-02,COKING_COAL,PREMIUM_COKING,268.36,USD,USD_PER_MT,SYNTHETIC,SYNTHETIC_GENERATOR_V1
CP_000825,2024-04-03,COKING_COAL,PREMIUM_COKING,271.34,USD,USD_PER_MT,SYNTHETIC,SYNTHETIC_GENERATOR_V1
CP_000826,2024-04-04,COKING_COAL,PREMIUM_COKING,270.55,USD,USD_PER_MT,SYNTHETIC,SYNTHETIC_GENERATOR_V1
CP_000827,2024-04-05,COKING_COAL,PREMIUM_COKING,269.44,USD,USD_PER_MT,SYNTHETIC,SYNTHETIC_GENERATOR_V1
CP_000828,2024-04-06,COKING_COAL,PREMIUM_COKING,267.81,USD,USD_PER_MT,SYNTHETIC,SYNTHETIC_GENERATOR_V1
CP_000829,2024-04-07,COKING_COAL,PREMIUM_COKING,268.15,USD,USD_PER_MT,SYNTHETIC,SYNTHETIC_GENERATOR_V1
CP_000830,2024-04-08,COKING_COAL,PREMIUM_COKING,268.13,USD,USD_PER_MT,SYNTHETIC,SYNTHETIC_GENERATOR_V1
CP_000831,2024-04-09,COKING_COAL,PREMIUM_COKING,269.63,USD,USD_PER_MT,SYNTHETIC,SYNTHETIC_GENERATOR_V1
CP_000832,2024-04-10,COKING_COAL,PREMIUM_COKING,270.89,USD,USD_PER_MT,SYNTHETIC,SYNTHETIC_GENERATOR_V1
CP_000833,2024-04-11,COKING_COAL,PREMIUM_COKING,269.60,USD,USD_PER_MT,SYNTHETIC,SYNTHETIC_GENERATOR_V1
CP_000834,2024-04-12,COKING_COAL,PREMIUM_COKING,269.27,USD,USD_PER_MT,SYNTHETIC,SYNTHETIC_GENERATOR_V1
CP_000835,2024-04-13,COKING_COAL,PREMIUM_COKING,270.82,USD,USD_PER_MT,SYNTHETIC,SYNTHETIC_GENERATOR_V1
CP_000836,2024-04-14,COKING_COAL,PREMIUM_COKING,271.01,USD,USD_PER_MT,SYNTHETIC,SYNTHETIC_GENERATOR_V1
CP_000837,2024-04-15,COKING_COAL,PREMIUM_COKING,270.01,USD,USD_PER_MT,SYNTHETIC,SYNTHETIC_GENERATOR_V1
CP_000838,2024-04-16,COKING_COAL,PREMIUM_COKING,268.92,USD,USD_PER_MT,SYNTHETIC,SYNTHETIC_GENERATOR_V1
CP_000839,2024-04-17,COKING_COAL,PREMIUM_COKING,267.75,USD,USD_PER_MT,SYNTHETIC,SYNTHETIC_GENERATOR_V1
CP_000840,2024-04-18,COKING_COAL,PREMIUM_COKING,268.63,USD,USD_PER_MT,SYNTHETIC,SYNTHETIC_GENERATOR_V1
CP_000841,2024-04-19,COKING_COAL,PREMIUM_COKING,269.19,USD,USD_PER_MT,SYNTHETIC,SYNTHETIC_GENERATOR_V1
CP_000842,2024-04-20,COKING_COAL,PREMIUM_COKING,270.86,USD,USD_PER_MT,SYNTHETIC,SYNTHETIC_GENERATOR_V1
CP_000843,2024-04-21,COKING_COAL,PREMIUM_COKING,267.44,USD,USD_PER_MT,SYNTHETIC,SYNTHETIC_GENERATOR_V1
CP_000844,2024-04-22,COKING_COAL,PREMIUM_COKING,265.82,USD,USD_PER_MT,SYNTHETIC,SYNTHETIC_GENERATOR_V1
CP_000845,2024-04-23,COKING_COAL,PREMIUM_COKING,270.26,USD,USD_PER_MT,SYNTHETIC,SYNTHETIC_GENERATOR_V1
CP_000846,2024-04-24,COKING_COAL,PREMIUM_COKING,269.87,USD,USD_PER_MT,SYNTHETIC,SYNTHETIC_GENERATOR_V1
CP_000847,2024-04-25,COKING_COAL,PREMIUM_COKING,270.83,USD,USD_PER_MT,SYNTHETIC,SYNTHETIC_GENERATOR_V1
CP_000848,2024-04-26,COKING_COAL,PREMIUM_COKING,273.69,USD,USD_PER_MT,SYNTHETIC,SYNTHETIC_GENERATOR_V1
CP_000849,2024-04-27,COKING_COAL,PREMIUM_COKING,273.60,USD,USD_PER_MT,SYNTHETIC,SYNTHETIC_GENERATOR_V1
CP_000850,2024-04-28,COKING_COAL,PREMIUM_COKING,273.59,USD,USD_PER_MT,SYNTHETIC,SYNTHETIC_GENERATOR_V1
CP_000851,2024-04-29,COKING_COAL,PREMIUM_COKING,275.37,USD,USD_PER_MT,SYNTHETIC,SYNTHETIC_GENERATOR_V1
CP_000852,2024-04-30,COKING_COAL,PREMIUM_COKING,276.40,USD,USD_PER_MT,SYNTHETIC,SYNTHETIC_GENERATOR_V1
CP_000853,2024-05-01,COKING_COAL,PREMIUM_COKING,278.28,USD,USD_PER_MT,SYNTHETIC,SYNTHETIC_GENERATOR_V1
CP_000854,2024-05-02,COKING_COAL,PREMIUM_COKING,277.84,USD,USD_PER_MT,SYNTHETIC,SYNTHETIC_GENERATOR_V1
CP_000855,2024-05-03,COKING_COAL,PREMIUM_COKING,275.19,USD,USD_PER_MT,SYNTHETIC,SYNTHETIC_GENERATOR_V1
CP_000856,2024-05-04,COKING_COAL,PREMIUM_COKING,277.33,USD,USD_PER_MT,SYNTHETIC,SYNTHETIC_GENERATOR_V1
CP_000857,2024-05-05,COKING_COAL,PREMIUM_COKING,277.77,USD,USD_PER_MT,SYNTHETIC,SYNTHETIC_GENERATOR_V1
CP_000858,2024-05-06,COKING_COAL,PREMIUM_COKING,278.36,USD,USD_PER_MT,SYNTHETIC,SYNTHETIC_GENERATOR_V1
CP_000859,2024-05-07,COKING_COAL,PREMIUM_COKING,279.39,USD,USD_PER_MT,SYNTHETIC,SYNTHETIC_GENERATOR_V1
CP_000860,2024-05-08,COKING_COAL,PREMIUM_COKING,280.04,USD,USD_PER_MT,SYNTHETIC,SYNTHETIC_GENERATOR_V1
CP_000861,2024-05-09,COKING_COAL,PREMIUM_COKING,279.02,USD,USD_PER_MT,SYNTHETIC,SYNTHETIC_GENERATOR_V1
CP_000862,2024-05-10,COKING_COAL,PREMIUM_COKING,278.44,USD,USD_PER_MT,SYNTHETIC,SYNTHETIC_GENERATOR_V1
CP_000863,2024-05-11,COKING_COAL,PREMIUM_COKING,278.39,USD,USD_PER_MT,SYNTHETIC,SYNTHETIC_GENERATOR_V1
CP_000864,2024-05-12,COKING_COAL,PREMIUM_COKING,276.81,USD,USD_PER_MT,SYNTHETIC,SYNTHETIC_GENERATOR_V1
CP_000865,2024-05-13,COKING_COAL,PREMIUM_COKING,276.71,USD,USD_PER_MT,SYNTHETIC,SYNTHETIC_GENERATOR_V1
CP_000866,2024-05-14,COKING_COAL,PREMIUM_COKING,277.28,USD,USD_PER_MT,SYNTHETIC,SYNTHETIC_GENERATOR_V1
CP_000867,2024-05-15,COKING_COAL,PREMIUM_COKING,276.67,USD,USD_PER_MT,SYNTHETIC,SYNTHETIC_GENERATOR_V1
CP_000868,2024-05-16,COKING_COAL,PREMIUM_COKING,277.30,USD,USD_PER_MT,SYNTHETIC,SYNTHETIC_GENERATOR_V1
CP_000869,2024-05-17,COKING_COAL,PREMIUM_COKING,275.35,USD,USD_PER_MT,SYNTHETIC,SYNTHETIC_GENERATOR_V1
CP_000870,2024-05-18,COKING_COAL,PREMIUM_COKING,273.34,USD,USD_PER_MT,SYNTHETIC,SYNTHETIC_GENERATOR_V1
CP_000871,2024-05-19,COKING_COAL,PREMIUM_COKING,273.58,USD,USD_PER_MT,SYNTHETIC,SYNTHETIC_GENERATOR_V1
CP_000872,2024-05-20,COKING_COAL,PREMIUM_COKING,274.62,USD,USD_PER_MT,SYNTHETIC,SYNTHETIC_GENERATOR_V1
CP_000873,2024-05-21,COKING_COAL,PREMIUM_COKING,276.50,USD,USD_PER_MT,SYNTHETIC,SYNTHETIC_GENERATOR_V1
CP_000874,2024-05-22,COKING_COAL,PREMIUM_COKING,277.21,USD,USD_PER_MT,SYNTHETIC,SYNTHETIC_GENERATOR_V1
CP_000875,2024-05-23,COKING_COAL,PREMIUM_COKING,276.74,USD,USD_PER_MT,SYNTHETIC,SYNTHETIC_GENERATOR_V1
CP_000876,2024-05-24,COKING_COAL,PREMIUM_COKING,277.04,USD,USD_PER_MT,SYNTHETIC,SYNTHETIC_GENERATOR_V1
CP_000877,2024-05-25,COKING_COAL,PREMIUM_COKING,276.30,USD,USD_PER_MT,SYNTHETIC,SYNTHETIC_GENERATOR_V1
CP_000878,2024-05-26,COKING_COAL,PREMIUM_COKING,278.61,USD,USD_PER_MT,SYNTHETIC,SYNTHETIC_GENERATOR_V1
CP_000879,2024-05-27,COKING_COAL,PREMIUM_COKING,277.72,USD,USD_PER_MT,SYNTHETIC,SYNTHETIC_GENERATOR_V1
CP_000880,2024-05-28,COKING_COAL,PREMIUM_COKING,277.42,USD,USD_PER_MT,SYNTHETIC,SYNTHETIC_GENERATOR_V1
CP_000881,2024-05-29,COKING_COAL,PREMIUM_COKING,277.57,USD,USD_PER_MT,SYNTHETIC,SYNTHETIC_GENERATOR_V1
CP_000882,2024-05-30,COKING_COAL,PREMIUM_COKING,278.97,USD,USD_PER_MT,SYNTHETIC,SYNTHETIC_GENERATOR_V1
CP_000883,2024-05-31,COKING_COAL,PREMIUM_COKING,278.28,USD,USD_PER_MT,SYNTHETIC,SYNTHETIC_GENERATOR_V1
CP_000884,2024-06-01,COKING_COAL,PREMIUM_COKING,279.09,USD,USD_PER_MT,SYNTHETIC,SYNTHETIC_GENERATOR_V1
CP_000885,2024-06-02,COKING_COAL,PREMIUM_COKING,278.83,USD,USD_PER_MT,SYNTHETIC,SYNTHETIC_GENERATOR_V1
CP_000886,2024-06-03,COKING_COAL,PREMIUM_COKING,280.11,USD,USD_PER_MT,SYNTHETIC,SYNTHETIC_GENERATOR_V1
CP_000887,2024-06-04,COKING_COAL,PREMIUM_COKING,279.65,USD,USD_PER_MT,SYNTHETIC,SYNTHETIC_GENERATOR_V1
CP_000888,2024-06-05,COKING_COAL,PREMIUM_COKING,279.23,USD,USD_PER_MT,SYNTHETIC,SYNTHETIC_GENERATOR_V1
CP_000889,2024-06-06,COKING_COAL,PREMIUM_COKING,280.20,USD,USD_PER_MT,SYNTHETIC,SYNTHETIC_GENERATOR_V1
CP_000890,2024-06-07,COKING_COAL,PREMIUM_COKING,279.37,USD,USD_PER_MT,SYNTHETIC,SYNTHETIC_GENERATOR_V1
CP_000891,2024-06-08,COKING_COAL,PREMIUM_COKING,278.07,USD,USD_PER_MT,SYNTHETIC,SYNTHETIC_GENERATOR_V1
CP_000892,2024-06-09,COKING_COAL,PREMIUM_COKING,278.81,USD,USD_PER_MT,SYNTHETIC,SYNTHETIC_GENERATOR_V1
CP_000893,2024-06-10,COKING_COAL,PREMIUM_COKING,276.53,USD,USD_PER_MT,SYNTHETIC,SYNTHETIC_GENERATOR_V1
CP_000894,2024-06-11,COKING_COAL,PREMIUM_COKING,276.74,USD,USD_PER_MT,SYNTHETIC,SYNTHETIC_GENERATOR_V1
CP_000895,2024-06-12,COKING_COAL,PREMIUM_COKING,277.32,USD,USD_PER_MT,SYNTHETIC,SYNTHETIC_GENERATOR_V1
CP_000896,2024-06-13,COKING_COAL,PREMIUM_COKING,278.29,USD,USD_PER_MT,SYNTHETIC,SYNTHETIC_GENERATOR_V1
CP_000897,2024-06-14,COKING_COAL,PREMIUM_COKING,279.36,USD,USD_PER_MT,SYNTHETIC,SYNTHETIC_GENERATOR_V1
CP_000898,2024-06-15,COKING_COAL,PREMIUM_COKING,277.87,USD,USD_PER_MT,SYNTHETIC,SYNTHETIC_GENERATOR_V1
CP_000899,2024-06-16,COKING_COAL,PREMIUM_COKING,279.39,USD,USD_PER_MT,SYNTHETIC,SYNTHETIC_GENERATOR_V1
CP_000900,2024-06-17,COKING_COAL,PREMIUM_COKING,279.11,USD,USD_PER_MT,SYNTHETIC,SYNTHETIC_GENERATOR_V1
CP_000901,2024-06-18,COKING_COAL,PREMIUM_COKING,278.95,USD,USD_PER_MT,SYNTHETIC,SYNTHETIC_GENERATOR_V1
CP_000902,2024-06-19,COKING_COAL,PREMIUM_COKING,279.56,USD,USD_PER_MT,SYNTHETIC,SYNTHETIC_GENERATOR_V1
CP_000903,2024-06-20,COKING_COAL,PREMIUM_COKING,278.23,USD,USD_PER_MT,SYNTHETIC,SYNTHETIC_GENERATOR_V1
CP_000904,2024-06-21,COKING_COAL,PREMIUM_COKING,279.65,USD,USD_PER_MT,SYNTHETIC,SYNTHETIC_GENERATOR_V1
CP_000905,2024-06-22,COKING_COAL,PREMIUM_COKING,275.98,USD,USD_PER_MT,SYNTHETIC,SYNTHETIC_GENERATOR_V1
CP_000906,2024-06-23,COKING_COAL,PREMIUM_COKING,275.87,USD,USD_PER_MT,SYNTHETIC,SYNTHETIC_GENERATOR_V1
CP_000907,2024-06-24,COKING_COAL,PREMIUM_COKING,274.56,USD,USD_PER_MT,SYNTHETIC,SYNTHETIC_GENERATOR_V1
CP_000908,2024-06-25,COKING_COAL,PREMIUM_COKING,272.71,USD,USD_PER_MT,SYNTHETIC,SYNTHETIC_GENERATOR_V1
CP_000909,2024-06-26,COKING_COAL,PREMIUM_COKING,272.45,USD,USD_PER_MT,SYNTHETIC,SYNTHETIC_GENERATOR_V1
CP_000910,2024-06-27,COKING_COAL,PREMIUM_COKING,272.33,USD,USD_PER_MT,SYNTHETIC,SYNTHETIC_GENERATOR_V1
CP_000911,2024-06-28,COKING_COAL,PREMIUM_COKING,273.52,USD,USD_PER_MT,SYNTHETIC,SYNTHETIC_GENERATOR_V1
CP_000912,2024-06-29,COKING_COAL,PREMIUM_COKING,270.61,USD,USD_PER_MT,SYNTHETIC,SYNTHETIC_GENERATOR_V1
CP_000913,2024-06-30,COKING_COAL,PREMIUM_COKING,270.55,USD,USD_PER_MT,SYNTHETIC,SYNTHETIC_GENERATOR_V1
CP_000914,2024-07-01,COKING_COAL,PREMIUM_COKING,271.30,USD,USD_PER_MT,SYNTHETIC,SYNTHETIC_GENERATOR_V1
CP_000915,2024-07-02,COKING_COAL,PREMIUM_COKING,269.59,USD,USD_PER_MT,SYNTHETIC,SYNTHETIC_GENERATOR_V1
CP_000916,2024-07-03,COKING_COAL,PREMIUM_COKING,270.19,USD,USD_PER_MT,SYNTHETIC,SYNTHETIC_GENERATOR_V1
CP_000917,2024-07-04,COKING_COAL,PREMIUM_COKING,270.82,USD,USD_PER_MT,SYNTHETIC,SYNTHETIC_GENERATOR_V1
CP_000918,2024-07-05,COKING_COAL,PREMIUM_COKING,271.06,USD,USD_PER_MT,SYNTHETIC,SYNTHETIC_GENERATOR_V1
CP_000919,2024-07-06,COKING_COAL,PREMIUM_COKING,269.51,USD,USD_PER_MT,SYNTHETIC,SYNTHETIC_GENERATOR_V1
CP_000920,2024-07-07,COKING_COAL,PREMIUM_COKING,272.51,USD,USD_PER_MT,SYNTHETIC,SYNTHETIC_GENERATOR_V1
CP_000921,2024-07-08,COKING_COAL,PREMIUM_COKING,270.18,USD,USD_PER_MT,SYNTHETIC,SYNTHETIC_GENERATOR_V1
CP_000922,2024-07-09,COKING_COAL,PREMIUM_COKING,268.01,USD,USD_PER_MT,SYNTHETIC,SYNTHETIC_GENERATOR_V1
CP_000923,2024-07-10,COKING_COAL,PREMIUM_COKING,268.95,USD,USD_PER_MT,SYNTHETIC,SYNTHETIC_GENERATOR_V1
CP_000924,2024-07-11,COKING_COAL,PREMIUM_COKING,268.83,USD,USD_PER_MT,SYNTHETIC,SYNTHETIC_GENERATOR_V1
CP_000925,2024-07-12,COKING_COAL,PREMIUM_COKING,267.06,USD,USD_PER_MT,SYNTHETIC,SYNTHETIC_GENERATOR_V1
CP_000926,2024-07-13,COKING_COAL,PREMIUM_COKING,265.70,USD,USD_PER_MT,SYNTHETIC,SYNTHETIC_GENERATOR_V1
CP_000927,2024-07-14,COKING_COAL,PREMIUM_COKING,264.71,USD,USD_PER_MT,SYNTHETIC,SYNTHETIC_GENERATOR_V1
CP_000928,2024-07-15,COKING_COAL,PREMIUM_COKING,261.99,USD,USD_PER_MT,SYNTHETIC,SYNTHETIC_GENERATOR_V1
CP_000929,2024-07-16,COKING_COAL,PREMIUM_COKING,260.96,USD,USD_PER_MT,SYNTHETIC,SYNTHETIC_GENERATOR_V1
CP_000930,2024-07-17,COKING_COAL,PREMIUM_COKING,260.35,USD,USD_PER_MT,SYNTHETIC,SYNTHETIC_GENERATOR_V1
CP_000931,2024-07-18,COKING_COAL,PREMIUM_COKING,261.40,USD,USD_PER_MT,SYNTHETIC,SYNTHETIC_GENERATOR_V1
CP_000932,2024-07-19,COKING_COAL,PREMIUM_COKING,263.13,USD,USD_PER_MT,SYNTHETIC,SYNTHETIC_GENERATOR_V1
CP_000933,2024-07-20,COKING_COAL,PREMIUM_COKING,259.65,USD,USD_PER_MT,SYNTHETIC,SYNTHETIC_GENERATOR_V1
CP_000934,2024-07-21,COKING_COAL,PREMIUM_COKING,262.18,USD,USD_PER_MT,SYNTHETIC,SYNTHETIC_GENERATOR_V1
CP_000935,2024-07-22,COKING_COAL,PREMIUM_COKING,259.99,USD,USD_PER_MT,SYNTHETIC,SYNTHETIC_GENERATOR_V1
CP_000936,2024-07-23,COKING_COAL,PREMIUM_COKING,261.43,USD,USD_PER_MT,SYNTHETIC,SYNTHETIC_GENERATOR_V1
CP_000937,2024-07-24,COKING_COAL,PREMIUM_COKING,262.23,USD,USD_PER_MT,SYNTHETIC,SYNTHETIC_GENERATOR_V1
CP_000938,2024-07-25,COKING_COAL,PREMIUM_COKING,261.12,USD,USD_PER_MT,SYNTHETIC,SYNTHETIC_GENERATOR_V1
CP_000939,2024-07-26,COKING_COAL,PREMIUM_COKING,261.79,USD,USD_PER_MT,SYNTHETIC,SYNTHETIC_GENERATOR_V1
CP_000940,2024-07-27,COKING_COAL,PREMIUM_COKING,263.32,USD,USD_PER_MT,SYNTHETIC,SYNTHETIC_GENERATOR_V1
CP_000941,2024-07-28,COKING_COAL,PREMIUM_COKING,263.07,USD,USD_PER_MT,SYNTHETIC,SYNTHETIC_GENERATOR_V1
CP_000942,2024-07-29,COKING_COAL,PREMIUM_COKING,265.55,USD,USD_PER_MT,SYNTHETIC,SYNTHETIC_GENERATOR_V1
CP_000943,2024-07-30,COKING_COAL,PREMIUM_COKING,265.21,USD,USD_PER_MT,SYNTHETIC,SYNTHETIC_GENERATOR_V1
CP_000944,2024-07-31,COKING_COAL,PREMIUM_COKING,269.19,USD,USD_PER_MT,SYNTHETIC,SYNTHETIC_GENERATOR_V1
CP_000945,2024-08-01,COKING_COAL,PREMIUM_COKING,268.86,USD,USD_PER_MT,SYNTHETIC,SYNTHETIC_GENERATOR_V1
CP_000946,2024-08-02,COKING_COAL,PREMIUM_COKING,269.48,USD,USD_PER_MT,SYNTHETIC,SYNTHETIC_GENERATOR_V1
CP_000947,2024-08-03,COKING_COAL,PREMIUM_COKING,269.91,USD,USD_PER_MT,SYNTHETIC,SYNTHETIC_GENERATOR_V1
CP_000948,2024-08-04,COKING_COAL,PREMIUM_COKING,269.01,USD,USD_PER_MT,SYNTHETIC,SYNTHETIC_GENERATOR_V1
CP_000949,2024-08-05,COKING_COAL,PREMIUM_COKING,270.85,USD,USD_PER_MT,SYNTHETIC,SYNTHETIC_GENERATOR_V1
CP_000950,2024-08-06,COKING_COAL,PREMIUM_COKING,269.90,USD,USD_PER_MT,SYNTHETIC,SYNTHETIC_GENERATOR_V1
CP_000951,2024-08-07,COKING_COAL,PREMIUM_COKING,271.85,USD,USD_PER_MT,SYNTHETIC,SYNTHETIC_GENERATOR_V1
CP_000952,2024-08-08,COKING_COAL,PREMIUM_COKING,273.21,USD,USD_PER_MT,SYNTHETIC,SYNTHETIC_GENERATOR_V1
CP_000953,2024-08-09,COKING_COAL,PREMIUM_COKING,273.67,USD,USD_PER_MT,SYNTHETIC,SYNTHETIC_GENERATOR_V1
CP_000954,2024-08-10,COKING_COAL,PREMIUM_COKING,272.27,USD,USD_PER_MT,SYNTHETIC,SYNTHETIC_GENERATOR_V1
CP_000955,2024-08-11,COKING_COAL,PREMIUM_COKING,273.17,USD,USD_PER_MT,SYNTHETIC,SYNTHETIC_GENERATOR_V1
CP_000956,2024-08-12,COKING_COAL,PREMIUM_COKING,274.00,USD,USD_PER_MT,SYNTHETIC,SYNTHETIC_GENERATOR_V1
CP_000957,2024-08-13,COKING_COAL,PREMIUM_COKING,275.39,USD,USD_PER_MT,SYNTHETIC,SYNTHETIC_GENERATOR_V1
CP_000958,2024-08-14,COKING_COAL,PREMIUM_COKING,272.62,USD,USD_PER_MT,SYNTHETIC,SYNTHETIC_GENERATOR_V1
CP_000959,2024-08-15,COKING_COAL,PREMIUM_COKING,274.07,USD,USD_PER_MT,SYNTHETIC,SYNTHETIC_GENERATOR_V1
CP_000960,2024-08-16,COKING_COAL,PREMIUM_COKING,270.46,USD,USD_PER_MT,SYNTHETIC,SYNTHETIC_GENERATOR_V1
CP_000961,2024-08-17,COKING_COAL,PREMIUM_COKING,268.29,USD,USD_PER_MT,SYNTHETIC,SYNTHETIC_GENERATOR_V1
CP_000962,2024-08-18,COKING_COAL,PREMIUM_COKING,269.17,USD,USD_PER_MT,SYNTHETIC,SYNTHETIC_GENERATOR_V1
CP_000963,2024-08-19,COKING_COAL,PREMIUM_COKING,266.55,USD,USD_PER_MT,SYNTHETIC,SYNTHETIC_GENERATOR_V1
CP_000964,2024-08-20,COKING_COAL,PREMIUM_COKING,267.49,USD,USD_PER_MT,SYNTHETIC,SYNTHETIC_GENERATOR_V1
CP_000965,2024-08-21,COKING_COAL,PREMIUM_COKING,266.61,USD,USD_PER_MT,SYNTHETIC,SYNTHETIC_GENERATOR_V1
CP_000966,2024-08-22,COKING_COAL,PREMIUM_COKING,269.49,USD,USD_PER_MT,SYNTHETIC,SYNTHETIC_GENERATOR_V1
CP_000967,2024-08-23,COKING_COAL,PREMIUM_COKING,271.45,USD,USD_PER_MT,SYNTHETIC,SYNTHETIC_GENERATOR_V1
CP_000968,2024-08-24,COKING_COAL,PREMIUM_COKING,270.96,USD,USD_PER_MT,SYNTHETIC,SYNTHETIC_GENERATOR_V1
CP_000969,2024-08-25,COKING_COAL,PREMIUM_COKING,270.44,USD,USD_PER_MT,SYNTHETIC,SYNTHETIC_GENERATOR_V1
CP_000970,2024-08-26,COKING_COAL,PREMIUM_COKING,267.90,USD,USD_PER_MT,SYNTHETIC,SYNTHETIC_GENERATOR_V1
CP_000971,2024-08-27,COKING_COAL,PREMIUM_COKING,266.65,USD,USD_PER_MT,SYNTHETIC,SYNTHETIC_GENERATOR_V1
CP_000972,2024-08-28,COKING_COAL,PREMIUM_COKING,264.84,USD,USD_PER_MT,SYNTHETIC,SYNTHETIC_GENERATOR_V1
CP_000973,2024-08-29,COKING_COAL,PREMIUM_COKING,267.42,USD,USD_PER_MT,SYNTHETIC,SYNTHETIC_GENERATOR_V1
CP_000974,2024-08-30,COKING_COAL,PREMIUM_COKING,265.52,USD,USD_PER_MT,SYNTHETIC,SYNTHETIC_GENERATOR_V1
CP_000975,2024-08-31,COKING_COAL,PREMIUM_COKING,258.57,USD,USD_PER_MT,SYNTHETIC,SYNTHETIC_GENERATOR_V1
CP_000976,2024-09-01,COKING_COAL,PREMIUM_COKING,260.07,USD,USD_PER_MT,SYNTHETIC,SYNTHETIC_GENERATOR_V1
CP_000977,2024-09-02,COKING_COAL,PREMIUM_COKING,260.09,USD,USD_PER_MT,SYNTHETIC,SYNTHETIC_GENERATOR_V1
CP_000978,2024-09-03,COKING_COAL,PREMIUM_COKING,258.93,USD,USD_PER_MT,SYNTHETIC,SYNTHETIC_GENERATOR_V1
CP_000979,2024-09-04,COKING_COAL,PREMIUM_COKING,259.72,USD,USD_PER_MT,SYNTHETIC,SYNTHETIC_GENERATOR_V1
CP_000980,2024-09-05,COKING_COAL,PREMIUM_COKING,257.27,USD,USD_PER_MT,SYNTHETIC,SYNTHETIC_GENERATOR_V1
CP_000981,2024-09-06,COKING_COAL,PREMIUM_COKING,258.90,USD,USD_PER_MT,SYNTHETIC,SYNTHETIC_GENERATOR_V1
CP_000982,2024-09-07,COKING_COAL,PREMIUM_COKING,258.56,USD,USD_PER_MT,SYNTHETIC,SYNTHETIC_GENERATOR_V1
CP_000983,2024-09-08,COKING_COAL,PREMIUM_COKING,259.99,USD,USD_PER_MT,SYNTHETIC,SYNTHETIC_GENERATOR_V1
CP_000984,2024-09-09,COKING_COAL,PREMIUM_COKING,259.25,USD,USD_PER_MT,SYNTHETIC,SYNTHETIC_GENERATOR_V1
CP_000985,2024-09-10,COKING_COAL,PREMIUM_COKING,258.46,USD,USD_PER_MT,SYNTHETIC,SYNTHETIC_GENERATOR_V1
CP_000986,2024-09-11,COKING_COAL,PREMIUM_COKING,257.78,USD,USD_PER_MT,SYNTHETIC,SYNTHETIC_GENERATOR_V1
CP_000987,2024-09-12,COKING_COAL,PREMIUM_COKING,259.27,USD,USD_PER_MT,SYNTHETIC,SYNTHETIC_GENERATOR_V1
CP_000988,2024-09-13,COKING_COAL,PREMIUM_COKING,259.33,USD,USD_PER_MT,SYNTHETIC,SYNTHETIC_GENERATOR_V1
CP_000989,2024-09-14,COKING_COAL,PREMIUM_COKING,259.92,USD,USD_PER_MT,SYNTHETIC,SYNTHETIC_GENERATOR_V1
CP_000990,2024-09-15,COKING_COAL,PREMIUM_COKING,260.44,USD,USD_PER_MT,SYNTHETIC,SYNTHETIC_GENERATOR_V1
CP_000991,2024-09-16,COKING_COAL,PREMIUM_COKING,258.83,USD,USD_PER_MT,SYNTHETIC,SYNTHETIC_GENERATOR_V1
CP_000992,2024-09-17,COKING_COAL,PREMIUM_COKING,259.84,USD,USD_PER_MT,SYNTHETIC,SYNTHETIC_GENERATOR_V1
CP_000993,2024-09-18,COKING_COAL,PREMIUM_COKING,262.28,USD,USD_PER_MT,SYNTHETIC,SYNTHETIC_GENERATOR_V1
CP_000994,2024-09-19,COKING_COAL,PREMIUM_COKING,260.61,USD,USD_PER_MT,SYNTHETIC,SYNTHETIC_GENERATOR_V1
CP_000995,2024-09-20,COKING_COAL,PREMIUM_COKING,261.44,USD,USD_PER_MT,SYNTHETIC,SYNTHETIC_GENERATOR_V1
CP_000996,2024-09-21,COKING_COAL,PREMIUM_COKING,263.43,USD,USD_PER_MT,SYNTHETIC,SYNTHETIC_GENERATOR_V1
CP_000997,2024-09-22,COKING_COAL,PREMIUM_COKING,263.53,USD,USD_PER_MT,SYNTHETIC,SYNTHETIC_GENERATOR_V1
CP_000998,2024-09-23,COKING_COAL,PREMIUM_COKING,263.26,USD,USD_PER_MT,SYNTHETIC,SYNTHETIC_GENERATOR_V1
CP_000999,2024-09-24,COKING_COAL,PREMIUM_COKING,262.27,USD,USD_PER_MT,SYNTHETIC,SYNTHETIC_GENERATOR_V1
CP_001000,2024-09-25,COKING_COAL,PREMIUM_COKING,261.92,USD,USD_PER_MT,SYNTHETIC,SYNTHETIC_GENERATOR_V1
CP_001001,2024-09-26,COKING_COAL,PREMIUM_COKING,261.65,USD,USD_PER_MT,SYNTHETIC,SYNTHETIC_GENERATOR_V1
CP_001002,2024-09-27,COKING_COAL,PREMIUM_COKING,259.31,USD,USD_PER_MT,SYNTHETIC,SYNTHETIC_GENERATOR_V1
CP_001003,2024-09-28,COKING_COAL,PREMIUM_COKING,256.00,USD,USD_PER_MT,SYNTHETIC,SYNTHETIC_GENERATOR_V1
CP_001004,2024-09-29,COKING_COAL,PREMIUM_COKING,255.20,USD,USD_PER_MT,SYNTHETIC,SYNTHETIC_GENERATOR_V1
CP_001005,2024-09-30,COKING_COAL,PREMIUM_COKING,258.02,USD,USD_PER_MT,SYNTHETIC,SYNTHETIC_GENERATOR_V1
CP_001006,2024-10-01,COKING_COAL,PREMIUM_COKING,255.47,USD,USD_PER_MT,SYNTHETIC,SYNTHETIC_GENERATOR_V1
CP_001007,2024-10-02,COKING_COAL,PREMIUM_COKING,254.43,USD,USD_PER_MT,SYNTHETIC,SYNTHETIC_GENERATOR_V1
CP_001008,2024-10-03,COKING_COAL,PREMIUM_COKING,251.80,USD,USD_PER_MT,SYNTHETIC,SYNTHETIC_GENERATOR_V1
CP_001009,2024-10-04,COKING_COAL,PREMIUM_COKING,252.62,USD,USD_PER_MT,SYNTHETIC,SYNTHETIC_GENERATOR_V1
CP_001010,2024-10-05,COKING_COAL,PREMIUM_COKING,253.84,USD,USD_PER_MT,SYNTHETIC,SYNTHETIC_GENERATOR_V1
CP_001011,2024-10-06,COKING_COAL,PREMIUM_COKING,253.24,USD,USD_PER_MT,SYNTHETIC,SYNTHETIC_GENERATOR_V1
CP_001012,2024-10-07,COKING_COAL,PREMIUM_COKING,251.17,USD,USD_PER_MT,SYNTHETIC,SYNTHETIC_GENERATOR_V1
CP_001013,2024-10-08,COKING_COAL,PREMIUM_COKING,253.25,USD,USD_PER_MT,SYNTHETIC,SYNTHETIC_GENERATOR_V1
CP_001014,2024-10-09,COKING_COAL,PREMIUM_COKING,252.49,USD,USD_PER_MT,SYNTHETIC,SYNTHETIC_GENERATOR_V1
CP_001015,2024-10-10,COKING_COAL,PREMIUM_COKING,253.39,USD,USD_PER_MT,SYNTHETIC,SYNTHETIC_GENERATOR_V1
CP_001016,2024-10-11,COKING_COAL,PREMIUM_COKING,254.97,USD,USD_PER_MT,SYNTHETIC,SYNTHETIC_GENERATOR_V1
CP_001017,2024-10-12,COKING_COAL,PREMIUM_COKING,253.49,USD,USD_PER_MT,SYNTHETIC,SYNTHETIC_GENERATOR_V1
CP_001018,2024-10-13,COKING_COAL,PREMIUM_COKING,254.34,USD,USD_PER_MT,SYNTHETIC,SYNTHETIC_GENERATOR_V1
CP_001019,2024-10-14,COKING_COAL,PREMIUM_COKING,254.93,USD,USD_PER_MT,SYNTHETIC,SYNTHETIC_GENERATOR_V1
CP_001020,2024-10-15,COKING_COAL,PREMIUM_COKING,254.60,USD,USD_PER_MT,SYNTHETIC,SYNTHETIC_GENERATOR_V1
CP_001021,2024-10-16,COKING_COAL,PREMIUM_COKING,252.00,USD,USD_PER_MT,SYNTHETIC,SYNTHETIC_GENERATOR_V1
CP_001022,2024-10-17,COKING_COAL,PREMIUM_COKING,253.11,USD,USD_PER_MT,SYNTHETIC,SYNTHETIC_GENERATOR_V1
CP_001023,2024-10-18,COKING_COAL,PREMIUM_COKING,253.06,USD,USD_PER_MT,SYNTHETIC,SYNTHETIC_GENERATOR_V1
CP_001024,2024-10-19,COKING_COAL,PREMIUM_COKING,254.16,USD,USD_PER_MT,SYNTHETIC,SYNTHETIC_GENERATOR_V1
CP_001025,2024-10-20,COKING_COAL,PREMIUM_COKING,256.64,USD,USD_PER_MT,SYNTHETIC,SYNTHETIC_GENERATOR_V1
CP_001026,2024-10-21,COKING_COAL,PREMIUM_COKING,257.49,USD,USD_PER_MT,SYNTHETIC,SYNTHETIC_GENERATOR_V1
CP_001027,2024-10-22,COKING_COAL,PREMIUM_COKING,256.31,USD,USD_PER_MT,SYNTHETIC,SYNTHETIC_GENERATOR_V1
CP_001028,2024-10-23,COKING_COAL,PREMIUM_COKING,254.66,USD,USD_PER_MT,SYNTHETIC,SYNTHETIC_GENERATOR_V1
CP_001029,2024-10-24,COKING_COAL,PREMIUM_COKING,253.22,USD,USD_PER_MT,SYNTHETIC,SYNTHETIC_GENERATOR_V1
CP_001030,2024-10-25,COKING_COAL,PREMIUM_COKING,254.09,USD,USD_PER_MT,SYNTHETIC,SYNTHETIC_GENERATOR_V1
CP_001031,2024-10-26,COKING_COAL,PREMIUM_COKING,251.37,USD,USD_PER_MT,SYNTHETIC,SYNTHETIC_GENERATOR_V1
CP_001032,2024-10-27,COKING_COAL,PREMIUM_COKING,250.04,USD,USD_PER_MT,SYNTHETIC,SYNTHETIC_GENERATOR_V1
CP_001033,2024-10-28,COKING_COAL,PREMIUM_COKING,251.95,USD,USD_PER_MT,SYNTHETIC,SYNTHETIC_GENERATOR_V1
CP_001034,2024-10-29,COKING_COAL,PREMIUM_COKING,250.94,USD,USD_PER_MT,SYNTHETIC,SYNTHETIC_GENERATOR_V1
CP_001035,2024-10-30,COKING_COAL,PREMIUM_COKING,250.70,USD,USD_PER_MT,SYNTHETIC,SYNTHETIC_GENERATOR_V1
CP_001036,2024-10-31,COKING_COAL,PREMIUM_COKING,251.31,USD,USD_PER_MT,SYNTHETIC,SYNTHETIC_GENERATOR_V1
CP_001037,2024-11-01,COKING_COAL,PREMIUM_COKING,252.84,USD,USD_PER_MT,SYNTHETIC,SYNTHETIC_GENERATOR_V1
CP_001038,2024-11-02,COKING_COAL,PREMIUM_COKING,254.80,USD,USD_PER_MT,SYNTHETIC,SYNTHETIC_GENERATOR_V1
CP_001039,2024-11-03,COKING_COAL,PREMIUM_COKING,254.92,USD,USD_PER_MT,SYNTHETIC,SYNTHETIC_GENERATOR_V1
CP_001040,2024-11-04,COKING_COAL,PREMIUM_COKING,255.63,USD,USD_PER_MT,SYNTHETIC,SYNTHETIC_GENERATOR_V1
CP_001041,2024-11-05,COKING_COAL,PREMIUM_COKING,255.35,USD,USD_PER_MT,SYNTHETIC,SYNTHETIC_GENERATOR_V1
CP_001042,2024-11-06,COKING_COAL,PREMIUM_COKING,258.26,USD,USD_PER_MT,SYNTHETIC,SYNTHETIC_GENERATOR_V1
CP_001043,2024-11-07,COKING_COAL,PREMIUM_COKING,257.98,USD,USD_PER_MT,SYNTHETIC,SYNTHETIC_GENERATOR_V1
CP_001044,2024-11-08,COKING_COAL,PREMIUM_COKING,258.32,USD,USD_PER_MT,SYNTHETIC,SYNTHETIC_GENERATOR_V1
CP_001045,2024-11-09,COKING_COAL,PREMIUM_COKING,258.30,USD,USD_PER_MT,SYNTHETIC,SYNTHETIC_GENERATOR_V1
CP_001046,2024-11-10,COKING_COAL,PREMIUM_COKING,255.88,USD,USD_PER_MT,SYNTHETIC,SYNTHETIC_GENERATOR_V1
CP_001047,2024-11-11,COKING_COAL,PREMIUM_COKING,255.70,USD,USD_PER_MT,SYNTHETIC,SYNTHETIC_GENERATOR_V1
CP_001048,2024-11-12,COKING_COAL,PREMIUM_COKING,253.94,USD,USD_PER_MT,SYNTHETIC,SYNTHETIC_GENERATOR_V1
CP_001049,2024-11-13,COKING_COAL,PREMIUM_COKING,254.67,USD,USD_PER_MT,SYNTHETIC,SYNTHETIC_GENERATOR_V1
CP_001050,2024-11-14,COKING_COAL,PREMIUM_COKING,254.86,USD,USD_PER_MT,SYNTHETIC,SYNTHETIC_GENERATOR_V1
CP_001051,2024-11-15,COKING_COAL,PREMIUM_COKING,254.10,USD,USD_PER_MT,SYNTHETIC,SYNTHETIC_GENERATOR_V1
CP_001052,2024-11-16,COKING_COAL,PREMIUM_COKING,252.95,USD,USD_PER_MT,SYNTHETIC,SYNTHETIC_GENERATOR_V1
CP_001053,2024-11-17,COKING_COAL,PREMIUM_COKING,253.65,USD,USD_PER_MT,SYNTHETIC,SYNTHETIC_GENERATOR_V1
CP_001054,2024-11-18,COKING_COAL,PREMIUM_COKING,253.01,USD,USD_PER_MT,SYNTHETIC,SYNTHETIC_GENERATOR_V1
CP_001055,2024-11-19,COKING_COAL,PREMIUM_COKING,252.46,USD,USD_PER_MT,SYNTHETIC,SYNTHETIC_GENERATOR_V1
CP_001056,2024-11-20,COKING_COAL,PREMIUM_COKING,251.91,USD,USD_PER_MT,SYNTHETIC,SYNTHETIC_GENERATOR_V1
CP_001057,2024-11-21,COKING_COAL,PREMIUM_COKING,252.47,USD,USD_PER_MT,SYNTHETIC,SYNTHETIC_GENERATOR_V1
CP_001058,2024-11-22,COKING_COAL,PREMIUM_COKING,255.34,USD,USD_PER_MT,SYNTHETIC,SYNTHETIC_GENERATOR_V1
CP_001059,2024-11-23,COKING_COAL,PREMIUM_COKING,255.22,USD,USD_PER_MT,SYNTHETIC,SYNTHETIC_GENERATOR_V1
CP_001060,2024-11-24,COKING_COAL,PREMIUM_COKING,257.81,USD,USD_PER_MT,SYNTHETIC,SYNTHETIC_GENERATOR_V1
CP_001061,2024-11-25,COKING_COAL,PREMIUM_COKING,258.51,USD,USD_PER_MT,SYNTHETIC,SYNTHETIC_GENERATOR_V1
CP_001062,2024-11-26,COKING_COAL,PREMIUM_COKING,255.16,USD,USD_PER_MT,SYNTHETIC,SYNTHETIC_GENERATOR_V1
CP_001063,2024-11-27,COKING_COAL,PREMIUM_COKING,256.67,USD,USD_PER_MT,SYNTHETIC,SYNTHETIC_GENERATOR_V1
CP_001064,2024-11-28,COKING_COAL,PREMIUM_COKING,258.34,USD,USD_PER_MT,SYNTHETIC,SYNTHETIC_GENERATOR_V1
CP_001065,2024-11-29,COKING_COAL,PREMIUM_COKING,258.41,USD,USD_PER_MT,SYNTHETIC,SYNTHETIC_GENERATOR_V1
CP_001066,2024-11-30,COKING_COAL,PREMIUM_COKING,258.17,USD,USD_PER_MT,SYNTHETIC,SYNTHETIC_GENERATOR_V1
CP_001067,2024-12-01,COKING_COAL,PREMIUM_COKING,257.83,USD,USD_PER_MT,SYNTHETIC,SYNTHETIC_GENERATOR_V1
CP_001068,2024-12-02,COKING_COAL,PREMIUM_COKING,257.99,USD,USD_PER_MT,SYNTHETIC,SYNTHETIC_GENERATOR_V1
CP_001069,2024-12-03,COKING_COAL,PREMIUM_COKING,257.57,USD,USD_PER_MT,SYNTHETIC,SYNTHETIC_GENERATOR_V1
CP_001070,2024-12-04,COKING_COAL,PREMIUM_COKING,258.90,USD,USD_PER_MT,SYNTHETIC,SYNTHETIC_GENERATOR_V1
CP_001071,2024-12-05,COKING_COAL,PREMIUM_COKING,258.47,USD,USD_PER_MT,SYNTHETIC,SYNTHETIC_GENERATOR_V1
CP_001072,2024-12-06,COKING_COAL,PREMIUM_COKING,259.58,USD,USD_PER_MT,SYNTHETIC,SYNTHETIC_GENERATOR_V1
CP_001073,2024-12-07,COKING_COAL,PREMIUM_COKING,256.11,USD,USD_PER_MT,SYNTHETIC,SYNTHETIC_GENERATOR_V1
CP_001074,2024-12-08,COKING_COAL,PREMIUM_COKING,256.91,USD,USD_PER_MT,SYNTHETIC,SYNTHETIC_GENERATOR_V1
CP_001075,2024-12-09,COKING_COAL,PREMIUM_COKING,259.10,USD,USD_PER_MT,SYNTHETIC,SYNTHETIC_GENERATOR_V1
CP_001076,2024-12-10,COKING_COAL,PREMIUM_COKING,260.27,USD,USD_PER_MT,SYNTHETIC,SYNTHETIC_GENERATOR_V1
CP_001077,2024-12-11,COKING_COAL,PREMIUM_COKING,262.22,USD,USD_PER_MT,SYNTHETIC,SYNTHETIC_GENERATOR_V1
CP_001078,2024-12-12,COKING_COAL,PREMIUM_COKING,260.17,USD,USD_PER_MT,SYNTHETIC,SYNTHETIC_GENERATOR_V1
CP_001079,2024-12-13,COKING_COAL,PREMIUM_COKING,262.23,USD,USD_PER_MT,SYNTHETIC,SYNTHETIC_GENERATOR_V1
CP_001080,2024-12-14,COKING_COAL,PREMIUM_COKING,257.51,USD,USD_PER_MT,SYNTHETIC,SYNTHETIC_GENERATOR_V1
CP_001081,2024-12-15,COKING_COAL,PREMIUM_COKING,255.70,USD,USD_PER_MT,SYNTHETIC,SYNTHETIC_GENERATOR_V1
CP_001082,2024-12-16,COKING_COAL,PREMIUM_COKING,255.05,USD,USD_PER_MT,SYNTHETIC,SYNTHETIC_GENERATOR_V1
CP_001083,2024-12-17,COKING_COAL,PREMIUM_COKING,256.28,USD,USD_PER_MT,SYNTHETIC,SYNTHETIC_GENERATOR_V1
CP_001084,2024-12-18,COKING_COAL,PREMIUM_COKING,255.21,USD,USD_PER_MT,SYNTHETIC,SYNTHETIC_GENERATOR_V1
CP_001085,2024-12-19,COKING_COAL,PREMIUM_COKING,253.67,USD,USD_PER_MT,SYNTHETIC,SYNTHETIC_GENERATOR_V1
CP_001086,2024-12-20,COKING_COAL,PREMIUM_COKING,254.70,USD,USD_PER_MT,SYNTHETIC,SYNTHETIC_GENERATOR_V1
CP_001087,2024-12-21,COKING_COAL,PREMIUM_COKING,254.20,USD,USD_PER_MT,SYNTHETIC,SYNTHETIC_GENERATOR_V1
CP_001088,2024-12-22,COKING_COAL,PREMIUM_COKING,253.44,USD,USD_PER_MT,SYNTHETIC,SYNTHETIC_GENERATOR_V1
CP_001089,2024-12-23,COKING_COAL,PREMIUM_COKING,254.51,USD,USD_PER_MT,SYNTHETIC,SYNTHETIC_GENERATOR_V1
CP_001090,2024-12-24,COKING_COAL,PREMIUM_COKING,256.65,USD,USD_PER_MT,SYNTHETIC,SYNTHETIC_GENERATOR_V1
CP_001091,2024-12-25,COKING_COAL,PREMIUM_COKING,256.31,USD,USD_PER_MT,SYNTHETIC,SYNTHETIC_GENERATOR_V1
CP_001092,2024-12-26,COKING_COAL,PREMIUM_COKING,255.86,USD,USD_PER_MT,SYNTHETIC,SYNTHETIC_GENERATOR_V1
CP_001093,2024-12-27,COKING_COAL,PREMIUM_COKING,255.94,USD,USD_PER_MT,SYNTHETIC,SYNTHETIC_GENERATOR_V1
CP_001094,2024-12-28,COKING_COAL,PREMIUM_COKING,255.89,USD,USD_PER_MT,SYNTHETIC,SYNTHETIC_GENERATOR_V1
CP_001095,2024-12-29,COKING_COAL,PREMIUM_COKING,257.20,USD,USD_PER_MT,SYNTHETIC,SYNTHETIC_GENERATOR_V1
CP_001096,2024-12-30,COKING_COAL,PREMIUM_COKING,258.64,USD,USD_PER_MT,SYNTHETIC,SYNTHETIC_GENERATOR_V1
CP_001097,2024-12-31,COKING_COAL,PREMIUM_COKING,258.87,USD,USD_PER_MT,SYNTHETIC,SYNTHETIC_GENERATOR_V1
CP_001098,2025-01-01,COKING_COAL,PREMIUM_COKING,258.79,USD,USD_PER_MT,SYNTHETIC,SYNTHETIC_GENERATOR_V1
CP_001099,2025-01-02,COKING_COAL,PREMIUM_COKING,259.13,USD,USD_PER_MT,SYNTHETIC,SYNTHETIC_GENERATOR_V1
CP_001100,2025-01-03,COKING_COAL,PREMIUM_COKING,257.94,USD,USD_PER_MT,SYNTHETIC,SYNTHETIC_GENERATOR_V1
CP_001101,2025-01-04,COKING_COAL,PREMIUM_COKING,260.90,USD,USD_PER_MT,SYNTHETIC,SYNTHETIC_GENERATOR_V1
CP_001102,2025-01-05,COKING_COAL,PREMIUM_COKING,264.13,USD,USD_PER_MT,SYNTHETIC,SYNTHETIC_GENERATOR_V1
CP_001103,2025-01-06,COKING_COAL,PREMIUM_COKING,263.07,USD,USD_PER_MT,SYNTHETIC,SYNTHETIC_GENERATOR_V1
CP_001104,2025-01-07,COKING_COAL,PREMIUM_COKING,264.08,USD,USD_PER_MT,SYNTHETIC,SYNTHETIC_GENERATOR_V1
CP_001105,2025-01-08,COKING_COAL,PREMIUM_COKING,265.44,USD,USD_PER_MT,SYNTHETIC,SYNTHETIC_GENERATOR_V1
CP_001106,2025-01-09,COKING_COAL,PREMIUM_COKING,265.32,USD,USD_PER_MT,SYNTHETIC,SYNTHETIC_GENERATOR_V1
CP_001107,2025-01-10,COKING_COAL,PREMIUM_COKING,261.64,USD,USD_PER_MT,SYNTHETIC,SYNTHETIC_GENERATOR_V1
CP_001108,2025-01-11,COKING_COAL,PREMIUM_COKING,261.21,USD,USD_PER_MT,SYNTHETIC,SYNTHETIC_GENERATOR_V1
CP_001109,2025-01-12,COKING_COAL,PREMIUM_COKING,260.91,USD,USD_PER_MT,SYNTHETIC,SYNTHETIC_GENERATOR_V1
CP_001110,2025-01-13,COKING_COAL,PREMIUM_COKING,262.38,USD,USD_PER_MT,SYNTHETIC,SYNTHETIC_GENERATOR_V1
CP_001111,2025-01-14,COKING_COAL,PREMIUM_COKING,263.36,USD,USD_PER_MT,SYNTHETIC,SYNTHETIC_GENERATOR_V1
CP_001112,2025-01-15,COKING_COAL,PREMIUM_COKING,265.23,USD,USD_PER_MT,SYNTHETIC,SYNTHETIC_GENERATOR_V1
CP_001113,2025-01-16,COKING_COAL,PREMIUM_COKING,265.54,USD,USD_PER_MT,SYNTHETIC,SYNTHETIC_GENERATOR_V1
CP_001114,2025-01-17,COKING_COAL,PREMIUM_COKING,268.13,USD,USD_PER_MT,SYNTHETIC,SYNTHETIC_GENERATOR_V1
CP_001115,2025-01-18,COKING_COAL,PREMIUM_COKING,268.37,USD,USD_PER_MT,SYNTHETIC,SYNTHETIC_GENERATOR_V1
CP_001116,2025-01-19,COKING_COAL,PREMIUM_COKING,269.29,USD,USD_PER_MT,SYNTHETIC,SYNTHETIC_GENERATOR_V1
CP_001117,2025-01-20,COKING_COAL,PREMIUM_COKING,266.78,USD,USD_PER_MT,SYNTHETIC,SYNTHETIC_GENERATOR_V1
CP_001118,2025-01-21,COKING_COAL,PREMIUM_COKING,268.82,USD,USD_PER_MT,SYNTHETIC,SYNTHETIC_GENERATOR_V1
CP_001119,2025-01-22,COKING_COAL,PREMIUM_COKING,268.82,USD,USD_PER_MT,SYNTHETIC,SYNTHETIC_GENERATOR_V1
CP_001120,2025-01-23,COKING_COAL,PREMIUM_COKING,268.73,USD,USD_PER_MT,SYNTHETIC,SYNTHETIC_GENERATOR_V1
CP_001121,2025-01-24,COKING_COAL,PREMIUM_COKING,267.93,USD,USD_PER_MT,SYNTHETIC,SYNTHETIC_GENERATOR_V1
CP_001122,2025-01-25,COKING_COAL,PREMIUM_COKING,266.23,USD,USD_PER_MT,SYNTHETIC,SYNTHETIC_GENERATOR_V1
CP_001123,2025-01-26,COKING_COAL,PREMIUM_COKING,265.13,USD,USD_PER_MT,SYNTHETIC,SYNTHETIC_GENERATOR_V1
CP_001124,2025-01-27,COKING_COAL,PREMIUM_COKING,265.96,USD,USD_PER_MT,SYNTHETIC,SYNTHETIC_GENERATOR_V1
CP_001125,2025-01-28,COKING_COAL,PREMIUM_COKING,266.92,USD,USD_PER_MT,SYNTHETIC,SYNTHETIC_GENERATOR_V1
CP_001126,2025-01-29,COKING_COAL,PREMIUM_COKING,264.89,USD,USD_PER_MT,SYNTHETIC,SYNTHETIC_GENERATOR_V1
CP_001127,2025-01-30,COKING_COAL,PREMIUM_COKING,266.26,USD,USD_PER_MT,SYNTHETIC,SYNTHETIC_GENERATOR_V1
CP_001128,2025-01-31,COKING_COAL,PREMIUM_COKING,267.45,USD,USD_PER_MT,SYNTHETIC,SYNTHETIC_GENERATOR_V1
CP_001129,2025-02-01,COKING_COAL,PREMIUM_COKING,267.03,USD,USD_PER_MT,SYNTHETIC,SYNTHETIC_GENERATOR_V1
CP_001130,2025-02-02,COKING_COAL,PREMIUM_COKING,264.68,USD,USD_PER_MT,SYNTHETIC,SYNTHETIC_GENERATOR_V1
CP_001131,2025-02-03,COKING_COAL,PREMIUM_COKING,265.35,USD,USD_PER_MT,SYNTHETIC,SYNTHETIC_GENERATOR_V1
CP_001132,2025-02-04,COKING_COAL,PREMIUM_COKING,265.94,USD,USD_PER_MT,SYNTHETIC,SYNTHETIC_GENERATOR_V1
CP_001133,2025-02-05,COKING_COAL,PREMIUM_COKING,267.84,USD,USD_PER_MT,SYNTHETIC,SYNTHETIC_GENERATOR_V1
CP_001134,2025-02-06,COKING_COAL,PREMIUM_COKING,268.61,USD,USD_PER_MT,SYNTHETIC,SYNTHETIC_GENERATOR_V1
CP_001135,2025-02-07,COKING_COAL,PREMIUM_COKING,269.14,USD,USD_PER_MT,SYNTHETIC,SYNTHETIC_GENERATOR_V1
CP_001136,2025-02-08,COKING_COAL,PREMIUM_COKING,268.93,USD,USD_PER_MT,SYNTHETIC,SYNTHETIC_GENERATOR_V1
CP_001137,2025-02-09,COKING_COAL,PREMIUM_COKING,265.46,USD,USD_PER_MT,SYNTHETIC,SYNTHETIC_GENERATOR_V1
CP_001138,2025-02-10,COKING_COAL,PREMIUM_COKING,264.91,USD,USD_PER_MT,SYNTHETIC,SYNTHETIC_GENERATOR_V1
CP_001139,2025-02-11,COKING_COAL,PREMIUM_COKING,267.30,USD,USD_PER_MT,SYNTHETIC,SYNTHETIC_GENERATOR_V1
CP_001140,2025-02-12,COKING_COAL,PREMIUM_COKING,268.97,USD,USD_PER_MT,SYNTHETIC,SYNTHETIC_GENERATOR_V1
CP_001141,2025-02-13,COKING_COAL,PREMIUM_COKING,267.13,USD,USD_PER_MT,SYNTHETIC,SYNTHETIC_GENERATOR_V1
CP_001142,2025-02-14,COKING_COAL,PREMIUM_COKING,267.51,USD,USD_PER_MT,SYNTHETIC,SYNTHETIC_GENERATOR_V1
CP_001143,2025-02-15,COKING_COAL,PREMIUM_COKING,267.87,USD,USD_PER_MT,SYNTHETIC,SYNTHETIC_GENERATOR_V1
CP_001144,2025-02-16,COKING_COAL,PREMIUM_COKING,266.66,USD,USD_PER_MT,SYNTHETIC,SYNTHETIC_GENERATOR_V1
CP_001145,2025-02-17,COKING_COAL,PREMIUM_COKING,265.76,USD,USD_PER_MT,SYNTHETIC,SYNTHETIC_GENERATOR_V1
CP_001146,2025-02-18,COKING_COAL,PREMIUM_COKING,264.63,USD,USD_PER_MT,SYNTHETIC,SYNTHETIC_GENERATOR_V1
CP_001147,2025-02-19,COKING_COAL,PREMIUM_COKING,264.26,USD,USD_PER_MT,SYNTHETIC,SYNTHETIC_GENERATOR_V1
CP_001148,2025-02-20,COKING_COAL,PREMIUM_COKING,261.89,USD,USD_PER_MT,SYNTHETIC,SYNTHETIC_GENERATOR_V1
CP_001149,2025-02-21,COKING_COAL,PREMIUM_COKING,261.71,USD,USD_PER_MT,SYNTHETIC,SYNTHETIC_GENERATOR_V1
CP_001150,2025-02-22,COKING_COAL,PREMIUM_COKING,260.52,USD,USD_PER_MT,SYNTHETIC,SYNTHETIC_GENERATOR_V1
CP_001151,2025-02-23,COKING_COAL,PREMIUM_COKING,262.00,USD,USD_PER_MT,SYNTHETIC,SYNTHETIC_GENERATOR_V1
CP_001152,2025-02-24,COKING_COAL,PREMIUM_COKING,262.39,USD,USD_PER_MT,SYNTHETIC,SYNTHETIC_GENERATOR_V1
CP_001153,2025-02-25,COKING_COAL,PREMIUM_COKING,262.56,USD,USD_PER_MT,SYNTHETIC,SYNTHETIC_GENERATOR_V1
CP_001154,2025-02-26,COKING_COAL,PREMIUM_COKING,262.57,USD,USD_PER_MT,SYNTHETIC,SYNTHETIC_GENERATOR_V1
CP_001155,2025-02-27,COKING_COAL,PREMIUM_COKING,263.99,USD,USD_PER_MT,SYNTHETIC,SYNTHETIC_GENERATOR_V1
CP_001156,2025-02-28,COKING_COAL,PREMIUM_COKING,261.15,USD,USD_PER_MT,SYNTHETIC,SYNTHETIC_GENERATOR_V1
CP_001157,2025-03-01,COKING_COAL,PREMIUM_COKING,258.81,USD,USD_PER_MT,SYNTHETIC,SYNTHETIC_GENERATOR_V1
CP_001158,2025-03-02,COKING_COAL,PREMIUM_COKING,260.48,USD,USD_PER_MT,SYNTHETIC,SYNTHETIC_GENERATOR_V1
CP_001159,2025-03-03,COKING_COAL,PREMIUM_COKING,257.30,USD,USD_PER_MT,SYNTHETIC,SYNTHETIC_GENERATOR_V1
CP_001160,2025-03-04,COKING_COAL,PREMIUM_COKING,257.94,USD,USD_PER_MT,SYNTHETIC,SYNTHETIC_GENERATOR_V1
CP_001161,2025-03-05,COKING_COAL,PREMIUM_COKING,257.53,USD,USD_PER_MT,SYNTHETIC,SYNTHETIC_GENERATOR_V1
CP_001162,2025-03-06,COKING_COAL,PREMIUM_COKING,258.29,USD,USD_PER_MT,SYNTHETIC,SYNTHETIC_GENERATOR_V1
CP_001163,2025-03-07,COKING_COAL,PREMIUM_COKING,259.86,USD,USD_PER_MT,SYNTHETIC,SYNTHETIC_GENERATOR_V1
CP_001164,2025-03-08,COKING_COAL,PREMIUM_COKING,259.34,USD,USD_PER_MT,SYNTHETIC,SYNTHETIC_GENERATOR_V1
CP_001165,2025-03-09,COKING_COAL,PREMIUM_COKING,259.10,USD,USD_PER_MT,SYNTHETIC,SYNTHETIC_GENERATOR_V1
CP_001166,2025-03-10,COKING_COAL,PREMIUM_COKING,259.05,USD,USD_PER_MT,SYNTHETIC,SYNTHETIC_GENERATOR_V1
CP_001167,2025-03-11,COKING_COAL,PREMIUM_COKING,258.85,USD,USD_PER_MT,SYNTHETIC,SYNTHETIC_GENERATOR_V1
CP_001168,2025-03-12,COKING_COAL,PREMIUM_COKING,256.28,USD,USD_PER_MT,SYNTHETIC,SYNTHETIC_GENERATOR_V1
CP_001169,2025-03-13,COKING_COAL,PREMIUM_COKING,256.86,USD,USD_PER_MT,SYNTHETIC,SYNTHETIC_GENERATOR_V1
CP_001170,2025-03-14,COKING_COAL,PREMIUM_COKING,256.92,USD,USD_PER_MT,SYNTHETIC,SYNTHETIC_GENERATOR_V1
CP_001171,2025-03-15,COKING_COAL,PREMIUM_COKING,258.03,USD,USD_PER_MT,SYNTHETIC,SYNTHETIC_GENERATOR_V1
CP_001172,2025-03-16,COKING_COAL,PREMIUM_COKING,259.50,USD,USD_PER_MT,SYNTHETIC,SYNTHETIC_GENERATOR_V1
CP_001173,2025-03-17,COKING_COAL,PREMIUM_COKING,261.53,USD,USD_PER_MT,SYNTHETIC,SYNTHETIC_GENERATOR_V1
CP_001174,2025-03-18,COKING_COAL,PREMIUM_COKING,261.04,USD,USD_PER_MT,SYNTHETIC,SYNTHETIC_GENERATOR_V1
CP_001175,2025-03-19,COKING_COAL,PREMIUM_COKING,259.49,USD,USD_PER_MT,SYNTHETIC,SYNTHETIC_GENERATOR_V1
CP_001176,2025-03-20,COKING_COAL,PREMIUM_COKING,259.26,USD,USD_PER_MT,SYNTHETIC,SYNTHETIC_GENERATOR_V1
CP_001177,2025-03-21,COKING_COAL,PREMIUM_COKING,261.46,USD,USD_PER_MT,SYNTHETIC,SYNTHETIC_GENERATOR_V1
CP_001178,2025-03-22,COKING_COAL,PREMIUM_COKING,261.43,USD,USD_PER_MT,SYNTHETIC,SYNTHETIC_GENERATOR_V1
CP_001179,2025-03-23,COKING_COAL,PREMIUM_COKING,263.35,USD,USD_PER_MT,SYNTHETIC,SYNTHETIC_GENERATOR_V1
CP_001180,2025-03-24,COKING_COAL,PREMIUM_COKING,262.40,USD,USD_PER_MT,SYNTHETIC,SYNTHETIC_GENERATOR_V1
CP_001181,2025-03-25,COKING_COAL,PREMIUM_COKING,260.37,USD,USD_PER_MT,SYNTHETIC,SYNTHETIC_GENERATOR_V1
CP_001182,2025-03-26,COKING_COAL,PREMIUM_COKING,260.63,USD,USD_PER_MT,SYNTHETIC,SYNTHETIC_GENERATOR_V1
CP_001183,2025-03-27,COKING_COAL,PREMIUM_COKING,262.07,USD,USD_PER_MT,SYNTHETIC,SYNTHETIC_GENERATOR_V1
CP_001184,2025-03-28,COKING_COAL,PREMIUM_COKING,263.93,USD,USD_PER_MT,SYNTHETIC,SYNTHETIC_GENERATOR_V1
CP_001185,2025-03-29,COKING_COAL,PREMIUM_COKING,262.50,USD,USD_PER_MT,SYNTHETIC,SYNTHETIC_GENERATOR_V1
CP_001186,2025-03-30,COKING_COAL,PREMIUM_COKING,263.69,USD,USD_PER_MT,SYNTHETIC,SYNTHETIC_GENERATOR_V1
CP_001187,2025-03-31,COKING_COAL,PREMIUM_COKING,264.07,USD,USD_PER_MT,SYNTHETIC,SYNTHETIC_GENERATOR_V1
CP_001188,2025-04-01,COKING_COAL,PREMIUM_COKING,265.55,USD,USD_PER_MT,SYNTHETIC,SYNTHETIC_GENERATOR_V1
CP_001189,2025-04-02,COKING_COAL,PREMIUM_COKING,263.34,USD,USD_PER_MT,SYNTHETIC,SYNTHETIC_GENERATOR_V1
CP_001190,2025-04-03,COKING_COAL,PREMIUM_COKING,263.75,USD,USD_PER_MT,SYNTHETIC,SYNTHETIC_GENERATOR_V1
CP_001191,2025-04-04,COKING_COAL,PREMIUM_COKING,264.84,USD,USD_PER_MT,SYNTHETIC,SYNTHETIC_GENERATOR_V1
CP_001192,2025-04-05,COKING_COAL,PREMIUM_COKING,266.68,USD,USD_PER_MT,SYNTHETIC,SYNTHETIC_GENERATOR_V1
CP_001193,2025-04-06,COKING_COAL,PREMIUM_COKING,264.49,USD,USD_PER_MT,SYNTHETIC,SYNTHETIC_GENERATOR_V1
CP_001194,2025-04-07,COKING_COAL,PREMIUM_COKING,263.10,USD,USD_PER_MT,SYNTHETIC,SYNTHETIC_GENERATOR_V1
CP_001195,2025-04-08,COKING_COAL,PREMIUM_COKING,264.85,USD,USD_PER_MT,SYNTHETIC,SYNTHETIC_GENERATOR_V1
CP_001196,2025-04-09,COKING_COAL,PREMIUM_COKING,267.12,USD,USD_PER_MT,SYNTHETIC,SYNTHETIC_GENERATOR_V1
CP_001197,2025-04-10,COKING_COAL,PREMIUM_COKING,268.09,USD,USD_PER_MT,SYNTHETIC,SYNTHETIC_GENERATOR_V1
CP_001198,2025-04-11,COKING_COAL,PREMIUM_COKING,269.43,USD,USD_PER_MT,SYNTHETIC,SYNTHETIC_GENERATOR_V1
CP_001199,2025-04-12,COKING_COAL,PREMIUM_COKING,269.63,USD,USD_PER_MT,SYNTHETIC,SYNTHETIC_GENERATOR_V1
CP_001200,2025-04-13,COKING_COAL,PREMIUM_COKING,269.62,USD,USD_PER_MT,SYNTHETIC,SYNTHETIC_GENERATOR_V1
CP_001201,2025-04-14,COKING_COAL,PREMIUM_COKING,269.27,USD,USD_PER_MT,SYNTHETIC,SYNTHETIC_GENERATOR_V1
CP_001202,2025-04-15,COKING_COAL,PREMIUM_COKING,269.31,USD,USD_PER_MT,SYNTHETIC,SYNTHETIC_GENERATOR_V1
CP_001203,2025-04-16,COKING_COAL,PREMIUM_COKING,270.03,USD,USD_PER_MT,SYNTHETIC,SYNTHETIC_GENERATOR_V1
CP_001204,2025-04-17,COKING_COAL,PREMIUM_COKING,269.50,USD,USD_PER_MT,SYNTHETIC,SYNTHETIC_GENERATOR_V1
CP_001205,2025-04-18,COKING_COAL,PREMIUM_COKING,268.44,USD,USD_PER_MT,SYNTHETIC,SYNTHETIC_GENERATOR_V1
CP_001206,2025-04-19,COKING_COAL,PREMIUM_COKING,268.90,USD,USD_PER_MT,SYNTHETIC,SYNTHETIC_GENERATOR_V1
CP_001207,2025-04-20,COKING_COAL,PREMIUM_COKING,266.57,USD,USD_PER_MT,SYNTHETIC,SYNTHETIC_GENERATOR_V1
CP_001208,2025-04-21,COKING_COAL,PREMIUM_COKING,268.84,USD,USD_PER_MT,SYNTHETIC,SYNTHETIC_GENERATOR_V1
CP_001209,2025-04-22,COKING_COAL,PREMIUM_COKING,269.41,USD,USD_PER_MT,SYNTHETIC,SYNTHETIC_GENERATOR_V1
CP_001210,2025-04-23,COKING_COAL,PREMIUM_COKING,269.05,USD,USD_PER_MT,SYNTHETIC,SYNTHETIC_GENERATOR_V1
CP_001211,2025-04-24,COKING_COAL,PREMIUM_COKING,272.31,USD,USD_PER_MT,SYNTHETIC,SYNTHETIC_GENERATOR_V1
CP_001212,2025-04-25,COKING_COAL,PREMIUM_COKING,270.20,USD,USD_PER_MT,SYNTHETIC,SYNTHETIC_GENERATOR_V1
CP_001213,2025-04-26,COKING_COAL,PREMIUM_COKING,267.11,USD,USD_PER_MT,SYNTHETIC,SYNTHETIC_GENERATOR_V1
CP_001214,2025-04-27,COKING_COAL,PREMIUM_COKING,264.73,USD,USD_PER_MT,SYNTHETIC,SYNTHETIC_GENERATOR_V1
CP_001215,2025-04-28,COKING_COAL,PREMIUM_COKING,262.07,USD,USD_PER_MT,SYNTHETIC,SYNTHETIC_GENERATOR_V1
CP_001216,2025-04-29,COKING_COAL,PREMIUM_COKING,261.70,USD,USD_PER_MT,SYNTHETIC,SYNTHETIC_GENERATOR_V1
CP_001217,2025-04-30,COKING_COAL,PREMIUM_COKING,261.40,USD,USD_PER_MT,SYNTHETIC,SYNTHETIC_GENERATOR_V1
CP_001218,2025-05-01,COKING_COAL,PREMIUM_COKING,264.22,USD,USD_PER_MT,SYNTHETIC,SYNTHETIC_GENERATOR_V1
CP_001219,2025-05-02,COKING_COAL,PREMIUM_COKING,265.44,USD,USD_PER_MT,SYNTHETIC,SYNTHETIC_GENERATOR_V1
CP_001220,2025-05-03,COKING_COAL,PREMIUM_COKING,266.09,USD,USD_PER_MT,SYNTHETIC,SYNTHETIC_GENERATOR_V1
CP_001221,2025-05-04,COKING_COAL,PREMIUM_COKING,263.53,USD,USD_PER_MT,SYNTHETIC,SYNTHETIC_GENERATOR_V1
CP_001222,2025-05-05,COKING_COAL,PREMIUM_COKING,264.07,USD,USD_PER_MT,SYNTHETIC,SYNTHETIC_GENERATOR_V1
CP_001223,2025-05-06,COKING_COAL,PREMIUM_COKING,262.36,USD,USD_PER_MT,SYNTHETIC,SYNTHETIC_GENERATOR_V1
CP_001224,2025-05-07,COKING_COAL,PREMIUM_COKING,263.73,USD,USD_PER_MT,SYNTHETIC,SYNTHETIC_GENERATOR_V1
CP_001225,2025-05-08,COKING_COAL,PREMIUM_COKING,260.43,USD,USD_PER_MT,SYNTHETIC,SYNTHETIC_GENERATOR_V1
CP_001226,2025-05-09,COKING_COAL,PREMIUM_COKING,261.74,USD,USD_PER_MT,SYNTHETIC,SYNTHETIC_GENERATOR_V1
CP_001227,2025-05-10,COKING_COAL,PREMIUM_COKING,260.52,USD,USD_PER_MT,SYNTHETIC,SYNTHETIC_GENERATOR_V1
CP_001228,2025-05-11,COKING_COAL,PREMIUM_COKING,260.59,USD,USD_PER_MT,SYNTHETIC,SYNTHETIC_GENERATOR_V1
CP_001229,2025-05-12,COKING_COAL,PREMIUM_COKING,258.70,USD,USD_PER_MT,SYNTHETIC,SYNTHETIC_GENERATOR_V1
CP_001230,2025-05-13,COKING_COAL,PREMIUM_COKING,257.88,USD,USD_PER_MT,SYNTHETIC,SYNTHETIC_GENERATOR_V1
CP_001231,2025-05-14,COKING_COAL,PREMIUM_COKING,257.64,USD,USD_PER_MT,SYNTHETIC,SYNTHETIC_GENERATOR_V1
CP_001232,2025-05-15,COKING_COAL,PREMIUM_COKING,254.53,USD,USD_PER_MT,SYNTHETIC,SYNTHETIC_GENERATOR_V1
CP_001233,2025-05-16,COKING_COAL,PREMIUM_COKING,254.26,USD,USD_PER_MT,SYNTHETIC,SYNTHETIC_GENERATOR_V1
CP_001234,2025-05-17,COKING_COAL,PREMIUM_COKING,254.97,USD,USD_PER_MT,SYNTHETIC,SYNTHETIC_GENERATOR_V1
CP_001235,2025-05-18,COKING_COAL,PREMIUM_COKING,253.35,USD,USD_PER_MT,SYNTHETIC,SYNTHETIC_GENERATOR_V1
CP_001236,2025-05-19,COKING_COAL,PREMIUM_COKING,254.21,USD,USD_PER_MT,SYNTHETIC,SYNTHETIC_GENERATOR_V1
CP_001237,2025-05-20,COKING_COAL,PREMIUM_COKING,255.64,USD,USD_PER_MT,SYNTHETIC,SYNTHETIC_GENERATOR_V1
CP_001238,2025-05-21,COKING_COAL,PREMIUM_COKING,254.14,USD,USD_PER_MT,SYNTHETIC,SYNTHETIC_GENERATOR_V1
CP_001239,2025-05-22,COKING_COAL,PREMIUM_COKING,253.15,USD,USD_PER_MT,SYNTHETIC,SYNTHETIC_GENERATOR_V1
CP_001240,2025-05-23,COKING_COAL,PREMIUM_COKING,256.67,USD,USD_PER_MT,SYNTHETIC,SYNTHETIC_GENERATOR_V1
CP_001241,2025-05-24,COKING_COAL,PREMIUM_COKING,255.61,USD,USD_PER_MT,SYNTHETIC,SYNTHETIC_GENERATOR_V1
CP_001242,2025-05-25,COKING_COAL,PREMIUM_COKING,257.12,USD,USD_PER_MT,SYNTHETIC,SYNTHETIC_GENERATOR_V1
CP_001243,2025-05-26,COKING_COAL,PREMIUM_COKING,257.44,USD,USD_PER_MT,SYNTHETIC,SYNTHETIC_GENERATOR_V1
CP_001244,2025-05-27,COKING_COAL,PREMIUM_COKING,257.59,USD,USD_PER_MT,SYNTHETIC,SYNTHETIC_GENERATOR_V1
CP_001245,2025-05-28,COKING_COAL,PREMIUM_COKING,257.54,USD,USD_PER_MT,SYNTHETIC,SYNTHETIC_GENERATOR_V1
CP_001246,2025-05-29,COKING_COAL,PREMIUM_COKING,259.82,USD,USD_PER_MT,SYNTHETIC,SYNTHETIC_GENERATOR_V1
CP_001247,2025-05-30,COKING_COAL,PREMIUM_COKING,261.80,USD,USD_PER_MT,SYNTHETIC,SYNTHETIC_GENERATOR_V1
CP_001248,2025-05-31,COKING_COAL,PREMIUM_COKING,259.94,USD,USD_PER_MT,SYNTHETIC,SYNTHETIC_GENERATOR_V1
CP_001249,2025-06-01,COKING_COAL,PREMIUM_COKING,259.19,USD,USD_PER_MT,SYNTHETIC,SYNTHETIC_GENERATOR_V1
CP_001250,2025-06-02,COKING_COAL,PREMIUM_COKING,258.64,USD,USD_PER_MT,SYNTHETIC,SYNTHETIC_GENERATOR_V1
CP_001251,2025-06-03,COKING_COAL,PREMIUM_COKING,258.52,USD,USD_PER_MT,SYNTHETIC,SYNTHETIC_GENERATOR_V1
CP_001252,2025-06-04,COKING_COAL,PREMIUM_COKING,256.75,USD,USD_PER_MT,SYNTHETIC,SYNTHETIC_GENERATOR_V1
CP_001253,2025-06-05,COKING_COAL,PREMIUM_COKING,257.62,USD,USD_PER_MT,SYNTHETIC,SYNTHETIC_GENERATOR_V1
CP_001254,2025-06-06,COKING_COAL,PREMIUM_COKING,255.34,USD,USD_PER_MT,SYNTHETIC,SYNTHETIC_GENERATOR_V1
CP_001255,2025-06-07,COKING_COAL,PREMIUM_COKING,254.68,USD,USD_PER_MT,SYNTHETIC,SYNTHETIC_GENERATOR_V1
CP_001256,2025-06-08,COKING_COAL,PREMIUM_COKING,255.76,USD,USD_PER_MT,SYNTHETIC,SYNTHETIC_GENERATOR_V1
CP_001257,2025-06-09,COKING_COAL,PREMIUM_COKING,255.07,USD,USD_PER_MT,SYNTHETIC,SYNTHETIC_GENERATOR_V1
CP_001258,2025-06-10,COKING_COAL,PREMIUM_COKING,255.88,USD,USD_PER_MT,SYNTHETIC,SYNTHETIC_GENERATOR_V1
CP_001259,2025-06-11,COKING_COAL,PREMIUM_COKING,255.14,USD,USD_PER_MT,SYNTHETIC,SYNTHETIC_GENERATOR_V1
CP_001260,2025-06-12,COKING_COAL,PREMIUM_COKING,252.91,USD,USD_PER_MT,SYNTHETIC,SYNTHETIC_GENERATOR_V1
CP_001261,2025-06-13,COKING_COAL,PREMIUM_COKING,252.35,USD,USD_PER_MT,SYNTHETIC,SYNTHETIC_GENERATOR_V1
CP_001262,2025-06-14,COKING_COAL,PREMIUM_COKING,249.69,USD,USD_PER_MT,SYNTHETIC,SYNTHETIC_GENERATOR_V1
CP_001263,2025-06-15,COKING_COAL,PREMIUM_COKING,246.99,USD,USD_PER_MT,SYNTHETIC,SYNTHETIC_GENERATOR_V1
CP_001264,2025-06-16,COKING_COAL,PREMIUM_COKING,249.88,USD,USD_PER_MT,SYNTHETIC,SYNTHETIC_GENERATOR_V1
CP_001265,2025-06-17,COKING_COAL,PREMIUM_COKING,250.27,USD,USD_PER_MT,SYNTHETIC,SYNTHETIC_GENERATOR_V1
CP_001266,2025-06-18,COKING_COAL,PREMIUM_COKING,252.11,USD,USD_PER_MT,SYNTHETIC,SYNTHETIC_GENERATOR_V1
CP_001267,2025-06-19,COKING_COAL,PREMIUM_COKING,253.39,USD,USD_PER_MT,SYNTHETIC,SYNTHETIC_GENERATOR_V1
CP_001268,2025-06-20,COKING_COAL,PREMIUM_COKING,251.43,USD,USD_PER_MT,SYNTHETIC,SYNTHETIC_GENERATOR_V1
CP_001269,2025-06-21,COKING_COAL,PREMIUM_COKING,250.92,USD,USD_PER_MT,SYNTHETIC,SYNTHETIC_GENERATOR_V1
CP_001270,2025-06-22,COKING_COAL,PREMIUM_COKING,249.97,USD,USD_PER_MT,SYNTHETIC,SYNTHETIC_GENERATOR_V1
CP_001271,2025-06-23,COKING_COAL,PREMIUM_COKING,251.41,USD,USD_PER_MT,SYNTHETIC,SYNTHETIC_GENERATOR_V1
CP_001272,2025-06-24,COKING_COAL,PREMIUM_COKING,252.10,USD,USD_PER_MT,SYNTHETIC,SYNTHETIC_GENERATOR_V1
CP_001273,2025-06-25,COKING_COAL,PREMIUM_COKING,254.67,USD,USD_PER_MT,SYNTHETIC,SYNTHETIC_GENERATOR_V1
CP_001274,2025-06-26,COKING_COAL,PREMIUM_COKING,251.59,USD,USD_PER_MT,SYNTHETIC,SYNTHETIC_GENERATOR_V1
CP_001275,2025-06-27,COKING_COAL,PREMIUM_COKING,250.48,USD,USD_PER_MT,SYNTHETIC,SYNTHETIC_GENERATOR_V1
CP_001276,2025-06-28,COKING_COAL,PREMIUM_COKING,251.92,USD,USD_PER_MT,SYNTHETIC,SYNTHETIC_GENERATOR_V1
CP_001277,2025-06-29,COKING_COAL,PREMIUM_COKING,251.15,USD,USD_PER_MT,SYNTHETIC,SYNTHETIC_GENERATOR_V1
CP_001278,2025-06-30,COKING_COAL,PREMIUM_COKING,253.22,USD,USD_PER_MT,SYNTHETIC,SYNTHETIC_GENERATOR_V1
CP_001279,2025-07-01,COKING_COAL,PREMIUM_COKING,253.00,USD,USD_PER_MT,SYNTHETIC,SYNTHETIC_GENERATOR_V1
CP_001280,2025-07-02,COKING_COAL,PREMIUM_COKING,253.10,USD,USD_PER_MT,SYNTHETIC,SYNTHETIC_GENERATOR_V1
CP_001281,2025-07-03,COKING_COAL,PREMIUM_COKING,254.34,USD,USD_PER_MT,SYNTHETIC,SYNTHETIC_GENERATOR_V1
CP_001282,2025-07-04,COKING_COAL,PREMIUM_COKING,254.43,USD,USD_PER_MT,SYNTHETIC,SYNTHETIC_GENERATOR_V1
CP_001283,2025-07-05,COKING_COAL,PREMIUM_COKING,253.29,USD,USD_PER_MT,SYNTHETIC,SYNTHETIC_GENERATOR_V1
CP_001284,2025-07-06,COKING_COAL,PREMIUM_COKING,251.83,USD,USD_PER_MT,SYNTHETIC,SYNTHETIC_GENERATOR_V1
CP_001285,2025-07-07,COKING_COAL,PREMIUM_COKING,251.76,USD,USD_PER_MT,SYNTHETIC,SYNTHETIC_GENERATOR_V1
CP_001286,2025-07-08,COKING_COAL,PREMIUM_COKING,253.14,USD,USD_PER_MT,SYNTHETIC,SYNTHETIC_GENERATOR_V1
CP_001287,2025-07-09,COKING_COAL,PREMIUM_COKING,252.08,USD,USD_PER_MT,SYNTHETIC,SYNTHETIC_GENERATOR_V1
CP_001288,2025-07-10,COKING_COAL,PREMIUM_COKING,254.14,USD,USD_PER_MT,SYNTHETIC,SYNTHETIC_GENERATOR_V1
CP_001289,2025-07-11,COKING_COAL,PREMIUM_COKING,253.75,USD,USD_PER_MT,SYNTHETIC,SYNTHETIC_GENERATOR_V1
CP_001290,2025-07-12,COKING_COAL,PREMIUM_COKING,254.78,USD,USD_PER_MT,SYNTHETIC,SYNTHETIC_GENERATOR_V1
CP_001291,2025-07-13,COKING_COAL,PREMIUM_COKING,256.44,USD,USD_PER_MT,SYNTHETIC,SYNTHETIC_GENERATOR_V1
CP_001292,2025-07-14,COKING_COAL,PREMIUM_COKING,256.61,USD,USD_PER_MT,SYNTHETIC,SYNTHETIC_GENERATOR_V1
CP_001293,2025-07-15,COKING_COAL,PREMIUM_COKING,257.86,USD,USD_PER_MT,SYNTHETIC,SYNTHETIC_GENERATOR_V1
CP_001294,2025-07-16,COKING_COAL,PREMIUM_COKING,260.07,USD,USD_PER_MT,SYNTHETIC,SYNTHETIC_GENERATOR_V1
CP_001295,2025-07-17,COKING_COAL,PREMIUM_COKING,261.24,USD,USD_PER_MT,SYNTHETIC,SYNTHETIC_GENERATOR_V1
CP_001296,2025-07-18,COKING_COAL,PREMIUM_COKING,259.52,USD,USD_PER_MT,SYNTHETIC,SYNTHETIC_GENERATOR_V1
CP_001297,2025-07-19,COKING_COAL,PREMIUM_COKING,261.02,USD,USD_PER_MT,SYNTHETIC,SYNTHETIC_GENERATOR_V1
CP_001298,2025-07-20,COKING_COAL,PREMIUM_COKING,265.79,USD,USD_PER_MT,SYNTHETIC,SYNTHETIC_GENERATOR_V1
CP_001299,2025-07-21,COKING_COAL,PREMIUM_COKING,267.03,USD,USD_PER_MT,SYNTHETIC,SYNTHETIC_GENERATOR_V1
CP_001300,2025-07-22,COKING_COAL,PREMIUM_COKING,268.78,USD,USD_PER_MT,SYNTHETIC,SYNTHETIC_GENERATOR_V1
CP_001301,2025-07-23,COKING_COAL,PREMIUM_COKING,267.02,USD,USD_PER_MT,SYNTHETIC,SYNTHETIC_GENERATOR_V1
CP_001302,2025-07-24,COKING_COAL,PREMIUM_COKING,269.58,USD,USD_PER_MT,SYNTHETIC,SYNTHETIC_GENERATOR_V1
CP_001303,2025-07-25,COKING_COAL,PREMIUM_COKING,266.53,USD,USD_PER_MT,SYNTHETIC,SYNTHETIC_GENERATOR_V1
CP_001304,2025-07-26,COKING_COAL,PREMIUM_COKING,267.19,USD,USD_PER_MT,SYNTHETIC,SYNTHETIC_GENERATOR_V1
CP_001305,2025-07-27,COKING_COAL,PREMIUM_COKING,270.22,USD,USD_PER_MT,SYNTHETIC,SYNTHETIC_GENERATOR_V1
CP_001306,2025-07-28,COKING_COAL,PREMIUM_COKING,270.16,USD,USD_PER_MT,SYNTHETIC,SYNTHETIC_GENERATOR_V1
CP_001307,2025-07-29,COKING_COAL,PREMIUM_COKING,267.39,USD,USD_PER_MT,SYNTHETIC,SYNTHETIC_GENERATOR_V1
CP_001308,2025-07-30,COKING_COAL,PREMIUM_COKING,267.87,USD,USD_PER_MT,SYNTHETIC,SYNTHETIC_GENERATOR_V1
CP_001309,2025-07-31,COKING_COAL,PREMIUM_COKING,266.32,USD,USD_PER_MT,SYNTHETIC,SYNTHETIC_GENERATOR_V1
CP_001310,2025-08-01,COKING_COAL,PREMIUM_COKING,267.14,USD,USD_PER_MT,SYNTHETIC,SYNTHETIC_GENERATOR_V1
CP_001311,2025-08-02,COKING_COAL,PREMIUM_COKING,265.48,USD,USD_PER_MT,SYNTHETIC,SYNTHETIC_GENERATOR_V1
CP_001312,2025-08-03,COKING_COAL,PREMIUM_COKING,266.43,USD,USD_PER_MT,SYNTHETIC,SYNTHETIC_GENERATOR_V1
CP_001313,2025-08-04,COKING_COAL,PREMIUM_COKING,266.47,USD,USD_PER_MT,SYNTHETIC,SYNTHETIC_GENERATOR_V1
CP_001314,2025-08-05,COKING_COAL,PREMIUM_COKING,265.88,USD,USD_PER_MT,SYNTHETIC,SYNTHETIC_GENERATOR_V1
CP_001315,2025-08-06,COKING_COAL,PREMIUM_COKING,264.80,USD,USD_PER_MT,SYNTHETIC,SYNTHETIC_GENERATOR_V1
CP_001316,2025-08-07,COKING_COAL,PREMIUM_COKING,263.48,USD,USD_PER_MT,SYNTHETIC,SYNTHETIC_GENERATOR_V1
CP_001317,2025-08-08,COKING_COAL,PREMIUM_COKING,262.19,USD,USD_PER_MT,SYNTHETIC,SYNTHETIC_GENERATOR_V1
CP_001318,2025-08-09,COKING_COAL,PREMIUM_COKING,264.62,USD,USD_PER_MT,SYNTHETIC,SYNTHETIC_GENERATOR_V1
CP_001319,2025-08-10,COKING_COAL,PREMIUM_COKING,265.10,USD,USD_PER_MT,SYNTHETIC,SYNTHETIC_GENERATOR_V1
CP_001320,2025-08-11,COKING_COAL,PREMIUM_COKING,264.62,USD,USD_PER_MT,SYNTHETIC,SYNTHETIC_GENERATOR_V1
CP_001321,2025-08-12,COKING_COAL,PREMIUM_COKING,264.73,USD,USD_PER_MT,SYNTHETIC,SYNTHETIC_GENERATOR_V1
CP_001322,2025-08-13,COKING_COAL,PREMIUM_COKING,264.29,USD,USD_PER_MT,SYNTHETIC,SYNTHETIC_GENERATOR_V1
CP_001323,2025-08-14,COKING_COAL,PREMIUM_COKING,260.22,USD,USD_PER_MT,SYNTHETIC,SYNTHETIC_GENERATOR_V1
CP_001324,2025-08-15,COKING_COAL,PREMIUM_COKING,259.12,USD,USD_PER_MT,SYNTHETIC,SYNTHETIC_GENERATOR_V1
CP_001325,2025-08-16,COKING_COAL,PREMIUM_COKING,260.83,USD,USD_PER_MT,SYNTHETIC,SYNTHETIC_GENERATOR_V1
CP_001326,2025-08-17,COKING_COAL,PREMIUM_COKING,259.84,USD,USD_PER_MT,SYNTHETIC,SYNTHETIC_GENERATOR_V1
CP_001327,2025-08-18,COKING_COAL,PREMIUM_COKING,260.29,USD,USD_PER_MT,SYNTHETIC,SYNTHETIC_GENERATOR_V1
CP_001328,2025-08-19,COKING_COAL,PREMIUM_COKING,259.48,USD,USD_PER_MT,SYNTHETIC,SYNTHETIC_GENERATOR_V1
CP_001329,2025-08-20,COKING_COAL,PREMIUM_COKING,262.06,USD,USD_PER_MT,SYNTHETIC,SYNTHETIC_GENERATOR_V1
CP_001330,2025-08-21,COKING_COAL,PREMIUM_COKING,260.90,USD,USD_PER_MT,SYNTHETIC,SYNTHETIC_GENERATOR_V1
CP_001331,2025-08-22,COKING_COAL,PREMIUM_COKING,261.77,USD,USD_PER_MT,SYNTHETIC,SYNTHETIC_GENERATOR_V1
CP_001332,2025-08-23,COKING_COAL,PREMIUM_COKING,260.58,USD,USD_PER_MT,SYNTHETIC,SYNTHETIC_GENERATOR_V1
CP_001333,2025-08-24,COKING_COAL,PREMIUM_COKING,260.73,USD,USD_PER_MT,SYNTHETIC,SYNTHETIC_GENERATOR_V1
CP_001334,2025-08-25,COKING_COAL,PREMIUM_COKING,260.02,USD,USD_PER_MT,SYNTHETIC,SYNTHETIC_GENERATOR_V1
CP_001335,2025-08-26,COKING_COAL,PREMIUM_COKING,261.11,USD,USD_PER_MT,SYNTHETIC,SYNTHETIC_GENERATOR_V1
CP_001336,2025-08-27,COKING_COAL,PREMIUM_COKING,259.20,USD,USD_PER_MT,SYNTHETIC,SYNTHETIC_GENERATOR_V1
CP_001337,2025-08-28,COKING_COAL,PREMIUM_COKING,260.19,USD,USD_PER_MT,SYNTHETIC,SYNTHETIC_GENERATOR_V1
CP_001338,2025-08-29,COKING_COAL,PREMIUM_COKING,263.35,USD,USD_PER_MT,SYNTHETIC,SYNTHETIC_GENERATOR_V1
CP_001339,2025-08-30,COKING_COAL,PREMIUM_COKING,263.38,USD,USD_PER_MT,SYNTHETIC,SYNTHETIC_GENERATOR_V1
CP_001340,2025-08-31,COKING_COAL,PREMIUM_COKING,264.73,USD,USD_PER_MT,SYNTHETIC,SYNTHETIC_GENERATOR_V1
CP_001341,2025-09-01,COKING_COAL,PREMIUM_COKING,267.80,USD,USD_PER_MT,SYNTHETIC,SYNTHETIC_GENERATOR_V1
CP_001342,2025-09-02,COKING_COAL,PREMIUM_COKING,267.52,USD,USD_PER_MT,SYNTHETIC,SYNTHETIC_GENERATOR_V1
CP_001343,2025-09-03,COKING_COAL,PREMIUM_COKING,269.05,USD,USD_PER_MT,SYNTHETIC,SYNTHETIC_GENERATOR_V1
CP_001344,2025-09-04,COKING_COAL,PREMIUM_COKING,269.49,USD,USD_PER_MT,SYNTHETIC,SYNTHETIC_GENERATOR_V1
CP_001345,2025-09-05,COKING_COAL,PREMIUM_COKING,267.86,USD,USD_PER_MT,SYNTHETIC,SYNTHETIC_GENERATOR_V1
CP_001346,2025-09-06,COKING_COAL,PREMIUM_COKING,271.18,USD,USD_PER_MT,SYNTHETIC,SYNTHETIC_GENERATOR_V1
CP_001347,2025-09-07,COKING_COAL,PREMIUM_COKING,271.66,USD,USD_PER_MT,SYNTHETIC,SYNTHETIC_GENERATOR_V1
CP_001348,2025-09-08,COKING_COAL,PREMIUM_COKING,271.41,USD,USD_PER_MT,SYNTHETIC,SYNTHETIC_GENERATOR_V1
CP_001349,2025-09-09,COKING_COAL,PREMIUM_COKING,267.90,USD,USD_PER_MT,SYNTHETIC,SYNTHETIC_GENERATOR_V1
CP_001350,2025-09-10,COKING_COAL,PREMIUM_COKING,268.31,USD,USD_PER_MT,SYNTHETIC,SYNTHETIC_GENERATOR_V1
CP_001351,2025-09-11,COKING_COAL,PREMIUM_COKING,267.67,USD,USD_PER_MT,SYNTHETIC,SYNTHETIC_GENERATOR_V1
CP_001352,2025-09-12,COKING_COAL,PREMIUM_COKING,264.17,USD,USD_PER_MT,SYNTHETIC,SYNTHETIC_GENERATOR_V1
CP_001353,2025-09-13,COKING_COAL,PREMIUM_COKING,263.87,USD,USD_PER_MT,SYNTHETIC,SYNTHETIC_GENERATOR_V1
CP_001354,2025-09-14,COKING_COAL,PREMIUM_COKING,266.30,USD,USD_PER_MT,SYNTHETIC,SYNTHETIC_GENERATOR_V1
CP_001355,2025-09-15,COKING_COAL,PREMIUM_COKING,267.58,USD,USD_PER_MT,SYNTHETIC,SYNTHETIC_GENERATOR_V1
CP_001356,2025-09-16,COKING_COAL,PREMIUM_COKING,266.86,USD,USD_PER_MT,SYNTHETIC,SYNTHETIC_GENERATOR_V1
CP_001357,2025-09-17,COKING_COAL,PREMIUM_COKING,267.78,USD,USD_PER_MT,SYNTHETIC,SYNTHETIC_GENERATOR_V1
CP_001358,2025-09-18,COKING_COAL,PREMIUM_COKING,266.14,USD,USD_PER_MT,SYNTHETIC,SYNTHETIC_GENERATOR_V1
CP_001359,2025-09-19,COKING_COAL,PREMIUM_COKING,267.14,USD,USD_PER_MT,SYNTHETIC,SYNTHETIC_GENERATOR_V1
CP_001360,2025-09-20,COKING_COAL,PREMIUM_COKING,267.60,USD,USD_PER_MT,SYNTHETIC,SYNTHETIC_GENERATOR_V1
CP_001361,2025-09-21,COKING_COAL,PREMIUM_COKING,269.41,USD,USD_PER_MT,SYNTHETIC,SYNTHETIC_GENERATOR_V1
CP_001362,2025-09-22,COKING_COAL,PREMIUM_COKING,271.00,USD,USD_PER_MT,SYNTHETIC,SYNTHETIC_GENERATOR_V1
CP_001363,2025-09-23,COKING_COAL,PREMIUM_COKING,270.76,USD,USD_PER_MT,SYNTHETIC,SYNTHETIC_GENERATOR_V1
CP_001364,2025-09-24,COKING_COAL,PREMIUM_COKING,271.27,USD,USD_PER_MT,SYNTHETIC,SYNTHETIC_GENERATOR_V1
CP_001365,2025-09-25,COKING_COAL,PREMIUM_COKING,269.68,USD,USD_PER_MT,SYNTHETIC,SYNTHETIC_GENERATOR_V1
CP_001366,2025-09-26,COKING_COAL,PREMIUM_COKING,270.38,USD,USD_PER_MT,SYNTHETIC,SYNTHETIC_GENERATOR_V1
CP_001367,2025-09-27,COKING_COAL,PREMIUM_COKING,269.07,USD,USD_PER_MT,SYNTHETIC,SYNTHETIC_GENERATOR_V1
CP_001368,2025-09-28,COKING_COAL,PREMIUM_COKING,269.51,USD,USD_PER_MT,SYNTHETIC,SYNTHETIC_GENERATOR_V1
CP_001369,2025-09-29,COKING_COAL,PREMIUM_COKING,269.80,USD,USD_PER_MT,SYNTHETIC,SYNTHETIC_GENERATOR_V1
CP_001370,2025-09-30,COKING_COAL,PREMIUM_COKING,265.78,USD,USD_PER_MT,SYNTHETIC,SYNTHETIC_GENERATOR_V1
CP_001371,2025-10-01,COKING_COAL,PREMIUM_COKING,266.37,USD,USD_PER_MT,SYNTHETIC,SYNTHETIC_GENERATOR_V1
CP_001372,2025-10-02,COKING_COAL,PREMIUM_COKING,266.91,USD,USD_PER_MT,SYNTHETIC,SYNTHETIC_GENERATOR_V1
CP_001373,2025-10-03,COKING_COAL,PREMIUM_COKING,266.40,USD,USD_PER_MT,SYNTHETIC,SYNTHETIC_GENERATOR_V1
CP_001374,2025-10-04,COKING_COAL,PREMIUM_COKING,268.16,USD,USD_PER_MT,SYNTHETIC,SYNTHETIC_GENERATOR_V1
CP_001375,2025-10-05,COKING_COAL,PREMIUM_COKING,269.98,USD,USD_PER_MT,SYNTHETIC,SYNTHETIC_GENERATOR_V1
CP_001376,2025-10-06,COKING_COAL,PREMIUM_COKING,267.37,USD,USD_PER_MT,SYNTHETIC,SYNTHETIC_GENERATOR_V1
CP_001377,2025-10-07,COKING_COAL,PREMIUM_COKING,267.33,USD,USD_PER_MT,SYNTHETIC,SYNTHETIC_GENERATOR_V1
CP_001378,2025-10-08,COKING_COAL,PREMIUM_COKING,264.49,USD,USD_PER_MT,SYNTHETIC,SYNTHETIC_GENERATOR_V1
CP_001379,2025-10-09,COKING_COAL,PREMIUM_COKING,264.42,USD,USD_PER_MT,SYNTHETIC,SYNTHETIC_GENERATOR_V1
CP_001380,2025-10-10,COKING_COAL,PREMIUM_COKING,264.01,USD,USD_PER_MT,SYNTHETIC,SYNTHETIC_GENERATOR_V1
CP_001381,2025-10-11,COKING_COAL,PREMIUM_COKING,263.34,USD,USD_PER_MT,SYNTHETIC,SYNTHETIC_GENERATOR_V1
CP_001382,2025-10-12,COKING_COAL,PREMIUM_COKING,264.78,USD,USD_PER_MT,SYNTHETIC,SYNTHETIC_GENERATOR_V1
CP_001383,2025-10-13,COKING_COAL,PREMIUM_COKING,265.97,USD,USD_PER_MT,SYNTHETIC,SYNTHETIC_GENERATOR_V1
CP_001384,2025-10-14,COKING_COAL,PREMIUM_COKING,266.46,USD,USD_PER_MT,SYNTHETIC,SYNTHETIC_GENERATOR_V1
CP_001385,2025-10-15,COKING_COAL,PREMIUM_COKING,266.23,USD,USD_PER_MT,SYNTHETIC,SYNTHETIC_GENERATOR_V1
CP_001386,2025-10-16,COKING_COAL,PREMIUM_COKING,264.86,USD,USD_PER_MT,SYNTHETIC,SYNTHETIC_GENERATOR_V1
CP_001387,2025-10-17,COKING_COAL,PREMIUM_COKING,264.36,USD,USD_PER_MT,SYNTHETIC,SYNTHETIC_GENERATOR_V1
CP_001388,2025-10-18,COKING_COAL,PREMIUM_COKING,266.06,USD,USD_PER_MT,SYNTHETIC,SYNTHETIC_GENERATOR_V1
CP_001389,2025-10-19,COKING_COAL,PREMIUM_COKING,266.14,USD,USD_PER_MT,SYNTHETIC,SYNTHETIC_GENERATOR_V1
CP_001390,2025-10-20,COKING_COAL,PREMIUM_COKING,265.65,USD,USD_PER_MT,SYNTHETIC,SYNTHETIC_GENERATOR_V1
CP_001391,2025-10-21,COKING_COAL,PREMIUM_COKING,266.23,USD,USD_PER_MT,SYNTHETIC,SYNTHETIC_GENERATOR_V1
CP_001392,2025-10-22,COKING_COAL,PREMIUM_COKING,264.01,USD,USD_PER_MT,SYNTHETIC,SYNTHETIC_GENERATOR_V1
CP_001393,2025-10-23,COKING_COAL,PREMIUM_COKING,264.51,USD,USD_PER_MT,SYNTHETIC,SYNTHETIC_GENERATOR_V1
CP_001394,2025-10-24,COKING_COAL,PREMIUM_COKING,264.07,USD,USD_PER_MT,SYNTHETIC,SYNTHETIC_GENERATOR_V1
CP_001395,2025-10-25,COKING_COAL,PREMIUM_COKING,263.60,USD,USD_PER_MT,SYNTHETIC,SYNTHETIC_GENERATOR_V1
CP_001396,2025-10-26,COKING_COAL,PREMIUM_COKING,268.43,USD,USD_PER_MT,SYNTHETIC,SYNTHETIC_GENERATOR_V1
CP_001397,2025-10-27,COKING_COAL,PREMIUM_COKING,266.43,USD,USD_PER_MT,SYNTHETIC,SYNTHETIC_GENERATOR_V1
CP_001398,2025-10-28,COKING_COAL,PREMIUM_COKING,266.43,USD,USD_PER_MT,SYNTHETIC,SYNTHETIC_GENERATOR_V1
CP_001399,2025-10-29,COKING_COAL,PREMIUM_COKING,267.97,USD,USD_PER_MT,SYNTHETIC,SYNTHETIC_GENERATOR_V1
CP_001400,2025-10-30,COKING_COAL,PREMIUM_COKING,267.14,USD,USD_PER_MT,SYNTHETIC,SYNTHETIC_GENERATOR_V1
CP_001401,2025-10-31,COKING_COAL,PREMIUM_COKING,266.77,USD,USD_PER_MT,SYNTHETIC,SYNTHETIC_GENERATOR_V1
CP_001402,2025-11-01,COKING_COAL,PREMIUM_COKING,266.35,USD,USD_PER_MT,SYNTHETIC,SYNTHETIC_GENERATOR_V1
CP_001403,2025-11-02,COKING_COAL,PREMIUM_COKING,266.40,USD,USD_PER_MT,SYNTHETIC,SYNTHETIC_GENERATOR_V1
CP_001404,2025-11-03,COKING_COAL,PREMIUM_COKING,264.08,USD,USD_PER_MT,SYNTHETIC,SYNTHETIC_GENERATOR_V1
CP_001405,2025-11-04,COKING_COAL,PREMIUM_COKING,264.63,USD,USD_PER_MT,SYNTHETIC,SYNTHETIC_GENERATOR_V1
CP_001406,2025-11-05,COKING_COAL,PREMIUM_COKING,265.76,USD,USD_PER_MT,SYNTHETIC,SYNTHETIC_GENERATOR_V1
CP_001407,2025-11-06,COKING_COAL,PREMIUM_COKING,263.94,USD,USD_PER_MT,SYNTHETIC,SYNTHETIC_GENERATOR_V1
CP_001408,2025-11-07,COKING_COAL,PREMIUM_COKING,263.60,USD,USD_PER_MT,SYNTHETIC,SYNTHETIC_GENERATOR_V1
CP_001409,2025-11-08,COKING_COAL,PREMIUM_COKING,264.37,USD,USD_PER_MT,SYNTHETIC,SYNTHETIC_GENERATOR_V1
CP_001410,2025-11-09,COKING_COAL,PREMIUM_COKING,266.41,USD,USD_PER_MT,SYNTHETIC,SYNTHETIC_GENERATOR_V1
CP_001411,2025-11-10,COKING_COAL,PREMIUM_COKING,265.75,USD,USD_PER_MT,SYNTHETIC,SYNTHETIC_GENERATOR_V1
CP_001412,2025-11-11,COKING_COAL,PREMIUM_COKING,265.63,USD,USD_PER_MT,SYNTHETIC,SYNTHETIC_GENERATOR_V1
CP_001413,2025-11-12,COKING_COAL,PREMIUM_COKING,266.35,USD,USD_PER_MT,SYNTHETIC,SYNTHETIC_GENERATOR_V1
CP_001414,2025-11-13,COKING_COAL,PREMIUM_COKING,265.05,USD,USD_PER_MT,SYNTHETIC,SYNTHETIC_GENERATOR_V1
CP_001415,2025-11-14,COKING_COAL,PREMIUM_COKING,265.88,USD,USD_PER_MT,SYNTHETIC,SYNTHETIC_GENERATOR_V1
CP_001416,2025-11-15,COKING_COAL,PREMIUM_COKING,264.56,USD,USD_PER_MT,SYNTHETIC,SYNTHETIC_GENERATOR_V1
CP_001417,2025-11-16,COKING_COAL,PREMIUM_COKING,266.10,USD,USD_PER_MT,SYNTHETIC,SYNTHETIC_GENERATOR_V1
CP_001418,2025-11-17,COKING_COAL,PREMIUM_COKING,265.38,USD,USD_PER_MT,SYNTHETIC,SYNTHETIC_GENERATOR_V1
CP_001419,2025-11-18,COKING_COAL,PREMIUM_COKING,263.92,USD,USD_PER_MT,SYNTHETIC,SYNTHETIC_GENERATOR_V1
CP_001420,2025-11-19,COKING_COAL,PREMIUM_COKING,265.78,USD,USD_PER_MT,SYNTHETIC,SYNTHETIC_GENERATOR_V1
CP_001421,2025-11-20,COKING_COAL,PREMIUM_COKING,264.26,USD,USD_PER_MT,SYNTHETIC,SYNTHETIC_GENERATOR_V1
CP_001422,2025-11-21,COKING_COAL,PREMIUM_COKING,266.44,USD,USD_PER_MT,SYNTHETIC,SYNTHETIC_GENERATOR_V1
CP_001423,2025-11-22,COKING_COAL,PREMIUM_COKING,263.37,USD,USD_PER_MT,SYNTHETIC,SYNTHETIC_GENERATOR_V1
CP_001424,2025-11-23,COKING_COAL,PREMIUM_COKING,263.34,USD,USD_PER_MT,SYNTHETIC,SYNTHETIC_GENERATOR_V1
CP_001425,2025-11-24,COKING_COAL,PREMIUM_COKING,262.59,USD,USD_PER_MT,SYNTHETIC,SYNTHETIC_GENERATOR_V1
CP_001426,2025-11-25,COKING_COAL,PREMIUM_COKING,260.92,USD,USD_PER_MT,SYNTHETIC,SYNTHETIC_GENERATOR_V1
CP_001427,2025-11-26,COKING_COAL,PREMIUM_COKING,259.79,USD,USD_PER_MT,SYNTHETIC,SYNTHETIC_GENERATOR_V1
CP_001428,2025-11-27,COKING_COAL,PREMIUM_COKING,259.49,USD,USD_PER_MT,SYNTHETIC,SYNTHETIC_GENERATOR_V1
CP_001429,2025-11-28,COKING_COAL,PREMIUM_COKING,259.04,USD,USD_PER_MT,SYNTHETIC,SYNTHETIC_GENERATOR_V1
CP_001430,2025-11-29,COKING_COAL,PREMIUM_COKING,256.88,USD,USD_PER_MT,SYNTHETIC,SYNTHETIC_GENERATOR_V1
CP_001431,2025-11-30,COKING_COAL,PREMIUM_COKING,257.03,USD,USD_PER_MT,SYNTHETIC,SYNTHETIC_GENERATOR_V1
CP_001432,2025-12-01,COKING_COAL,PREMIUM_COKING,258.64,USD,USD_PER_MT,SYNTHETIC,SYNTHETIC_GENERATOR_V1
CP_001433,2025-12-02,COKING_COAL,PREMIUM_COKING,256.25,USD,USD_PER_MT,SYNTHETIC,SYNTHETIC_GENERATOR_V1
CP_001434,2025-12-03,COKING_COAL,PREMIUM_COKING,254.77,USD,USD_PER_MT,SYNTHETIC,SYNTHETIC_GENERATOR_V1
CP_001435,2025-12-04,COKING_COAL,PREMIUM_COKING,253.51,USD,USD_PER_MT,SYNTHETIC,SYNTHETIC_GENERATOR_V1
CP_001436,2025-12-05,COKING_COAL,PREMIUM_COKING,252.45,USD,USD_PER_MT,SYNTHETIC,SYNTHETIC_GENERATOR_V1
CP_001437,2025-12-06,COKING_COAL,PREMIUM_COKING,250.57,USD,USD_PER_MT,SYNTHETIC,SYNTHETIC_GENERATOR_V1
CP_001438,2025-12-07,COKING_COAL,PREMIUM_COKING,250.11,USD,USD_PER_MT,SYNTHETIC,SYNTHETIC_GENERATOR_V1
CP_001439,2025-12-08,COKING_COAL,PREMIUM_COKING,252.65,USD,USD_PER_MT,SYNTHETIC,SYNTHETIC_GENERATOR_V1
CP_001440,2025-12-09,COKING_COAL,PREMIUM_COKING,252.93,USD,USD_PER_MT,SYNTHETIC,SYNTHETIC_GENERATOR_V1
CP_001441,2025-12-10,COKING_COAL,PREMIUM_COKING,253.98,USD,USD_PER_MT,SYNTHETIC,SYNTHETIC_GENERATOR_V1
CP_001442,2025-12-11,COKING_COAL,PREMIUM_COKING,253.96,USD,USD_PER_MT,SYNTHETIC,SYNTHETIC_GENERATOR_V1
CP_001443,2025-12-12,COKING_COAL,PREMIUM_COKING,257.53,USD,USD_PER_MT,SYNTHETIC,SYNTHETIC_GENERATOR_V1
CP_001444,2025-12-13,COKING_COAL,PREMIUM_COKING,257.21,USD,USD_PER_MT,SYNTHETIC,SYNTHETIC_GENERATOR_V1
CP_001445,2025-12-14,COKING_COAL,PREMIUM_COKING,255.50,USD,USD_PER_MT,SYNTHETIC,SYNTHETIC_GENERATOR_V1
CP_001446,2025-12-15,COKING_COAL,PREMIUM_COKING,256.89,USD,USD_PER_MT,SYNTHETIC,SYNTHETIC_GENERATOR_V1
CP_001447,2025-12-16,COKING_COAL,PREMIUM_COKING,256.71,USD,USD_PER_MT,SYNTHETIC,SYNTHETIC_GENERATOR_V1
CP_001448,2025-12-17,COKING_COAL,PREMIUM_COKING,254.58,USD,USD_PER_MT,SYNTHETIC,SYNTHETIC_GENERATOR_V1
CP_001449,2025-12-18,COKING_COAL,PREMIUM_COKING,255.44,USD,USD_PER_MT,SYNTHETIC,SYNTHETIC_GENERATOR_V1
CP_001450,2025-12-19,COKING_COAL,PREMIUM_COKING,253.29,USD,USD_PER_MT,SYNTHETIC,SYNTHETIC_GENERATOR_V1
CP_001451,2025-12-20,COKING_COAL,PREMIUM_COKING,253.16,USD,USD_PER_MT,SYNTHETIC,SYNTHETIC_GENERATOR_V1
CP_001452,2025-12-21,COKING_COAL,PREMIUM_COKING,255.91,USD,USD_PER_MT,SYNTHETIC,SYNTHETIC_GENERATOR_V1
CP_001453,2025-12-22,COKING_COAL,PREMIUM_COKING,257.36,USD,USD_PER_MT,SYNTHETIC,SYNTHETIC_GENERATOR_V1
CP_001454,2025-12-23,COKING_COAL,PREMIUM_COKING,256.46,USD,USD_PER_MT,SYNTHETIC,SYNTHETIC_GENERATOR_V1
CP_001455,2025-12-24,COKING_COAL,PREMIUM_COKING,256.56,USD,USD_PER_MT,SYNTHETIC,SYNTHETIC_GENERATOR_V1
CP_001456,2025-12-25,COKING_COAL,PREMIUM_COKING,259.05,USD,USD_PER_MT,SYNTHETIC,SYNTHETIC_GENERATOR_V1
CP_001457,2025-12-26,COKING_COAL,PREMIUM_COKING,263.07,USD,USD_PER_MT,SYNTHETIC,SYNTHETIC_GENERATOR_V1
CP_001458,2025-12-27,COKING_COAL,PREMIUM_COKING,262.46,USD,USD_PER_MT,SYNTHETIC,SYNTHETIC_GENERATOR_V1
CP_001459,2025-12-28,COKING_COAL,PREMIUM_COKING,264.35,USD,USD_PER_MT,SYNTHETIC,SYNTHETIC_GENERATOR_V1
CP_001460,2025-12-29,COKING_COAL,PREMIUM_COKING,261.58,USD,USD_PER_MT,SYNTHETIC,SYNTHETIC_GENERATOR_V1
CP_001461,2025-12-30,COKING_COAL,PREMIUM_COKING,264.26,USD,USD_PER_MT,SYNTHETIC,SYNTHETIC_GENERATOR_V1
CP_001462,2025-12-31,COKING_COAL,PREMIUM_COKING,263.29,USD,USD_PER_MT,SYNTHETIC,SYNTHETIC_GENERATOR_V1
