fuel_price_id,observation_date,fuel_type,price_value,currency,unit,data_type,source
FP_000001,2024-01-01,VLSFO,594.47,USD,USD_PER_MT,SYNTHETIC,SYNTHETIC_GENERATOR_V1
FP_000002,2024-01-02,VLSFO,604.22,USD,USD_PER_MT,SYNTHETIC,SYNTHETIC_GENERATOR_V1
FP_000003,2024-01-03,VLSFO,602.02,USD,USD_PER_MT,SYNTHETIC,SYNTHETIC_GENERATOR_V1
FP_000004,2024-01-04,VLSFO,600.21,USD,USD_PER_MT,SYNTHETIC,SYNTHETIC_GENERATOR_V1
FP_000005,2024-01-05,VLSFO,601.70,USD,USD_PER_MT,SYNTHETIC,SYNTHETIC_GENERATOR_V1
FP_000006,2024-01-06,VLSFO,597.20,USD,USD_PER_MT,SYNTHETIC,SYNTHETIC_GENERATOR_V1
FP_000007,2024-01-07,VLSFO,592.30,USD,USD_PER_MT,SYNTHETIC,SYNTHETIC_GENERATOR_V1
FP_000008,2024-01-08,VLSFO,593.45,USD,USD_PER_MT,SYNTHETIC,SYNTHETIC_GENERATOR_V1
FP_000009,2024-01-09,VLSFO,586.40,USD,USD_PER_MT,SYNTHETIC,SYNTHETIC_GENERATOR_V1
FP_000010,2024-01-10,VLSFO,591.60,USD,USD_PER_MT,SYNTHETIC,SYNTHETIC_GENERATOR_V1
FP_000011,2024-01-11,VLSFO,593.49,USD,USD_PER_MT,SYNTHETIC,SYNTHETIC_GENERATOR_V1
FP_000012,2024-01-12,VLSFO,596.38,USD,USD_PER_MT,SYNTHETIC,SYNTHETIC_GENERATOR_V1
FP_000013,2024-01-13,VLSFO,596.16,USD,USD_PER_MT,SYNTHETIC,SYNTHETIC_GENERATOR_V1
FP_000014,2024-01-14,VLSFO,590.84,USD,USD_PER_MT,SYNTHETIC,SYNTHETIC_GENERATOR_V1
FP_000015,2024-01-15,VLSFO,586.65,USD,USD_PER_MT,SYNTHETIC,SYNTHETIC_GENERATOR_V1
FP_000016,2024-01-16,VLSFO,584.41,USD,USD_PER_MT,SYNTHETIC,SYNTHETIC_GENERATOR_V1
FP_000017,2024-01-17,VLSFO,579.03,USD,USD_PER_MT,SYNTHETIC,SYNTHETIC_GENERATOR_V1
FP_000018,2024-01-18,VLSFO,585.41,USD,USD_PER_MT,SYNTHETIC,SYNTHETIC_GENERATOR_V1
FP_000019,2024-01-19,VLSFO,583.03,USD,USD_PER_MT,SYNTHETIC,SYNTHETIC_GENERATOR_V1
FP_000020,2024-01-20,VLSFO,585.41,USD,USD_PER_MT,SYNTHETIC,SYNTHETIC_GENERATOR_V1
FP_000021,2024-01-21,VLSFO,583.74,USD,USD_PER_MT,SYNTHETIC,SYNTHETIC_GENERATOR_V1
FP_000022,2024-01-22,VLSFO,582.59,USD,USD_PER_MT,SYNTHETIC,SYNTHETIC_GENERATOR_V1
FP_000023,2024-01-23,VLSFO,579.84,USD,USD_PER_MT,SYNTHETIC,SYNTHETIC_GENERATOR_V1
FP_000024,2024-01-24,VLSFO,586.65,USD,USD_PER_MT,SYNTHETIC,SYNTHETIC_GENERATOR_V1
FP_000025,2024-01-25,VLSFO,594.42,USD,USD_PER_MT,SYNTHETIC,SYNTHETIC_GENERATOR_V1
FP_000026,2024-01-26,VLSFO,591.35,USD,USD_PER_MT,SYNTHETIC,SYNTHETIC_GENERATOR_V1
FP_000027,2024-01-27,VLSFO,605.77,USD,USD_PER_MT,SYNTHETIC,SYNTHETIC_GENERATOR_V1
FP_000028,2024-01-28,VLSFO,607.99,USD,USD_PER_MT,SYNTHETIC,SYNTHETIC_GENERATOR_V1
FP_000029,2024-01-29,VLSFO,600.32,USD,USD_PER_MT,SYNTHETIC,SYNTHETIC_GENERATOR_V1
FP_000030,2024-01-30,VLSFO,605.60,USD,USD_PER_MT,SYNTHETIC,SYNTHETIC_GENERATOR_V1
FP_000031,2024-01-31,VLSFO,603.32,USD,USD_PER_MT,SYNTHETIC,SYNTHETIC_GENERATOR_V1
FP_000032,2024-02-01,VLSFO,597.52,USD,USD_PER_MT,SYNTHETIC,SYNTHETIC_GENERATOR_V1
FP_000033,2024-02-02,VLSFO,599.95,USD,USD_PER_MT,SYNTHETIC,SYNTHETIC_GENERATOR_V1
FP_000034,2024-02-03,VLSFO,599.07,USD,USD_PER_MT,SYNTHETIC,SYNTHETIC_GENERATOR_V1
FP_000035,2024-02-04,VLSFO,599.62,USD,USD_PER_MT,SYNTHETIC,SYNTHETIC_GENERATOR_V1
FP_000036,2024-02-05,VLSFO,604.04,USD,USD_PER_MT,SYNTHETIC,SYNTHETIC_GENERATOR_V1
FP_000037,2024-02-06,VLSFO,606.70,USD,USD_PER_MT,SYNTHETIC,SYNTHETIC_GENERATOR_V1
FP_000038,2024-02-07,VLSFO,606.74,USD,USD_PER_MT,SYNTHETIC,SYNTHETIC_GENERATOR_V1
FP_000039,2024-02-08,VLSFO,604.72,USD,USD_PER_MT,SYNTHETIC,SYNTHETIC_GENERATOR_V1
FP_000040,2024-02-09,VLSFO,606.58,USD,USD_PER_MT,SYNTHETIC,SYNTHETIC_GENERATOR_V1
FP_000041,2024-02-10,VLSFO,604.64,USD,USD_PER_MT,SYNTHETIC,SYNTHETIC_GENERATOR_V1
FP_000042,2024-02-11,VLSFO,606.72,USD,USD_PER_MT,SYNTHETIC,SYNTHETIC_GENERATOR_V1
FP_000043,2024-02-12,VLSFO,605.91,USD,USD_PER_MT,SYNTHETIC,SYNTHETIC_GENERATOR_V1
FP_000044,2024-02-13,VLSFO,605.42,USD,USD_PER_MT,SYNTHETIC,SYNTHETIC_GENERATOR_V1
FP_000045,2024-02-14,VLSFO,612.99,USD,USD_PER_MT,SYNTHETIC,SYNTHETIC_GENERATOR_V1
FP_000046,2024-02-15,VLSFO,612.17,USD,USD_PER_MT,SYNTHETIC,SYNTHETIC_GENERATOR_V1
FP_000047,2024-02-16,VLSFO,616.32,USD,USD_PER_MT,SYNTHETIC,SYNTHETIC_GENERATOR_V1
FP_000048,2024-02-17,VLSFO,608.86,USD,USD_PER_MT,SYNTHETIC,SYNTHETIC_GENERATOR_V1
FP_000049,2024-02-18,VLSFO,615.68,USD,USD_PER_MT,SYNTHETIC,SYNTHETIC_GENERATOR_V1
FP_000050,2024-02-19,VLSFO,607.86,USD,USD_PER_MT,SYNTHETIC,SYNTHETIC_GENERATOR_V1
FP_000051,2024-02-20,VLSFO,614.28,USD,USD_PER_MT,SYNTHETIC,SYNTHETIC_GENERATOR_V1
FP_000052,2024-02-21,VLSFO,615.82,USD,USD_PER_MT,SYNTHETIC,SYNTHETIC_GENERATOR_V1
FP_000053,2024-02-22,VLSFO,615.97,USD,USD_PER_MT,SYNTHETIC,SYNTHETIC_GENERATOR_V1
FP_000054,2024-02-23,VLSFO,617.20,USD,USD_PER_MT,SYNTHETIC,SYNTHETIC_GENERATOR_V1
FP_000055,2024-02-24,VLSFO,616.71,USD,USD_PER_MT,SYNTHETIC,SYNTHETIC_GENERATOR_V1
FP_000056,2024-02-25,VLSFO,617.01,USD,USD_PER_MT,SYNTHETIC,SYNTHETIC_GENERATOR_V1
FP_000057,2024-02-26,VLSFO,625.50,USD,USD_PER_MT,SYNTHETIC,SYNTHETIC_GENERATOR_V1
FP_000058,2024-02-27,VLSFO,626.67,USD,USD_PER_MT,SYNTHETIC,SYNTHETIC_GENERATOR_V1
FP_000059,2024-02-28,VLSFO,623.60,USD,USD_PER_MT,SYNTHETIC,SYNTHETIC_GENERATOR_V1
FP_000060,2024-02-29,VLSFO,627.67,USD,USD_PER_MT,SYNTHETIC,SYNTHETIC_GENERATOR_V1
FP_000061,2024-03-01,VLSFO,629.41,USD,USD_PER_MT,SYNTHETIC,SYNTHETIC_GENERATOR_V1
FP_000062,2024-03-02,VLSFO,635.48,USD,USD_PER_MT,SYNTHETIC,SYNTHETIC_GENERATOR_V1
FP_000063,2024-03-03,VLSFO,631.60,USD,USD_PER_MT,SYNTHETIC,SYNTHETIC_GENERATOR_V1
FP_000064,2024-03-04,VLSFO,629.75,USD,USD_PER_MT,SYNTHETIC,SYNTHETIC_GENERATOR_V1
FP_000065,2024-03-05,VLSFO,642.25,USD,USD_PER_MT,SYNTHETIC,SYNTHETIC_GENERATOR_V1
FP_000066,2024-03-06,VLSFO,643.78,USD,USD_PER_MT,SYNTHETIC,SYNTHETIC_GENERATOR_V1
FP_000067,2024-03-07,VLSFO,643.06,USD,USD_PER_MT,SYNTHETIC,SYNTHETIC_GENERATOR_V1
FP_000068,2024-03-08,VLSFO,640.99,USD,USD_PER_MT,SYNTHETIC,SYNTHETIC_GENERATOR_V1
FP_000069,2024-03-09,VLSFO,637.99,USD,USD_PER_MT,SYNTHETIC,SYNTHETIC_GENERATOR_V1
FP_000070,2024-03-10,VLSFO,629.68,USD,USD_PER_MT,SYNTHETIC,SYNTHETIC_GENERATOR_V1
FP_000071,2024-03-11,VLSFO,622.47,USD,USD_PER_MT,SYNTHETIC,SYNTHETIC_GENERATOR_V1
FP_000072,2024-03-12,VLSFO,618.67,USD,USD_PER_MT,SYNTHETIC,SYNTHETIC_GENERATOR_V1
FP_000073,2024-03-13,VLSFO,616.62,USD,USD_PER_MT,SYNTHETIC,SYNTHETIC_GENERATOR_V1
FP_000074,2024-03-14,VLSFO,609.99,USD,USD_PER_MT,SYNTHETIC,SYNTHETIC_GENERATOR_V1
FP_000075,2024-03-15,VLSFO,604.80,USD,USD_PER_MT,SYNTHETIC,SYNTHETIC_GENERATOR_V1
FP_000076,2024-03-16,VLSFO,605.90,USD,USD_PER_MT,SYNTHETIC,SYNTHETIC_GENERATOR_V1
FP_000077,2024-03-17,VLSFO,600.56,USD,USD_PER_MT,SYNTHETIC,SYNTHETIC_GENERATOR_V1
FP_000078,2024-03-18,VLSFO,603.71,USD,USD_PER_MT,SYNTHETIC,SYNTHETIC_GENERATOR_V1
FP_000079,2024-03-19,VLSFO,599.37,USD,USD_PER_MT,SYNTHETIC,SYNTHETIC_GENERATOR_V1
FP_000080,2024-03-20,VLSFO,601.71,USD,USD_PER_MT,SYNTHETIC,SYNTHETIC_GENERATOR_V1
FP_000081,2024-03-21,VLSFO,598.51,USD,USD_PER_MT,SYNTHETIC,SYNTHETIC_GENERATOR_V1
FP_000082,2024-03-22,VLSFO,604.00,USD,USD_PER_MT,SYNTHETIC,SYNTHETIC_GENERATOR_V1
FP_000083,2024-03-23,VLSFO,601.85,USD,USD_PER_MT,SYNTHETIC,SYNTHETIC_GENERATOR_V1
FP_000084,2024-03-24,VLSFO,596.32,USD,USD_PER_MT,SYNTHETIC,SYNTHETIC_GENERATOR_V1
FP_000085,2024-03-25,VLSFO,590.96,USD,USD_PER_MT,SYNTHETIC,SYNTHETIC_GENERATOR_V1
FP_000086,2024-03-26,VLSFO,593.49,USD,USD_PER_MT,SYNTHETIC,SYNTHETIC_GENERATOR_V1
FP_000087,2024-03-27,VLSFO,597.79,USD,USD_PER_MT,SYNTHETIC,SYNTHETIC_GENERATOR_V1
FP_000088,2024-03-28,VLSFO,589.56,USD,USD_PER_MT,SYNTHETIC,SYNTHETIC_GENERATOR_V1
FP_000089,2024-03-29,VLSFO,595.76,USD,USD_PER_MT,SYNTHETIC,SYNTHETIC_GENERATOR_V1
FP_000090,2024-03-30,VLSFO,606.27,USD,USD_PER_MT,SYNTHETIC,SYNTHETIC_GENERATOR_V1
FP_000091,2024-03-31,VLSFO,601.33,USD,USD_PER_MT,SYNTHETIC,SYNTHETIC_GENERATOR_V1
FP_000092,2024-04-01,VLSFO,602.33,USD,USD_PER_MT,SYNTHETIC,SYNTHETIC_GENERATOR_V1
FP_000093,2024-04-02,VLSFO,602.21,USD,USD_PER_MT,SYNTHETIC,SYNTHETIC_GENERATOR_V1
FP_000094,2024-04-03,VLSFO,605.89,USD,USD_PER_MT,SYNTHETIC,SYNTHETIC_GENERATOR_V1
FP_000095,2024-04-04,VLSFO,609.83,USD,USD_PER_MT,SYNTHETIC,SYNTHETIC_GENERATOR_V1
FP_000096,2024-04-05,VLSFO,608.34,USD,USD_PER_MT,SYNTHETIC,SYNTHETIC_GENERATOR_V1
FP_000097,2024-04-06,VLSFO,613.71,USD,USD_PER_MT,SYNTHETIC,SYNTHETIC_GENERATOR_V1
FP_000098,2024-04-07,VLSFO,617.42,USD,USD_PER_MT,SYNTHETIC,SYNTHETIC_GENERATOR_V1
FP_000099,2024-04-08,VLSFO,615.60,USD,USD_PER_MT,SYNTHETIC,SYNTHETIC_GENERATOR_V1
FP_000100,2024-04-09,VLSFO,616.12,USD,USD_PER_MT,SYNTHETIC,SYNTHETIC_GENERATOR_V1
FP_000101,2024-04-10,VLSFO,615.45,USD,USD_PER_MT,SYNTHETIC,SYNTHETIC_GENERATOR_V1
FP_000102,2024-04-11,VLSFO,622.15,USD,USD_PER_MT,SYNTHETIC,SYNTHETIC_GENERATOR_V1
FP_000103,2024-04-12,VLSFO,617.19,USD,USD_PER_MT,SYNTHETIC,SYNTHETIC_GENERATOR_V1
FP_000104,2024-04-13,VLSFO,623.65,USD,USD_PER_MT,SYNTHETIC,SYNTHETIC_GENERATOR_V1
FP_000105,2024-04-14,VLSFO,619.97,USD,USD_PER_MT,SYNTHETIC,SYNTHETIC_GENERATOR_V1
FP_000106,2024-04-15,VLSFO,619.43,USD,USD_PER_MT,SYNTHETIC,SYNTHETIC_GENERATOR_V1
FP_000107,2024-04-16,VLSFO,615.34,USD,USD_PER_MT,SYNTHETIC,SYNTHETIC_GENERATOR_V1
FP_000108,2024-04-17,VLSFO,606.34,USD,USD_PER_MT,SYNTHETIC,SYNTHETIC_GENERATOR_V1
FP_000109,2024-04-18,VLSFO,607.47,USD,USD_PER_MT,SYNTHETIC,SYNTHETIC_GENERATOR_V1
FP_000110,2024-04-19,VLSFO,609.65,USD,USD_PER_MT,SYNTHETIC,SYNTHETIC_GENERATOR_V1
FP_000111,2024-04-20,VLSFO,612.74,USD,USD_PER_MT,SYNTHETIC,SYNTHETIC_GENERATOR_V1
FP_000112,2024-04-21,VLSFO,615.24,USD,USD_PER_MT,SYNTHETIC,SYNTHETIC_GENERATOR_V1
FP_000113,2024-04-22,VLSFO,610.29,USD,USD_PER_MT,SYNTHETIC,SYNTHETIC_GENERATOR_V1
FP_000114,2024-04-23,VLSFO,608.23,USD,USD_PER_MT,SYNTHETIC,SYNTHETIC_GENERATOR_V1
FP_000115,2024-04-24,VLSFO,608.48,USD,USD_PER_MT,SYNTHETIC,SYNTHETIC_GENERATOR_V1
FP_000116,2024-04-25,VLSFO,615.66,USD,USD_PER_MT,SYNTHETIC,SYNTHETIC_GENERATOR_V1
FP_000117,2024-04-26,VLSFO,611.72,USD,USD_PER_MT,SYNTHETIC,SYNTHETIC_GENERATOR_V1
FP_000118,2024-04-27,VLSFO,617.30,USD,USD_PER_MT,SYNTHETIC,SYNTHETIC_GENERATOR_V1
FP_000119,2024-04-28,VLSFO,613.49,USD,USD_PER_MT,SYNTHETIC,SYNTHETIC_GENERATOR_V1
FP_000120,2024-04-29,VLSFO,613.41,USD,USD_PER_MT,SYNTHETIC,SYNTHETIC_GENERATOR_V1
FP_000121,2024-04-30,VLSFO,611.73,USD,USD_PER_MT,SYNTHETIC,SYNTHETIC_GENERATOR_V1
FP_000122,2024-05-01,VLSFO,611.61,USD,USD_PER_MT,SYNTHETIC,SYNTHETIC_GENERATOR_V1
FP_000123,2024-05-02,VLSFO,606.26,USD,USD_PER_MT,SYNTHETIC,SYNTHETIC_GENERATOR_V1
FP_000124,2024-05-03,VLSFO,604.83,USD,USD_PER_MT,SYNTHETIC,SYNTHETIC_GENERATOR_V1
FP_000125,2024-05-04,VLSFO,609.94,USD,USD_PER_MT,SYNTHETIC,SYNTHETIC_GENERATOR_V1
FP_000126,2024-05-05,VLSFO,608.76,USD,USD_PER_MT,SYNTHETIC,SYNTHETIC_GENERATOR_V1
FP_000127,2024-05-06,VLSFO,601.81,USD,USD_PER_MT,SYNTHETIC,SYNTHETIC_GENERATOR_V1
FP_000128,2024-05-07,VLSFO,606.50,USD,USD_PER_MT,SYNTHETIC,SYNTHETIC_GENERATOR_V1
FP_000129,2024-05-08,VLSFO,600.29,USD,USD_PER_MT,SYNTHETIC,SYNTHETIC_GENERATOR_V1
FP_000130,2024-05-09,VLSFO,593.73,USD,USD_PER_MT,SYNTHETIC,SYNTHETIC_GENERATOR_V1
FP_000131,2024-05-10,VLSFO,590.01,USD,USD_PER_MT,SYNTHETIC,SYNTHETIC_GENERATOR_V1
FP_000132,2024-05-11,VLSFO,593.64,USD,USD_PER_MT,SYNTHETIC,SYNTHETIC_GENERATOR_V1
FP_000133,2024-05-12,VLSFO,602.96,USD,USD_PER_MT,SYNTHETIC,SYNTHETIC_GENERATOR_V1
FP_000134,2024-05-13,VLSFO,602.91,USD,USD_PER_MT,SYNTHETIC,SYNTHETIC_GENERATOR_V1
FP_000135,2024-05-14,VLSFO,608.12,USD,USD_PER_MT,SYNTHETIC,SYNTHETIC_GENERATOR_V1
FP_000136,2024-05-15,VLSFO,611.25,USD,USD_PER_MT,SYNTHETIC,SYNTHETIC_GENERATOR_V1
FP_000137,2024-05-16,VLSFO,609.77,USD,USD_PER_MT,SYNTHETIC,SYNTHETIC_GENERATOR_V1
FP_000138,2024-05-17,VLSFO,614.54,USD,USD_PER_MT,SYNTHETIC,SYNTHETIC_GENERATOR_V1
FP_000139,2024-05-18,VLSFO,620.03,USD,USD_PER_MT,SYNTHETIC,SYNTHETIC_GENERATOR_V1
FP_000140,2024-05-19,VLSFO,609.02,USD,USD_PER_MT,SYNTHETIC,SYNTHETIC_GENERATOR_V1
FP_000141,2024-05-20,VLSFO,611.37,USD,USD_PER_MT,SYNTHETIC,SYNTHETIC_GENERATOR_V1
FP_000142,2024-05-21,VLSFO,609.56,USD,USD_PER_MT,SYNTHETIC,SYNTHETIC_GENERATOR_V1
FP_000143,2024-05-22,VLSFO,613.50,USD,USD_PER_MT,SYNTHETIC,SYNTHETIC_GENERATOR_V1
FP_000144,2024-05-23,VLSFO,611.94,USD,USD_PER_MT,SYNTHETIC,SYNTHETIC_GENERATOR_V1
FP_000145,2024-05-24,VLSFO,610.79,USD,USD_PER_MT,SYNTHETIC,SYNTHETIC_GENERATOR_V1
FP_000146,2024-05-25,VLSFO,608.89,USD,USD_PER_MT,SYNTHETIC,SYNTHETIC_GENERATOR_V1
FP_000147,2024-05-26,VLSFO,615.62,USD,USD_PER_MT,SYNTHETIC,SYNTHETIC_GENERATOR_V1
FP_000148,2024-05-27,VLSFO,614.24,USD,USD_PER_MT,SYNTHETIC,SYNTHETIC_GENERATOR_V1
FP_000149,2024-05-28,VLSFO,603.51,USD,USD_PER_MT,SYNTHETIC,SYNTHETIC_GENERATOR_V1
FP_000150,2024-05-29,VLSFO,594.02,USD,USD_PER_MT,SYNTHETIC,SYNTHETIC_GENERATOR_V1
FP_000151,2024-05-30,VLSFO,599.60,USD,USD_PER_MT,SYNTHETIC,SYNTHETIC_GENERATOR_V1
FP_000152,2024-05-31,VLSFO,592.34,USD,USD_PER_MT,SYNTHETIC,SYNTHETIC_GENERATOR_V1
FP_000153,2024-06-01,VLSFO,590.39,USD,USD_PER_MT,SYNTHETIC,SYNTHETIC_GENERATOR_V1
FP_000154,2024-06-02,VLSFO,595.10,USD,USD_PER_MT,SYNTHETIC,SYNTHETIC_GENERATOR_V1
FP_000155,2024-06-03,VLSFO,590.34,USD,USD_PER_MT,SYNTHETIC,SYNTHETIC_GENERATOR_V1
FP_000156,2024-06-04,VLSFO,592.34,USD,USD_PER_MT,SYNTHETIC,SYNTHETIC_GENERATOR_V1
FP_000157,2024-06-05,VLSFO,595.42,USD,USD_PER_MT,SYNTHETIC,SYNTHETIC_GENERATOR_V1
FP_000158,2024-06-06,VLSFO,601.63,USD,USD_PER_MT,SYNTHETIC,SYNTHETIC_GENERATOR_V1
FP_000159,2024-06-07,VLSFO,602.68,USD,USD_PER_MT,SYNTHETIC,SYNTHETIC_GENERATOR_V1
FP_000160,2024-06-08,VLSFO,607.43,USD,USD_PER_MT,SYNTHETIC,SYNTHETIC_GENERATOR_V1
FP_000161,2024-06-09,VLSFO,612.69,USD,USD_PER_MT,SYNTHETIC,SYNTHETIC_GENERATOR_V1
FP_000162,2024-06-10,VLSFO,614.84,USD,USD_PER_MT,SYNTHETIC,SYNTHETIC_GENERATOR_V1
FP_000163,2024-06-11,VLSFO,615.89,USD,USD_PER_MT,SYNTHETIC,SYNTHETIC_GENERATOR_V1
FP_000164,2024-06-12,VLSFO,617.58,USD,USD_PER_MT,SYNTHETIC,SYNTHETIC_GENERATOR_V1
FP_000165,2024-06-13,VLSFO,617.31,USD,USD_PER_MT,SYNTHETIC,SYNTHETIC_GENERATOR_V1
FP_000166,2024-06-14,VLSFO,616.04,USD,USD_PER_MT,SYNTHETIC,SYNTHETIC_GENERATOR_V1
FP_000167,2024-06-15,VLSFO,614.28,USD,USD_PER_MT,SYNTHETIC,SYNTHETIC_GENERATOR_V1
FP_000168,2024-06-16,VLSFO,615.92,USD,USD_PER_MT,SYNTHETIC,SYNTHETIC_GENERATOR_V1
FP_000169,2024-06-17,VLSFO,611.03,USD,USD_PER_MT,SYNTHETIC,SYNTHETIC_GENERATOR_V1
FP_000170,2024-06-18,VLSFO,616.83,USD,USD_PER_MT,SYNTHETIC,SYNTHETIC_GENERATOR_V1
FP_000171,2024-06-19,VLSFO,624.54,USD,USD_PER_MT,SYNTHETIC,SYNTHETIC_GENERATOR_V1
FP_000172,2024-06-20,VLSFO,626.04,USD,USD_PER_MT,SYNTHETIC,SYNTHETIC_GENERATOR_V1
FP_000173,2024-06-21,VLSFO,624.01,USD,USD_PER_MT,SYNTHETIC,SYNTHETIC_GENERATOR_V1
FP_000174,2024-06-22,VLSFO,618.37,USD,USD_PER_MT,SYNTHETIC,SYNTHETIC_GENERATOR_V1
FP_000175,2024-06-23,VLSFO,615.97,USD,USD_PER_MT,SYNTHETIC,SYNTHETIC_GENERATOR_V1
FP_000176,2024-06-24,VLSFO,613.75,USD,USD_PER_MT,SYNTHETIC,SYNTHETIC_GENERATOR_V1
FP_000177,2024-06-25,VLSFO,612.15,USD,USD_PER_MT,SYNTHETIC,SYNTHETIC_GENERATOR_V1
FP_000178,2024-06-26,VLSFO,608.18,USD,USD_PER_MT,SYNTHETIC,SYNTHETIC_GENERATOR_V1
FP_000179,2024-06-27,VLSFO,605.07,USD,USD_PER_MT,SYNTHETIC,SYNTHETIC_GENERATOR_V1
FP_000180,2024-06-28,VLSFO,607.49,USD,USD_PER_MT,SYNTHETIC,SYNTHETIC_GENERATOR_V1
FP_000181,2024-06-29,VLSFO,610.73,USD,USD_PER_MT,SYNTHETIC,SYNTHETIC_GENERATOR_V1
FP_000182,2024-06-30,VLSFO,608.66,USD,USD_PER_MT,SYNTHETIC,SYNTHETIC_GENERATOR_V1
FP_000183,2024-07-01,VLSFO,615.40,USD,USD_PER_MT,SYNTHETIC,SYNTHETIC_GENERATOR_V1
FP_000184,2024-07-02,VLSFO,617.48,USD,USD_PER_MT,SYNTHETIC,SYNTHETIC_GENERATOR_V1
FP_000185,2024-07-03,VLSFO,616.68,USD,USD_PER_MT,SYNTHETIC,SYNTHETIC_GENERATOR_V1
FP_000186,2024-07-04,VLSFO,620.22,USD,USD_PER_MT,SYNTHETIC,SYNTHETIC_GENERATOR_V1
FP_000187,2024-07-05,VLSFO,621.60,USD,USD_PER_MT,SYNTHETIC,SYNTHETIC_GENERATOR_V1
FP_000188,2024-07-06,VLSFO,622.59,USD,USD_PER_MT,SYNTHETIC,SYNTHETIC_GENERATOR_V1
FP_000189,2024-07-07,VLSFO,616.12,USD,USD_PER_MT,SYNTHETIC,SYNTHETIC_GENERATOR_V1
FP_000190,2024-07-08,VLSFO,622.50,USD,USD_PER_MT,SYNTHETIC,SYNTHETIC_GENERATOR_V1
FP_000191,2024-07-09,VLSFO,617.31,USD,USD_PER_MT,SYNTHETIC,SYNTHETIC_GENERATOR_V1
FP_000192,2024-07-10,VLSFO,618.59,USD,USD_PER_MT,SYNTHETIC,SYNTHETIC_GENERATOR_V1
FP_000193,2024-07-11,VLSFO,620.12,USD,USD_PER_MT,SYNTHETIC,SYNTHETIC_GENERATOR_V1
FP_000194,2024-07-12,VLSFO,619.47,USD,USD_PER_MT,SYNTHETIC,SYNTHETIC_GENERATOR_V1
FP_000195,2024-07-13,VLSFO,621.64,USD,USD_PER_MT,SYNTHETIC,SYNTHETIC_GENERATOR_V1
FP_000196,2024-07-14,VLSFO,624.08,USD,USD_PER_MT,SYNTHETIC,SYNTHETIC_GENERATOR_V1
FP_000197,2024-07-15,VLSFO,621.07,USD,USD_PER_MT,SYNTHETIC,SYNTHETIC_GENERATOR_V1
FP_000198,2024-07-16,VLSFO,616.92,USD,USD_PER_MT,SYNTHETIC,SYNTHETIC_GENERATOR_V1
FP_000199,2024-07-17,VLSFO,616.90,USD,USD_PER_MT,SYNTHETIC,SYNTHETIC_GENERATOR_V1
FP_000200,2024-07-18,VLSFO,621.65,USD,USD_PER_MT,SYNTHETIC,SYNTHETIC_GENERATOR_V1
FP_000201,2024-07-19,VLSFO,622.80,USD,USD_PER_MT,SYNTHETIC,SYNTHETIC_GENERATOR_V1
FP_000202,2024-07-20,VLSFO,620.49,USD,USD_PER_MT,SYNTHETIC,SYNTHETIC_GENERATOR_V1
FP_000203,2024-07-21,VLSFO,616.15,USD,USD_PER_MT,SYNTHETIC,SYNTHETIC_GENERATOR_V1
FP_000204,2024-07-22,VLSFO,610.32,USD,USD_PER_MT,SYNTHETIC,SYNTHETIC_GENERATOR_V1
FP_000205,2024-07-23,VLSFO,614.04,USD,USD_PER_MT,SYNTHETIC,SYNTHETIC_GENERATOR_V1
FP_000206,2024-07-24,VLSFO,614.52,USD,USD_PER_MT,SYNTHETIC,SYNTHETIC_GENERATOR_V1
FP_000207,2024-07-25,VLSFO,615.84,USD,USD_PER_MT,SYNTHETIC,SYNTHETIC_GENERATOR_V1
FP_000208,2024-07-26,VLSFO,616.03,USD,USD_PER_MT,SYNTHETIC,SYNTHETIC_GENERATOR_V1
FP_000209,2024-07-27,VLSFO,614.10,USD,USD_PER_MT,SYNTHETIC,SYNTHETIC_GENERATOR_V1
FP_000210,2024-07-28,VLSFO,617.78,USD,USD_PER_MT,SYNTHETIC,SYNTHETIC_GENERATOR_V1
FP_000211,2024-07-29,VLSFO,619.02,USD,USD_PER_MT,SYNTHETIC,SYNTHETIC_GENERATOR_V1
FP_000212,2024-07-30,VLSFO,623.91,USD,USD_PER_MT,SYNTHETIC,SYNTHETIC_GENERATOR_V1
FP_000213,2024-07-31,VLSFO,627.36,USD,USD_PER_MT,SYNTHETIC,SYNTHETIC_GENERATOR_V1
FP_000214,2024-08-01,VLSFO,635.96,USD,USD_PER_MT,SYNTHETIC,SYNTHETIC_GENERATOR_V1
FP_000215,2024-08-02,VLSFO,637.13,USD,USD_PER_MT,SYNTHETIC,SYNTHETIC_GENERATOR_V1
FP_000216,2024-08-03,VLSFO,634.39,USD,USD_PER_MT,SYNTHETIC,SYNTHETIC_GENERATOR_V1
FP_000217,2024-08-04,VLSFO,634.46,USD,USD_PER_MT,SYNTHETIC,SYNTHETIC_GENERATOR_V1
FP_000218,2024-08-05,VLSFO,618.99,USD,USD_PER_MT,SYNTHETIC,SYNTHETIC_GENERATOR_V1
FP_000219,2024-08-06,VLSFO,624.05,USD,USD_PER_MT,SYNTHETIC,SYNTHETIC_GENERATOR_V1
FP_000220,2024-08-07,VLSFO,618.11,USD,USD_PER_MT,SYNTHETIC,SYNTHETIC_GENERATOR_V1
FP_000221,2024-08-08,VLSFO,616.43,USD,USD_PER_MT,SYNTHETIC,SYNTHETIC_GENERATOR_V1
FP_000222,2024-08-09,VLSFO,625.58,USD,USD_PER_MT,SYNTHETIC,SYNTHETIC_GENERATOR_V1
FP_000223,2024-08-10,VLSFO,621.83,USD,USD_PER_MT,SYNTHETIC,SYNTHETIC_GENERATOR_V1
FP_000224,2024-08-11,VLSFO,624.11,USD,USD_PER_MT,SYNTHETIC,SYNTHETIC_GENERATOR_V1
FP_000225,2024-08-12,VLSFO,622.02,USD,USD_PER_MT,SYNTHETIC,SYNTHETIC_GENERATOR_V1
FP_000226,2024-08-13,VLSFO,619.36,USD,USD_PER_MT,SYNTHETIC,SYNTHETIC_GENERATOR_V1
FP_000227,2024-08-14,VLSFO,617.78,USD,USD_PER_MT,SYNTHETIC,SYNTHETIC_GENERATOR_V1
FP_000228,2024-08-15,VLSFO,612.94,USD,USD_PER_MT,SYNTHETIC,SYNTHETIC_GENERATOR_V1
FP_000229,2024-08-16,VLSFO,611.55,USD,USD_PER_MT,SYNTHETIC,SYNTHETIC_GENERATOR_V1
FP_000230,2024-08-17,VLSFO,616.77,USD,USD_PER_MT,SYNTHETIC,SYNTHETIC_GENERATOR_V1
FP_000231,2024-08-18,VLSFO,624.59,USD,USD_PER_MT,SYNTHETIC,SYNTHETIC_GENERATOR_V1
FP_000232,2024-08-19,VLSFO,631.61,USD,USD_PER_MT,SYNTHETIC,SYNTHETIC_GENERATOR_V1
FP_000233,2024-08-20,VLSFO,632.24,USD,USD_PER_MT,SYNTHETIC,SYNTHETIC_GENERATOR_V1
FP_000234,2024-08-21,VLSFO,627.36,USD,USD_PER_MT,SYNTHETIC,SYNTHETIC_GENERATOR_V1
FP_000235,2024-08-22,VLSFO,631.68,USD,USD_PER_MT,SYNTHETIC,SYNTHETIC_GENERATOR_V1
FP_000236,2024-08-23,VLSFO,633.89,USD,USD_PER_MT,SYNTHETIC,SYNTHETIC_GENERATOR_V1
FP_000237,2024-08-24,VLSFO,631.29,USD,USD_PER_MT,SYNTHETIC,SYNTHETIC_GENERATOR_V1
FP_000238,2024-08-25,VLSFO,620.45,USD,USD_PER_MT,SYNTHETIC,SYNTHETIC_GENERATOR_V1
FP_000239,2024-08-26,VLSFO,622.79,USD,USD_PER_MT,SYNTHETIC,SYNTHETIC_GENERATOR_V1
FP_000240,2024-08-27,VLSFO,612.47,USD,USD_PER_MT,SYNTHETIC,SYNTHETIC_GENERATOR_V1
FP_000241,2024-08-28,VLSFO,606.74,USD,USD_PER_MT,SYNTHETIC,SYNTHETIC_GENERATOR_V1
FP_000242,2024-08-29,VLSFO,618.05,USD,USD_PER_MT,SYNTHETIC,SYNTHETIC_GENERATOR_V1
FP_000243,2024-08-30,VLSFO,624.51,USD,USD_PER_MT,SYNTHETIC,SYNTHETIC_GENERATOR_V1
FP_000244,2024-08-31,VLSFO,626.40,USD,USD_PER_MT,SYNTHETIC,SYNTHETIC_GENERATOR_V1
FP_000245,2024-09-01,VLSFO,627.86,USD,USD_PER_MT,SYNTHETIC,SYNTHETIC_GENERATOR_V1
FP_000246,2024-09-02,VLSFO,618.19,USD,USD_PER_MT,SYNTHETIC,SYNTHETIC_GENERATOR_V1
FP_000247,2024-09-03,VLSFO,614.33,USD,USD_PER_MT,SYNTHETIC,SYNTHETIC_GENERATOR_V1
FP_000248,2024-09-04,VLSFO,619.78,USD,USD_PER_MT,SYNTHETIC,SYNTHETIC_GENERATOR_V1
FP_000249,2024-09-05,VLSFO,622.03,USD,USD_PER_MT,SYNTHETIC,SYNTHETIC_GENERATOR_V1
FP_000250,2024-09-06,VLSFO,624.70,USD,USD_PER_MT,SYNTHETIC,SYNTHETIC_GENERATOR_V1
FP_000251,2024-09-07,VLSFO,628.86,USD,USD_PER_MT,SYNTHETIC,SYNTHETIC_GENERATOR_V1
FP_000252,2024-09-08,VLSFO,630.72,USD,USD_PER_MT,SYNTHETIC,SYNTHETIC_GENERATOR_V1
FP_000253,2024-09-09,VLSFO,641.14,USD,USD_PER_MT,SYNTHETIC,SYNTHETIC_GENERATOR_V1
FP_000254,2024-09-10,VLSFO,646.53,USD,USD_PER_MT,SYNTHETIC,SYNTHETIC_GENERATOR_V1
FP_000255,2024-09-11,VLSFO,644.69,USD,USD_PER_MT,SYNTHETIC,SYNTHETIC_GENERATOR_V1
FP_000256,2024-09-12,VLSFO,634.81,USD,USD_PER_MT,SYNTHETIC,SYNTHETIC_GENERATOR_V1
FP_000257,2024-09-13,VLSFO,631.66,USD,USD_PER_MT,SYNTHETIC,SYNTHETIC_GENERATOR_V1
FP_000258,2024-09-14,VLSFO,636.50,USD,USD_PER_MT,SYNTHETIC,SYNTHETIC_GENERATOR_V1
FP_000259,2024-09-15,VLSFO,630.25,USD,USD_PER_MT,SYNTHETIC,SYNTHETIC_GENERATOR_V1
FP_000260,2024-09-16,VLSFO,635.79,USD,USD_PER_MT,SYNTHETIC,SYNTHETIC_GENERATOR_V1
FP_000261,2024-09-17,VLSFO,642.15,USD,USD_PER_MT,SYNTHETIC,SYNTHETIC_GENERATOR_V1
FP_000262,2024-09-18,VLSFO,645.73,USD,USD_PER_MT,SYNTHETIC,SYNTHETIC_GENERATOR_V1
FP_000263,2024-09-19,VLSFO,644.75,USD,USD_PER_MT,SYNTHETIC,SYNTHETIC_GENERATOR_V1
FP_000264,2024-09-20,VLSFO,650.47,USD,USD_PER_MT,SYNTHETIC,SYNTHETIC_GENERATOR_V1
FP_000265,2024-09-21,VLSFO,649.77,USD,USD_PER_MT,SYNTHETIC,SYNTHETIC_GENERATOR_V1
FP_000266,2024-09-22,VLSFO,646.77,USD,USD_PER_MT,SYNTHETIC,SYNTHETIC_GENERATOR_V1
FP_000267,2024-09-23,VLSFO,652.55,USD,USD_PER_MT,SYNTHETIC,SYNTHETIC_GENERATOR_V1
FP_000268,2024-09-24,VLSFO,648.07,USD,USD_PER_MT,SYNTHETIC,SYNTHETIC_GENERATOR_V1
FP_000269,2024-09-25,VLSFO,650.53,USD,USD_PER_MT,SYNTHETIC,SYNTHETIC_GENERATOR_V1
FP_000270,2024-09-26,VLSFO,653.12,USD,USD_PER_MT,SYNTHETIC,SYNTHETIC_GENERATOR_V1
FP_000271,2024-09-27,VLSFO,657.51,USD,USD_PER_MT,SYNTHETIC,SYNTHETIC_GENERATOR_V1
FP_000272,2024-09-28,VLSFO,658.16,USD,USD_PER_MT,SYNTHETIC,SYNTHETIC_GENERATOR_V1
FP_000273,2024-09-29,VLSFO,664.32,USD,USD_PER_MT,SYNTHETIC,SYNTHETIC_GENERATOR_V1
FP_000274,2024-09-30,VLSFO,662.26,USD,USD_PER_MT,SYNTHETIC,SYNTHETIC_GENERATOR_V1
FP_000275,2024-10-01,VLSFO,661.72,USD,USD_PER_MT,SYNTHETIC,SYNTHETIC_GENERATOR_V1
FP_000276,2024-10-02,VLSFO,665.63,USD,USD_PER_MT,SYNTHETIC,SYNTHETIC_GENERATOR_V1
FP_000277,2024-10-03,VLSFO,659.66,USD,USD_PER_MT,SYNTHETIC,SYNTHETIC_GENERATOR_V1
FP_000278,2024-10-04,VLSFO,647.61,USD,USD_PER_MT,SYNTHETIC,SYNTHETIC_GENERATOR_V1
FP_000279,2024-10-05,VLSFO,636.84,USD,USD_PER_MT,SYNTHETIC,SYNTHETIC_GENERATOR_V1
FP_000280,2024-10-06,VLSFO,634.68,USD,USD_PER_MT,SYNTHETIC,SYNTHETIC_GENERATOR_V1
FP_000281,2024-10-07,VLSFO,632.95,USD,USD_PER_MT,SYNTHETIC,SYNTHETIC_GENERATOR_V1
FP_000282,2024-10-08,VLSFO,642.23,USD,USD_PER_MT,SYNTHETIC,SYNTHETIC_GENERATOR_V1
FP_000283,2024-10-09,VLSFO,648.98,USD,USD_PER_MT,SYNTHETIC,SYNTHETIC_GENERATOR_V1
FP_000284,2024-10-10,VLSFO,645.77,USD,USD_PER_MT,SYNTHETIC,SYNTHETIC_GENERATOR_V1
FP_000285,2024-10-11,VLSFO,643.18,USD,USD_PER_MT,SYNTHETIC,SYNTHETIC_GENERATOR_V1
FP_000286,2024-10-12,VLSFO,637.03,USD,USD_PER_MT,SYNTHETIC,SYNTHETIC_GENERATOR_V1
FP_000287,2024-10-13,VLSFO,638.72,USD,USD_PER_MT,SYNTHETIC,SYNTHETIC_GENERATOR_V1
FP_000288,2024-10-14,VLSFO,629.04,USD,USD_PER_MT,SYNTHETIC,SYNTHETIC_GENERATOR_V1
FP_000289,2024-10-15,VLSFO,628.58,USD,USD_PER_MT,SYNTHETIC,SYNTHETIC_GENERATOR_V1
FP_000290,2024-10-16,VLSFO,633.79,USD,USD_PER_MT,SYNTHETIC,SYNTHETIC_GENERATOR_V1
FP_000291,2024-10-17,VLSFO,638.46,USD,USD_PER_MT,SYNTHETIC,SYNTHETIC_GENERATOR_V1
FP_000292,2024-10-18,VLSFO,647.15,USD,USD_PER_MT,SYNTHETIC,SYNTHETIC_GENERATOR_V1
FP_000293,2024-10-19,VLSFO,644.16,USD,USD_PER_MT,SYNTHETIC,SYNTHETIC_GENERATOR_V1
FP_000294,2024-10-20,VLSFO,636.33,USD,USD_PER_MT,SYNTHETIC,SYNTHETIC_GENERATOR_V1
FP_000295,2024-10-21,VLSFO,635.90,USD,USD_PER_MT,SYNTHETIC,SYNTHETIC_GENERATOR_V1
FP_000296,2024-10-22,VLSFO,640.17,USD,USD_PER_MT,SYNTHETIC,SYNTHETIC_GENERATOR_V1
FP_000297,2024-10-23,VLSFO,647.01,USD,USD_PER_MT,SYNTHETIC,SYNTHETIC_GENERATOR_V1
FP_000298,2024-10-24,VLSFO,649.33,USD,USD_PER_MT,SYNTHETIC,SYNTHETIC_GENERATOR_V1
FP_000299,2024-10-25,VLSFO,652.95,USD,USD_PER_MT,SYNTHETIC,SYNTHETIC_GENERATOR_V1
FP_000300,2024-10-26,VLSFO,644.40,USD,USD_PER_MT,SYNTHETIC,SYNTHETIC_GENERATOR_V1
FP_000301,2024-10-27,VLSFO,648.07,USD,USD_PER_MT,SYNTHETIC,SYNTHETIC_GENERATOR_V1
FP_000302,2024-10-28,VLSFO,649.00,USD,USD_PER_MT,SYNTHETIC,SYNTHETIC_GENERATOR_V1
FP_000303,2024-10-29,VLSFO,650.70,USD,USD_PER_MT,SYNTHETIC,SYNTHETIC_GENERATOR_V1
FP_000304,2024-10-30,VLSFO,641.00,USD,USD_PER_MT,SYNTHETIC,SYNTHETIC_GENERATOR_V1
FP_000305,2024-10-31,VLSFO,639.66,USD,USD_PER_MT,SYNTHETIC,SYNTHETIC_GENERATOR_V1
FP_000306,2024-11-01,VLSFO,635.04,USD,USD_PER_MT,SYNTHETIC,SYNTHETIC_GENERATOR_V1
FP_000307,2024-11-02,VLSFO,631.84,USD,USD_PER_MT,SYNTHETIC,SYNTHETIC_GENERATOR_V1
FP_000308,2024-11-03,VLSFO,632.10,USD,USD_PER_MT,SYNTHETIC,SYNTHETIC_GENERATOR_V1
FP_000309,2024-11-04,VLSFO,636.24,USD,USD_PER_MT,SYNTHETIC,SYNTHETIC_GENERATOR_V1
FP_000310,2024-11-05,VLSFO,643.06,USD,USD_PER_MT,SYNTHETIC,SYNTHETIC_GENERATOR_V1
FP_000311,2024-11-06,VLSFO,642.09,USD,USD_PER_MT,SYNTHETIC,SYNTHETIC_GENERATOR_V1
FP_000312,2024-11-07,VLSFO,654.51,USD,USD_PER_MT,SYNTHETIC,SYNTHETIC_GENERATOR_V1
FP_000313,2024-11-08,VLSFO,646.35,USD,USD_PER_MT,SYNTHETIC,SYNTHETIC_GENERATOR_V1
FP_000314,2024-11-09,VLSFO,639.89,USD,USD_PER_MT,SYNTHETIC,SYNTHETIC_GENERATOR_V1
FP_000315,2024-11-10,VLSFO,637.75,USD,USD_PER_MT,SYNTHETIC,SYNTHETIC_GENERATOR_V1
FP_000316,2024-11-11,VLSFO,636.99,USD,USD_PER_MT,SYNTHETIC,SYNTHETIC_GENERATOR_V1
FP_000317,2024-11-12,VLSFO,635.43,USD,USD_PER_MT,SYNTHETIC,SYNTHETIC_GENERATOR_V1
FP_000318,2024-11-13,VLSFO,637.45,USD,USD_PER_MT,SYNTHETIC,SYNTHETIC_GENERATOR_V1
FP_000319,2024-11-14,VLSFO,629.32,USD,USD_PER_MT,SYNTHETIC,SYNTHETIC_GENERATOR_V1
FP_000320,2024-11-15,VLSFO,631.91,USD,USD_PER_MT,SYNTHETIC,SYNTHETIC_GENERATOR_V1
FP_000321,2024-11-16,VLSFO,624.92,USD,USD_PER_MT,SYNTHETIC,SYNTHETIC_GENERATOR_V1
FP_000322,2024-11-17,VLSFO,621.42,USD,USD_PER_MT,SYNTHETIC,SYNTHETIC_GENERATOR_V1
FP_000323,2024-11-18,VLSFO,622.31,USD,USD_PER_MT,SYNTHETIC,SYNTHETIC_GENERATOR_V1
FP_000324,2024-11-19,VLSFO,627.45,USD,USD_PER_MT,SYNTHETIC,SYNTHETIC_GENERATOR_V1
FP_000325,2024-11-20,VLSFO,621.26,USD,USD_PER_MT,SYNTHETIC,SYNTHETIC_GENERATOR_V1
FP_000326,2024-11-21,VLSFO,613.05,USD,USD_PER_MT,SYNTHETIC,SYNTHETIC_GENERATOR_V1
FP_000327,2024-11-22,VLSFO,623.75,USD,USD_PER_MT,SYNTHETIC,SYNTHETIC_GENERATOR_V1
FP_000328,2024-11-23,VLSFO,621.59,USD,USD_PER_MT,SYNTHETIC,SYNTHETIC_GENERATOR_V1
FP_000329,2024-11-24,VLSFO,621.32,USD,USD_PER_MT,SYNTHETIC,SYNTHETIC_GENERATOR_V1
FP_000330,2024-11-25,VLSFO,623.50,USD,USD_PER_MT,SYNTHETIC,SYNTHETIC_GENERATOR_V1
FP_000331,2024-11-26,VLSFO,620.62,USD,USD_PER_MT,SYNTHETIC,SYNTHETIC_GENERATOR_V1
FP_000332,2024-11-27,VLSFO,628.91,USD,USD_PER_MT,SYNTHETIC,SYNTHETIC_GENERATOR_V1
FP_000333,2024-11-28,VLSFO,621.46,USD,USD_PER_MT,SYNTHETIC,SYNTHETIC_GENERATOR_V1
FP_000334,2024-11-29,VLSFO,620.03,USD,USD_PER_MT,SYNTHETIC,SYNTHETIC_GENERATOR_V1
FP_000335,2024-11-30,VLSFO,623.60,USD,USD_PER_MT,SYNTHETIC,SYNTHETIC_GENERATOR_V1
FP_000336,2024-12-01,VLSFO,626.80,USD,USD_PER_MT,SYNTHETIC,SYNTHETIC_GENERATOR_V1
FP_000337,2024-12-02,VLSFO,632.75,USD,USD_PER_MT,SYNTHETIC,SYNTHETIC_GENERATOR_V1
FP_000338,2024-12-03,VLSFO,619.06,USD,USD_PER_MT,SYNTHETIC,SYNTHETIC_GENERATOR_V1
FP_000339,2024-12-04,VLSFO,616.75,USD,USD_PER_MT,SYNTHETIC,SYNTHETIC_GENERATOR_V1
FP_000340,2024-12-05,VLSFO,614.40,USD,USD_PER_MT,SYNTHETIC,SYNTHETIC_GENERATOR_V1
FP_000341,2024-12-06,VLSFO,610.91,USD,USD_PER_MT,SYNTHETIC,SYNTHETIC_GENERATOR_V1
FP_000342,2024-12-07,VLSFO,616.08,USD,USD_PER_MT,SYNTHETIC,SYNTHETIC_GENERATOR_V1
FP_000343,2024-12-08,VLSFO,614.19,USD,USD_PER_MT,SYNTHETIC,SYNTHETIC_GENERATOR_V1
FP_000344,2024-12-09,VLSFO,616.44,USD,USD_PER_MT,SYNTHETIC,SYNTHETIC_GENERATOR_V1
FP_000345,2024-12-10,VLSFO,605.56,USD,USD_PER_MT,SYNTHETIC,SYNTHETIC_GENERATOR_V1
FP_000346,2024-12-11,VLSFO,607.34,USD,USD_PER_MT,SYNTHETIC,SYNTHETIC_GENERATOR_V1
FP_000347,2024-12-12,VLSFO,607.37,USD,USD_PER_MT,SYNTHETIC,SYNTHETIC_GENERATOR_V1
FP_000348,2024-12-13,VLSFO,608.98,USD,USD_PER_MT,SYNTHETIC,SYNTHETIC_GENERATOR_V1
FP_000349,2024-12-14,VLSFO,616.95,USD,USD_PER_MT,SYNTHETIC,SYNTHETIC_GENERATOR_V1
FP_000350,2024-12-15,VLSFO,623.98,USD,USD_PER_MT,SYNTHETIC,SYNTHETIC_GENERATOR_V1
FP_000351,2024-12-16,VLSFO,616.27,USD,USD_PER_MT,SYNTHETIC,SYNTHETIC_GENERATOR_V1
FP_000352,2024-12-17,VLSFO,609.38,USD,USD_PER_MT,SYNTHETIC,SYNTHETIC_GENERATOR_V1
FP_000353,2024-12-18,VLSFO,604.33,USD,USD_PER_MT,SYNTHETIC,SYNTHETIC_GENERATOR_V1
FP_000354,2024-12-19,VLSFO,612.17,USD,USD_PER_MT,SYNTHETIC,SYNTHETIC_GENERATOR_V1
FP_000355,2024-12-20,VLSFO,612.19,USD,USD_PER_MT,SYNTHETIC,SYNTHETIC_GENERATOR_V1
FP_000356,2024-12-21,VLSFO,607.39,USD,USD_PER_MT,SYNTHETIC,SYNTHETIC_GENERATOR_V1
FP_000357,2024-12-22,VLSFO,603.53,USD,USD_PER_MT,SYNTHETIC,SYNTHETIC_GENERATOR_V1
FP_000358,2024-12-23,VLSFO,605.99,USD,USD_PER_MT,SYNTHETIC,SYNTHETIC_GENERATOR_V1
FP_000359,2024-12-24,VLSFO,607.34,USD,USD_PER_MT,SYNTHETIC,SYNTHETIC_GENERATOR_V1
FP_000360,2024-12-25,VLSFO,607.70,USD,USD_PER_MT,SYNTHETIC,SYNTHETIC_GENERATOR_V1
FP_000361,2024-12-26,VLSFO,601.71,USD,USD_PER_MT,SYNTHETIC,SYNTHETIC_GENERATOR_V1
FP_000362,2024-12-27,VLSFO,602.60,USD,USD_PER_MT,SYNTHETIC,SYNTHETIC_GENERATOR_V1
FP_000363,2024-12-28,VLSFO,602.58,USD,USD_PER_MT,SYNTHETIC,SYNTHETIC_GENERATOR_V1
FP_000364,2024-12-29,VLSFO,595.20,USD,USD_PER_MT,SYNTHETIC,SYNTHETIC_GENERATOR_V1
FP_000365,2024-12-30,VLSFO,598.69,USD,USD_PER_MT,SYNTHETIC,SYNTHETIC_GENERATOR_V1
FP_000366,2024-12-31,VLSFO,595.36,USD,USD_PER_MT,SYNTHETIC,SYNTHETIC_GENERATOR_V1
FP_000367,2025-01-01,VLSFO,598.05,USD,USD_PER_MT,SYNTHETIC,SYNTHETIC_GENERATOR_V1
FP_000368,2025-01-02,VLSFO,598.04,USD,USD_PER_MT,SYNTHETIC,SYNTHETIC_GENERATOR_V1
FP_000369,2025-01-03,VLSFO,599.73,USD,USD_PER_MT,SYNTHETIC,SYNTHETIC_GENERATOR_V1
FP_000370,2025-01-04,VLSFO,604.49,USD,USD_PER_MT,SYNTHETIC,SYNTHETIC_GENERATOR_V1
FP_000371,2025-01-05,VLSFO,610.11,USD,USD_PER_MT,SYNTHETIC,SYNTHETIC_GENERATOR_V1
FP_000372,2025-01-06,VLSFO,609.44,USD,USD_PER_MT,SYNTHETIC,SYNTHETIC_GENERATOR_V1
FP_000373,2025-01-07,VLSFO,609.24,USD,USD_PER_MT,SYNTHETIC,SYNTHETIC_GENERATOR_V1
FP_000374,2025-01-08,VLSFO,610.98,USD,USD_PER_MT,SYNTHETIC,SYNTHETIC_GENERATOR_V1
FP_000375,2025-01-09,VLSFO,612.75,USD,USD_PER_MT,SYNTHETIC,SYNTHETIC_GENERATOR_V1
FP_000376,2025-01-10,VLSFO,615.16,USD,USD_PER_MT,SYNTHETIC,SYNTHETIC_GENERATOR_V1
FP_000377,2025-01-11,VLSFO,613.79,USD,USD_PER_MT,SYNTHETIC,SYNTHETIC_GENERATOR_V1
FP_000378,2025-01-12,VLSFO,625.94,USD,USD_PER_MT,SYNTHETIC,SYNTHETIC_GENERATOR_V1
FP_000379,2025-01-13,VLSFO,624.79,USD,USD_PER_MT,SYNTHETIC,SYNTHETIC_GENERATOR_V1
FP_000380,2025-01-14,VLSFO,622.84,USD,USD_PER_MT,SYNTHETIC,SYNTHETIC_GENERATOR_V1
FP_000381,2025-01-15,VLSFO,623.70,USD,USD_PER_MT,SYNTHETIC,SYNTHETIC_GENERATOR_V1
FP_000382,2025-01-16,VLSFO,623.64,USD,USD_PER_MT,SYNTHETIC,SYNTHETIC_GENERATOR_V1
FP_000383,2025-01-17,VLSFO,626.21,USD,USD_PER_MT,SYNTHETIC,SYNTHETIC_GENERATOR_V1
FP_000384,2025-01-18,VLSFO,624.53,USD,USD_PER_MT,SYNTHETIC,SYNTHETIC_GENERATOR_V1
FP_000385,2025-01-19,VLSFO,626.70,USD,USD_PER_MT,SYNTHETIC,SYNTHETIC_GENERATOR_V1
FP_000386,2025-01-20,VLSFO,625.98,USD,USD_PER_MT,SYNTHETIC,SYNTHETIC_GENERATOR_V1
FP_000387,2025-01-21,VLSFO,620.05,USD,USD_PER_MT,SYNTHETIC,SYNTHETIC_GENERATOR_V1
FP_000388,2025-01-22,VLSFO,615.58,USD,USD_PER_MT,SYNTHETIC,SYNTHETIC_GENERATOR_V1
FP_000389,2025-01-23,VLSFO,610.57,USD,USD_PER_MT,SYNTHETIC,SYNTHETIC_GENERATOR_V1
FP_000390,2025-01-24,VLSFO,612.10,USD,USD_PER_MT,SYNTHETIC,SYNTHETIC_GENERATOR_V1
FP_000391,2025-01-25,VLSFO,617.18,USD,USD_PER_MT,SYNTHETIC,SYNTHETIC_GENERATOR_V1
FP_000392,2025-01-26,VLSFO,625.83,USD,USD_PER_MT,SYNTHETIC,SYNTHETIC_GENERATOR_V1
FP_000393,2025-01-27,VLSFO,623.02,USD,USD_PER_MT,SYNTHETIC,SYNTHETIC_GENERATOR_V1
FP_000394,2025-01-28,VLSFO,627.20,USD,USD_PER_MT,SYNTHETIC,SYNTHETIC_GENERATOR_V1
FP_000395,2025-01-29,VLSFO,625.82,USD,USD_PER_MT,SYNTHETIC,SYNTHETIC_GENERATOR_V1
FP_000396,2025-01-30,VLSFO,624.38,USD,USD_PER_MT,SYNTHETIC,SYNTHETIC_GENERATOR_V1
FP_000397,2025-01-31,VLSFO,625.90,USD,USD_PER_MT,SYNTHETIC,SYNTHETIC_GENERATOR_V1
FP_000398,2025-02-01,VLSFO,625.40,USD,USD_PER_MT,SYNTHETIC,SYNTHETIC_GENERATOR_V1
FP_000399,2025-02-02,VLSFO,636.81,USD,USD_PER_MT,SYNTHETIC,SYNTHETIC_GENERATOR_V1
FP_000400,2025-02-03,VLSFO,641.41,USD,USD_PER_MT,SYNTHETIC,SYNTHETIC_GENERATOR_V1
FP_000401,2025-02-04,VLSFO,644.33,USD,USD_PER_MT,SYNTHETIC,SYNTHETIC_GENERATOR_V1
FP_000402,2025-02-05,VLSFO,646.11,USD,USD_PER_MT,SYNTHETIC,SYNTHETIC_GENERATOR_V1
FP_000403,2025-02-06,VLSFO,645.23,USD,USD_PER_MT,SYNTHETIC,SYNTHETIC_GENERATOR_V1
FP_000404,2025-02-07,VLSFO,643.16,USD,USD_PER_MT,SYNTHETIC,SYNTHETIC_GENERATOR_V1
FP_000405,2025-02-08,VLSFO,644.39,USD,USD_PER_MT,SYNTHETIC,SYNTHETIC_GENERATOR_V1
FP_000406,2025-02-09,VLSFO,639.74,USD,USD_PER_MT,SYNTHETIC,SYNTHETIC_GENERATOR_V1
FP_000407,2025-02-10,VLSFO,645.30,USD,USD_PER_MT,SYNTHETIC,SYNTHETIC_GENERATOR_V1
FP_000408,2025-02-11,VLSFO,640.87,USD,USD_PER_MT,SYNTHETIC,SYNTHETIC_GENERATOR_V1
FP_000409,2025-02-12,VLSFO,644.04,USD,USD_PER_MT,SYNTHETIC,SYNTHETIC_GENERATOR_V1
FP_000410,2025-02-13,VLSFO,646.00,USD,USD_PER_MT,SYNTHETIC,SYNTHETIC_GENERATOR_V1
FP_000411,2025-02-14,VLSFO,637.67,USD,USD_PER_MT,SYNTHETIC,SYNTHETIC_GENERATOR_V1
FP_000412,2025-02-15,VLSFO,640.59,USD,USD_PER_MT,SYNTHETIC,SYNTHETIC_GENERATOR_V1
FP_000413,2025-02-16,VLSFO,636.29,USD,USD_PER_MT,SYNTHETIC,SYNTHETIC_GENERATOR_V1
FP_000414,2025-02-17,VLSFO,645.09,USD,USD_PER_MT,SYNTHETIC,SYNTHETIC_GENERATOR_V1
FP_000415,2025-02-18,VLSFO,639.70,USD,USD_PER_MT,SYNTHETIC,SYNTHETIC_GENERATOR_V1
FP_000416,2025-02-19,VLSFO,641.12,USD,USD_PER_MT,SYNTHETIC,SYNTHETIC_GENERATOR_V1
FP_000417,2025-02-20,VLSFO,643.96,USD,USD_PER_MT,SYNTHETIC,SYNTHETIC_GENERATOR_V1
FP_000418,2025-02-21,VLSFO,642.52,USD,USD_PER_MT,SYNTHETIC,SYNTHETIC_GENERATOR_V1
FP_000419,2025-02-22,VLSFO,639.40,USD,USD_PER_MT,SYNTHETIC,SYNTHETIC_GENERATOR_V1
FP_000420,2025-02-23,VLSFO,642.24,USD,USD_PER_MT,SYNTHETIC,SYNTHETIC_GENERATOR_V1
FP_000421,2025-02-24,VLSFO,638.06,USD,USD_PER_MT,SYNTHETIC,SYNTHETIC_GENERATOR_V1
FP_000422,2025-02-25,VLSFO,639.24,USD,USD_PER_MT,SYNTHETIC,SYNTHETIC_GENERATOR_V1
FP_000423,2025-02-26,VLSFO,642.30,USD,USD_PER_MT,SYNTHETIC,SYNTHETIC_GENERATOR_V1
FP_000424,2025-02-27,VLSFO,639.71,USD,USD_PER_MT,SYNTHETIC,SYNTHETIC_GENERATOR_V1
FP_000425,2025-02-28,VLSFO,641.72,USD,USD_PER_MT,SYNTHETIC,SYNTHETIC_GENERATOR_V1
FP_000426,2025-03-01,VLSFO,644.29,USD,USD_PER_MT,SYNTHETIC,SYNTHETIC_GENERATOR_V1
FP_000427,2025-03-02,VLSFO,636.82,USD,USD_PER_MT,SYNTHETIC,SYNTHETIC_GENERATOR_V1
FP_000428,2025-03-03,VLSFO,638.88,USD,USD_PER_MT,SYNTHETIC,SYNTHETIC_GENERATOR_V1
FP_000429,2025-03-04,VLSFO,631.68,USD,USD_PER_MT,SYNTHETIC,SYNTHETIC_GENERATOR_V1
FP_000430,2025-03-05,VLSFO,633.92,USD,USD_PER_MT,SYNTHETIC,SYNTHETIC_GENERATOR_V1
FP_000431,2025-03-06,VLSFO,633.94,USD,USD_PER_MT,SYNTHETIC,SYNTHETIC_GENERATOR_V1
FP_000432,2025-03-07,VLSFO,633.72,USD,USD_PER_MT,SYNTHETIC,SYNTHETIC_GENERATOR_V1
FP_000433,2025-03-08,VLSFO,626.94,USD,USD_PER_MT,SYNTHETIC,SYNTHETIC_GENERATOR_V1
FP_000434,2025-03-09,VLSFO,629.96,USD,USD_PER_MT,SYNTHETIC,SYNTHETIC_GENERATOR_V1
FP_000435,2025-03-10,VLSFO,629.01,USD,USD_PER_MT,SYNTHETIC,SYNTHETIC_GENERATOR_V1
FP_000436,2025-03-11,VLSFO,636.65,USD,USD_PER_MT,SYNTHETIC,SYNTHETIC_GENERATOR_V1
FP_000437,2025-03-12,VLSFO,632.78,USD,USD_PER_MT,SYNTHETIC,SYNTHETIC_GENERATOR_V1
FP_000438,2025-03-13,VLSFO,631.37,USD,USD_PER_MT,SYNTHETIC,SYNTHETIC_GENERATOR_V1
FP_000439,2025-03-14,VLSFO,638.39,USD,USD_PER_MT,SYNTHETIC,SYNTHETIC_GENERATOR_V1
FP_000440,2025-03-15,VLSFO,636.11,USD,USD_PER_MT,SYNTHETIC,SYNTHETIC_GENERATOR_V1
FP_000441,2025-03-16,VLSFO,638.45,USD,USD_PER_MT,SYNTHETIC,SYNTHETIC_GENERATOR_V1
FP_000442,2025-03-17,VLSFO,636.86,USD,USD_PER_MT,SYNTHETIC,SYNTHETIC_GENERATOR_V1
FP_000443,2025-03-18,VLSFO,634.73,USD,USD_PER_MT,SYNTHETIC,SYNTHETIC_GENERATOR_V1
FP_000444,2025-03-19,VLSFO,625.96,USD,USD_PER_MT,SYNTHETIC,SYNTHETIC_GENERATOR_V1
FP_000445,2025-03-20,VLSFO,621.93,USD,USD_PER_MT,SYNTHETIC,SYNTHETIC_GENERATOR_V1
FP_000446,2025-03-21,VLSFO,622.48,USD,USD_PER_MT,SYNTHETIC,SYNTHETIC_GENERATOR_V1
FP_000447,2025-03-22,VLSFO,620.22,USD,USD_PER_MT,SYNTHETIC,SYNTHETIC_GENERATOR_V1
FP_000448,2025-03-23,VLSFO,612.52,USD,USD_PER_MT,SYNTHETIC,SYNTHETIC_GENERATOR_V1
FP_000449,2025-03-24,VLSFO,615.71,USD,USD_PER_MT,SYNTHETIC,SYNTHETIC_GENERATOR_V1
FP_000450,2025-03-25,VLSFO,624.40,USD,USD_PER_MT,SYNTHETIC,SYNTHETIC_GENERATOR_V1
FP_000451,2025-03-26,VLSFO,625.41,USD,USD_PER_MT,SYNTHETIC,SYNTHETIC_GENERATOR_V1
FP_000452,2025-03-27,VLSFO,620.04,USD,USD_PER_MT,SYNTHETIC,SYNTHETIC_GENERATOR_V1
FP_000453,2025-03-28,VLSFO,622.19,USD,USD_PER_MT,SYNTHETIC,SYNTHETIC_GENERATOR_V1
FP_000454,2025-03-29,VLSFO,619.09,USD,USD_PER_MT,SYNTHETIC,SYNTHETIC_GENERATOR_V1
FP_000455,2025-03-30,VLSFO,612.99,USD,USD_PER_MT,SYNTHETIC,SYNTHETIC_GENERATOR_V1
FP_000456,2025-03-31,VLSFO,608.09,USD,USD_PER_MT,SYNTHETIC,SYNTHETIC_GENERATOR_V1
FP_000457,2025-04-01,VLSFO,606.53,USD,USD_PER_MT,SYNTHETIC,SYNTHETIC_GENERATOR_V1
FP_000458,2025-04-02,VLSFO,607.42,USD,USD_PER_MT,SYNTHETIC,SYNTHETIC_GENERATOR_V1
FP_000459,2025-04-03,VLSFO,615.98,USD,USD_PER_MT,SYNTHETIC,SYNTHETIC_GENERATOR_V1
FP_000460,2025-04-04,VLSFO,620.53,USD,USD_PER_MT,SYNTHETIC,SYNTHETIC_GENERATOR_V1
FP_000461,2025-04-05,VLSFO,622.28,USD,USD_PER_MT,SYNTHETIC,SYNTHETIC_GENERATOR_V1
FP_000462,2025-04-06,VLSFO,622.78,USD,USD_PER_MT,SYNTHETIC,SYNTHETIC_GENERATOR_V1
FP_000463,2025-04-07,VLSFO,620.75,USD,USD_PER_MT,SYNTHETIC,SYNTHETIC_GENERATOR_V1
FP_000464,2025-04-08,VLSFO,617.25,USD,USD_PER_MT,SYNTHETIC,SYNTHETIC_GENERATOR_V1
FP_000465,2025-04-09,VLSFO,607.49,USD,USD_PER_MT,SYNTHETIC,SYNTHETIC_GENERATOR_V1
FP_000466,2025-04-10,VLSFO,603.60,USD,USD_PER_MT,SYNTHETIC,SYNTHETIC_GENERATOR_V1
FP_000467,2025-04-11,VLSFO,608.71,USD,USD_PER_MT,SYNTHETIC,SYNTHETIC_GENERATOR_V1
FP_000468,2025-04-12,VLSFO,604.60,USD,USD_PER_MT,SYNTHETIC,SYNTHETIC_GENERATOR_V1
FP_000469,2025-04-13,VLSFO,597.20,USD,USD_PER_MT,SYNTHETIC,SYNTHETIC_GENERATOR_V1
FP_000470,2025-04-14,VLSFO,604.93,USD,USD_PER_MT,SYNTHETIC,SYNTHETIC_GENERATOR_V1
FP_000471,2025-04-15,VLSFO,610.29,USD,USD_PER_MT,SYNTHETIC,SYNTHETIC_GENERATOR_V1
FP_000472,2025-04-16,VLSFO,610.79,USD,USD_PER_MT,SYNTHETIC,SYNTHETIC_GENERATOR_V1
FP_000473,2025-04-17,VLSFO,603.41,USD,USD_PER_MT,SYNTHETIC,SYNTHETIC_GENERATOR_V1
FP_000474,2025-04-18,VLSFO,608.43,USD,USD_PER_MT,SYNTHETIC,SYNTHETIC_GENERATOR_V1
FP_000475,2025-04-19,VLSFO,604.33,USD,USD_PER_MT,SYNTHETIC,SYNTHETIC_GENERATOR_V1
FP_000476,2025-04-20,VLSFO,600.68,USD,USD_PER_MT,SYNTHETIC,SYNTHETIC_GENERATOR_V1
FP_000477,2025-04-21,VLSFO,607.52,USD,USD_PER_MT,SYNTHETIC,SYNTHETIC_GENERATOR_V1
FP_000478,2025-04-22,VLSFO,609.96,USD,USD_PER_MT,SYNTHETIC,SYNTHETIC_GENERATOR_V1
FP_000479,2025-04-23,VLSFO,617.31,USD,USD_PER_MT,SYNTHETIC,SYNTHETIC_GENERATOR_V1
FP_000480,2025-04-24,VLSFO,619.63,USD,USD_PER_MT,SYNTHETIC,SYNTHETIC_GENERATOR_V1
FP_000481,2025-04-25,VLSFO,625.42,USD,USD_PER_MT,SYNTHETIC,SYNTHETIC_GENERATOR_V1
FP_000482,2025-04-26,VLSFO,619.49,USD,USD_PER_MT,SYNTHETIC,SYNTHETIC_GENERATOR_V1
FP_000483,2025-04-27,VLSFO,620.14,USD,USD_PER_MT,SYNTHETIC,SYNTHETIC_GENERATOR_V1
FP_000484,2025-04-28,VLSFO,617.31,USD,USD_PER_MT,SYNTHETIC,SYNTHETIC_GENERATOR_V1
FP_000485,2025-04-29,VLSFO,610.73,USD,USD_PER_MT,SYNTHETIC,SYNTHETIC_GENERATOR_V1
FP_000486,2025-04-30,VLSFO,604.34,USD,USD_PER_MT,SYNTHETIC,SYNTHETIC_GENERATOR_V1
FP_000487,2025-05-01,VLSFO,606.76,USD,USD_PER_MT,SYNTHETIC,SYNTHETIC_GENERATOR_V1
FP_000488,2025-05-02,VLSFO,611.90,USD,USD_PER_MT,SYNTHETIC,SYNTHETIC_GENERATOR_V1
FP_000489,2025-05-03,VLSFO,615.09,USD,USD_PER_MT,SYNTHETIC,SYNTHETIC_GENERATOR_V1
FP_000490,2025-05-04,VLSFO,616.21,USD,USD_PER_MT,SYNTHETIC,SYNTHETIC_GENERATOR_V1
FP_000491,2025-05-05,VLSFO,613.49,USD,USD_PER_MT,SYNTHETIC,SYNTHETIC_GENERATOR_V1
FP_000492,2025-05-06,VLSFO,611.82,USD,USD_PER_MT,SYNTHETIC,SYNTHETIC_GENERATOR_V1
FP_000493,2025-05-07,VLSFO,620.97,USD,USD_PER_MT,SYNTHETIC,SYNTHETIC_GENERATOR_V1
FP_000494,2025-05-08,VLSFO,622.02,USD,USD_PER_MT,SYNTHETIC,SYNTHETIC_GENERATOR_V1
FP_000495,2025-05-09,VLSFO,626.62,USD,USD_PER_MT,SYNTHETIC,SYNTHETIC_GENERATOR_V1
FP_000496,2025-05-10,VLSFO,628.98,USD,USD_PER_MT,SYNTHETIC,SYNTHETIC_GENERATOR_V1
FP_000497,2025-05-11,VLSFO,634.16,USD,USD_PER_MT,SYNTHETIC,SYNTHETIC_GENERATOR_V1
FP_000498,2025-05-12,VLSFO,628.15,USD,USD_PER_MT,SYNTHETIC,SYNTHETIC_GENERATOR_V1
FP_000499,2025-05-13,VLSFO,629.72,USD,USD_PER_MT,SYNTHETIC,SYNTHETIC_GENERATOR_V1
FP_000500,2025-05-14,VLSFO,623.90,USD,USD_PER_MT,SYNTHETIC,SYNTHETIC_GENERATOR_V1
FP_000501,2025-05-15,VLSFO,626.50,USD,USD_PER_MT,SYNTHETIC,SYNTHETIC_GENERATOR_V1
FP_000502,2025-05-16,VLSFO,626.45,USD,USD_PER_MT,SYNTHETIC,SYNTHETIC_GENERATOR_V1
FP_000503,2025-05-17,VLSFO,637.18,USD,USD_PER_MT,SYNTHETIC,SYNTHETIC_GENERATOR_V1
FP_000504,2025-05-18,VLSFO,633.99,USD,USD_PER_MT,SYNTHETIC,SYNTHETIC_GENERATOR_V1
FP_000505,2025-05-19,VLSFO,628.23,USD,USD_PER_MT,SYNTHETIC,SYNTHETIC_GENERATOR_V1
FP_000506,2025-05-20,VLSFO,632.33,USD,USD_PER_MT,SYNTHETIC,SYNTHETIC_GENERATOR_V1
FP_000507,2025-05-21,VLSFO,640.46,USD,USD_PER_MT,SYNTHETIC,SYNTHETIC_GENERATOR_V1
FP_000508,2025-05-22,VLSFO,639.42,USD,USD_PER_MT,SYNTHETIC,SYNTHETIC_GENERATOR_V1
FP_000509,2025-05-23,VLSFO,641.25,USD,USD_PER_MT,SYNTHETIC,SYNTHETIC_GENERATOR_V1
FP_000510,2025-05-24,VLSFO,640.75,USD,USD_PER_MT,SYNTHETIC,SYNTHETIC_GENERATOR_V1
FP_000511,2025-05-25,VLSFO,645.48,USD,USD_PER_MT,SYNTHETIC,SYNTHETIC_GENERATOR_V1
FP_000512,2025-05-26,VLSFO,642.74,USD,USD_PER_MT,SYNTHETIC,SYNTHETIC_GENERATOR_V1
FP_000513,2025-05-27,VLSFO,639.50,USD,USD_PER_MT,SYNTHETIC,SYNTHETIC_GENERATOR_V1
FP_000514,2025-05-28,VLSFO,640.00,USD,USD_PER_MT,SYNTHETIC,SYNTHETIC_GENERATOR_V1
FP_000515,2025-05-29,VLSFO,637.22,USD,USD_PER_MT,SYNTHETIC,SYNTHETIC_GENERATOR_V1
FP_000516,2025-05-30,VLSFO,638.87,USD,USD_PER_MT,SYNTHETIC,SYNTHETIC_GENERATOR_V1
FP_000517,2025-05-31,VLSFO,629.09,USD,USD_PER_MT,SYNTHETIC,SYNTHETIC_GENERATOR_V1
FP_000518,2025-06-01,VLSFO,626.20,USD,USD_PER_MT,SYNTHETIC,SYNTHETIC_GENERATOR_V1
FP_000519,2025-06-02,VLSFO,623.67,USD,USD_PER_MT,SYNTHETIC,SYNTHETIC_GENERATOR_V1
FP_000520,2025-06-03,VLSFO,620.35,USD,USD_PER_MT,SYNTHETIC,SYNTHETIC_GENERATOR_V1
FP_000521,2025-06-04,VLSFO,623.94,USD,USD_PER_MT,SYNTHETIC,SYNTHETIC_GENERATOR_V1
FP_000522,2025-06-05,VLSFO,624.87,USD,USD_PER_MT,SYNTHETIC,SYNTHETIC_GENERATOR_V1
FP_000523,2025-06-06,VLSFO,620.58,USD,USD_PER_MT,SYNTHETIC,SYNTHETIC_GENERATOR_V1
FP_000524,2025-06-07,VLSFO,613.54,USD,USD_PER_MT,SYNTHETIC,SYNTHETIC_GENERATOR_V1
FP_000525,2025-06-08,VLSFO,617.20,USD,USD_PER_MT,SYNTHETIC,SYNTHETIC_GENERATOR_V1
FP_000526,2025-06-09,VLSFO,610.51,USD,USD_PER_MT,SYNTHETIC,SYNTHETIC_GENERATOR_V1
FP_000527,2025-06-10,VLSFO,613.09,USD,USD_PER_MT,SYNTHETIC,SYNTHETIC_GENERATOR_V1
FP_000528,2025-06-11,VLSFO,611.54,USD,USD_PER_MT,SYNTHETIC,SYNTHETIC_GENERATOR_V1
FP_000529,2025-06-12,VLSFO,610.46,USD,USD_PER_MT,SYNTHETIC,SYNTHETIC_GENERATOR_V1
FP_000530,2025-06-13,VLSFO,615.78,USD,USD_PER_MT,SYNTHETIC,SYNTHETIC_GENERATOR_V1
FP_000531,2025-06-14,VLSFO,615.93,USD,USD_PER_MT,SYNTHETIC,SYNTHETIC_GENERATOR_V1
FP_000532,2025-06-15,VLSFO,612.46,USD,USD_PER_MT,SYNTHETIC,SYNTHETIC_GENERATOR_V1
FP_000533,2025-06-16,VLSFO,614.04,USD,USD_PER_MT,SYNTHETIC,SYNTHETIC_GENERATOR_V1
FP_000534,2025-06-17,VLSFO,606.04,USD,USD_PER_MT,SYNTHETIC,SYNTHETIC_GENERATOR_V1
FP_000535,2025-06-18,VLSFO,600.61,USD,USD_PER_MT,SYNTHETIC,SYNTHETIC_GENERATOR_V1
FP_000536,2025-06-19,VLSFO,608.23,USD,USD_PER_MT,SYNTHETIC,SYNTHETIC_GENERATOR_V1
FP_000537,2025-06-20,VLSFO,607.67,USD,USD_PER_MT,SYNTHETIC,SYNTHETIC_GENERATOR_V1
FP_000538,2025-06-21,VLSFO,608.56,USD,USD_PER_MT,SYNTHETIC,SYNTHETIC_GENERATOR_V1
FP_000539,2025-06-22,VLSFO,606.78,USD,USD_PER_MT,SYNTHETIC,SYNTHETIC_GENERATOR_V1
FP_000540,2025-06-23,VLSFO,601.91,USD,USD_PER_MT,SYNTHETIC,SYNTHETIC_GENERATOR_V1
FP_000541,2025-06-24,VLSFO,602.35,USD,USD_PER_MT,SYNTHETIC,SYNTHETIC_GENERATOR_V1
FP_000542,2025-06-25,VLSFO,600.08,USD,USD_PER_MT,SYNTHETIC,SYNTHETIC_GENERATOR_V1
FP_000543,2025-06-26,VLSFO,596.45,USD,USD_PER_MT,SYNTHETIC,SYNTHETIC_GENERATOR_V1
FP_000544,2025-06-27,VLSFO,604.03,USD,USD_PER_MT,SYNTHETIC,SYNTHETIC_GENERATOR_V1
FP_000545,2025-06-28,VLSFO,601.47,USD,USD_PER_MT,SYNTHETIC,SYNTHETIC_GENERATOR_V1
FP_000546,2025-06-29,VLSFO,592.77,USD,USD_PER_MT,SYNTHETIC,SYNTHETIC_GENERATOR_V1
FP_000547,2025-06-30,VLSFO,594.86,USD,USD_PER_MT,SYNTHETIC,SYNTHETIC_GENERATOR_V1
FP_000548,2025-07-01,VLSFO,594.95,USD,USD_PER_MT,SYNTHETIC,SYNTHETIC_GENERATOR_V1
FP_000549,2025-07-02,VLSFO,601.90,USD,USD_PER_MT,SYNTHETIC,SYNTHETIC_GENERATOR_V1
FP_000550,2025-07-03,VLSFO,603.98,USD,USD_PER_MT,SYNTHETIC,SYNTHETIC_GENERATOR_V1
FP_000551,2025-07-04,VLSFO,608.63,USD,USD_PER_MT,SYNTHETIC,SYNTHETIC_GENERATOR_V1
FP_000552,2025-07-05,VLSFO,609.32,USD,USD_PER_MT,SYNTHETIC,SYNTHETIC_GENERATOR_V1
FP_000553,2025-07-06,VLSFO,611.66,USD,USD_PER_MT,SYNTHETIC,SYNTHETIC_GENERATOR_V1
FP_000554,2025-07-07,VLSFO,616.77,USD,USD_PER_MT,SYNTHETIC,SYNTHETIC_GENERATOR_V1
FP_000555,2025-07-08,VLSFO,624.85,USD,USD_PER_MT,SYNTHETIC,SYNTHETIC_GENERATOR_V1
FP_000556,2025-07-09,VLSFO,621.82,USD,USD_PER_MT,SYNTHETIC,SYNTHETIC_GENERATOR_V1
FP_000557,2025-07-10,VLSFO,623.39,USD,USD_PER_MT,SYNTHETIC,SYNTHETIC_GENERATOR_V1
FP_000558,2025-07-11,VLSFO,624.68,USD,USD_PER_MT,SYNTHETIC,SYNTHETIC_GENERATOR_V1
FP_000559,2025-07-12,VLSFO,621.14,USD,USD_PER_MT,SYNTHETIC,SYNTHETIC_GENERATOR_V1
FP_000560,2025-07-13,VLSFO,617.13,USD,USD_PER_MT,SYNTHETIC,SYNTHETIC_GENERATOR_V1
FP_000561,2025-07-14,VLSFO,612.03,USD,USD_PER_MT,SYNTHETIC,SYNTHETIC_GENERATOR_V1
FP_000562,2025-07-15,VLSFO,606.33,USD,USD_PER_MT,SYNTHETIC,SYNTHETIC_GENERATOR_V1
FP_000563,2025-07-16,VLSFO,609.74,USD,USD_PER_MT,SYNTHETIC,SYNTHETIC_GENERATOR_V1
FP_000564,2025-07-17,VLSFO,616.81,USD,USD_PER_MT,SYNTHETIC,SYNTHETIC_GENERATOR_V1
FP_000565,2025-07-18,VLSFO,614.25,USD,USD_PER_MT,SYNTHETIC,SYNTHETIC_GENERATOR_V1
FP_000566,2025-07-19,VLSFO,615.94,USD,USD_PER_MT,SYNTHETIC,SYNTHETIC_GENERATOR_V1
FP_000567,2025-07-20,VLSFO,607.78,USD,USD_PER_MT,SYNTHETIC,SYNTHETIC_GENERATOR_V1
FP_000568,2025-07-21,VLSFO,607.56,USD,USD_PER_MT,SYNTHETIC,SYNTHETIC_GENERATOR_V1
FP_000569,2025-07-22,VLSFO,611.43,USD,USD_PER_MT,SYNTHETIC,SYNTHETIC_GENERATOR_V1
FP_000570,2025-07-23,VLSFO,614.71,USD,USD_PER_MT,SYNTHETIC,SYNTHETIC_GENERATOR_V1
FP_000571,2025-07-24,VLSFO,611.97,USD,USD_PER_MT,SYNTHETIC,SYNTHETIC_GENERATOR_V1
FP_000572,2025-07-25,VLSFO,604.73,USD,USD_PER_MT,SYNTHETIC,SYNTHETIC_GENERATOR_V1
FP_000573,2025-07-26,VLSFO,598.82,USD,USD_PER_MT,SYNTHETIC,SYNTHETIC_GENERATOR_V1
FP_000574,2025-07-27,VLSFO,592.56,USD,USD_PER_MT,SYNTHETIC,SYNTHETIC_GENERATOR_V1
FP_000575,2025-07-28,VLSFO,585.99,USD,USD_PER_MT,SYNTHETIC,SYNTHETIC_GENERATOR_V1
FP_000576,2025-07-29,VLSFO,589.38,USD,USD_PER_MT,SYNTHETIC,SYNTHETIC_GENERATOR_V1
FP_000577,2025-07-30,VLSFO,594.41,USD,USD_PER_MT,SYNTHETIC,SYNTHETIC_GENERATOR_V1
FP_000578,2025-07-31,VLSFO,589.82,USD,USD_PER_MT,SYNTHETIC,SYNTHETIC_GENERATOR_V1
FP_000579,2025-08-01,VLSFO,589.15,USD,USD_PER_MT,SYNTHETIC,SYNTHETIC_GENERATOR_V1
FP_000580,2025-08-02,VLSFO,586.71,USD,USD_PER_MT,SYNTHETIC,SYNTHETIC_GENERATOR_V1
FP_000581,2025-08-03,VLSFO,588.94,USD,USD_PER_MT,SYNTHETIC,SYNTHETIC_GENERATOR_V1
FP_000582,2025-08-04,VLSFO,586.01,USD,USD_PER_MT,SYNTHETIC,SYNTHETIC_GENERATOR_V1
FP_000583,2025-08-05,VLSFO,581.57,USD,USD_PER_MT,SYNTHETIC,SYNTHETIC_GENERATOR_V1
FP_000584,2025-08-06,VLSFO,587.54,USD,USD_PER_MT,SYNTHETIC,SYNTHETIC_GENERATOR_V1
FP_000585,2025-08-07,VLSFO,590.37,USD,USD_PER_MT,SYNTHETIC,SYNTHETIC_GENERATOR_V1
FP_000586,2025-08-08,VLSFO,595.38,USD,USD_PER_MT,SYNTHETIC,SYNTHETIC_GENERATOR_V1
FP_000587,2025-08-09,VLSFO,589.59,USD,USD_PER_MT,SYNTHETIC,SYNTHETIC_GENERATOR_V1
FP_000588,2025-08-10,VLSFO,591.19,USD,USD_PER_MT,SYNTHETIC,SYNTHETIC_GENERATOR_V1
FP_000589,2025-08-11,VLSFO,587.32,USD,USD_PER_MT,SYNTHETIC,SYNTHETIC_GENERATOR_V1
FP_000590,2025-08-12,VLSFO,588.98,USD,USD_PER_MT,SYNTHETIC,SYNTHETIC_GENERATOR_V1
FP_000591,2025-08-13,VLSFO,588.90,USD,USD_PER_MT,SYNTHETIC,SYNTHETIC_GENERATOR_V1
FP_000592,2025-08-14,VLSFO,591.57,USD,USD_PER_MT,SYNTHETIC,SYNTHETIC_GENERATOR_V1
FP_000593,2025-08-15,VLSFO,593.99,USD,USD_PER_MT,SYNTHETIC,SYNTHETIC_GENERATOR_V1
FP_000594,2025-08-16,VLSFO,589.62,USD,USD_PER_MT,SYNTHETIC,SYNTHETIC_GENERATOR_V1
FP_000595,2025-08-17,VLSFO,589.10,USD,USD_PER_MT,SYNTHETIC,SYNTHETIC_GENERATOR_V1
FP_000596,2025-08-18,VLSFO,589.06,USD,USD_PER_MT,SYNTHETIC,SYNTHETIC_GENERATOR_V1
FP_000597,2025-08-19,VLSFO,594.87,USD,USD_PER_MT,SYNTHETIC,SYNTHETIC_GENERATOR_V1
FP_000598,2025-08-20,VLSFO,602.07,USD,USD_PER_MT,SYNTHETIC,SYNTHETIC_GENERATOR_V1
FP_000599,2025-08-21,VLSFO,602.48,USD,USD_PER_MT,SYNTHETIC,SYNTHETIC_GENERATOR_V1
FP_000600,2025-08-22,VLSFO,601.51,USD,USD_PER_MT,SYNTHETIC,SYNTHETIC_GENERATOR_V1
FP_000601,2025-08-23,VLSFO,600.60,USD,USD_PER_MT,SYNTHETIC,SYNTHETIC_GENERATOR_V1
FP_000602,2025-08-24,VLSFO,601.68,USD,USD_PER_MT,SYNTHETIC,SYNTHETIC_GENERATOR_V1
FP_000603,2025-08-25,VLSFO,605.22,USD,USD_PER_MT,SYNTHETIC,SYNTHETIC_GENERATOR_V1
FP_000604,2025-08-26,VLSFO,603.12,USD,USD_PER_MT,SYNTHETIC,SYNTHETIC_GENERATOR_V1
FP_000605,2025-08-27,VLSFO,610.62,USD,USD_PER_MT,SYNTHETIC,SYNTHETIC_GENERATOR_V1
FP_000606,2025-08-28,VLSFO,610.44,USD,USD_PER_MT,SYNTHETIC,SYNTHETIC_GENERATOR_V1
FP_000607,2025-08-29,VLSFO,621.12,USD,USD_PER_MT,SYNTHETIC,SYNTHETIC_GENERATOR_V1
FP_000608,2025-08-30,VLSFO,618.19,USD,USD_PER_MT,SYNTHETIC,SYNTHETIC_GENERATOR_V1
FP_000609,2025-08-31,VLSFO,616.96,USD,USD_PER_MT,SYNTHETIC,SYNTHETIC_GENERATOR_V1
FP_000610,2025-09-01,VLSFO,612.19,USD,USD_PER_MT,SYNTHETIC,SYNTHETIC_GENERATOR_V1
FP_000611,2025-09-02,VLSFO,614.50,USD,USD_PER_MT,SYNTHETIC,SYNTHETIC_GENERATOR_V1
FP_000612,2025-09-03,VLSFO,613.73,USD,USD_PER_MT,SYNTHETIC,SYNTHETIC_GENERATOR_V1
FP_000613,2025-09-04,VLSFO,611.76,USD,USD_PER_MT,SYNTHETIC,SYNTHETIC_GENERATOR_V1
FP_000614,2025-09-05,VLSFO,606.86,USD,USD_PER_MT,SYNTHETIC,SYNTHETIC_GENERATOR_V1
FP_000615,2025-09-06,VLSFO,600.20,USD,USD_PER_MT,SYNTHETIC,SYNTHETIC_GENERATOR_V1
FP_000616,2025-09-07,VLSFO,596.71,USD,USD_PER_MT,SYNTHETIC,SYNTHETIC_GENERATOR_V1
FP_000617,2025-09-08,VLSFO,593.53,USD,USD_PER_MT,SYNTHETIC,SYNTHETIC_GENERATOR_V1
FP_000618,2025-09-09,VLSFO,593.53,USD,USD_PER_MT,SYNTHETIC,SYNTHETIC_GENERATOR_V1
FP_000619,2025-09-10,VLSFO,588.46,USD,USD_PER_MT,SYNTHETIC,SYNTHETIC_GENERATOR_V1
FP_000620,2025-09-11,VLSFO,589.07,USD,USD_PER_MT,SYNTHETIC,SYNTHETIC_GENERATOR_V1
FP_000621,2025-09-12,VLSFO,589.62,USD,USD_PER_MT,SYNTHETIC,SYNTHETIC_GENERATOR_V1
FP_000622,2025-09-13,VLSFO,582.43,USD,USD_PER_MT,SYNTHETIC,SYNTHETIC_GENERATOR_V1
FP_000623,2025-09-14,VLSFO,588.57,USD,USD_PER_MT,SYNTHETIC,SYNTHETIC_GENERATOR_V1
FP_000624,2025-09-15,VLSFO,595.63,USD,USD_PER_MT,SYNTHETIC,SYNTHETIC_GENERATOR_V1
FP_000625,2025-09-16,VLSFO,592.01,USD,USD_PER_MT,SYNTHETIC,SYNTHETIC_GENERATOR_V1
FP_000626,2025-09-17,VLSFO,586.73,USD,USD_PER_MT,SYNTHETIC,SYNTHETIC_GENERATOR_V1
FP_000627,2025-09-18,VLSFO,587.64,USD,USD_PER_MT,SYNTHETIC,SYNTHETIC_GENERATOR_V1
FP_000628,2025-09-19,VLSFO,589.49,USD,USD_PER_MT,SYNTHETIC,SYNTHETIC_GENERATOR_V1
FP_000629,2025-09-20,VLSFO,585.41,USD,USD_PER_MT,SYNTHETIC,SYNTHETIC_GENERATOR_V1
FP_000630,2025-09-21,VLSFO,587.41,USD,USD_PER_MT,SYNTHETIC,SYNTHETIC_GENERATOR_V1
FP_000631,2025-09-22,VLSFO,592.07,USD,USD_PER_MT,SYNTHETIC,SYNTHETIC_GENERATOR_V1
FP_000632,2025-09-23,VLSFO,594.30,USD,USD_PER_MT,SYNTHETIC,SYNTHETIC_GENERATOR_V1
FP_000633,2025-09-24,VLSFO,591.31,USD,USD_PER_MT,SYNTHETIC,SYNTHETIC_GENERATOR_V1
FP_000634,2025-09-25,VLSFO,592.98,USD,USD_PER_MT,SYNTHETIC,SYNTHETIC_GENERATOR_V1
FP_000635,2025-09-26,VLSFO,589.38,USD,USD_PER_MT,SYNTHETIC,SYNTHETIC_GENERATOR_V1
FP_000636,2025-09-27,VLSFO,585.50,USD,USD_PER_MT,SYNTHETIC,SYNTHETIC_GENERATOR_V1
FP_000637,2025-09-28,VLSFO,600.25,USD,USD_PER_MT,SYNTHETIC,SYNTHETIC_GENERATOR_V1
FP_000638,2025-09-29,VLSFO,604.19,USD,USD_PER_MT,SYNTHETIC,SYNTHETIC_GENERATOR_V1
FP_000639,2025-09-30,VLSFO,605.79,USD,USD_PER_MT,SYNTHETIC,SYNTHETIC_GENERATOR_V1
FP_000640,2025-10-01,VLSFO,598.79,USD,USD_PER_MT,SYNTHETIC,SYNTHETIC_GENERATOR_V1
FP_000641,2025-10-02,VLSFO,596.16,USD,USD_PER_MT,SYNTHETIC,SYNTHETIC_GENERATOR_V1
FP_000642,2025-10-03,VLSFO,593.00,USD,USD_PER_MT,SYNTHETIC,SYNTHETIC_GENERATOR_V1
FP_000643,2025-10-04,VLSFO,590.04,USD,USD_PER_MT,SYNTHETIC,SYNTHETIC_GENERATOR_V1
FP_000644,2025-10-05,VLSFO,594.97,USD,USD_PER_MT,SYNTHETIC,SYNTHETIC_GENERATOR_V1
FP_000645,2025-10-06,VLSFO,598.43,USD,USD_PER_MT,SYNTHETIC,SYNTHETIC_GENERATOR_V1
FP_000646,2025-10-07,VLSFO,589.30,USD,USD_PER_MT,SYNTHETIC,SYNTHETIC_GENERATOR_V1
FP_000647,2025-10-08,VLSFO,596.64,USD,USD_PER_MT,SYNTHETIC,SYNTHETIC_GENERATOR_V1
FP_000648,2025-10-09,VLSFO,597.43,USD,USD_PER_MT,SYNTHETIC,SYNTHETIC_GENERATOR_V1
FP_000649,2025-10-10,VLSFO,602.08,USD,USD_PER_MT,SYNTHETIC,SYNTHETIC_GENERATOR_V1
FP_000650,2025-10-11,VLSFO,604.46,USD,USD_PER_MT,SYNTHETIC,SYNTHETIC_GENERATOR_V1
FP_000651,2025-10-12,VLSFO,600.42,USD,USD_PER_MT,SYNTHETIC,SYNTHETIC_GENERATOR_V1
FP_000652,2025-10-13,VLSFO,600.53,USD,USD_PER_MT,SYNTHETIC,SYNTHETIC_GENERATOR_V1
FP_000653,2025-10-14,VLSFO,602.03,USD,USD_PER_MT,SYNTHETIC,SYNTHETIC_GENERATOR_V1
FP_000654,2025-10-15,VLSFO,608.14,USD,USD_PER_MT,SYNTHETIC,SYNTHETIC_GENERATOR_V1
FP_000655,2025-10-16,VLSFO,608.45,USD,USD_PER_MT,SYNTHETIC,SYNTHETIC_GENERATOR_V1
FP_000656,2025-10-17,VLSFO,600.99,USD,USD_PER_MT,SYNTHETIC,SYNTHETIC_GENERATOR_V1
FP_000657,2025-10-18,VLSFO,593.87,USD,USD_PER_MT,SYNTHETIC,SYNTHETIC_GENERATOR_V1
FP_000658,2025-10-19,VLSFO,591.91,USD,USD_PER_MT,SYNTHETIC,SYNTHETIC_GENERATOR_V1
FP_000659,2025-10-20,VLSFO,592.63,USD,USD_PER_MT,SYNTHETIC,SYNTHETIC_GENERATOR_V1
FP_000660,2025-10-21,VLSFO,596.50,USD,USD_PER_MT,SYNTHETIC,SYNTHETIC_GENERATOR_V1
FP_000661,2025-10-22,VLSFO,593.35,USD,USD_PER_MT,SYNTHETIC,SYNTHETIC_GENERATOR_V1
FP_000662,2025-10-23,VLSFO,593.34,USD,USD_PER_MT,SYNTHETIC,SYNTHETIC_GENERATOR_V1
FP_000663,2025-10-24,VLSFO,596.55,USD,USD_PER_MT,SYNTHETIC,SYNTHETIC_GENERATOR_V1
FP_000664,2025-10-25,VLSFO,596.37,USD,USD_PER_MT,SYNTHETIC,SYNTHETIC_GENERATOR_V1
FP_000665,2025-10-26,VLSFO,599.29,USD,USD_PER_MT,SYNTHETIC,SYNTHETIC_GENERATOR_V1
FP_000666,2025-10-27,VLSFO,599.31,USD,USD_PER_MT,SYNTHETIC,SYNTHETIC_GENERATOR_V1
FP_000667,2025-10-28,VLSFO,598.45,USD,USD_PER_MT,SYNTHETIC,SYNTHETIC_GENERATOR_V1
FP_000668,2025-10-29,VLSFO,597.87,USD,USD_PER_MT,SYNTHETIC,SYNTHETIC_GENERATOR_V1
FP_000669,2025-10-30,VLSFO,602.03,USD,USD_PER_MT,SYNTHETIC,SYNTHETIC_GENERATOR_V1
FP_000670,2025-10-31,VLSFO,596.40,USD,USD_PER_MT,SYNTHETIC,SYNTHETIC_GENERATOR_V1
FP_000671,2025-11-01,VLSFO,595.09,USD,USD_PER_MT,SYNTHETIC,SYNTHETIC_GENERATOR_V1
FP_000672,2025-11-02,VLSFO,607.55,USD,USD_PER_MT,SYNTHETIC,SYNTHETIC_GENERATOR_V1
FP_000673,2025-11-03,VLSFO,610.51,USD,USD_PER_MT,SYNTHETIC,SYNTHETIC_GENERATOR_V1
FP_000674,2025-11-04,VLSFO,611.28,USD,USD_PER_MT,SYNTHETIC,SYNTHETIC_GENERATOR_V1
FP_000675,2025-11-05,VLSFO,609.24,USD,USD_PER_MT,SYNTHETIC,SYNTHETIC_GENERATOR_V1
FP_000676,2025-11-06,VLSFO,603.83,USD,USD_PER_MT,SYNTHETIC,SYNTHETIC_GENERATOR_V1
FP_000677,2025-11-07,VLSFO,606.51,USD,USD_PER_MT,SYNTHETIC,SYNTHETIC_GENERATOR_V1
FP_000678,2025-11-08,VLSFO,607.26,USD,USD_PER_MT,SYNTHETIC,SYNTHETIC_GENERATOR_V1
FP_000679,2025-11-09,VLSFO,608.79,USD,USD_PER_MT,SYNTHETIC,SYNTHETIC_GENERATOR_V1
FP_000680,2025-11-10,VLSFO,601.81,USD,USD_PER_MT,SYNTHETIC,SYNTHETIC_GENERATOR_V1
FP_000681,2025-11-11,VLSFO,604.28,USD,USD_PER_MT,SYNTHETIC,SYNTHETIC_GENERATOR_V1
FP_000682,2025-11-12,VLSFO,608.38,USD,USD_PER_MT,SYNTHETIC,SYNTHETIC_GENERATOR_V1
FP_000683,2025-11-13,VLSFO,602.42,USD,USD_PER_MT,SYNTHETIC,SYNTHETIC_GENERATOR_V1
FP_000684,2025-11-14,VLSFO,603.48,USD,USD_PER_MT,SYNTHETIC,SYNTHETIC_GENERATOR_V1
FP_000685,2025-11-15,VLSFO,595.67,USD,USD_PER_MT,SYNTHETIC,SYNTHETIC_GENERATOR_V1
FP_000686,2025-11-16,VLSFO,592.12,USD,USD_PER_MT,SYNTHETIC,SYNTHETIC_GENERATOR_V1
FP_000687,2025-11-17,VLSFO,593.62,USD,USD_PER_MT,SYNTHETIC,SYNTHETIC_GENERATOR_V1
FP_000688,2025-11-18,VLSFO,590.56,USD,USD_PER_MT,SYNTHETIC,SYNTHETIC_GENERATOR_V1
FP_000689,2025-11-19,VLSFO,596.86,USD,USD_PER_MT,SYNTHETIC,SYNTHETIC_GENERATOR_V1
FP_000690,2025-11-20,VLSFO,595.90,USD,USD_PER_MT,SYNTHETIC,SYNTHETIC_GENERATOR_V1
FP_000691,2025-11-21,VLSFO,591.70,USD,USD_PER_MT,SYNTHETIC,SYNTHETIC_GENERATOR_V1
FP_000692,2025-11-22,VLSFO,591.46,USD,USD_PER_MT,SYNTHETIC,SYNTHETIC_GENERATOR_V1
FP_000693,2025-11-23,VLSFO,587.63,USD,USD_PER_MT,SYNTHETIC,SYNTHETIC_GENERATOR_V1
FP_000694,2025-11-24,VLSFO,590.35,USD,USD_PER_MT,SYNTHETIC,SYNTHETIC_GENERATOR_V1
FP_000695,2025-11-25,VLSFO,593.76,USD,USD_PER_MT,SYNTHETIC,SYNTHETIC_GENERATOR_V1
FP_000696,2025-11-26,VLSFO,587.74,USD,USD_PER_MT,SYNTHETIC,SYNTHETIC_GENERATOR_V1
FP_000697,2025-11-27,VLSFO,591.63,USD,USD_PER_MT,SYNTHETIC,SYNTHETIC_GENERATOR_V1
FP_000698,2025-11-28,VLSFO,593.29,USD,USD_PER_MT,SYNTHETIC,SYNTHETIC_GENERATOR_V1
FP_000699,2025-11-29,VLSFO,595.45,USD,USD_PER_MT,SYNTHETIC,SYNTHETIC_GENERATOR_V1
FP_000700,2025-11-30,VLSFO,600.30,USD,USD_PER_MT,SYNTHETIC,SYNTHETIC_GENERATOR_V1
FP_000701,2025-12-01,VLSFO,606.07,USD,USD_PER_MT,SYNTHETIC,SYNTHETIC_GENERATOR_V1
FP_000702,2025-12-02,VLSFO,611.54,USD,USD_PER_MT,SYNTHETIC,SYNTHETIC_GENERATOR_V1
FP_000703,2025-12-03,VLSFO,608.88,USD,USD_PER_MT,SYNTHETIC,SYNTHETIC_GENERATOR_V1
FP_000704,2025-12-04,VLSFO,616.76,USD,USD_PER_MT,SYNTHETIC,SYNTHETIC_GENERATOR_V1
FP_000705,2025-12-05,VLSFO,611.29,USD,USD_PER_MT,SYNTHETIC,SYNTHETIC_GENERATOR_V1
FP_000706,2025-12-06,VLSFO,599.97,USD,USD_PER_MT,SYNTHETIC,SYNTHETIC_GENERATOR_V1
FP_000707,2025-12-07,VLSFO,598.24,USD,USD_PER_MT,SYNTHETIC,SYNTHETIC_GENERATOR_V1
FP_000708,2025-12-08,VLSFO,604.32,USD,USD_PER_MT,SYNTHETIC,SYNTHETIC_GENERATOR_V1
FP_000709,2025-12-09,VLSFO,599.59,USD,USD_PER_MT,SYNTHETIC,SYNTHETIC_GENERATOR_V1
FP_000710,2025-12-10,VLSFO,592.73,USD,USD_PER_MT,SYNTHETIC,SYNTHETIC_GENERATOR_V1
FP_000711,2025-12-11,VLSFO,588.11,USD,USD_PER_MT,SYNTHETIC,SYNTHETIC_GENERATOR_V1
FP_000712,2025-12-12,VLSFO,579.02,USD,USD_PER_MT,SYNTHETIC,SYNTHETIC_GENERATOR_V1
FP_000713,2025-12-13,VLSFO,582.43,USD,USD_PER_MT,SYNTHETIC,SYNTHETIC_GENERATOR_V1
FP_000714,2025-12-14,VLSFO,577.85,USD,USD_PER_MT,SYNTHETIC,SYNTHETIC_GENERATOR_V1
FP_000715,2025-12-15,VLSFO,577.55,USD,USD_PER_MT,SYNTHETIC,SYNTHETIC_GENERATOR_V1
FP_000716,2025-12-16,VLSFO,573.29,USD,USD_PER_MT,SYNTHETIC,SYNTHETIC_GENERATOR_V1
FP_000717,2025-12-17,VLSFO,575.15,USD,USD_PER_MT,SYNTHETIC,SYNTHETIC_GENERATOR_V1
FP_000718,2025-12-18,VLSFO,587.32,USD,USD_PER_MT,SYNTHETIC,SYNTHETIC_GENERATOR_V1
FP_000719,2025-12-19,VLSFO,585.32,USD,USD_PER_MT,SYNTHETIC,SYNTHETIC_GENERATOR_V1
FP_000720,2025-12-20,VLSFO,584.14,USD,USD_PER_MT,SYNTHETIC,SYNTHETIC_GENERATOR_V1
FP_000721,2025-12-21,VLSFO,585.91,USD,USD_PER_MT,SYNTHETIC,SYNTHETIC_GENERATOR_V1
FP_000722,2025-12-22,VLSFO,591.26,USD,USD_PER_MT,SYNTHETIC,SYNTHETIC_GENERATOR_V1
FP_000723,2025-12-23,VLSFO,594.59,USD,USD_PER_MT,SYNTHETIC,SYNTHETIC_GENERATOR_V1
FP_000724,2025-12-24,VLSFO,588.78,USD,USD_PER_MT,SYNTHETIC,SYNTHETIC_GENERATOR_V1
FP_000725,2025-12-25,VLSFO,596.58,USD,USD_PER_MT,SYNTHETIC,SYNTHETIC_GENERATOR_V1
FP_000726,2025-12-26,VLSFO,590.58,USD,USD_PER_MT,SYNTHETIC,SYNTHETIC_GENERATOR_V1
FP_000727,2025-12-27,VLSFO,582.29,USD,USD_PER_MT,SYNTHETIC,SYNTHETIC_GENERATOR_V1
FP_000728,2025-12-28,VLSFO,585.43,USD,USD_PER_MT,SYNTHETIC,SYNTHETIC_GENERATOR_V1
FP_000729,2025-12-29,VLSFO,589.00,USD,USD_PER_MT,SYNTHETIC,SYNTHETIC_GENERATOR_V1
FP_000730,2025-12-30,VLSFO,588.29,USD,USD_PER_MT,SYNTHETIC,SYNTHETIC_GENERATOR_V1
FP_000731,2025-12-31,VLSFO,584.81,USD,USD_PER_MT,SYNTHETIC,SYNTHETIC_GENERATOR_V1
FP_000732,2024-01-01,MGO,786.16,USD,USD_PER_MT,SYNTHETIC,SYNTHETIC_GENERATOR_V1
FP_000733,2024-01-02,MGO,787.19,USD,USD_PER_MT,SYNTHETIC,SYNTHETIC_GENERATOR_V1
FP_000734,2024-01-03,MGO,773.44,USD,USD_PER_MT,SYNTHETIC,SYNTHETIC_GENERATOR_V1
FP_000735,2024-01-04,MGO,772.73,USD,USD_PER_MT,SYNTHETIC,SYNTHETIC_GENERATOR_V1
FP_000736,2024-01-05,MGO,776.72,USD,USD_PER_MT,SYNTHETIC,SYNTHETIC_GENERATOR_V1
FP_000737,2024-01-06,MGO,786.19,USD,USD_PER_MT,SYNTHETIC,SYNTHETIC_GENERATOR_V1
FP_000738,2024-01-07,MGO,778.44,USD,USD_PER_MT,SYNTHETIC,SYNTHETIC_GENERATOR_V1
FP_000739,2024-01-08,MGO,782.67,USD,USD_PER_MT,SYNTHETIC,SYNTHETIC_GENERATOR_V1
FP_000740,2024-01-09,MGO,776.08,USD,USD_PER_MT,SYNTHETIC,SYNTHETIC_GENERATOR_V1
FP_000741,2024-01-10,MGO,768.37,USD,USD_PER_MT,SYNTHETIC,SYNTHETIC_GENERATOR_V1
FP_000742,2024-01-11,MGO,776.48,USD,USD_PER_MT,SYNTHETIC,SYNTHETIC_GENERATOR_V1
FP_000743,2024-01-12,MGO,786.22,USD,USD_PER_MT,SYNTHETIC,SYNTHETIC_GENERATOR_V1
FP_000744,2024-01-13,MGO,781.09,USD,USD_PER_MT,SYNTHETIC,SYNTHETIC_GENERATOR_V1
FP_000745,2024-01-14,MGO,787.29,USD,USD_PER_MT,SYNTHETIC,SYNTHETIC_GENERATOR_V1
FP_000746,2024-01-15,MGO,773.97,USD,USD_PER_MT,SYNTHETIC,SYNTHETIC_GENERATOR_V1
FP_000747,2024-01-16,MGO,772.27,USD,USD_PER_MT,SYNTHETIC,SYNTHETIC_GENERATOR_V1
FP_000748,2024-01-17,MGO,761.98,USD,USD_PER_MT,SYNTHETIC,SYNTHETIC_GENERATOR_V1
FP_000749,2024-01-18,MGO,759.83,USD,USD_PER_MT,SYNTHETIC,SYNTHETIC_GENERATOR_V1
FP_000750,2024-01-19,MGO,750.33,USD,USD_PER_MT,SYNTHETIC,SYNTHETIC_GENERATOR_V1
FP_000751,2024-01-20,MGO,745.57,USD,USD_PER_MT,SYNTHETIC,SYNTHETIC_GENERATOR_V1
FP_000752,2024-01-21,MGO,743.37,USD,USD_PER_MT,SYNTHETIC,SYNTHETIC_GENERATOR_V1
FP_000753,2024-01-22,MGO,739.88,USD,USD_PER_MT,SYNTHETIC,SYNTHETIC_GENERATOR_V1
FP_000754,2024-01-23,MGO,748.49,USD,USD_PER_MT,SYNTHETIC,SYNTHETIC_GENERATOR_V1
FP_000755,2024-01-24,MGO,755.69,USD,USD_PER_MT,SYNTHETIC,SYNTHETIC_GENERATOR_V1
FP_000756,2024-01-25,MGO,760.97,USD,USD_PER_MT,SYNTHETIC,SYNTHETIC_GENERATOR_V1
FP_000757,2024-01-26,MGO,764.00,USD,USD_PER_MT,SYNTHETIC,SYNTHETIC_GENERATOR_V1
FP_000758,2024-01-27,MGO,768.72,USD,USD_PER_MT,SYNTHETIC,SYNTHETIC_GENERATOR_V1
FP_000759,2024-01-28,MGO,760.43,USD,USD_PER_MT,SYNTHETIC,SYNTHETIC_GENERATOR_V1
FP_000760,2024-01-29,MGO,770.34,USD,USD_PER_MT,SYNTHETIC,SYNTHETIC_GENERATOR_V1
FP_000761,2024-01-30,MGO,772.14,USD,USD_PER_MT,SYNTHETIC,SYNTHETIC_GENERATOR_V1
FP_000762,2024-01-31,MGO,778.34,USD,USD_PER_MT,SYNTHETIC,SYNTHETIC_GENERATOR_V1
FP_000763,2024-02-01,MGO,767.27,USD,USD_PER_MT,SYNTHETIC,SYNTHETIC_GENERATOR_V1
FP_000764,2024-02-02,MGO,756.90,USD,USD_PER_MT,SYNTHETIC,SYNTHETIC_GENERATOR_V1
FP_000765,2024-02-03,MGO,766.12,USD,USD_PER_MT,SYNTHETIC,SYNTHETIC_GENERATOR_V1
FP_000766,2024-02-04,MGO,772.79,USD,USD_PER_MT,SYNTHETIC,SYNTHETIC_GENERATOR_V1
FP_000767,2024-02-05,MGO,769.17,USD,USD_PER_MT,SYNTHETIC,SYNTHETIC_GENERATOR_V1
FP_000768,2024-02-06,MGO,770.70,USD,USD_PER_MT,SYNTHETIC,SYNTHETIC_GENERATOR_V1
FP_000769,2024-02-07,MGO,774.14,USD,USD_PER_MT,SYNTHETIC,SYNTHETIC_GENERATOR_V1
FP_000770,2024-02-08,MGO,773.14,USD,USD_PER_MT,SYNTHETIC,SYNTHETIC_GENERATOR_V1
FP_000771,2024-02-09,MGO,778.60,USD,USD_PER_MT,SYNTHETIC,SYNTHETIC_GENERATOR_V1
FP_000772,2024-02-10,MGO,775.41,USD,USD_PER_MT,SYNTHETIC,SYNTHETIC_GENERATOR_V1
FP_000773,2024-02-11,MGO,783.89,USD,USD_PER_MT,SYNTHETIC,SYNTHETIC_GENERATOR_V1
FP_000774,2024-02-12,MGO,785.21,USD,USD_PER_MT,SYNTHETIC,SYNTHETIC_GENERATOR_V1
FP_000775,2024-02-13,MGO,789.99,USD,USD_PER_MT,SYNTHETIC,SYNTHETIC_GENERATOR_V1
FP_000776,2024-02-14,MGO,781.19,USD,USD_PER_MT,SYNTHETIC,SYNTHETIC_GENERATOR_V1
FP_000777,2024-02-15,MGO,787.24,USD,USD_PER_MT,SYNTHETIC,SYNTHETIC_GENERATOR_V1
FP_000778,2024-02-16,MGO,784.38,USD,USD_PER_MT,SYNTHETIC,SYNTHETIC_GENERATOR_V1
FP_000779,2024-02-17,MGO,793.23,USD,USD_PER_MT,SYNTHETIC,SYNTHETIC_GENERATOR_V1
FP_000780,2024-02-18,MGO,791.11,USD,USD_PER_MT,SYNTHETIC,SYNTHETIC_GENERATOR_V1
FP_000781,2024-02-19,MGO,779.24,USD,USD_PER_MT,SYNTHETIC,SYNTHETIC_GENERATOR_V1
FP_000782,2024-02-20,MGO,784.90,USD,USD_PER_MT,SYNTHETIC,SYNTHETIC_GENERATOR_V1
FP_000783,2024-02-21,MGO,787.76,USD,USD_PER_MT,SYNTHETIC,SYNTHETIC_GENERATOR_V1
FP_000784,2024-02-22,MGO,807.62,USD,USD_PER_MT,SYNTHETIC,SYNTHETIC_GENERATOR_V1
FP_000785,2024-02-23,MGO,810.04,USD,USD_PER_MT,SYNTHETIC,SYNTHETIC_GENERATOR_V1
FP_000786,2024-02-24,MGO,820.35,USD,USD_PER_MT,SYNTHETIC,SYNTHETIC_GENERATOR_V1
FP_000787,2024-02-25,MGO,820.41,USD,USD_PER_MT,SYNTHETIC,SYNTHETIC_GENERATOR_V1
FP_000788,2024-02-26,MGO,824.62,USD,USD_PER_MT,SYNTHETIC,SYNTHETIC_GENERATOR_V1
FP_000789,2024-02-27,MGO,822.90,USD,USD_PER_MT,SYNTHETIC,SYNTHETIC_GENERATOR_V1
FP_000790,2024-02-28,MGO,824.18,USD,USD_PER_MT,SYNTHETIC,SYNTHETIC_GENERATOR_V1
FP_000791,2024-02-29,MGO,826.61,USD,USD_PER_MT,SYNTHETIC,SYNTHETIC_GENERATOR_V1
FP_000792,2024-03-01,MGO,821.44,USD,USD_PER_MT,SYNTHETIC,SYNTHETIC_GENERATOR_V1
FP_000793,2024-03-02,MGO,822.34,USD,USD_PER_MT,SYNTHETIC,SYNTHETIC_GENERATOR_V1
FP_000794,2024-03-03,MGO,821.98,USD,USD_PER_MT,SYNTHETIC,SYNTHETIC_GENERATOR_V1
FP_000795,2024-03-04,MGO,818.53,USD,USD_PER_MT,SYNTHETIC,SYNTHETIC_GENERATOR_V1
FP_000796,2024-03-05,MGO,825.25,USD,USD_PER_MT,SYNTHETIC,SYNTHETIC_GENERATOR_V1
FP_000797,2024-03-06,MGO,837.53,USD,USD_PER_MT,SYNTHETIC,SYNTHETIC_GENERATOR_V1
FP_000798,2024-03-07,MGO,831.12,USD,USD_PER_MT,SYNTHETIC,SYNTHETIC_GENERATOR_V1
FP_000799,2024-03-08,MGO,821.21,USD,USD_PER_MT,SYNTHETIC,SYNTHETIC_GENERATOR_V1
FP_000800,2024-03-09,MGO,823.23,USD,USD_PER_MT,SYNTHETIC,SYNTHETIC_GENERATOR_V1
FP_000801,2024-03-10,MGO,824.74,USD,USD_PER_MT,SYNTHETIC,SYNTHETIC_GENERATOR_V1
FP_000802,2024-03-11,MGO,824.18,USD,USD_PER_MT,SYNTHETIC,SYNTHETIC_GENERATOR_V1
FP_000803,2024-03-12,MGO,825.98,USD,USD_PER_MT,SYNTHETIC,SYNTHETIC_GENERATOR_V1
FP_000804,2024-03-13,MGO,822.55,USD,USD_PER_MT,SYNTHETIC,SYNTHETIC_GENERATOR_V1
FP_000805,2024-03-14,MGO,823.25,USD,USD_PER_MT,SYNTHETIC,SYNTHETIC_GENERATOR_V1
FP_000806,2024-03-15,MGO,822.78,USD,USD_PER_MT,SYNTHETIC,SYNTHETIC_GENERATOR_V1
FP_000807,2024-03-16,MGO,814.89,USD,USD_PER_MT,SYNTHETIC,SYNTHETIC_GENERATOR_V1
FP_000808,2024-03-17,MGO,817.12,USD,USD_PER_MT,SYNTHETIC,SYNTHETIC_GENERATOR_V1
FP_000809,2024-03-18,MGO,809.00,USD,USD_PER_MT,SYNTHETIC,SYNTHETIC_GENERATOR_V1
FP_000810,2024-03-19,MGO,806.34,USD,USD_PER_MT,SYNTHETIC,SYNTHETIC_GENERATOR_V1
FP_000811,2024-03-20,MGO,808.39,USD,USD_PER_MT,SYNTHETIC,SYNTHETIC_GENERATOR_V1
FP_000812,2024-03-21,MGO,808.12,USD,USD_PER_MT,SYNTHETIC,SYNTHETIC_GENERATOR_V1
FP_000813,2024-03-22,MGO,814.73,USD,USD_PER_MT,SYNTHETIC,SYNTHETIC_GENERATOR_V1
FP_000814,2024-03-23,MGO,816.36,USD,USD_PER_MT,SYNTHETIC,SYNTHETIC_GENERATOR_V1
FP_000815,2024-03-24,MGO,816.61,USD,USD_PER_MT,SYNTHETIC,SYNTHETIC_GENERATOR_V1
FP_000816,2024-03-25,MGO,820.19,USD,USD_PER_MT,SYNTHETIC,SYNTHETIC_GENERATOR_V1
FP_000817,2024-03-26,MGO,819.65,USD,USD_PER_MT,SYNTHETIC,SYNTHETIC_GENERATOR_V1
FP_000818,2024-03-27,MGO,822.75,USD,USD_PER_MT,SYNTHETIC,SYNTHETIC_GENERATOR_V1
FP_000819,2024-03-28,MGO,821.17,USD,USD_PER_MT,SYNTHETIC,SYNTHETIC_GENERATOR_V1
FP_000820,2024-03-29,MGO,814.37,USD,USD_PER_MT,SYNTHETIC,SYNTHETIC_GENERATOR_V1
FP_000821,2024-03-30,MGO,812.36,USD,USD_PER_MT,SYNTHETIC,SYNTHETIC_GENERATOR_V1
FP_000822,2024-03-31,MGO,816.06,USD,USD_PER_MT,SYNTHETIC,SYNTHETIC_GENERATOR_V1
FP_000823,2024-04-01,MGO,812.23,USD,USD_PER_MT,SYNTHETIC,SYNTHETIC_GENERATOR_V1
FP_000824,2024-04-02,MGO,819.02,USD,USD_PER_MT,SYNTHETIC,SYNTHETIC_GENERATOR_V1
FP_000825,2024-04-03,MGO,811.37,USD,USD_PER_MT,SYNTHETIC,SYNTHETIC_GENERATOR_V1
FP_000826,2024-04-04,MGO,805.65,USD,USD_PER_MT,SYNTHETIC,SYNTHETIC_GENERATOR_V1
FP_000827,2024-04-05,MGO,798.43,USD,USD_PER_MT,SYNTHETIC,SYNTHETIC_GENERATOR_V1
FP_000828,2024-04-06,MGO,797.08,USD,USD_PER_MT,SYNTHETIC,SYNTHETIC_GENERATOR_V1
FP_000829,2024-04-07,MGO,791.74,USD,USD_PER_MT,SYNTHETIC,SYNTHETIC_GENERATOR_V1
FP_000830,2024-04-08,MGO,796.17,USD,USD_PER_MT,SYNTHETIC,SYNTHETIC_GENERATOR_V1
FP_000831,2024-04-09,MGO,799.69,USD,USD_PER_MT,SYNTHETIC,SYNTHETIC_GENERATOR_V1
FP_000832,2024-04-10,MGO,809.70,USD,USD_PER_MT,SYNTHETIC,SYNTHETIC_GENERATOR_V1
FP_000833,2024-04-11,MGO,799.99,USD,USD_PER_MT,SYNTHETIC,SYNTHETIC_GENERATOR_V1
FP_000834,2024-04-12,MGO,798.68,USD,USD_PER_MT,SYNTHETIC,SYNTHETIC_GENERATOR_V1
FP_000835,2024-04-13,MGO,794.31,USD,USD_PER_MT,SYNTHETIC,SYNTHETIC_GENERATOR_V1
FP_000836,2024-04-14,MGO,791.62,USD,USD_PER_MT,SYNTHETIC,SYNTHETIC_GENERATOR_V1
FP_000837,2024-04-15,MGO,794.99,USD,USD_PER_MT,SYNTHETIC,SYNTHETIC_GENERATOR_V1
FP_000838,2024-04-16,MGO,793.44,USD,USD_PER_MT,SYNTHETIC,SYNTHETIC_GENERATOR_V1
FP_000839,2024-04-17,MGO,798.72,USD,USD_PER_MT,SYNTHETIC,SYNTHETIC_GENERATOR_V1
FP_000840,2024-04-18,MGO,790.90,USD,USD_PER_MT,SYNTHETIC,SYNTHETIC_GENERATOR_V1
FP_000841,2024-04-19,MGO,786.53,USD,USD_PER_MT,SYNTHETIC,SYNTHETIC_GENERATOR_V1
FP_000842,2024-04-20,MGO,779.18,USD,USD_PER_MT,SYNTHETIC,SYNTHETIC_GENERATOR_V1
FP_000843,2024-04-21,MGO,784.51,USD,USD_PER_MT,SYNTHETIC,SYNTHETIC_GENERATOR_V1
FP_000844,2024-04-22,MGO,774.43,USD,USD_PER_MT,SYNTHETIC,SYNTHETIC_GENERATOR_V1
FP_000845,2024-04-23,MGO,786.86,USD,USD_PER_MT,SYNTHETIC,SYNTHETIC_GENERATOR_V1
FP_000846,2024-04-24,MGO,796.95,USD,USD_PER_MT,SYNTHETIC,SYNTHETIC_GENERATOR_V1
FP_000847,2024-04-25,MGO,801.25,USD,USD_PER_MT,SYNTHETIC,SYNTHETIC_GENERATOR_V1
FP_000848,2024-04-26,MGO,800.79,USD,USD_PER_MT,SYNTHETIC,SYNTHETIC_GENERATOR_V1
FP_000849,2024-04-27,MGO,802.75,USD,USD_PER_MT,SYNTHETIC,SYNTHETIC_GENERATOR_V1
FP_000850,2024-04-28,MGO,796.22,USD,USD_PER_MT,SYNTHETIC,SYNTHETIC_GENERATOR_V1
FP_000851,2024-04-29,MGO,804.65,USD,USD_PER_MT,SYNTHETIC,SYNTHETIC_GENERATOR_V1
FP_000852,2024-04-30,MGO,818.84,USD,USD_PER_MT,SYNTHETIC,SYNTHETIC_GENERATOR_V1
FP_000853,2024-05-01,MGO,816.38,USD,USD_PER_MT,SYNTHETIC,SYNTHETIC_GENERATOR_V1
FP_000854,2024-05-02,MGO,816.75,USD,USD_PER_MT,SYNTHETIC,SYNTHETIC_GENERATOR_V1
FP_000855,2024-05-03,MGO,812.89,USD,USD_PER_MT,SYNTHETIC,SYNTHETIC_GENERATOR_V1
FP_000856,2024-05-04,MGO,819.32,USD,USD_PER_MT,SYNTHETIC,SYNTHETIC_GENERATOR_V1
FP_000857,2024-05-05,MGO,817.87,USD,USD_PER_MT,SYNTHETIC,SYNTHETIC_GENERATOR_V1
FP_000858,2024-05-06,MGO,817.72,USD,USD_PER_MT,SYNTHETIC,SYNTHETIC_GENERATOR_V1
FP_000859,2024-05-07,MGO,811.16,USD,USD_PER_MT,SYNTHETIC,SYNTHETIC_GENERATOR_V1
FP_000860,2024-05-08,MGO,818.12,USD,USD_PER_MT,SYNTHETIC,SYNTHETIC_GENERATOR_V1
FP_000861,2024-05-09,MGO,818.30,USD,USD_PER_MT,SYNTHETIC,SYNTHETIC_GENERATOR_V1
FP_000862,2024-05-10,MGO,824.30,USD,USD_PER_MT,SYNTHETIC,SYNTHETIC_GENERATOR_V1
FP_000863,2024-05-11,MGO,831.43,USD,USD_PER_MT,SYNTHETIC,SYNTHETIC_GENERATOR_V1
FP_000864,2024-05-12,MGO,832.05,USD,USD_PER_MT,SYNTHETIC,SYNTHETIC_GENERATOR_V1
FP_000865,2024-05-13,MGO,835.30,USD,USD_PER_MT,SYNTHETIC,SYNTHETIC_GENERATOR_V1
FP_000866,2024-05-14,MGO,832.10,USD,USD_PER_MT,SYNTHETIC,SYNTHETIC_GENERATOR_V1
FP_000867,2024-05-15,MGO,839.82,USD,USD_PER_MT,SYNTHETIC,SYNTHETIC_GENERATOR_V1
FP_000868,2024-05-16,MGO,838.23,USD,USD_PER_MT,SYNTHETIC,SYNTHETIC_GENERATOR_V1
FP_000869,2024-05-17,MGO,838.34,USD,USD_PER_MT,SYNTHETIC,SYNTHETIC_GENERATOR_V1
FP_000870,2024-05-18,MGO,831.67,USD,USD_PER_MT,SYNTHETIC,SYNTHETIC_GENERATOR_V1
FP_000871,2024-05-19,MGO,820.20,USD,USD_PER_MT,SYNTHETIC,SYNTHETIC_GENERATOR_V1
FP_000872,2024-05-20,MGO,812.91,USD,USD_PER_MT,SYNTHETIC,SYNTHETIC_GENERATOR_V1
FP_000873,2024-05-21,MGO,801.06,USD,USD_PER_MT,SYNTHETIC,SYNTHETIC_GENERATOR_V1
FP_000874,2024-05-22,MGO,807.77,USD,USD_PER_MT,SYNTHETIC,SYNTHETIC_GENERATOR_V1
FP_000875,2024-05-23,MGO,796.04,USD,USD_PER_MT,SYNTHETIC,SYNTHETIC_GENERATOR_V1
FP_000876,2024-05-24,MGO,800.88,USD,USD_PER_MT,SYNTHETIC,SYNTHETIC_GENERATOR_V1
FP_000877,2024-05-25,MGO,799.33,USD,USD_PER_MT,SYNTHETIC,SYNTHETIC_GENERATOR_V1
FP_000878,2024-05-26,MGO,800.69,USD,USD_PER_MT,SYNTHETIC,SYNTHETIC_GENERATOR_V1
FP_000879,2024-05-27,MGO,793.61,USD,USD_PER_MT,SYNTHETIC,SYNTHETIC_GENERATOR_V1
FP_000880,2024-05-28,MGO,788.61,USD,USD_PER_MT,SYNTHETIC,SYNTHETIC_GENERATOR_V1
FP_000881,2024-05-29,MGO,784.84,USD,USD_PER_MT,SYNTHETIC,SYNTHETIC_GENERATOR_V1
FP_000882,2024-05-30,MGO,774.77,USD,USD_PER_MT,SYNTHETIC,SYNTHETIC_GENERATOR_V1
FP_000883,2024-05-31,MGO,770.91,USD,USD_PER_MT,SYNTHETIC,SYNTHETIC_GENERATOR_V1
FP_000884,2024-06-01,MGO,760.65,USD,USD_PER_MT,SYNTHETIC,SYNTHETIC_GENERATOR_V1
FP_000885,2024-06-02,MGO,758.94,USD,USD_PER_MT,SYNTHETIC,SYNTHETIC_GENERATOR_V1
FP_000886,2024-06-03,MGO,750.50,USD,USD_PER_MT,SYNTHETIC,SYNTHETIC_GENERATOR_V1
FP_000887,2024-06-04,MGO,752.32,USD,USD_PER_MT,SYNTHETIC,SYNTHETIC_GENERATOR_V1
FP_000888,2024-06-05,MGO,762.59,USD,USD_PER_MT,SYNTHETIC,SYNTHETIC_GENERATOR_V1
FP_000889,2024-06-06,MGO,761.80,USD,USD_PER_MT,SYNTHETIC,SYNTHETIC_GENERATOR_V1
FP_000890,2024-06-07,MGO,758.87,USD,USD_PER_MT,SYNTHETIC,SYNTHETIC_GENERATOR_V1
FP_000891,2024-06-08,MGO,761.40,USD,USD_PER_MT,SYNTHETIC,SYNTHETIC_GENERATOR_V1
FP_000892,2024-06-09,MGO,759.38,USD,USD_PER_MT,SYNTHETIC,SYNTHETIC_GENERATOR_V1
FP_000893,2024-06-10,MGO,747.36,USD,USD_PER_MT,SYNTHETIC,SYNTHETIC_GENERATOR_V1
FP_000894,2024-06-11,MGO,748.48,USD,USD_PER_MT,SYNTHETIC,SYNTHETIC_GENERATOR_V1
FP_000895,2024-06-12,MGO,746.17,USD,USD_PER_MT,SYNTHETIC,SYNTHETIC_GENERATOR_V1
FP_000896,2024-06-13,MGO,746.72,USD,USD_PER_MT,SYNTHETIC,SYNTHETIC_GENERATOR_V1
FP_000897,2024-06-14,MGO,740.08,USD,USD_PER_MT,SYNTHETIC,SYNTHETIC_GENERATOR_V1
FP_000898,2024-06-15,MGO,749.64,USD,USD_PER_MT,SYNTHETIC,SYNTHETIC_GENERATOR_V1
FP_000899,2024-06-16,MGO,751.37,USD,USD_PER_MT,SYNTHETIC,SYNTHETIC_GENERATOR_V1
FP_000900,2024-06-17,MGO,763.57,USD,USD_PER_MT,SYNTHETIC,SYNTHETIC_GENERATOR_V1
FP_000901,2024-06-18,MGO,769.29,USD,USD_PER_MT,SYNTHETIC,SYNTHETIC_GENERATOR_V1
FP_000902,2024-06-19,MGO,787.04,USD,USD_PER_MT,SYNTHETIC,SYNTHETIC_GENERATOR_V1
FP_000903,2024-06-20,MGO,788.11,USD,USD_PER_MT,SYNTHETIC,SYNTHETIC_GENERATOR_V1
FP_000904,2024-06-21,MGO,798.95,USD,USD_PER_MT,SYNTHETIC,SYNTHETIC_GENERATOR_V1
FP_000905,2024-06-22,MGO,806.21,USD,USD_PER_MT,SYNTHETIC,SYNTHETIC_GENERATOR_V1
FP_000906,2024-06-23,MGO,810.57,USD,USD_PER_MT,SYNTHETIC,SYNTHETIC_GENERATOR_V1
FP_000907,2024-06-24,MGO,805.43,USD,USD_PER_MT,SYNTHETIC,SYNTHETIC_GENERATOR_V1
FP_000908,2024-06-25,MGO,813.28,USD,USD_PER_MT,SYNTHETIC,SYNTHETIC_GENERATOR_V1
FP_000909,2024-06-26,MGO,808.85,USD,USD_PER_MT,SYNTHETIC,SYNTHETIC_GENERATOR_V1
FP_000910,2024-06-27,MGO,814.66,USD,USD_PER_MT,SYNTHETIC,SYNTHETIC_GENERATOR_V1
FP_000911,2024-06-28,MGO,806.61,USD,USD_PER_MT,SYNTHETIC,SYNTHETIC_GENERATOR_V1
FP_000912,2024-06-29,MGO,804.80,USD,USD_PER_MT,SYNTHETIC,SYNTHETIC_GENERATOR_V1
FP_000913,2024-06-30,MGO,803.29,USD,USD_PER_MT,SYNTHETIC,SYNTHETIC_GENERATOR_V1
FP_000914,2024-07-01,MGO,806.64,USD,USD_PER_MT,SYNTHETIC,SYNTHETIC_GENERATOR_V1
FP_000915,2024-07-02,MGO,800.40,USD,USD_PER_MT,SYNTHETIC,SYNTHETIC_GENERATOR_V1
FP_000916,2024-07-03,MGO,799.58,USD,USD_PER_MT,SYNTHETIC,SYNTHETIC_GENERATOR_V1
FP_000917,2024-07-04,MGO,799.14,USD,USD_PER_MT,SYNTHETIC,SYNTHETIC_GENERATOR_V1
FP_000918,2024-07-05,MGO,806.05,USD,USD_PER_MT,SYNTHETIC,SYNTHETIC_GENERATOR_V1
FP_000919,2024-07-06,MGO,797.11,USD,USD_PER_MT,SYNTHETIC,SYNTHETIC_GENERATOR_V1
FP_000920,2024-07-07,MGO,803.28,USD,USD_PER_MT,SYNTHETIC,SYNTHETIC_GENERATOR_V1
FP_000921,2024-07-08,MGO,797.77,USD,USD_PER_MT,SYNTHETIC,SYNTHETIC_GENERATOR_V1
FP_000922,2024-07-09,MGO,805.65,USD,USD_PER_MT,SYNTHETIC,SYNTHETIC_GENERATOR_V1
FP_000923,2024-07-10,MGO,799.90,USD,USD_PER_MT,SYNTHETIC,SYNTHETIC_GENERATOR_V1
FP_000924,2024-07-11,MGO,792.38,USD,USD_PER_MT,SYNTHETIC,SYNTHETIC_GENERATOR_V1
FP_000925,2024-07-12,MGO,794.09,USD,USD_PER_MT,SYNTHETIC,SYNTHETIC_GENERATOR_V1
FP_000926,2024-07-13,MGO,804.54,USD,USD_PER_MT,SYNTHETIC,SYNTHETIC_GENERATOR_V1
FP_000927,2024-07-14,MGO,801.28,USD,USD_PER_MT,SYNTHETIC,SYNTHETIC_GENERATOR_V1
FP_000928,2024-07-15,MGO,806.06,USD,USD_PER_MT,SYNTHETIC,SYNTHETIC_GENERATOR_V1
FP_000929,2024-07-16,MGO,804.87,USD,USD_PER_MT,SYNTHETIC,SYNTHETIC_GENERATOR_V1
FP_000930,2024-07-17,MGO,804.41,USD,USD_PER_MT,SYNTHETIC,SYNTHETIC_GENERATOR_V1
FP_000931,2024-07-18,MGO,814.40,USD,USD_PER_MT,SYNTHETIC,SYNTHETIC_GENERATOR_V1
FP_000932,2024-07-19,MGO,803.53,USD,USD_PER_MT,SYNTHETIC,SYNTHETIC_GENERATOR_V1
FP_000933,2024-07-20,MGO,809.82,USD,USD_PER_MT,SYNTHETIC,SYNTHETIC_GENERATOR_V1
FP_000934,2024-07-21,MGO,808.65,USD,USD_PER_MT,SYNTHETIC,SYNTHETIC_GENERATOR_V1
FP_000935,2024-07-22,MGO,808.67,USD,USD_PER_MT,SYNTHETIC,SYNTHETIC_GENERATOR_V1
FP_000936,2024-07-23,MGO,811.54,USD,USD_PER_MT,SYNTHETIC,SYNTHETIC_GENERATOR_V1
FP_000937,2024-07-24,MGO,819.20,USD,USD_PER_MT,SYNTHETIC,SYNTHETIC_GENERATOR_V1
FP_000938,2024-07-25,MGO,813.63,USD,USD_PER_MT,SYNTHETIC,SYNTHETIC_GENERATOR_V1
FP_000939,2024-07-26,MGO,816.64,USD,USD_PER_MT,SYNTHETIC,SYNTHETIC_GENERATOR_V1
FP_000940,2024-07-27,MGO,817.07,USD,USD_PER_MT,SYNTHETIC,SYNTHETIC_GENERATOR_V1
FP_000941,2024-07-28,MGO,808.55,USD,USD_PER_MT,SYNTHETIC,SYNTHETIC_GENERATOR_V1
FP_000942,2024-07-29,MGO,805.53,USD,USD_PER_MT,SYNTHETIC,SYNTHETIC_GENERATOR_V1
FP_000943,2024-07-30,MGO,812.52,USD,USD_PER_MT,SYNTHETIC,SYNTHETIC_GENERATOR_V1
FP_000944,2024-07-31,MGO,801.58,USD,USD_PER_MT,SYNTHETIC,SYNTHETIC_GENERATOR_V1
FP_000945,2024-08-01,MGO,805.70,USD,USD_PER_MT,SYNTHETIC,SYNTHETIC_GENERATOR_V1
FP_000946,2024-08-02,MGO,803.81,USD,USD_PER_MT,SYNTHETIC,SYNTHETIC_GENERATOR_V1
FP_000947,2024-08-03,MGO,808.78,USD,USD_PER_MT,SYNTHETIC,SYNTHETIC_GENERATOR_V1
FP_000948,2024-08-04,MGO,812.90,USD,USD_PER_MT,SYNTHETIC,SYNTHETIC_GENERATOR_V1
FP_000949,2024-08-05,MGO,805.13,USD,USD_PER_MT,SYNTHETIC,SYNTHETIC_GENERATOR_V1
FP_000950,2024-08-06,MGO,802.62,USD,USD_PER_MT,SYNTHETIC,SYNTHETIC_GENERATOR_V1
FP_000951,2024-08-07,MGO,792.76,USD,USD_PER_MT,SYNTHETIC,SYNTHETIC_GENERATOR_V1
FP_000952,2024-08-08,MGO,789.11,USD,USD_PER_MT,SYNTHETIC,SYNTHETIC_GENERATOR_V1
FP_000953,2024-08-09,MGO,788.17,USD,USD_PER_MT,SYNTHETIC,SYNTHETIC_GENERATOR_V1
FP_000954,2024-08-10,MGO,787.65,USD,USD_PER_MT,SYNTHETIC,SYNTHETIC_GENERATOR_V1
FP_000955,2024-08-11,MGO,792.38,USD,USD_PER_MT,SYNTHETIC,SYNTHETIC_GENERATOR_V1
FP_000956,2024-08-12,MGO,782.46,USD,USD_PER_MT,SYNTHETIC,SYNTHETIC_GENERATOR_V1
FP_000957,2024-08-13,MGO,778.87,USD,USD_PER_MT,SYNTHETIC,SYNTHETIC_GENERATOR_V1
FP_000958,2024-08-14,MGO,782.53,USD,USD_PER_MT,SYNTHETIC,SYNTHETIC_GENERATOR_V1
FP_000959,2024-08-15,MGO,780.04,USD,USD_PER_MT,SYNTHETIC,SYNTHETIC_GENERATOR_V1
FP_000960,2024-08-16,MGO,791.75,USD,USD_PER_MT,SYNTHETIC,SYNTHETIC_GENERATOR_V1
FP_000961,2024-08-17,MGO,790.99,USD,USD_PER_MT,SYNTHETIC,SYNTHETIC_GENERATOR_V1
FP_000962,2024-08-18,MGO,793.04,USD,USD_PER_MT,SYNTHETIC,SYNTHETIC_GENERATOR_V1
FP_000963,2024-08-19,MGO,792.63,USD,USD_PER_MT,SYNTHETIC,SYNTHETIC_GENERATOR_V1
FP_000964,2024-08-20,MGO,793.46,USD,USD_PER_MT,SYNTHETIC,SYNTHETIC_GENERATOR_V1
FP_000965,2024-08-21,MGO,800.07,USD,USD_PER_MT,SYNTHETIC,SYNTHETIC_GENERATOR_V1
FP_000966,2024-08-22,MGO,803.76,USD,USD_PER_MT,SYNTHETIC,SYNTHETIC_GENERATOR_V1
FP_000967,2024-08-23,MGO,809.51,USD,USD_PER_MT,SYNTHETIC,SYNTHETIC_GENERATOR_V1
FP_000968,2024-08-24,MGO,804.93,USD,USD_PER_MT,SYNTHETIC,SYNTHETIC_GENERATOR_V1
FP_000969,2024-08-25,MGO,799.18,USD,USD_PER_MT,SYNTHETIC,SYNTHETIC_GENERATOR_V1
FP_000970,2024-08-26,MGO,800.05,USD,USD_PER_MT,SYNTHETIC,SYNTHETIC_GENERATOR_V1
FP_000971,2024-08-27,MGO,793.97,USD,USD_PER_MT,SYNTHETIC,SYNTHETIC_GENERATOR_V1
FP_000972,2024-08-28,MGO,803.32,USD,USD_PER_MT,SYNTHETIC,SYNTHETIC_GENERATOR_V1
FP_000973,2024-08-29,MGO,801.38,USD,USD_PER_MT,SYNTHETIC,SYNTHETIC_GENERATOR_V1
FP_000974,2024-08-30,MGO,800.56,USD,USD_PER_MT,SYNTHETIC,SYNTHETIC_GENERATOR_V1
FP_000975,2024-08-31,MGO,805.82,USD,USD_PER_MT,SYNTHETIC,SYNTHETIC_GENERATOR_V1
FP_000976,2024-09-01,MGO,805.47,USD,USD_PER_MT,SYNTHETIC,SYNTHETIC_GENERATOR_V1
FP_000977,2024-09-02,MGO,801.61,USD,USD_PER_MT,SYNTHETIC,SYNTHETIC_GENERATOR_V1
FP_000978,2024-09-03,MGO,802.16,USD,USD_PER_MT,SYNTHETIC,SYNTHETIC_GENERATOR_V1
FP_000979,2024-09-04,MGO,798.00,USD,USD_PER_MT,SYNTHETIC,SYNTHETIC_GENERATOR_V1
FP_000980,2024-09-05,MGO,794.97,USD,USD_PER_MT,SYNTHETIC,SYNTHETIC_GENERATOR_V1
FP_000981,2024-09-06,MGO,800.05,USD,USD_PER_MT,SYNTHETIC,SYNTHETIC_GENERATOR_V1
FP_000982,2024-09-07,MGO,799.71,USD,USD_PER_MT,SYNTHETIC,SYNTHETIC_GENERATOR_V1
FP_000983,2024-09-08,MGO,805.11,USD,USD_PER_MT,SYNTHETIC,SYNTHETIC_GENERATOR_V1
FP_000984,2024-09-09,MGO,810.47,USD,USD_PER_MT,SYNTHETIC,SYNTHETIC_GENERATOR_V1
FP_000985,2024-09-10,MGO,811.40,USD,USD_PER_MT,SYNTHETIC,SYNTHETIC_GENERATOR_V1
FP_000986,2024-09-11,MGO,804.35,USD,USD_PER_MT,SYNTHETIC,SYNTHETIC_GENERATOR_V1
FP_000987,2024-09-12,MGO,809.39,USD,USD_PER_MT,SYNTHETIC,SYNTHETIC_GENERATOR_V1
FP_000988,2024-09-13,MGO,813.31,USD,USD_PER_MT,SYNTHETIC,SYNTHETIC_GENERATOR_V1
FP_000989,2024-09-14,MGO,811.41,USD,USD_PER_MT,SYNTHETIC,SYNTHETIC_GENERATOR_V1
FP_000990,2024-09-15,MGO,815.10,USD,USD_PER_MT,SYNTHETIC,SYNTHETIC_GENERATOR_V1
FP_000991,2024-09-16,MGO,818.27,USD,USD_PER_MT,SYNTHETIC,SYNTHETIC_GENERATOR_V1
FP_000992,2024-09-17,MGO,822.20,USD,USD_PER_MT,SYNTHETIC,SYNTHETIC_GENERATOR_V1
FP_000993,2024-09-18,MGO,814.70,USD,USD_PER_MT,SYNTHETIC,SYNTHETIC_GENERATOR_V1
FP_000994,2024-09-19,MGO,807.47,USD,USD_PER_MT,SYNTHETIC,SYNTHETIC_GENERATOR_V1
FP_000995,2024-09-20,MGO,807.45,USD,USD_PER_MT,SYNTHETIC,SYNTHETIC_GENERATOR_V1
FP_000996,2024-09-21,MGO,814.53,USD,USD_PER_MT,SYNTHETIC,SYNTHETIC_GENERATOR_V1
FP_000997,2024-09-22,MGO,813.89,USD,USD_PER_MT,SYNTHETIC,SYNTHETIC_GENERATOR_V1
FP_000998,2024-09-23,MGO,813.52,USD,USD_PER_MT,SYNTHETIC,SYNTHETIC_GENERATOR_V1
FP_000999,2024-09-24,MGO,815.00,USD,USD_PER_MT,SYNTHETIC,SYNTHETIC_GENERATOR_V1
FP_001000,2024-09-25,MGO,804.04,USD,USD_PER_MT,SYNTHETIC,SYNTHETIC_GENERATOR_V1
FP_001001,2024-09-26,MGO,810.23,USD,USD_PER_MT,SYNTHETIC,SYNTHETIC_GENERATOR_V1
FP_001002,2024-09-27,MGO,801.71,USD,USD_PER_MT,SYNTHETIC,SYNTHETIC_GENERATOR_V1
FP_001003,2024-09-28,MGO,801.70,USD,USD_PER_MT,SYNTHETIC,SYNTHETIC_GENERATOR_V1
FP_001004,2024-09-29,MGO,797.39,USD,USD_PER_MT,SYNTHETIC,SYNTHETIC_GENERATOR_V1
FP_001005,2024-09-30,MGO,801.02,USD,USD_PER_MT,SYNTHETIC,SYNTHETIC_GENERATOR_V1
FP_001006,2024-10-01,MGO,800.63,USD,USD_PER_MT,SYNTHETIC,SYNTHETIC_GENERATOR_V1
FP_001007,2024-10-02,MGO,796.69,USD,USD_PER_MT,SYNTHETIC,SYNTHETIC_GENERATOR_V1
FP_001008,2024-10-03,MGO,795.70,USD,USD_PER_MT,SYNTHETIC,SYNTHETIC_GENERATOR_V1
FP_001009,2024-10-04,MGO,795.69,USD,USD_PER_MT,SYNTHETIC,SYNTHETIC_GENERATOR_V1
FP_001010,2024-10-05,MGO,791.27,USD,USD_PER_MT,SYNTHETIC,SYNTHETIC_GENERATOR_V1
FP_001011,2024-10-06,MGO,785.82,USD,USD_PER_MT,SYNTHETIC,SYNTHETIC_GENERATOR_V1
FP_001012,2024-10-07,MGO,796.70,USD,USD_PER_MT,SYNTHETIC,SYNTHETIC_GENERATOR_V1
FP_001013,2024-10-08,MGO,799.13,USD,USD_PER_MT,SYNTHETIC,SYNTHETIC_GENERATOR_V1
FP_001014,2024-10-09,MGO,801.65,USD,USD_PER_MT,SYNTHETIC,SYNTHETIC_GENERATOR_V1
FP_001015,2024-10-10,MGO,804.70,USD,USD_PER_MT,SYNTHETIC,SYNTHETIC_GENERATOR_V1
FP_001016,2024-10-11,MGO,801.68,USD,USD_PER_MT,SYNTHETIC,SYNTHETIC_GENERATOR_V1
FP_001017,2024-10-12,MGO,801.42,USD,USD_PER_MT,SYNTHETIC,SYNTHETIC_GENERATOR_V1
FP_001018,2024-10-13,MGO,805.50,USD,USD_PER_MT,SYNTHETIC,SYNTHETIC_GENERATOR_V1
FP_001019,2024-10-14,MGO,802.70,USD,USD_PER_MT,SYNTHETIC,SYNTHETIC_GENERATOR_V1
FP_001020,2024-10-15,MGO,797.92,USD,USD_PER_MT,SYNTHETIC,SYNTHETIC_GENERATOR_V1
FP_001021,2024-10-16,MGO,799.67,USD,USD_PER_MT,SYNTHETIC,SYNTHETIC_GENERATOR_V1
FP_001022,2024-10-17,MGO,793.27,USD,USD_PER_MT,SYNTHETIC,SYNTHETIC_GENERATOR_V1
FP_001023,2024-10-18,MGO,785.69,USD,USD_PER_MT,SYNTHETIC,SYNTHETIC_GENERATOR_V1
FP_001024,2024-10-19,MGO,785.90,USD,USD_PER_MT,SYNTHETIC,SYNTHETIC_GENERATOR_V1
FP_001025,2024-10-20,MGO,776.64,USD,USD_PER_MT,SYNTHETIC,SYNTHETIC_GENERATOR_V1
FP_001026,2024-10-21,MGO,772.47,USD,USD_PER_MT,SYNTHETIC,SYNTHETIC_GENERATOR_V1
FP_001027,2024-10-22,MGO,771.67,USD,USD_PER_MT,SYNTHETIC,SYNTHETIC_GENERATOR_V1
FP_001028,2024-10-23,MGO,766.35,USD,USD_PER_MT,SYNTHETIC,SYNTHETIC_GENERATOR_V1
FP_001029,2024-10-24,MGO,769.32,USD,USD_PER_MT,SYNTHETIC,SYNTHETIC_GENERATOR_V1
FP_001030,2024-10-25,MGO,773.88,USD,USD_PER_MT,SYNTHETIC,SYNTHETIC_GENERATOR_V1
FP_001031,2024-10-26,MGO,781.15,USD,USD_PER_MT,SYNTHETIC,SYNTHETIC_GENERATOR_V1
FP_001032,2024-10-27,MGO,784.99,USD,USD_PER_MT,SYNTHETIC,SYNTHETIC_GENERATOR_V1
FP_001033,2024-10-28,MGO,798.91,USD,USD_PER_MT,SYNTHETIC,SYNTHETIC_GENERATOR_V1
FP_001034,2024-10-29,MGO,805.28,USD,USD_PER_MT,SYNTHETIC,SYNTHETIC_GENERATOR_V1
FP_001035,2024-10-30,MGO,805.79,USD,USD_PER_MT,SYNTHETIC,SYNTHETIC_GENERATOR_V1
FP_001036,2024-10-31,MGO,805.23,USD,USD_PER_MT,SYNTHETIC,SYNTHETIC_GENERATOR_V1
FP_001037,2024-11-01,MGO,800.40,USD,USD_PER_MT,SYNTHETIC,SYNTHETIC_GENERATOR_V1
FP_001038,2024-11-02,MGO,800.10,USD,USD_PER_MT,SYNTHETIC,SYNTHETIC_GENERATOR_V1
FP_001039,2024-11-03,MGO,801.44,USD,USD_PER_MT,SYNTHETIC,SYNTHETIC_GENERATOR_V1
FP_001040,2024-11-04,MGO,804.58,USD,USD_PER_MT,SYNTHETIC,SYNTHETIC_GENERATOR_V1
FP_001041,2024-11-05,MGO,808.24,USD,USD_PER_MT,SYNTHETIC,SYNTHETIC_GENERATOR_V1
FP_001042,2024-11-06,MGO,808.93,USD,USD_PER_MT,SYNTHETIC,SYNTHETIC_GENERATOR_V1
FP_001043,2024-11-07,MGO,806.24,USD,USD_PER_MT,SYNTHETIC,SYNTHETIC_GENERATOR_V1
FP_001044,2024-11-08,MGO,796.76,USD,USD_PER_MT,SYNTHETIC,SYNTHETIC_GENERATOR_V1
FP_001045,2024-11-09,MGO,800.05,USD,USD_PER_MT,SYNTHETIC,SYNTHETIC_GENERATOR_V1
FP_001046,2024-11-10,MGO,796.60,USD,USD_PER_MT,SYNTHETIC,SYNTHETIC_GENERATOR_V1
FP_001047,2024-11-11,MGO,786.48,USD,USD_PER_MT,SYNTHETIC,SYNTHETIC_GENERATOR_V1
FP_001048,2024-11-12,MGO,785.00,USD,USD_PER_MT,SYNTHETIC,SYNTHETIC_GENERATOR_V1
FP_001049,2024-11-13,MGO,782.37,USD,USD_PER_MT,SYNTHETIC,SYNTHETIC_GENERATOR_V1
FP_001050,2024-11-14,MGO,788.35,USD,USD_PER_MT,SYNTHETIC,SYNTHETIC_GENERATOR_V1
FP_001051,2024-11-15,MGO,786.38,USD,USD_PER_MT,SYNTHETIC,SYNTHETIC_GENERATOR_V1
FP_001052,2024-11-16,MGO,790.00,USD,USD_PER_MT,SYNTHETIC,SYNTHETIC_GENERATOR_V1
FP_001053,2024-11-17,MGO,789.15,USD,USD_PER_MT,SYNTHETIC,SYNTHETIC_GENERATOR_V1
FP_001054,2024-11-18,MGO,793.71,USD,USD_PER_MT,SYNTHETIC,SYNTHETIC_GENERATOR_V1
FP_001055,2024-11-19,MGO,802.32,USD,USD_PER_MT,SYNTHETIC,SYNTHETIC_GENERATOR_V1
FP_001056,2024-11-20,MGO,800.77,USD,USD_PER_MT,SYNTHETIC,SYNTHETIC_GENERATOR_V1
FP_001057,2024-11-21,MGO,805.90,USD,USD_PER_MT,SYNTHETIC,SYNTHETIC_GENERATOR_V1
FP_001058,2024-11-22,MGO,807.16,USD,USD_PER_MT,SYNTHETIC,SYNTHETIC_GENERATOR_V1
FP_001059,2024-11-23,MGO,818.40,USD,USD_PER_MT,SYNTHETIC,SYNTHETIC_GENERATOR_V1
FP_001060,2024-11-24,MGO,819.41,USD,USD_PER_MT,SYNTHETIC,SYNTHETIC_GENERATOR_V1
FP_001061,2024-11-25,MGO,823.57,USD,USD_PER_MT,SYNTHETIC,SYNTHETIC_GENERATOR_V1
FP_001062,2024-11-26,MGO,832.48,USD,USD_PER_MT,SYNTHETIC,SYNTHETIC_GENERATOR_V1
FP_001063,2024-11-27,MGO,833.89,USD,USD_PER_MT,SYNTHETIC,SYNTHETIC_GENERATOR_V1
FP_001064,2024-11-28,MGO,833.57,USD,USD_PER_MT,SYNTHETIC,SYNTHETIC_GENERATOR_V1
FP_001065,2024-11-29,MGO,829.75,USD,USD_PER_MT,SYNTHETIC,SYNTHETIC_GENERATOR_V1
FP_001066,2024-11-30,MGO,824.73,USD,USD_PER_MT,SYNTHETIC,SYNTHETIC_GENERATOR_V1
FP_001067,2024-12-01,MGO,819.71,USD,USD_PER_MT,SYNTHETIC,SYNTHETIC_GENERATOR_V1
FP_001068,2024-12-02,MGO,806.53,USD,USD_PER_MT,SYNTHETIC,SYNTHETIC_GENERATOR_V1
FP_001069,2024-12-03,MGO,810.62,USD,USD_PER_MT,SYNTHETIC,SYNTHETIC_GENERATOR_V1
FP_001070,2024-12-04,MGO,805.02,USD,USD_PER_MT,SYNTHETIC,SYNTHETIC_GENERATOR_V1
FP_001071,2024-12-05,MGO,800.73,USD,USD_PER_MT,SYNTHETIC,SYNTHETIC_GENERATOR_V1
FP_001072,2024-12-06,MGO,809.29,USD,USD_PER_MT,SYNTHETIC,SYNTHETIC_GENERATOR_V1
FP_001073,2024-12-07,MGO,811.79,USD,USD_PER_MT,SYNTHETIC,SYNTHETIC_GENERATOR_V1
FP_001074,2024-12-08,MGO,812.38,USD,USD_PER_MT,SYNTHETIC,SYNTHETIC_GENERATOR_V1
FP_001075,2024-12-09,MGO,819.40,USD,USD_PER_MT,SYNTHETIC,SYNTHETIC_GENERATOR_V1
FP_001076,2024-12-10,MGO,823.77,USD,USD_PER_MT,SYNTHETIC,SYNTHETIC_GENERATOR_V1
FP_001077,2024-12-11,MGO,809.89,USD,USD_PER_MT,SYNTHETIC,SYNTHETIC_GENERATOR_V1
FP_001078,2024-12-12,MGO,811.65,USD,USD_PER_MT,SYNTHETIC,SYNTHETIC_GENERATOR_V1
FP_001079,2024-12-13,MGO,800.78,USD,USD_PER_MT,SYNTHETIC,SYNTHETIC_GENERATOR_V1
FP_001080,2024-12-14,MGO,807.78,USD,USD_PER_MT,SYNTHETIC,SYNTHETIC_GENERATOR_V1
FP_001081,2024-12-15,MGO,804.97,USD,USD_PER_MT,SYNTHETIC,SYNTHETIC_GENERATOR_V1
FP_001082,2024-12-16,MGO,795.09,USD,USD_PER_MT,SYNTHETIC,SYNTHETIC_GENERATOR_V1
FP_001083,2024-12-17,MGO,810.76,USD,USD_PER_MT,SYNTHETIC,SYNTHETIC_GENERATOR_V1
FP_001084,2024-12-18,MGO,811.20,USD,USD_PER_MT,SYNTHETIC,SYNTHETIC_GENERATOR_V1
FP_001085,2024-12-19,MGO,815.35,USD,USD_PER_MT,SYNTHETIC,SYNTHETIC_GENERATOR_V1
FP_001086,2024-12-20,MGO,817.63,USD,USD_PER_MT,SYNTHETIC,SYNTHETIC_GENERATOR_V1
FP_001087,2024-12-21,MGO,816.14,USD,USD_PER_MT,SYNTHETIC,SYNTHETIC_GENERATOR_V1
FP_001088,2024-12-22,MGO,818.35,USD,USD_PER_MT,SYNTHETIC,SYNTHETIC_GENERATOR_V1
FP_001089,2024-12-23,MGO,823.30,USD,USD_PER_MT,SYNTHETIC,SYNTHETIC_GENERATOR_V1
FP_001090,2024-12-24,MGO,824.07,USD,USD_PER_MT,SYNTHETIC,SYNTHETIC_GENERATOR_V1
FP_001091,2024-12-25,MGO,821.72,USD,USD_PER_MT,SYNTHETIC,SYNTHETIC_GENERATOR_V1
FP_001092,2024-12-26,MGO,814.62,USD,USD_PER_MT,SYNTHETIC,SYNTHETIC_GENERATOR_V1
FP_001093,2024-12-27,MGO,815.57,USD,USD_PER_MT,SYNTHETIC,SYNTHETIC_GENERATOR_V1
FP_001094,2024-12-28,MGO,806.40,USD,USD_PER_MT,SYNTHETIC,SYNTHETIC_GENERATOR_V1
FP_001095,2024-12-29,MGO,798.67,USD,USD_PER_MT,SYNTHETIC,SYNTHETIC_GENERATOR_V1
FP_001096,2024-12-30,MGO,805.84,USD,USD_PER_MT,SYNTHETIC,SYNTHETIC_GENERATOR_V1
FP_001097,2024-12-31,MGO,801.07,USD,USD_PER_MT,SYNTHETIC,SYNTHETIC_GENERATOR_V1
FP_001098,2025-01-01,MGO,802.59,USD,USD_PER_MT,SYNTHETIC,SYNTHETIC_GENERATOR_V1
FP_001099,2025-01-02,MGO,789.13,USD,USD_PER_MT,SYNTHETIC,SYNTHETIC_GENERATOR_V1
FP_001100,2025-01-03,MGO,796.94,USD,USD_PER_MT,SYNTHETIC,SYNTHETIC_GENERATOR_V1
FP_001101,2025-01-04,MGO,797.02,USD,USD_PER_MT,SYNTHETIC,SYNTHETIC_GENERATOR_V1
FP_001102,2025-01-05,MGO,795.68,USD,USD_PER_MT,SYNTHETIC,SYNTHETIC_GENERATOR_V1
FP_001103,2025-01-06,MGO,793.92,USD,USD_PER_MT,SYNTHETIC,SYNTHETIC_GENERATOR_V1
FP_001104,2025-01-07,MGO,798.59,USD,USD_PER_MT,SYNTHETIC,SYNTHETIC_GENERATOR_V1
FP_001105,2025-01-08,MGO,792.17,USD,USD_PER_MT,SYNTHETIC,SYNTHETIC_GENERATOR_V1
FP_001106,2025-01-09,MGO,806.01,USD,USD_PER_MT,SYNTHETIC,SYNTHETIC_GENERATOR_V1
FP_001107,2025-01-10,MGO,797.25,USD,USD_PER_MT,SYNTHETIC,SYNTHETIC_GENERATOR_V1
FP_001108,2025-01-11,MGO,801.07,USD,USD_PER_MT,SYNTHETIC,SYNTHETIC_GENERATOR_V1
FP_001109,2025-01-12,MGO,788.21,USD,USD_PER_MT,SYNTHETIC,SYNTHETIC_GENERATOR_V1
FP_001110,2025-01-13,MGO,786.15,USD,USD_PER_MT,SYNTHETIC,SYNTHETIC_GENERATOR_V1
FP_001111,2025-01-14,MGO,786.53,USD,USD_PER_MT,SYNTHETIC,SYNTHETIC_GENERATOR_V1
FP_001112,2025-01-15,MGO,786.49,USD,USD_PER_MT,SYNTHETIC,SYNTHETIC_GENERATOR_V1
FP_001113,2025-01-16,MGO,781.15,USD,USD_PER_MT,SYNTHETIC,SYNTHETIC_GENERATOR_V1
FP_001114,2025-01-17,MGO,793.33,USD,USD_PER_MT,SYNTHETIC,SYNTHETIC_GENERATOR_V1
FP_001115,2025-01-18,MGO,794.43,USD,USD_PER_MT,SYNTHETIC,SYNTHETIC_GENERATOR_V1
FP_001116,2025-01-19,MGO,795.18,USD,USD_PER_MT,SYNTHETIC,SYNTHETIC_GENERATOR_V1
FP_001117,2025-01-20,MGO,794.30,USD,USD_PER_MT,SYNTHETIC,SYNTHETIC_GENERATOR_V1
FP_001118,2025-01-21,MGO,786.82,USD,USD_PER_MT,SYNTHETIC,SYNTHETIC_GENERATOR_V1
FP_001119,2025-01-22,MGO,791.44,USD,USD_PER_MT,SYNTHETIC,SYNTHETIC_GENERATOR_V1
FP_001120,2025-01-23,MGO,796.38,USD,USD_PER_MT,SYNTHETIC,SYNTHETIC_GENERATOR_V1
FP_001121,2025-01-24,MGO,793.94,USD,USD_PER_MT,SYNTHETIC,SYNTHETIC_GENERATOR_V1
FP_001122,2025-01-25,MGO,798.17,USD,USD_PER_MT,SYNTHETIC,SYNTHETIC_GENERATOR_V1
FP_001123,2025-01-26,MGO,800.06,USD,USD_PER_MT,SYNTHETIC,SYNTHETIC_GENERATOR_V1
FP_001124,2025-01-27,MGO,802.84,USD,USD_PER_MT,SYNTHETIC,SYNTHETIC_GENERATOR_V1
FP_001125,2025-01-28,MGO,810.43,USD,USD_PER_MT,SYNTHETIC,SYNTHETIC_GENERATOR_V1
FP_001126,2025-01-29,MGO,800.89,USD,USD_PER_MT,SYNTHETIC,SYNTHETIC_GENERATOR_V1
FP_001127,2025-01-30,MGO,803.66,USD,USD_PER_MT,SYNTHETIC,SYNTHETIC_GENERATOR_V1
FP_001128,2025-01-31,MGO,795.59,USD,USD_PER_MT,SYNTHETIC,SYNTHETIC_GENERATOR_V1
FP_001129,2025-02-01,MGO,795.54,USD,USD_PER_MT,SYNTHETIC,SYNTHETIC_GENERATOR_V1
FP_001130,2025-02-02,MGO,781.98,USD,USD_PER_MT,SYNTHETIC,SYNTHETIC_GENERATOR_V1
FP_001131,2025-02-03,MGO,804.94,USD,USD_PER_MT,SYNTHETIC,SYNTHETIC_GENERATOR_V1
FP_001132,2025-02-04,MGO,801.84,USD,USD_PER_MT,SYNTHETIC,SYNTHETIC_GENERATOR_V1
FP_001133,2025-02-05,MGO,810.48,USD,USD_PER_MT,SYNTHETIC,SYNTHETIC_GENERATOR_V1
FP_001134,2025-02-06,MGO,811.70,USD,USD_PER_MT,SYNTHETIC,SYNTHETIC_GENERATOR_V1
FP_001135,2025-02-07,MGO,812.25,USD,USD_PER_MT,SYNTHETIC,SYNTHETIC_GENERATOR_V1
FP_001136,2025-02-08,MGO,819.07,USD,USD_PER_MT,SYNTHETIC,SYNTHETIC_GENERATOR_V1
FP_001137,2025-02-09,MGO,824.10,USD,USD_PER_MT,SYNTHETIC,SYNTHETIC_GENERATOR_V1
FP_001138,2025-02-10,MGO,817.02,USD,USD_PER_MT,SYNTHETIC,SYNTHETIC_GENERATOR_V1
FP_001139,2025-02-11,MGO,802.50,USD,USD_PER_MT,SYNTHETIC,SYNTHETIC_GENERATOR_V1
FP_001140,2025-02-12,MGO,808.63,USD,USD_PER_MT,SYNTHETIC,SYNTHETIC_GENERATOR_V1
FP_001141,2025-02-13,MGO,807.55,USD,USD_PER_MT,SYNTHETIC,SYNTHETIC_GENERATOR_V1
FP_001142,2025-02-14,MGO,808.78,USD,USD_PER_MT,SYNTHETIC,SYNTHETIC_GENERATOR_V1
FP_001143,2025-02-15,MGO,805.30,USD,USD_PER_MT,SYNTHETIC,SYNTHETIC_GENERATOR_V1
FP_001144,2025-02-16,MGO,816.24,USD,USD_PER_MT,SYNTHETIC,SYNTHETIC_GENERATOR_V1
FP_001145,2025-02-17,MGO,810.24,USD,USD_PER_MT,SYNTHETIC,SYNTHETIC_GENERATOR_V1
FP_001146,2025-02-18,MGO,811.68,USD,USD_PER_MT,SYNTHETIC,SYNTHETIC_GENERATOR_V1
FP_001147,2025-02-19,MGO,824.50,USD,USD_PER_MT,SYNTHETIC,SYNTHETIC_GENERATOR_V1
FP_001148,2025-02-20,MGO,815.37,USD,USD_PER_MT,SYNTHETIC,SYNTHETIC_GENERATOR_V1
FP_001149,2025-02-21,MGO,811.44,USD,USD_PER_MT,SYNTHETIC,SYNTHETIC_GENERATOR_V1
FP_001150,2025-02-22,MGO,805.94,USD,USD_PER_MT,SYNTHETIC,SYNTHETIC_GENERATOR_V1
FP_001151,2025-02-23,MGO,818.58,USD,USD_PER_MT,SYNTHETIC,SYNTHETIC_GENERATOR_V1
FP_001152,2025-02-24,MGO,819.83,USD,USD_PER_MT,SYNTHETIC,SYNTHETIC_GENERATOR_V1
FP_001153,2025-02-25,MGO,818.11,USD,USD_PER_MT,SYNTHETIC,SYNTHETIC_GENERATOR_V1
FP_001154,2025-02-26,MGO,826.73,USD,USD_PER_MT,SYNTHETIC,SYNTHETIC_GENERATOR_V1
FP_001155,2025-02-27,MGO,817.56,USD,USD_PER_MT,SYNTHETIC,SYNTHETIC_GENERATOR_V1
FP_001156,2025-02-28,MGO,812.89,USD,USD_PER_MT,SYNTHETIC,SYNTHETIC_GENERATOR_V1
FP_001157,2025-03-01,MGO,818.28,USD,USD_PER_MT,SYNTHETIC,SYNTHETIC_GENERATOR_V1
FP_001158,2025-03-02,MGO,809.75,USD,USD_PER_MT,SYNTHETIC,SYNTHETIC_GENERATOR_V1
FP_001159,2025-03-03,MGO,810.42,USD,USD_PER_MT,SYNTHETIC,SYNTHETIC_GENERATOR_V1
FP_001160,2025-03-04,MGO,815.73,USD,USD_PER_MT,SYNTHETIC,SYNTHETIC_GENERATOR_V1
FP_001161,2025-03-05,MGO,825.77,USD,USD_PER_MT,SYNTHETIC,SYNTHETIC_GENERATOR_V1
FP_001162,2025-03-06,MGO,831.37,USD,USD_PER_MT,SYNTHETIC,SYNTHETIC_GENERATOR_V1
FP_001163,2025-03-07,MGO,836.30,USD,USD_PER_MT,SYNTHETIC,SYNTHETIC_GENERATOR_V1
FP_001164,2025-03-08,MGO,841.58,USD,USD_PER_MT,SYNTHETIC,SYNTHETIC_GENERATOR_V1
FP_001165,2025-03-09,MGO,853.48,USD,USD_PER_MT,SYNTHETIC,SYNTHETIC_GENERATOR_V1
FP_001166,2025-03-10,MGO,852.90,USD,USD_PER_MT,SYNTHETIC,SYNTHETIC_GENERATOR_V1
FP_001167,2025-03-11,MGO,856.69,USD,USD_PER_MT,SYNTHETIC,SYNTHETIC_GENERATOR_V1
FP_001168,2025-03-12,MGO,863.47,USD,USD_PER_MT,SYNTHETIC,SYNTHETIC_GENERATOR_V1
FP_001169,2025-03-13,MGO,856.71,USD,USD_PER_MT,SYNTHETIC,SYNTHETIC_GENERATOR_V1
FP_001170,2025-03-14,MGO,846.04,USD,USD_PER_MT,SYNTHETIC,SYNTHETIC_GENERATOR_V1
FP_001171,2025-03-15,MGO,842.56,USD,USD_PER_MT,SYNTHETIC,SYNTHETIC_GENERATOR_V1
FP_001172,2025-03-16,MGO,842.85,USD,USD_PER_MT,SYNTHETIC,SYNTHETIC_GENERATOR_V1
FP_001173,2025-03-17,MGO,841.06,USD,USD_PER_MT,SYNTHETIC,SYNTHETIC_GENERATOR_V1
FP_001174,2025-03-18,MGO,838.77,USD,USD_PER_MT,SYNTHETIC,SYNTHETIC_GENERATOR_V1
FP_001175,2025-03-19,MGO,844.56,USD,USD_PER_MT,SYNTHETIC,SYNTHETIC_GENERATOR_V1
FP_001176,2025-03-20,MGO,839.13,USD,USD_PER_MT,SYNTHETIC,SYNTHETIC_GENERATOR_V1
FP_001177,2025-03-21,MGO,834.25,USD,USD_PER_MT,SYNTHETIC,SYNTHETIC_GENERATOR_V1
FP_001178,2025-03-22,MGO,827.47,USD,USD_PER_MT,SYNTHETIC,SYNTHETIC_GENERATOR_V1
FP_001179,2025-03-23,MGO,826.12,USD,USD_PER_MT,SYNTHETIC,SYNTHETIC_GENERATOR_V1
FP_001180,2025-03-24,MGO,830.71,USD,USD_PER_MT,SYNTHETIC,SYNTHETIC_GENERATOR_V1
FP_001181,2025-03-25,MGO,823.81,USD,USD_PER_MT,SYNTHETIC,SYNTHETIC_GENERATOR_V1
FP_001182,2025-03-26,MGO,826.97,USD,USD_PER_MT,SYNTHETIC,SYNTHETIC_GENERATOR_V1
FP_001183,2025-03-27,MGO,823.62,USD,USD_PER_MT,SYNTHETIC,SYNTHETIC_GENERATOR_V1
FP_001184,2025-03-28,MGO,829.81,USD,USD_PER_MT,SYNTHETIC,SYNTHETIC_GENERATOR_V1
FP_001185,2025-03-29,MGO,835.28,USD,USD_PER_MT,SYNTHETIC,SYNTHETIC_GENERATOR_V1
FP_001186,2025-03-30,MGO,846.25,USD,USD_PER_MT,SYNTHETIC,SYNTHETIC_GENERATOR_V1
FP_001187,2025-03-31,MGO,839.58,USD,USD_PER_MT,SYNTHETIC,SYNTHETIC_GENERATOR_V1
FP_001188,2025-04-01,MGO,834.89,USD,USD_PER_MT,SYNTHETIC,SYNTHETIC_GENERATOR_V1
FP_001189,2025-04-02,MGO,837.08,USD,USD_PER_MT,SYNTHETIC,SYNTHETIC_GENERATOR_V1
FP_001190,2025-04-03,MGO,837.52,USD,USD_PER_MT,SYNTHETIC,SYNTHETIC_GENERATOR_V1
FP_001191,2025-04-04,MGO,833.22,USD,USD_PER_MT,SYNTHETIC,SYNTHETIC_GENERATOR_V1
FP_001192,2025-04-05,MGO,823.27,USD,USD_PER_MT,SYNTHETIC,SYNTHETIC_GENERATOR_V1
FP_001193,2025-04-06,MGO,823.50,USD,USD_PER_MT,SYNTHETIC,SYNTHETIC_GENERATOR_V1
FP_001194,2025-04-07,MGO,826.77,USD,USD_PER_MT,SYNTHETIC,SYNTHETIC_GENERATOR_V1
FP_001195,2025-04-08,MGO,829.91,USD,USD_PER_MT,SYNTHETIC,SYNTHETIC_GENERATOR_V1
FP_001196,2025-04-09,MGO,827.69,USD,USD_PER_MT,SYNTHETIC,SYNTHETIC_GENERATOR_V1
FP_001197,2025-04-10,MGO,816.57,USD,USD_PER_MT,SYNTHETIC,SYNTHETIC_GENERATOR_V1
FP_001198,2025-04-11,MGO,821.93,USD,USD_PER_MT,SYNTHETIC,SYNTHETIC_GENERATOR_V1
FP_001199,2025-04-12,MGO,824.50,USD,USD_PER_MT,SYNTHETIC,SYNTHETIC_GENERATOR_V1
FP_001200,2025-04-13,MGO,815.42,USD,USD_PER_MT,SYNTHETIC,SYNTHETIC_GENERATOR_V1
FP_001201,2025-04-14,MGO,819.18,USD,USD_PER_MT,SYNTHETIC,SYNTHETIC_GENERATOR_V1
FP_001202,2025-04-15,MGO,818.26,USD,USD_PER_MT,SYNTHETIC,SYNTHETIC_GENERATOR_V1
FP_001203,2025-04-16,MGO,819.23,USD,USD_PER_MT,SYNTHETIC,SYNTHETIC_GENERATOR_V1
FP_001204,2025-04-17,MGO,815.83,USD,USD_PER_MT,SYNTHETIC,SYNTHETIC_GENERATOR_V1
FP_001205,2025-04-18,MGO,818.06,USD,USD_PER_MT,SYNTHETIC,SYNTHETIC_GENERATOR_V1
FP_001206,2025-04-19,MGO,814.96,USD,USD_PER_MT,SYNTHETIC,SYNTHETIC_GENERATOR_V1
FP_001207,2025-04-20,MGO,814.33,USD,USD_PER_MT,SYNTHETIC,SYNTHETIC_GENERATOR_V1
FP_001208,2025-04-21,MGO,813.92,USD,USD_PER_MT,SYNTHETIC,SYNTHETIC_GENERATOR_V1
FP_001209,2025-04-22,MGO,810.85,USD,USD_PER_MT,SYNTHETIC,SYNTHETIC_GENERATOR_V1
FP_001210,2025-04-23,MGO,802.58,USD,USD_PER_MT,SYNTHETIC,SYNTHETIC_GENERATOR_V1
FP_001211,2025-04-24,MGO,796.66,USD,USD_PER_MT,SYNTHETIC,SYNTHETIC_GENERATOR_V1
FP_001212,2025-04-25,MGO,801.18,USD,USD_PER_MT,SYNTHETIC,SYNTHETIC_GENERATOR_V1
FP_001213,2025-04-26,MGO,787.36,USD,USD_PER_MT,SYNTHETIC,SYNTHETIC_GENERATOR_V1
FP_001214,2025-04-27,MGO,790.25,USD,USD_PER_MT,SYNTHETIC,SYNTHETIC_GENERATOR_V1
FP_001215,2025-04-28,MGO,797.78,USD,USD_PER_MT,SYNTHETIC,SYNTHETIC_GENERATOR_V1
FP_001216,2025-04-29,MGO,795.42,USD,USD_PER_MT,SYNTHETIC,SYNTHETIC_GENERATOR_V1
FP_001217,2025-04-30,MGO,796.96,USD,USD_PER_MT,SYNTHETIC,SYNTHETIC_GENERATOR_V1
FP_001218,2025-05-01,MGO,786.08,USD,USD_PER_MT,SYNTHETIC,SYNTHETIC_GENERATOR_V1
FP_001219,2025-05-02,MGO,794.79,USD,USD_PER_MT,SYNTHETIC,SYNTHETIC_GENERATOR_V1
FP_001220,2025-05-03,MGO,798.56,USD,USD_PER_MT,SYNTHETIC,SYNTHETIC_GENERATOR_V1
FP_001221,2025-05-04,MGO,800.54,USD,USD_PER_MT,SYNTHETIC,SYNTHETIC_GENERATOR_V1
FP_001222,2025-05-05,MGO,795.75,USD,USD_PER_MT,SYNTHETIC,SYNTHETIC_GENERATOR_V1
FP_001223,2025-05-06,MGO,797.16,USD,USD_PER_MT,SYNTHETIC,SYNTHETIC_GENERATOR_V1
FP_001224,2025-05-07,MGO,796.29,USD,USD_PER_MT,SYNTHETIC,SYNTHETIC_GENERATOR_V1
FP_001225,2025-05-08,MGO,794.36,USD,USD_PER_MT,SYNTHETIC,SYNTHETIC_GENERATOR_V1
FP_001226,2025-05-09,MGO,796.87,USD,USD_PER_MT,SYNTHETIC,SYNTHETIC_GENERATOR_V1
FP_001227,2025-05-10,MGO,802.08,USD,USD_PER_MT,SYNTHETIC,SYNTHETIC_GENERATOR_V1
FP_001228,2025-05-11,MGO,803.28,USD,USD_PER_MT,SYNTHETIC,SYNTHETIC_GENERATOR_V1
FP_001229,2025-05-12,MGO,802.29,USD,USD_PER_MT,SYNTHETIC,SYNTHETIC_GENERATOR_V1
FP_001230,2025-05-13,MGO,808.64,USD,USD_PER_MT,SYNTHETIC,SYNTHETIC_GENERATOR_V1
FP_001231,2025-05-14,MGO,810.50,USD,USD_PER_MT,SYNTHETIC,SYNTHETIC_GENERATOR_V1
FP_001232,2025-05-15,MGO,817.60,USD,USD_PER_MT,SYNTHETIC,SYNTHETIC_GENERATOR_V1
FP_001233,2025-05-16,MGO,814.05,USD,USD_PER_MT,SYNTHETIC,SYNTHETIC_GENERATOR_V1
FP_001234,2025-05-17,MGO,808.86,USD,USD_PER_MT,SYNTHETIC,SYNTHETIC_GENERATOR_V1
FP_001235,2025-05-18,MGO,793.07,USD,USD_PER_MT,SYNTHETIC,SYNTHETIC_GENERATOR_V1
FP_001236,2025-05-19,MGO,799.16,USD,USD_PER_MT,SYNTHETIC,SYNTHETIC_GENERATOR_V1
FP_001237,2025-05-20,MGO,803.09,USD,USD_PER_MT,SYNTHETIC,SYNTHETIC_GENERATOR_V1
FP_001238,2025-05-21,MGO,792.70,USD,USD_PER_MT,SYNTHETIC,SYNTHETIC_GENERATOR_V1
FP_001239,2025-05-22,MGO,787.63,USD,USD_PER_MT,SYNTHETIC,SYNTHETIC_GENERATOR_V1
FP_001240,2025-05-23,MGO,793.35,USD,USD_PER_MT,SYNTHETIC,SYNTHETIC_GENERATOR_V1
FP_001241,2025-05-24,MGO,798.00,USD,USD_PER_MT,SYNTHETIC,SYNTHETIC_GENERATOR_V1
FP_001242,2025-05-25,MGO,794.84,USD,USD_PER_MT,SYNTHETIC,SYNTHETIC_GENERATOR_V1
FP_001243,2025-05-26,MGO,790.81,USD,USD_PER_MT,SYNTHETIC,SYNTHETIC_GENERATOR_V1
FP_001244,2025-05-27,MGO,791.36,USD,USD_PER_MT,SYNTHETIC,SYNTHETIC_GENERATOR_V1
FP_001245,2025-05-28,MGO,791.71,USD,USD_PER_MT,SYNTHETIC,SYNTHETIC_GENERATOR_V1
FP_001246,2025-05-29,MGO,791.28,USD,USD_PER_MT,SYNTHETIC,SYNTHETIC_GENERATOR_V1
FP_001247,2025-05-30,MGO,803.69,USD,USD_PER_MT,SYNTHETIC,SYNTHETIC_GENERATOR_V1
FP_001248,2025-05-31,MGO,802.04,USD,USD_PER_MT,SYNTHETIC,SYNTHETIC_GENERATOR_V1
FP_001249,2025-06-01,MGO,801.77,USD,USD_PER_MT,SYNTHETIC,SYNTHETIC_GENERATOR_V1
FP_001250,2025-06-02,MGO,794.66,USD,USD_PER_MT,SYNTHETIC,SYNTHETIC_GENERATOR_V1
FP_001251,2025-06-03,MGO,788.11,USD,USD_PER_MT,SYNTHETIC,SYNTHETIC_GENERATOR_V1
FP_001252,2025-06-04,MGO,805.67,USD,USD_PER_MT,SYNTHETIC,SYNTHETIC_GENERATOR_V1
FP_001253,2025-06-05,MGO,809.27,USD,USD_PER_MT,SYNTHETIC,SYNTHETIC_GENERATOR_V1
FP_001254,2025-06-06,MGO,808.93,USD,USD_PER_MT,SYNTHETIC,SYNTHETIC_GENERATOR_V1
FP_001255,2025-06-07,MGO,810.33,USD,USD_PER_MT,SYNTHETIC,SYNTHETIC_GENERATOR_V1
FP_001256,2025-06-08,MGO,798.33,USD,USD_PER_MT,SYNTHETIC,SYNTHETIC_GENERATOR_V1
FP_001257,2025-06-09,MGO,790.10,USD,USD_PER_MT,SYNTHETIC,SYNTHETIC_GENERATOR_V1
FP_001258,2025-06-10,MGO,788.34,USD,USD_PER_MT,SYNTHETIC,SYNTHETIC_GENERATOR_V1
FP_001259,2025-06-11,MGO,785.23,USD,USD_PER_MT,SYNTHETIC,SYNTHETIC_GENERATOR_V1
FP_001260,2025-06-12,MGO,780.16,USD,USD_PER_MT,SYNTHETIC,SYNTHETIC_GENERATOR_V1
FP_001261,2025-06-13,MGO,778.42,USD,USD_PER_MT,SYNTHETIC,SYNTHETIC_GENERATOR_V1
FP_001262,2025-06-14,MGO,778.05,USD,USD_PER_MT,SYNTHETIC,SYNTHETIC_GENERATOR_V1
FP_001263,2025-06-15,MGO,773.31,USD,USD_PER_MT,SYNTHETIC,SYNTHETIC_GENERATOR_V1
FP_001264,2025-06-16,MGO,769.98,USD,USD_PER_MT,SYNTHETIC,SYNTHETIC_GENERATOR_V1
FP_001265,2025-06-17,MGO,768.39,USD,USD_PER_MT,SYNTHETIC,SYNTHETIC_GENERATOR_V1
FP_001266,2025-06-18,MGO,756.38,USD,USD_PER_MT,SYNTHETIC,SYNTHETIC_GENERATOR_V1
FP_001267,2025-06-19,MGO,744.94,USD,USD_PER_MT,SYNTHETIC,SYNTHETIC_GENERATOR_V1
FP_001268,2025-06-20,MGO,743.24,USD,USD_PER_MT,SYNTHETIC,SYNTHETIC_GENERATOR_V1
FP_001269,2025-06-21,MGO,747.81,USD,USD_PER_MT,SYNTHETIC,SYNTHETIC_GENERATOR_V1
FP_001270,2025-06-22,MGO,753.95,USD,USD_PER_MT,SYNTHETIC,SYNTHETIC_GENERATOR_V1
FP_001271,2025-06-23,MGO,750.85,USD,USD_PER_MT,SYNTHETIC,SYNTHETIC_GENERATOR_V1
FP_001272,2025-06-24,MGO,747.41,USD,USD_PER_MT,SYNTHETIC,SYNTHETIC_GENERATOR_V1
FP_001273,2025-06-25,MGO,729.28,USD,USD_PER_MT,SYNTHETIC,SYNTHETIC_GENERATOR_V1
FP_001274,2025-06-26,MGO,726.68,USD,USD_PER_MT,SYNTHETIC,SYNTHETIC_GENERATOR_V1
FP_001275,2025-06-27,MGO,734.76,USD,USD_PER_MT,SYNTHETIC,SYNTHETIC_GENERATOR_V1
FP_001276,2025-06-28,MGO,728.51,USD,USD_PER_MT,SYNTHETIC,SYNTHETIC_GENERATOR_V1
FP_001277,2025-06-29,MGO,724.22,USD,USD_PER_MT,SYNTHETIC,SYNTHETIC_GENERATOR_V1
FP_001278,2025-06-30,MGO,718.84,USD,USD_PER_MT,SYNTHETIC,SYNTHETIC_GENERATOR_V1
FP_001279,2025-07-01,MGO,721.81,USD,USD_PER_MT,SYNTHETIC,SYNTHETIC_GENERATOR_V1
FP_001280,2025-07-02,MGO,725.14,USD,USD_PER_MT,SYNTHETIC,SYNTHETIC_GENERATOR_V1
FP_001281,2025-07-03,MGO,726.66,USD,USD_PER_MT,SYNTHETIC,SYNTHETIC_GENERATOR_V1
FP_001282,2025-07-04,MGO,716.62,USD,USD_PER_MT,SYNTHETIC,SYNTHETIC_GENERATOR_V1
FP_001283,2025-07-05,MGO,715.16,USD,USD_PER_MT,SYNTHETIC,SYNTHETIC_GENERATOR_V1
FP_001284,2025-07-06,MGO,723.61,USD,USD_PER_MT,SYNTHETIC,SYNTHETIC_GENERATOR_V1
FP_001285,2025-07-07,MGO,716.46,USD,USD_PER_MT,SYNTHETIC,SYNTHETIC_GENERATOR_V1
FP_001286,2025-07-08,MGO,718.70,USD,USD_PER_MT,SYNTHETIC,SYNTHETIC_GENERATOR_V1
FP_001287,2025-07-09,MGO,719.56,USD,USD_PER_MT,SYNTHETIC,SYNTHETIC_GENERATOR_V1
FP_001288,2025-07-10,MGO,728.56,USD,USD_PER_MT,SYNTHETIC,SYNTHETIC_GENERATOR_V1
FP_001289,2025-07-11,MGO,727.16,USD,USD_PER_MT,SYNTHETIC,SYNTHETIC_GENERATOR_V1
FP_001290,2025-07-12,MGO,716.94,USD,USD_PER_MT,SYNTHETIC,SYNTHETIC_GENERATOR_V1
FP_001291,2025-07-13,MGO,721.71,USD,USD_PER_MT,SYNTHETIC,SYNTHETIC_GENERATOR_V1
FP_001292,2025-07-14,MGO,730.18,USD,USD_PER_MT,SYNTHETIC,SYNTHETIC_GENERATOR_V1
FP_001293,2025-07-15,MGO,729.48,USD,USD_PER_MT,SYNTHETIC,SYNTHETIC_GENERATOR_V1
FP_001294,2025-07-16,MGO,740.06,USD,USD_PER_MT,SYNTHETIC,SYNTHETIC_GENERATOR_V1
FP_001295,2025-07-17,MGO,739.67,USD,USD_PER_MT,SYNTHETIC,SYNTHETIC_GENERATOR_V1
FP_001296,2025-07-18,MGO,742.18,USD,USD_PER_MT,SYNTHETIC,SYNTHETIC_GENERATOR_V1
FP_001297,2025-07-19,MGO,742.32,USD,USD_PER_MT,SYNTHETIC,SYNTHETIC_GENERATOR_V1
FP_001298,2025-07-20,MGO,746.99,USD,USD_PER_MT,SYNTHETIC,SYNTHETIC_GENERATOR_V1
FP_001299,2025-07-21,MGO,751.48,USD,USD_PER_MT,SYNTHETIC,SYNTHETIC_GENERATOR_V1
FP_001300,2025-07-22,MGO,750.02,USD,USD_PER_MT,SYNTHETIC,SYNTHETIC_GENERATOR_V1
FP_001301,2025-07-23,MGO,760.85,USD,USD_PER_MT,SYNTHETIC,SYNTHETIC_GENERATOR_V1
FP_001302,2025-07-24,MGO,773.78,USD,USD_PER_MT,SYNTHETIC,SYNTHETIC_GENERATOR_V1
FP_001303,2025-07-25,MGO,772.92,USD,USD_PER_MT,SYNTHETIC,SYNTHETIC_GENERATOR_V1
FP_001304,2025-07-26,MGO,777.33,USD,USD_PER_MT,SYNTHETIC,SYNTHETIC_GENERATOR_V1
FP_001305,2025-07-27,MGO,778.69,USD,USD_PER_MT,SYNTHETIC,SYNTHETIC_GENERATOR_V1
FP_001306,2025-07-28,MGO,782.82,USD,USD_PER_MT,SYNTHETIC,SYNTHETIC_GENERATOR_V1
FP_001307,2025-07-29,MGO,772.62,USD,USD_PER_MT,SYNTHETIC,SYNTHETIC_GENERATOR_V1
FP_001308,2025-07-30,MGO,772.71,USD,USD_PER_MT,SYNTHETIC,SYNTHETIC_GENERATOR_V1
FP_001309,2025-07-31,MGO,767.70,USD,USD_PER_MT,SYNTHETIC,SYNTHETIC_GENERATOR_V1
FP_001310,2025-08-01,MGO,765.42,USD,USD_PER_MT,SYNTHETIC,SYNTHETIC_GENERATOR_V1
FP_001311,2025-08-02,MGO,766.27,USD,USD_PER_MT,SYNTHETIC,SYNTHETIC_GENERATOR_V1
FP_001312,2025-08-03,MGO,753.89,USD,USD_PER_MT,SYNTHETIC,SYNTHETIC_GENERATOR_V1
FP_001313,2025-08-04,MGO,762.81,USD,USD_PER_MT,SYNTHETIC,SYNTHETIC_GENERATOR_V1
FP_001314,2025-08-05,MGO,770.08,USD,USD_PER_MT,SYNTHETIC,SYNTHETIC_GENERATOR_V1
FP_001315,2025-08-06,MGO,771.57,USD,USD_PER_MT,SYNTHETIC,SYNTHETIC_GENERATOR_V1
FP_001316,2025-08-07,MGO,774.58,USD,USD_PER_MT,SYNTHETIC,SYNTHETIC_GENERATOR_V1
FP_001317,2025-08-08,MGO,781.73,USD,USD_PER_MT,SYNTHETIC,SYNTHETIC_GENERATOR_V1
FP_001318,2025-08-09,MGO,762.87,USD,USD_PER_MT,SYNTHETIC,SYNTHETIC_GENERATOR_V1
FP_001319,2025-08-10,MGO,772.25,USD,USD_PER_MT,SYNTHETIC,SYNTHETIC_GENERATOR_V1
FP_001320,2025-08-11,MGO,755.37,USD,USD_PER_MT,SYNTHETIC,SYNTHETIC_GENERATOR_V1
FP_001321,2025-08-12,MGO,760.10,USD,USD_PER_MT,SYNTHETIC,SYNTHETIC_GENERATOR_V1
FP_001322,2025-08-13,MGO,762.68,USD,USD_PER_MT,SYNTHETIC,SYNTHETIC_GENERATOR_V1
FP_001323,2025-08-14,MGO,767.68,USD,USD_PER_MT,SYNTHETIC,SYNTHETIC_GENERATOR_V1
FP_001324,2025-08-15,MGO,769.61,USD,USD_PER_MT,SYNTHETIC,SYNTHETIC_GENERATOR_V1
FP_001325,2025-08-16,MGO,771.29,USD,USD_PER_MT,SYNTHETIC,SYNTHETIC_GENERATOR_V1
FP_001326,2025-08-17,MGO,765.72,USD,USD_PER_MT,SYNTHETIC,SYNTHETIC_GENERATOR_V1
FP_001327,2025-08-18,MGO,761.43,USD,USD_PER_MT,SYNTHETIC,SYNTHETIC_GENERATOR_V1
FP_001328,2025-08-19,MGO,759.68,USD,USD_PER_MT,SYNTHETIC,SYNTHETIC_GENERATOR_V1
FP_001329,2025-08-20,MGO,754.31,USD,USD_PER_MT,SYNTHETIC,SYNTHETIC_GENERATOR_V1
FP_001330,2025-08-21,MGO,760.48,USD,USD_PER_MT,SYNTHETIC,SYNTHETIC_GENERATOR_V1
FP_001331,2025-08-22,MGO,764.55,USD,USD_PER_MT,SYNTHETIC,SYNTHETIC_GENERATOR_V1
FP_001332,2025-08-23,MGO,766.75,USD,USD_PER_MT,SYNTHETIC,SYNTHETIC_GENERATOR_V1
FP_001333,2025-08-24,MGO,775.47,USD,USD_PER_MT,SYNTHETIC,SYNTHETIC_GENERATOR_V1
FP_001334,2025-08-25,MGO,776.82,USD,USD_PER_MT,SYNTHETIC,SYNTHETIC_GENERATOR_V1
FP_001335,2025-08-26,MGO,774.90,USD,USD_PER_MT,SYNTHETIC,SYNTHETIC_GENERATOR_V1
FP_001336,2025-08-27,MGO,782.70,USD,USD_PER_MT,SYNTHETIC,SYNTHETIC_GENERATOR_V1
FP_001337,2025-08-28,MGO,774.76,USD,USD_PER_MT,SYNTHETIC,SYNTHETIC_GENERATOR_V1
FP_001338,2025-08-29,MGO,772.93,USD,USD_PER_MT,SYNTHETIC,SYNTHETIC_GENERATOR_V1
FP_001339,2025-08-30,MGO,779.73,USD,USD_PER_MT,SYNTHETIC,SYNTHETIC_GENERATOR_V1
FP_001340,2025-08-31,MGO,783.98,USD,USD_PER_MT,SYNTHETIC,SYNTHETIC_GENERATOR_V1
FP_001341,2025-09-01,MGO,785.15,USD,USD_PER_MT,SYNTHETIC,SYNTHETIC_GENERATOR_V1
FP_001342,2025-09-02,MGO,788.05,USD,USD_PER_MT,SYNTHETIC,SYNTHETIC_GENERATOR_V1
FP_001343,2025-09-03,MGO,785.02,USD,USD_PER_MT,SYNTHETIC,SYNTHETIC_GENERATOR_V1
FP_001344,2025-09-04,MGO,785.98,USD,USD_PER_MT,SYNTHETIC,SYNTHETIC_GENERATOR_V1
FP_001345,2025-09-05,MGO,784.11,USD,USD_PER_MT,SYNTHETIC,SYNTHETIC_GENERATOR_V1
FP_001346,2025-09-06,MGO,793.37,USD,USD_PER_MT,SYNTHETIC,SYNTHETIC_GENERATOR_V1
FP_001347,2025-09-07,MGO,796.04,USD,USD_PER_MT,SYNTHETIC,SYNTHETIC_GENERATOR_V1
FP_001348,2025-09-08,MGO,786.70,USD,USD_PER_MT,SYNTHETIC,SYNTHETIC_GENERATOR_V1
FP_001349,2025-09-09,MGO,793.94,USD,USD_PER_MT,SYNTHETIC,SYNTHETIC_GENERATOR_V1
FP_001350,2025-09-10,MGO,797.50,USD,USD_PER_MT,SYNTHETIC,SYNTHETIC_GENERATOR_V1
FP_001351,2025-09-11,MGO,794.68,USD,USD_PER_MT,SYNTHETIC,SYNTHETIC_GENERATOR_V1
FP_001352,2025-09-12,MGO,787.80,USD,USD_PER_MT,SYNTHETIC,SYNTHETIC_GENERATOR_V1
FP_001353,2025-09-13,MGO,774.49,USD,USD_PER_MT,SYNTHETIC,SYNTHETIC_GENERATOR_V1
FP_001354,2025-09-14,MGO,762.38,USD,USD_PER_MT,SYNTHETIC,SYNTHETIC_GENERATOR_V1
FP_001355,2025-09-15,MGO,761.95,USD,USD_PER_MT,SYNTHETIC,SYNTHETIC_GENERATOR_V1
FP_001356,2025-09-16,MGO,767.82,USD,USD_PER_MT,SYNTHETIC,SYNTHETIC_GENERATOR_V1
FP_001357,2025-09-17,MGO,767.60,USD,USD_PER_MT,SYNTHETIC,SYNTHETIC_GENERATOR_V1
FP_001358,2025-09-18,MGO,763.33,USD,USD_PER_MT,SYNTHETIC,SYNTHETIC_GENERATOR_V1
FP_001359,2025-09-19,MGO,750.59,USD,USD_PER_MT,SYNTHETIC,SYNTHETIC_GENERATOR_V1
FP_001360,2025-09-20,MGO,752.58,USD,USD_PER_MT,SYNTHETIC,SYNTHETIC_GENERATOR_V1
FP_001361,2025-09-21,MGO,758.61,USD,USD_PER_MT,SYNTHETIC,SYNTHETIC_GENERATOR_V1
FP_001362,2025-09-22,MGO,753.76,USD,USD_PER_MT,SYNTHETIC,SYNTHETIC_GENERATOR_V1
FP_001363,2025-09-23,MGO,756.92,USD,USD_PER_MT,SYNTHETIC,SYNTHETIC_GENERATOR_V1
FP_001364,2025-09-24,MGO,753.13,USD,USD_PER_MT,SYNTHETIC,SYNTHETIC_GENERATOR_V1
FP_001365,2025-09-25,MGO,752.14,USD,USD_PER_MT,SYNTHETIC,SYNTHETIC_GENERATOR_V1
FP_001366,2025-09-26,MGO,742.82,USD,USD_PER_MT,SYNTHETIC,SYNTHETIC_GENERATOR_V1
FP_001367,2025-09-27,MGO,747.54,USD,USD_PER_MT,SYNTHETIC,SYNTHETIC_GENERATOR_V1
FP_001368,2025-09-28,MGO,745.50,USD,USD_PER_MT,SYNTHETIC,SYNTHETIC_GENERATOR_V1
FP_001369,2025-09-29,MGO,743.21,USD,USD_PER_MT,SYNTHETIC,SYNTHETIC_GENERATOR_V1
FP_001370,2025-09-30,MGO,747.54,USD,USD_PER_MT,SYNTHETIC,SYNTHETIC_GENERATOR_V1
FP_001371,2025-10-01,MGO,753.41,USD,USD_PER_MT,SYNTHETIC,SYNTHETIC_GENERATOR_V1
FP_001372,2025-10-02,MGO,757.38,USD,USD_PER_MT,SYNTHETIC,SYNTHETIC_GENERATOR_V1
FP_001373,2025-10-03,MGO,755.53,USD,USD_PER_MT,SYNTHETIC,SYNTHETIC_GENERATOR_V1
FP_001374,2025-10-04,MGO,747.24,USD,USD_PER_MT,SYNTHETIC,SYNTHETIC_GENERATOR_V1
FP_001375,2025-10-05,MGO,754.15,USD,USD_PER_MT,SYNTHETIC,SYNTHETIC_GENERATOR_V1
FP_001376,2025-10-06,MGO,758.11,USD,USD_PER_MT,SYNTHETIC,SYNTHETIC_GENERATOR_V1
FP_001377,2025-10-07,MGO,756.04,USD,USD_PER_MT,SYNTHETIC,SYNTHETIC_GENERATOR_V1
FP_001378,2025-10-08,MGO,744.23,USD,USD_PER_MT,SYNTHETIC,SYNTHETIC_GENERATOR_V1
FP_001379,2025-10-09,MGO,739.83,USD,USD_PER_MT,SYNTHETIC,SYNTHETIC_GENERATOR_V1
FP_001380,2025-10-10,MGO,748.46,USD,USD_PER_MT,SYNTHETIC,SYNTHETIC_GENERATOR_V1
FP_001381,2025-10-11,MGO,753.86,USD,USD_PER_MT,SYNTHETIC,SYNTHETIC_GENERATOR_V1
FP_001382,2025-10-12,MGO,758.11,USD,USD_PER_MT,SYNTHETIC,SYNTHETIC_GENERATOR_V1
FP_001383,2025-10-13,MGO,765.67,USD,USD_PER_MT,SYNTHETIC,SYNTHETIC_GENERATOR_V1
FP_001384,2025-10-14,MGO,761.04,USD,USD_PER_MT,SYNTHETIC,SYNTHETIC_GENERATOR_V1
FP_001385,2025-10-15,MGO,772.68,USD,USD_PER_MT,SYNTHETIC,SYNTHETIC_GENERATOR_V1
FP_001386,2025-10-16,MGO,773.67,USD,USD_PER_MT,SYNTHETIC,SYNTHETIC_GENERATOR_V1
FP_001387,2025-10-17,MGO,774.93,USD,USD_PER_MT,SYNTHETIC,SYNTHETIC_GENERATOR_V1
FP_001388,2025-10-18,MGO,778.58,USD,USD_PER_MT,SYNTHETIC,SYNTHETIC_GENERATOR_V1
FP_001389,2025-10-19,MGO,778.16,USD,USD_PER_MT,SYNTHETIC,SYNTHETIC_GENERATOR_V1
FP_001390,2025-10-20,MGO,778.39,USD,USD_PER_MT,SYNTHETIC,SYNTHETIC_GENERATOR_V1
FP_001391,2025-10-21,MGO,777.29,USD,USD_PER_MT,SYNTHETIC,SYNTHETIC_GENERATOR_V1
FP_001392,2025-10-22,MGO,780.87,USD,USD_PER_MT,SYNTHETIC,SYNTHETIC_GENERATOR_V1
FP_001393,2025-10-23,MGO,782.07,USD,USD_PER_MT,SYNTHETIC,SYNTHETIC_GENERATOR_V1
FP_001394,2025-10-24,MGO,785.93,USD,USD_PER_MT,SYNTHETIC,SYNTHETIC_GENERATOR_V1
FP_001395,2025-10-25,MGO,791.29,USD,USD_PER_MT,SYNTHETIC,SYNTHETIC_GENERATOR_V1
FP_001396,2025-10-26,MGO,794.08,USD,USD_PER_MT,SYNTHETIC,SYNTHETIC_GENERATOR_V1
FP_001397,2025-10-27,MGO,788.23,USD,USD_PER_MT,SYNTHETIC,SYNTHETIC_GENERATOR_V1
FP_001398,2025-10-28,MGO,784.01,USD,USD_PER_MT,SYNTHETIC,SYNTHETIC_GENERATOR_V1
FP_001399,2025-10-29,MGO,777.27,USD,USD_PER_MT,SYNTHETIC,SYNTHETIC_GENERATOR_V1
FP_001400,2025-10-30,MGO,775.53,USD,USD_PER_MT,SYNTHETIC,SYNTHETIC_GENERATOR_V1
FP_001401,2025-10-31,MGO,779.77,USD,USD_PER_MT,SYNTHETIC,SYNTHETIC_GENERATOR_V1
FP_001402,2025-11-01,MGO,768.27,USD,USD_PER_MT,SYNTHETIC,SYNTHETIC_GENERATOR_V1
FP_001403,2025-11-02,MGO,777.72,USD,USD_PER_MT,SYNTHETIC,SYNTHETIC_GENERATOR_V1
FP_001404,2025-11-03,MGO,776.81,USD,USD_PER_MT,SYNTHETIC,SYNTHETIC_GENERATOR_V1
FP_001405,2025-11-04,MGO,773.81,USD,USD_PER_MT,SYNTHETIC,SYNTHETIC_GENERATOR_V1
FP_001406,2025-11-05,MGO,761.80,USD,USD_PER_MT,SYNTHETIC,SYNTHETIC_GENERATOR_V1
FP_001407,2025-11-06,MGO,762.74,USD,USD_PER_MT,SYNTHETIC,SYNTHETIC_GENERATOR_V1
FP_001408,2025-11-07,MGO,761.99,USD,USD_PER_MT,SYNTHETIC,SYNTHETIC_GENERATOR_V1
FP_001409,2025-11-08,MGO,749.41,USD,USD_PER_MT,SYNTHETIC,SYNTHETIC_GENERATOR_V1
FP_001410,2025-11-09,MGO,754.02,USD,USD_PER_MT,SYNTHETIC,SYNTHETIC_GENERATOR_V1
FP_001411,2025-11-10,MGO,748.37,USD,USD_PER_MT,SYNTHETIC,SYNTHETIC_GENERATOR_V1
FP_001412,2025-11-11,MGO,752.80,USD,USD_PER_MT,SYNTHETIC,SYNTHETIC_GENERATOR_V1
FP_001413,2025-11-12,MGO,748.05,USD,USD_PER_MT,SYNTHETIC,SYNTHETIC_GENERATOR_V1
FP_001414,2025-11-13,MGO,764.54,USD,USD_PER_MT,SYNTHETIC,SYNTHETIC_GENERATOR_V1
FP_001415,2025-11-14,MGO,761.57,USD,USD_PER_MT,SYNTHETIC,SYNTHETIC_GENERATOR_V1
FP_001416,2025-11-15,MGO,763.74,USD,USD_PER_MT,SYNTHETIC,SYNTHETIC_GENERATOR_V1
FP_001417,2025-11-16,MGO,773.66,USD,USD_PER_MT,SYNTHETIC,SYNTHETIC_GENERATOR_V1
FP_001418,2025-11-17,MGO,775.49,USD,USD_PER_MT,SYNTHETIC,SYNTHETIC_GENERATOR_V1
FP_001419,2025-11-18,MGO,777.14,USD,USD_PER_MT,SYNTHETIC,SYNTHETIC_GENERATOR_V1
FP_001420,2025-11-19,MGO,781.45,USD,USD_PER_MT,SYNTHETIC,SYNTHETIC_GENERATOR_V1
FP_001421,2025-11-20,MGO,774.67,USD,USD_PER_MT,SYNTHETIC,SYNTHETIC_GENERATOR_V1
FP_001422,2025-11-21,MGO,763.32,USD,USD_PER_MT,SYNTHETIC,SYNTHETIC_GENERATOR_V1
FP_001423,2025-11-22,MGO,760.20,USD,USD_PER_MT,SYNTHETIC,SYNTHETIC_GENERATOR_V1
FP_001424,2025-11-23,MGO,763.89,USD,USD_PER_MT,SYNTHETIC,SYNTHETIC_GENERATOR_V1
FP_001425,2025-11-24,MGO,766.49,USD,USD_PER_MT,SYNTHETIC,SYNTHETIC_GENERATOR_V1
FP_001426,2025-11-25,MGO,779.33,USD,USD_PER_MT,SYNTHETIC,SYNTHETIC_GENERATOR_V1
FP_001427,2025-11-26,MGO,779.79,USD,USD_PER_MT,SYNTHETIC,SYNTHETIC_GENERATOR_V1
FP_001428,2025-11-27,MGO,796.79,USD,USD_PER_MT,SYNTHETIC,SYNTHETIC_GENERATOR_V1
FP_001429,2025-11-28,MGO,795.55,USD,USD_PER_MT,SYNTHETIC,SYNTHETIC_GENERATOR_V1
FP_001430,2025-11-29,MGO,789.59,USD,USD_PER_MT,SYNTHETIC,SYNTHETIC_GENERATOR_V1
FP_001431,2025-11-30,MGO,799.11,USD,USD_PER_MT,SYNTHETIC,SYNTHETIC_GENERATOR_V1
FP_001432,2025-12-01,MGO,790.40,USD,USD_PER_MT,SYNTHETIC,SYNTHETIC_GENERATOR_V1
FP_001433,2025-12-02,MGO,798.62,USD,USD_PER_MT,SYNTHETIC,SYNTHETIC_GENERATOR_V1
FP_001434,2025-12-03,MGO,805.99,USD,USD_PER_MT,SYNTHETIC,SYNTHETIC_GENERATOR_V1
FP_001435,2025-12-04,MGO,804.56,USD,USD_PER_MT,SYNTHETIC,SYNTHETIC_GENERATOR_V1
FP_001436,2025-12-05,MGO,811.14,USD,USD_PER_MT,SYNTHETIC,SYNTHETIC_GENERATOR_V1
FP_001437,2025-12-06,MGO,814.36,USD,USD_PER_MT,SYNTHETIC,SYNTHETIC_GENERATOR_V1
FP_001438,2025-12-07,MGO,812.94,USD,USD_PER_MT,SYNTHETIC,SYNTHETIC_GENERATOR_V1
FP_001439,2025-12-08,MGO,803.49,USD,USD_PER_MT,SYNTHETIC,SYNTHETIC_GENERATOR_V1
FP_001440,2025-12-09,MGO,804.53,USD,USD_PER_MT,SYNTHETIC,SYNTHETIC_GENERATOR_V1
FP_001441,2025-12-10,MGO,809.06,USD,USD_PER_MT,SYNTHETIC,SYNTHETIC_GENERATOR_V1
FP_001442,2025-12-11,MGO,817.64,USD,USD_PER_MT,SYNTHETIC,SYNTHETIC_GENERATOR_V1
FP_001443,2025-12-12,MGO,824.40,USD,USD_PER_MT,SYNTHETIC,SYNTHETIC_GENERATOR_V1
FP_001444,2025-12-13,MGO,808.05,USD,USD_PER_MT,SYNTHETIC,SYNTHETIC_GENERATOR_V1
FP_001445,2025-12-14,MGO,828.36,USD,USD_PER_MT,SYNTHETIC,SYNTHETIC_GENERATOR_V1
FP_001446,2025-12-15,MGO,835.84,USD,USD_PER_MT,SYNTHETIC,SYNTHETIC_GENERATOR_V1
FP_001447,2025-12-16,MGO,834.71,USD,USD_PER_MT,SYNTHETIC,SYNTHETIC_GENERATOR_V1
FP_001448,2025-12-17,MGO,826.72,USD,USD_PER_MT,SYNTHETIC,SYNTHETIC_GENERATOR_V1
FP_001449,2025-12-18,MGO,816.13,USD,USD_PER_MT,SYNTHETIC,SYNTHETIC_GENERATOR_V1
FP_001450,2025-12-19,MGO,811.23,USD,USD_PER_MT,SYNTHETIC,SYNTHETIC_GENERATOR_V1
FP_001451,2025-12-20,MGO,811.25,USD,USD_PER_MT,SYNTHETIC,SYNTHETIC_GENERATOR_V1
FP_001452,2025-12-21,MGO,813.22,USD,USD_PER_MT,SYNTHETIC,SYNTHETIC_GENERATOR_V1
FP_001453,2025-12-22,MGO,819.14,USD,USD_PER_MT,SYNTHETIC,SYNTHETIC_GENERATOR_V1
FP_001454,2025-12-23,MGO,819.35,USD,USD_PER_MT,SYNTHETIC,SYNTHETIC_GENERATOR_V1
FP_001455,2025-12-24,MGO,819.46,USD,USD_PER_MT,SYNTHETIC,SYNTHETIC_GENERATOR_V1
FP_001456,2025-12-25,MGO,819.86,USD,USD_PER_MT,SYNTHETIC,SYNTHETIC_GENERATOR_V1
FP_001457,2025-12-26,MGO,817.48,USD,USD_PER_MT,SYNTHETIC,SYNTHETIC_GENERATOR_V1
FP_001458,2025-12-27,MGO,815.36,USD,USD_PER_MT,SYNTHETIC,SYNTHETIC_GENERATOR_V1
FP_001459,2025-12-28,MGO,819.56,USD,USD_PER_MT,SYNTHETIC,SYNTHETIC_GENERATOR_V1
FP_001460,2025-12-29,MGO,812.95,USD,USD_PER_MT,SYNTHETIC,SYNTHETIC_GENERATOR_V1
FP_001461,2025-12-30,MGO,815.57,USD,USD_PER_MT,SYNTHETIC,SYNTHETIC_GENERATOR_V1
FP_001462,2025-12-31,MGO,821.36,USD,USD_PER_MT,SYNTHETIC,SYNTHETIC_GENERATOR_V1
