activity_id,observation_date,port_id,vessel_arrivals,average_waiting_hours,average_turnaround_hours,congestion_level,source,data_type
PA_000001,2024-01-01,NEWCASTLE,16,23.3,65.4,LOW,SYNTHETIC_GENERATOR_V1,SYNTHETIC
PA_000002,2024-01-02,NEWCASTLE,16,21.0,59.4,LOW,SYNTHETIC_GENERATOR_V1,SYNTHETIC
PA_000003,2024-01-03,NEWCASTLE,12,19.9,53.7,LOW,SYNTHETIC_GENERATOR_V1,SYNTHETIC
PA_000004,2024-01-04,NEWCASTLE,15,24.1,69.3,MEDIUM,SYNTHETIC_GENERATOR_V1,SYNTHETIC
PA_000005,2024-01-05,NEWCASTLE,11,19.1,64.1,LOW,SYNTHETIC_GENERATOR_V1,SYNTHETIC
PA_000006,2024-01-06,NEWCASTLE,18,25.6,74.4,MEDIUM,SYNTHETIC_GENERATOR_V1,SYNTHETIC
PA_000007,2024-01-07,NEWCASTLE,11,15.9,60.3,LOW,SYNTHETIC_GENERATOR_V1,SYNTHETIC
PA_000008,2024-01-08,NEWCASTLE,12,17.7,61.1,LOW,SYNTHETIC_GENERATOR_V1,SYNTHETIC
PA_000009,2024-01-09,NEWCASTLE,14,20.2,58.7,LOW,SYNTHETIC_GENERATOR_V1,SYNTHETIC
PA_000010,2024-01-10,NEWCASTLE,16,19.7,62.2,LOW,SYNTHETIC_GENERATOR_V1,SYNTHETIC
PA_000011,2024-01-11,NEWCASTLE,16,16.6,55.5,LOW,SYNTHETIC_GENERATOR_V1,SYNTHETIC
PA_000012,2024-01-12,NEWCASTLE,12,16.3,66.7,LOW,SYNTHETIC_GENERATOR_V1,SYNTHETIC
PA_000013,2024-01-13,NEWCASTLE,17,25.2,67.4,MEDIUM,SYNTHETIC_GENERATOR_V1,SYNTHETIC
PA_000014,2024-01-14,NEWCASTLE,15,19.1,59.6,LOW,SYNTHETIC_GENERATOR_V1,SYNTHETIC
PA_000015,2024-01-15,NEWCASTLE,16,21.5,69.8,LOW,SYNTHETIC_GENERATOR_V1,SYNTHETIC
PA_000016,2024-01-16,NEWCASTLE,16,24.8,63.1,MEDIUM,SYNTHETIC_GENERATOR_V1,SYNTHETIC
PA_000017,2024-01-17,NEWCASTLE,18,29.5,71.2,MEDIUM,SYNTHETIC_GENERATOR_V1,SYNTHETIC
PA_000018,2024-01-18,NEWCASTLE,18,23.7,68.8,LOW,SYNTHETIC_GENERATOR_V1,SYNTHETIC
PA_000019,2024-01-19,NEWCASTLE,21,31.5,71.5,MEDIUM,SYNTHETIC_GENERATOR_V1,SYNTHETIC
PA_000020,2024-01-20,NEWCASTLE,20,25.8,70.1,MEDIUM,SYNTHETIC_GENERATOR_V1,SYNTHETIC
PA_000021,2024-01-21,NEWCASTLE,17,26.3,64.5,MEDIUM,SYNTHETIC_GENERATOR_V1,SYNTHETIC
PA_000022,2024-01-22,NEWCASTLE,15,16.9,59.0,LOW,SYNTHETIC_GENERATOR_V1,SYNTHETIC
PA_000023,2024-01-23,NEWCASTLE,14,18.7,60.9,LOW,SYNTHETIC_GENERATOR_V1,SYNTHETIC
PA_000024,2024-01-24,NEWCASTLE,16,23.6,70.0,LOW,SYNTHETIC_GENERATOR_V1,SYNTHETIC
PA_000025,2024-01-25,NEWCASTLE,12,11.8,49.9,LOW,SYNTHETIC_GENERATOR_V1,SYNTHETIC
PA_000026,2024-01-26,NEWCASTLE,12,12.8,53.5,LOW,SYNTHETIC_GENERATOR_V1,SYNTHETIC
PA_000027,2024-01-27,NEWCASTLE,6,8.2,48.7,LOW,SYNTHETIC_GENERATOR_V1,SYNTHETIC
PA_000028,2024-01-28,NEWCASTLE,17,22.4,67.6,LOW,SYNTHETIC_GENERATOR_V1,SYNTHETIC
PA_000029,2024-01-29,NEWCASTLE,9,0.7,41.7,LOW,SYNTHETIC_GENERATOR_V1,SYNTHETIC
PA_000030,2024-01-30,NEWCASTLE,16,24.4,69.8,MEDIUM,SYNTHETIC_GENERATOR_V1,SYNTHETIC
PA_000031,2024-01-31,NEWCASTLE,14,19.8,59.5,LOW,SYNTHETIC_GENERATOR_V1,SYNTHETIC
PA_000032,2024-02-01,NEWCASTLE,13,24.7,60.7,MEDIUM,SYNTHETIC_GENERATOR_V1,SYNTHETIC
PA_000033,2024-02-02,NEWCASTLE,17,23.4,64.0,LOW,SYNTHETIC_GENERATOR_V1,SYNTHETIC
PA_000034,2024-02-03,NEWCASTLE,5,6.2,47.9,LOW,SYNTHETIC_GENERATOR_V1,SYNTHETIC
PA_000035,2024-02-04,NEWCASTLE,8,8.2,49.2,LOW,SYNTHETIC_GENERATOR_V1,SYNTHETIC
PA_000036,2024-02-05,NEWCASTLE,13,10.6,51.1,LOW,SYNTHETIC_GENERATOR_V1,SYNTHETIC
PA_000037,2024-02-06,NEWCASTLE,12,12.6,58.7,LOW,SYNTHETIC_GENERATOR_V1,SYNTHETIC
PA_000038,2024-02-07,NEWCASTLE,16,18.2,61.7,LOW,SYNTHETIC_GENERATOR_V1,SYNTHETIC
PA_000039,2024-02-08,NEWCASTLE,17,16.5,55.9,LOW,SYNTHETIC_GENERATOR_V1,SYNTHETIC
PA_000040,2024-02-09,NEWCASTLE,14,12.0,50.6,LOW,SYNTHETIC_GENERATOR_V1,SYNTHETIC
PA_000041,2024-02-10,NEWCASTLE,14,20.2,65.6,LOW,SYNTHETIC_GENERATOR_V1,SYNTHETIC
PA_000042,2024-02-11,NEWCASTLE,11,11.8,54.5,LOW,SYNTHETIC_GENERATOR_V1,SYNTHETIC
PA_000043,2024-02-12,NEWCASTLE,17,25.4,60.8,MEDIUM,SYNTHETIC_GENERATOR_V1,SYNTHETIC
PA_000044,2024-02-13,NEWCASTLE,10,12.4,58.4,LOW,SYNTHETIC_GENERATOR_V1,SYNTHETIC
PA_000045,2024-02-14,NEWCASTLE,18,30.3,69.8,MEDIUM,SYNTHETIC_GENERATOR_V1,SYNTHETIC
PA_000046,2024-02-15,NEWCASTLE,17,26.2,75.4,MEDIUM,SYNTHETIC_GENERATOR_V1,SYNTHETIC
PA_000047,2024-02-16,NEWCASTLE,22,34.1,71.3,MEDIUM,SYNTHETIC_GENERATOR_V1,SYNTHETIC
PA_000048,2024-02-17,NEWCASTLE,14,19.9,62.5,LOW,SYNTHETIC_GENERATOR_V1,SYNTHETIC
PA_000049,2024-02-18,NEWCASTLE,11,16.4,59.5,LOW,SYNTHETIC_GENERATOR_V1,SYNTHETIC
PA_000050,2024-02-19,NEWCASTLE,14,23.0,72.3,LOW,SYNTHETIC_GENERATOR_V1,SYNTHETIC
PA_000051,2024-02-20,NEWCASTLE,14,20.5,63.3,LOW,SYNTHETIC_GENERATOR_V1,SYNTHETIC
PA_000052,2024-02-21,NEWCASTLE,15,26.2,67.3,MEDIUM,SYNTHETIC_GENERATOR_V1,SYNTHETIC
PA_000053,2024-02-22,NEWCASTLE,10,13.9,52.9,LOW,SYNTHETIC_GENERATOR_V1,SYNTHETIC
PA_000054,2024-02-23,NEWCASTLE,13,18.3,54.8,LOW,SYNTHETIC_GENERATOR_V1,SYNTHETIC
PA_000055,2024-02-24,NEWCASTLE,12,15.9,61.4,LOW,SYNTHETIC_GENERATOR_V1,SYNTHETIC
PA_000056,2024-02-25,NEWCASTLE,17,20.8,59.2,LOW,SYNTHETIC_GENERATOR_V1,SYNTHETIC
PA_000057,2024-02-26,NEWCASTLE,12,13.8,59.8,LOW,SYNTHETIC_GENERATOR_V1,SYNTHETIC
PA_000058,2024-02-27,NEWCASTLE,13,21.1,58.5,LOW,SYNTHETIC_GENERATOR_V1,SYNTHETIC
PA_000059,2024-02-28,NEWCASTLE,18,30.1,72.4,MEDIUM,SYNTHETIC_GENERATOR_V1,SYNTHETIC
PA_000060,2024-02-29,NEWCASTLE,14,17.6,63.5,LOW,SYNTHETIC_GENERATOR_V1,SYNTHETIC
PA_000061,2024-03-01,NEWCASTLE,9,14.7,50.8,LOW,SYNTHETIC_GENERATOR_V1,SYNTHETIC
PA_000062,2024-03-02,NEWCASTLE,11,18.2,60.3,LOW,SYNTHETIC_GENERATOR_V1,SYNTHETIC
PA_000063,2024-03-03,NEWCASTLE,14,14.7,54.1,LOW,SYNTHETIC_GENERATOR_V1,SYNTHETIC
PA_000064,2024-03-04,NEWCASTLE,13,18.9,61.1,LOW,SYNTHETIC_GENERATOR_V1,SYNTHETIC
PA_000065,2024-03-05,NEWCASTLE,16,19.8,64.5,LOW,SYNTHETIC_GENERATOR_V1,SYNTHETIC
PA_000066,2024-03-06,NEWCASTLE,17,22.3,62.7,LOW,SYNTHETIC_GENERATOR_V1,SYNTHETIC
PA_000067,2024-03-07,NEWCASTLE,15,26.1,63.5,MEDIUM,SYNTHETIC_GENERATOR_V1,SYNTHETIC
PA_000068,2024-03-08,NEWCASTLE,12,12.7,52.3,LOW,SYNTHETIC_GENERATOR_V1,SYNTHETIC
PA_000069,2024-03-09,NEWCASTLE,13,16.7,58.5,LOW,SYNTHETIC_GENERATOR_V1,SYNTHETIC
PA_000070,2024-03-10,NEWCASTLE,12,13.5,52.4,LOW,SYNTHETIC_GENERATOR_V1,SYNTHETIC
PA_000071,2024-03-11,NEWCASTLE,15,18.8,57.5,LOW,SYNTHETIC_GENERATOR_V1,SYNTHETIC
PA_000072,2024-03-12,NEWCASTLE,12,15.6,58.4,LOW,SYNTHETIC_GENERATOR_V1,SYNTHETIC
PA_000073,2024-03-13,NEWCASTLE,16,24.3,64.0,MEDIUM,SYNTHETIC_GENERATOR_V1,SYNTHETIC
PA_000074,2024-03-14,NEWCASTLE,26,43.6,91.4,MEDIUM,SYNTHETIC_GENERATOR_V1,SYNTHETIC
PA_000075,2024-03-15,NEWCASTLE,14,26.9,68.1,MEDIUM,SYNTHETIC_GENERATOR_V1,SYNTHETIC
PA_000076,2024-03-16,NEWCASTLE,8,9.0,52.4,LOW,SYNTHETIC_GENERATOR_V1,SYNTHETIC
PA_000077,2024-03-17,NEWCASTLE,10,7.5,57.6,LOW,SYNTHETIC_GENERATOR_V1,SYNTHETIC
PA_000078,2024-03-18,NEWCASTLE,13,9.7,56.1,LOW,SYNTHETIC_GENERATOR_V1,SYNTHETIC
PA_000079,2024-03-19,NEWCASTLE,14,17.4,53.3,LOW,SYNTHETIC_GENERATOR_V1,SYNTHETIC
PA_000080,2024-03-20,NEWCASTLE,15,22.4,64.3,LOW,SYNTHETIC_GENERATOR_V1,SYNTHETIC
PA_000081,2024-03-21,NEWCASTLE,13,24.1,71.2,MEDIUM,SYNTHETIC_GENERATOR_V1,SYNTHETIC
PA_000082,2024-03-22,NEWCASTLE,10,10.9,52.4,LOW,SYNTHETIC_GENERATOR_V1,SYNTHETIC
PA_000083,2024-03-23,NEWCASTLE,20,33.0,74.9,MEDIUM,SYNTHETIC_GENERATOR_V1,SYNTHETIC
PA_000084,2024-03-24,NEWCASTLE,17,24.2,67.5,MEDIUM,SYNTHETIC_GENERATOR_V1,SYNTHETIC
PA_000085,2024-03-25,NEWCASTLE,16,21.2,60.5,LOW,SYNTHETIC_GENERATOR_V1,SYNTHETIC
PA_000086,2024-03-26,NEWCASTLE,14,15.9,56.5,LOW,SYNTHETIC_GENERATOR_V1,SYNTHETIC
PA_000087,2024-03-27,NEWCASTLE,19,22.9,62.3,LOW,SYNTHETIC_GENERATOR_V1,SYNTHETIC
PA_000088,2024-03-28,NEWCASTLE,16,22.7,65.5,LOW,SYNTHETIC_GENERATOR_V1,SYNTHETIC
PA_000089,2024-03-29,NEWCASTLE,10,12.8,52.4,LOW,SYNTHETIC_GENERATOR_V1,SYNTHETIC
PA_000090,2024-03-30,NEWCASTLE,16,26.1,69.2,MEDIUM,SYNTHETIC_GENERATOR_V1,SYNTHETIC
PA_000091,2024-03-31,NEWCASTLE,15,16.8,58.6,LOW,SYNTHETIC_GENERATOR_V1,SYNTHETIC
PA_000092,2024-04-01,NEWCASTLE,17,22.8,72.1,LOW,SYNTHETIC_GENERATOR_V1,SYNTHETIC
PA_000093,2024-04-02,NEWCASTLE,8,4.6,51.6,LOW,SYNTHETIC_GENERATOR_V1,SYNTHETIC
PA_000094,2024-04-03,NEWCASTLE,14,15.3,56.0,LOW,SYNTHETIC_GENERATOR_V1,SYNTHETIC
PA_000095,2024-04-04,NEWCASTLE,19,22.5,64.4,LOW,SYNTHETIC_GENERATOR_V1,SYNTHETIC
PA_000096,2024-04-05,NEWCASTLE,11,13.1,56.2,LOW,SYNTHETIC_GENERATOR_V1,SYNTHETIC
PA_000097,2024-04-06,NEWCASTLE,15,18.2,57.7,LOW,SYNTHETIC_GENERATOR_V1,SYNTHETIC
PA_000098,2024-04-07,NEWCASTLE,13,12.4,50.5,LOW,SYNTHETIC_GENERATOR_V1,SYNTHETIC
PA_000099,2024-04-08,NEWCASTLE,15,19.4,64.0,LOW,SYNTHETIC_GENERATOR_V1,SYNTHETIC
PA_000100,2024-04-09,NEWCASTLE,18,28.4,70.6,MEDIUM,SYNTHETIC_GENERATOR_V1,SYNTHETIC
PA_000101,2024-04-10,NEWCASTLE,23,35.7,78.4,MEDIUM,SYNTHETIC_GENERATOR_V1,SYNTHETIC
PA_000102,2024-04-11,NEWCASTLE,22,40.2,80.8,MEDIUM,SYNTHETIC_GENERATOR_V1,SYNTHETIC
PA_000103,2024-04-12,NEWCASTLE,12,6.6,44.4,LOW,SYNTHETIC_GENERATOR_V1,SYNTHETIC
PA_000104,2024-04-13,NEWCASTLE,17,19.5,64.0,LOW,SYNTHETIC_GENERATOR_V1,SYNTHETIC
PA_000105,2024-04-14,NEWCASTLE,17,26.3,69.7,MEDIUM,SYNTHETIC_GENERATOR_V1,SYNTHETIC
PA_000106,2024-04-15,NEWCASTLE,21,32.5,80.9,MEDIUM,SYNTHETIC_GENERATOR_V1,SYNTHETIC
PA_000107,2024-04-16,NEWCASTLE,11,17.1,66.4,LOW,SYNTHETIC_GENERATOR_V1,SYNTHETIC
PA_000108,2024-04-17,NEWCASTLE,17,26.7,65.4,MEDIUM,SYNTHETIC_GENERATOR_V1,SYNTHETIC
PA_000109,2024-04-18,NEWCASTLE,19,29.0,72.2,MEDIUM,SYNTHETIC_GENERATOR_V1,SYNTHETIC
PA_000110,2024-04-19,NEWCASTLE,14,15.6,63.4,LOW,SYNTHETIC_GENERATOR_V1,SYNTHETIC
PA_000111,2024-04-20,NEWCASTLE,11,10.9,47.5,LOW,SYNTHETIC_GENERATOR_V1,SYNTHETIC
PA_000112,2024-04-21,NEWCASTLE,11,11.3,52.8,LOW,SYNTHETIC_GENERATOR_V1,SYNTHETIC
PA_000113,2024-04-22,NEWCASTLE,5,0.0,45.4,LOW,SYNTHETIC_GENERATOR_V1,SYNTHETIC
PA_000114,2024-04-23,NEWCASTLE,8,9.0,46.8,LOW,SYNTHETIC_GENERATOR_V1,SYNTHETIC
PA_000115,2024-04-24,NEWCASTLE,16,21.3,64.0,LOW,SYNTHETIC_GENERATOR_V1,SYNTHETIC
PA_000116,2024-04-25,NEWCASTLE,12,13.2,56.9,LOW,SYNTHETIC_GENERATOR_V1,SYNTHETIC
PA_000117,2024-04-26,NEWCASTLE,15,16.0,64.0,LOW,SYNTHETIC_GENERATOR_V1,SYNTHETIC
PA_000118,2024-04-27,NEWCASTLE,13,17.6,62.3,LOW,SYNTHETIC_GENERATOR_V1,SYNTHETIC
PA_000119,2024-04-28,NEWCASTLE,13,19.0,58.3,LOW,SYNTHETIC_GENERATOR_V1,SYNTHETIC
PA_000120,2024-04-29,NEWCASTLE,11,9.4,51.0,LOW,SYNTHETIC_GENERATOR_V1,SYNTHETIC
PA_000121,2024-04-30,NEWCASTLE,14,18.3,58.6,LOW,SYNTHETIC_GENERATOR_V1,SYNTHETIC
PA_000122,2024-05-01,NEWCASTLE,14,21.7,73.2,LOW,SYNTHETIC_GENERATOR_V1,SYNTHETIC
PA_000123,2024-05-02,NEWCASTLE,8,8.0,49.2,LOW,SYNTHETIC_GENERATOR_V1,SYNTHETIC
PA_000124,2024-05-03,NEWCASTLE,16,19.7,66.7,LOW,SYNTHETIC_GENERATOR_V1,SYNTHETIC
PA_000125,2024-05-04,NEWCASTLE,16,16.7,62.2,LOW,SYNTHETIC_GENERATOR_V1,SYNTHETIC
PA_000126,2024-05-05,NEWCASTLE,17,18.1,55.8,LOW,SYNTHETIC_GENERATOR_V1,SYNTHETIC
PA_000127,2024-05-06,NEWCASTLE,19,30.9,77.6,MEDIUM,SYNTHETIC_GENERATOR_V1,SYNTHETIC
PA_000128,2024-05-07,NEWCASTLE,15,15.4,55.9,LOW,SYNTHETIC_GENERATOR_V1,SYNTHETIC
PA_000129,2024-05-08,NEWCASTLE,15,15.7,51.9,LOW,SYNTHETIC_GENERATOR_V1,SYNTHETIC
PA_000130,2024-05-09,NEWCASTLE,12,18.5,63.3,LOW,SYNTHETIC_GENERATOR_V1,SYNTHETIC
PA_000131,2024-05-10,NEWCASTLE,12,9.0,52.3,LOW,SYNTHETIC_GENERATOR_V1,SYNTHETIC
PA_000132,2024-05-11,NEWCASTLE,15,27.0,67.9,MEDIUM,SYNTHETIC_GENERATOR_V1,SYNTHETIC
PA_000133,2024-05-12,NEWCASTLE,12,13.5,62.0,LOW,SYNTHETIC_GENERATOR_V1,SYNTHETIC
PA_000134,2024-05-13,NEWCASTLE,13,19.3,61.8,LOW,SYNTHETIC_GENERATOR_V1,SYNTHETIC
PA_000135,2024-05-14,NEWCASTLE,13,14.7,58.0,LOW,SYNTHETIC_GENERATOR_V1,SYNTHETIC
PA_000136,2024-05-15,NEWCASTLE,8,4.3,47.7,LOW,SYNTHETIC_GENERATOR_V1,SYNTHETIC
PA_000137,2024-05-16,NEWCASTLE,14,17.0,57.0,LOW,SYNTHETIC_GENERATOR_V1,SYNTHETIC
PA_000138,2024-05-17,NEWCASTLE,22,38.0,77.2,MEDIUM,SYNTHETIC_GENERATOR_V1,SYNTHETIC
PA_000139,2024-05-18,NEWCASTLE,9,10.8,52.2,LOW,SYNTHETIC_GENERATOR_V1,SYNTHETIC
PA_000140,2024-05-19,NEWCASTLE,16,23.8,72.1,LOW,SYNTHETIC_GENERATOR_V1,SYNTHETIC
PA_000141,2024-05-20,NEWCASTLE,22,22.2,69.3,LOW,SYNTHETIC_GENERATOR_V1,SYNTHETIC
PA_000142,2024-05-21,NEWCASTLE,14,18.8,66.3,LOW,SYNTHETIC_GENERATOR_V1,SYNTHETIC
PA_000143,2024-05-22,NEWCASTLE,19,24.5,62.3,MEDIUM,SYNTHETIC_GENERATOR_V1,SYNTHETIC
PA_000144,2024-05-23,NEWCASTLE,13,15.7,57.2,LOW,SYNTHETIC_GENERATOR_V1,SYNTHETIC
PA_000145,2024-05-24,NEWCASTLE,18,27.9,65.9,MEDIUM,SYNTHETIC_GENERATOR_V1,SYNTHETIC
PA_000146,2024-05-25,NEWCASTLE,16,25.6,69.6,MEDIUM,SYNTHETIC_GENERATOR_V1,SYNTHETIC
PA_000147,2024-05-26,NEWCASTLE,13,20.2,58.1,LOW,SYNTHETIC_GENERATOR_V1,SYNTHETIC
PA_000148,2024-05-27,NEWCASTLE,11,16.6,60.8,LOW,SYNTHETIC_GENERATOR_V1,SYNTHETIC
PA_000149,2024-05-28,NEWCASTLE,11,14.2,53.3,LOW,SYNTHETIC_GENERATOR_V1,SYNTHETIC
PA_000150,2024-05-29,NEWCASTLE,16,19.6,62.4,LOW,SYNTHETIC_GENERATOR_V1,SYNTHETIC
PA_000151,2024-05-30,NEWCASTLE,5,3.3,52.0,LOW,SYNTHETIC_GENERATOR_V1,SYNTHETIC
PA_000152,2024-05-31,NEWCASTLE,19,30.1,67.9,MEDIUM,SYNTHETIC_GENERATOR_V1,SYNTHETIC
PA_000153,2024-06-01,NEWCASTLE,9,9.8,46.3,LOW,SYNTHETIC_GENERATOR_V1,SYNTHETIC
PA_000154,2024-06-02,NEWCASTLE,19,28.8,69.0,MEDIUM,SYNTHETIC_GENERATOR_V1,SYNTHETIC
PA_000155,2024-06-03,NEWCASTLE,9,13.9,55.6,LOW,SYNTHETIC_GENERATOR_V1,SYNTHETIC
PA_000156,2024-06-04,NEWCASTLE,15,23.8,69.8,LOW,SYNTHETIC_GENERATOR_V1,SYNTHETIC
PA_000157,2024-06-05,NEWCASTLE,14,20.5,65.9,LOW,SYNTHETIC_GENERATOR_V1,SYNTHETIC
PA_000158,2024-06-06,NEWCASTLE,14,18.3,65.9,LOW,SYNTHETIC_GENERATOR_V1,SYNTHETIC
PA_000159,2024-06-07,NEWCASTLE,8,8.1,53.6,LOW,SYNTHETIC_GENERATOR_V1,SYNTHETIC
PA_000160,2024-06-08,NEWCASTLE,21,34.9,81.6,MEDIUM,SYNTHETIC_GENERATOR_V1,SYNTHETIC
PA_000161,2024-06-09,NEWCASTLE,6,2.5,42.2,LOW,SYNTHETIC_GENERATOR_V1,SYNTHETIC
PA_000162,2024-06-10,NEWCASTLE,9,7.5,48.7,LOW,SYNTHETIC_GENERATOR_V1,SYNTHETIC
PA_000163,2024-06-11,NEWCASTLE,14,18.2,48.7,LOW,SYNTHETIC_GENERATOR_V1,SYNTHETIC
PA_000164,2024-06-12,NEWCASTLE,12,11.1,44.8,LOW,SYNTHETIC_GENERATOR_V1,SYNTHETIC
PA_000165,2024-06-13,NEWCASTLE,21,31.9,74.4,MEDIUM,SYNTHETIC_GENERATOR_V1,SYNTHETIC
PA_000166,2024-06-14,NEWCASTLE,18,23.3,65.9,LOW,SYNTHETIC_GENERATOR_V1,SYNTHETIC
PA_000167,2024-06-15,NEWCASTLE,16,19.4,61.3,LOW,SYNTHETIC_GENERATOR_V1,SYNTHETIC
PA_000168,2024-06-16,NEWCASTLE,17,26.8,63.2,MEDIUM,SYNTHETIC_GENERATOR_V1,SYNTHETIC
PA_000169,2024-06-17,NEWCASTLE,18,30.0,71.3,MEDIUM,SYNTHETIC_GENERATOR_V1,SYNTHETIC
PA_000170,2024-06-18,NEWCASTLE,22,36.0,70.6,MEDIUM,SYNTHETIC_GENERATOR_V1,SYNTHETIC
PA_000171,2024-06-19,NEWCASTLE,8,4.9,45.1,LOW,SYNTHETIC_GENERATOR_V1,SYNTHETIC
PA_000172,2024-06-20,NEWCASTLE,12,20.9,65.0,LOW,SYNTHETIC_GENERATOR_V1,SYNTHETIC
PA_000173,2024-06-21,NEWCASTLE,15,14.4,53.8,LOW,SYNTHETIC_GENERATOR_V1,SYNTHETIC
PA_000174,2024-06-22,NEWCASTLE,9,8.2,44.3,LOW,SYNTHETIC_GENERATOR_V1,SYNTHETIC
PA_000175,2024-06-23,NEWCASTLE,24,35.4,81.6,MEDIUM,SYNTHETIC_GENERATOR_V1,SYNTHETIC
PA_000176,2024-06-24,NEWCASTLE,14,16.0,56.8,LOW,SYNTHETIC_GENERATOR_V1,SYNTHETIC
PA_000177,2024-06-25,NEWCASTLE,14,18.4,55.8,LOW,SYNTHETIC_GENERATOR_V1,SYNTHETIC
PA_000178,2024-06-26,NEWCASTLE,13,15.6,54.8,LOW,SYNTHETIC_GENERATOR_V1,SYNTHETIC
PA_000179,2024-06-27,NEWCASTLE,8,8.4,44.1,LOW,SYNTHETIC_GENERATOR_V1,SYNTHETIC
PA_000180,2024-06-28,NEWCASTLE,19,33.0,77.3,MEDIUM,SYNTHETIC_GENERATOR_V1,SYNTHETIC
PA_000181,2024-06-29,NEWCASTLE,19,34.3,73.1,MEDIUM,SYNTHETIC_GENERATOR_V1,SYNTHETIC
PA_000182,2024-06-30,NEWCASTLE,13,17.8,60.3,LOW,SYNTHETIC_GENERATOR_V1,SYNTHETIC
PA_000183,2024-07-01,NEWCASTLE,15,23.8,69.3,LOW,SYNTHETIC_GENERATOR_V1,SYNTHETIC
PA_000184,2024-07-02,NEWCASTLE,18,21.7,61.0,LOW,SYNTHETIC_GENERATOR_V1,SYNTHETIC
PA_000185,2024-07-03,NEWCASTLE,9,10.4,54.0,LOW,SYNTHETIC_GENERATOR_V1,SYNTHETIC
PA_000186,2024-07-04,NEWCASTLE,17,18.2,59.5,LOW,SYNTHETIC_GENERATOR_V1,SYNTHETIC
PA_000187,2024-07-05,NEWCASTLE,9,14.1,54.4,LOW,SYNTHETIC_GENERATOR_V1,SYNTHETIC
PA_000188,2024-07-06,NEWCASTLE,17,26.6,67.4,MEDIUM,SYNTHETIC_GENERATOR_V1,SYNTHETIC
PA_000189,2024-07-07,NEWCASTLE,14,21.0,63.6,LOW,SYNTHETIC_GENERATOR_V1,SYNTHETIC
PA_000190,2024-07-08,NEWCASTLE,12,9.2,53.4,LOW,SYNTHETIC_GENERATOR_V1,SYNTHETIC
PA_000191,2024-07-09,NEWCASTLE,13,15.1,57.7,LOW,SYNTHETIC_GENERATOR_V1,SYNTHETIC
PA_000192,2024-07-10,NEWCASTLE,18,30.3,67.4,MEDIUM,SYNTHETIC_GENERATOR_V1,SYNTHETIC
PA_000193,2024-07-11,NEWCASTLE,16,24.7,69.2,MEDIUM,SYNTHETIC_GENERATOR_V1,SYNTHETIC
PA_000194,2024-07-12,NEWCASTLE,14,17.0,66.5,LOW,SYNTHETIC_GENERATOR_V1,SYNTHETIC
PA_000195,2024-07-13,NEWCASTLE,13,14.9,58.2,LOW,SYNTHETIC_GENERATOR_V1,SYNTHETIC
PA_000196,2024-07-14,NEWCASTLE,10,17.8,58.1,LOW,SYNTHETIC_GENERATOR_V1,SYNTHETIC
PA_000197,2024-07-15,NEWCASTLE,13,16.3,61.2,LOW,SYNTHETIC_GENERATOR_V1,SYNTHETIC
PA_000198,2024-07-16,NEWCASTLE,16,20.8,69.3,LOW,SYNTHETIC_GENERATOR_V1,SYNTHETIC
PA_000199,2024-07-17,NEWCASTLE,16,27.1,73.7,MEDIUM,SYNTHETIC_GENERATOR_V1,SYNTHETIC
PA_000200,2024-07-18,NEWCASTLE,17,27.8,67.0,MEDIUM,SYNTHETIC_GENERATOR_V1,SYNTHETIC
PA_000201,2024-07-19,NEWCASTLE,18,30.2,72.7,MEDIUM,SYNTHETIC_GENERATOR_V1,SYNTHETIC
PA_000202,2024-07-20,NEWCASTLE,10,8.8,52.4,LOW,SYNTHETIC_GENERATOR_V1,SYNTHETIC
PA_000203,2024-07-21,NEWCASTLE,16,25.2,75.2,MEDIUM,SYNTHETIC_GENERATOR_V1,SYNTHETIC
PA_000204,2024-07-22,NEWCASTLE,13,13.1,58.5,LOW,SYNTHETIC_GENERATOR_V1,SYNTHETIC
PA_000205,2024-07-23,NEWCASTLE,13,16.6,53.0,LOW,SYNTHETIC_GENERATOR_V1,SYNTHETIC
PA_000206,2024-07-24,NEWCASTLE,21,36.4,81.3,MEDIUM,SYNTHETIC_GENERATOR_V1,SYNTHETIC
PA_000207,2024-07-25,NEWCASTLE,16,22.9,66.1,LOW,SYNTHETIC_GENERATOR_V1,SYNTHETIC
PA_000208,2024-07-26,NEWCASTLE,11,13.6,62.0,LOW,SYNTHETIC_GENERATOR_V1,SYNTHETIC
PA_000209,2024-07-27,NEWCASTLE,14,20.1,62.8,LOW,SYNTHETIC_GENERATOR_V1,SYNTHETIC
PA_000210,2024-07-28,NEWCASTLE,13,19.8,61.4,LOW,SYNTHETIC_GENERATOR_V1,SYNTHETIC
PA_000211,2024-07-29,NEWCASTLE,23,39.1,85.4,MEDIUM,SYNTHETIC_GENERATOR_V1,SYNTHETIC
PA_000212,2024-07-30,NEWCASTLE,16,22.5,65.5,LOW,SYNTHETIC_GENERATOR_V1,SYNTHETIC
PA_000213,2024-07-31,NEWCASTLE,9,1.5,33.7,LOW,SYNTHETIC_GENERATOR_V1,SYNTHETIC
PA_000214,2024-08-01,NEWCASTLE,20,35.7,75.5,MEDIUM,SYNTHETIC_GENERATOR_V1,SYNTHETIC
PA_000215,2024-08-02,NEWCASTLE,13,20.4,67.8,LOW,SYNTHETIC_GENERATOR_V1,SYNTHETIC
PA_000216,2024-08-03,NEWCASTLE,14,14.9,61.9,LOW,SYNTHETIC_GENERATOR_V1,SYNTHETIC
PA_000217,2024-08-04,NEWCASTLE,8,12.6,53.0,LOW,SYNTHETIC_GENERATOR_V1,SYNTHETIC
PA_000218,2024-08-05,NEWCASTLE,13,19.1,55.3,LOW,SYNTHETIC_GENERATOR_V1,SYNTHETIC
PA_000219,2024-08-06,NEWCASTLE,15,17.3,59.3,LOW,SYNTHETIC_GENERATOR_V1,SYNTHETIC
PA_000220,2024-08-07,NEWCASTLE,18,25.3,68.7,MEDIUM,SYNTHETIC_GENERATOR_V1,SYNTHETIC
PA_000221,2024-08-08,NEWCASTLE,14,17.6,54.4,LOW,SYNTHETIC_GENERATOR_V1,SYNTHETIC
PA_000222,2024-08-09,NEWCASTLE,6,3.6,46.7,LOW,SYNTHETIC_GENERATOR_V1,SYNTHETIC
PA_000223,2024-08-10,NEWCASTLE,15,26.1,68.9,MEDIUM,SYNTHETIC_GENERATOR_V1,SYNTHETIC
PA_000224,2024-08-11,NEWCASTLE,16,17.2,58.8,LOW,SYNTHETIC_GENERATOR_V1,SYNTHETIC
PA_000225,2024-08-12,NEWCASTLE,13,15.4,51.6,LOW,SYNTHETIC_GENERATOR_V1,SYNTHETIC
PA_000226,2024-08-13,NEWCASTLE,11,15.9,57.6,LOW,SYNTHETIC_GENERATOR_V1,SYNTHETIC
PA_000227,2024-08-14,NEWCASTLE,23,37.6,77.9,MEDIUM,SYNTHETIC_GENERATOR_V1,SYNTHETIC
PA_000228,2024-08-15,NEWCASTLE,15,18.0,63.6,LOW,SYNTHETIC_GENERATOR_V1,SYNTHETIC
PA_000229,2024-08-16,NEWCASTLE,18,18.4,61.8,LOW,SYNTHETIC_GENERATOR_V1,SYNTHETIC
PA_000230,2024-08-17,NEWCASTLE,20,25.9,71.5,MEDIUM,SYNTHETIC_GENERATOR_V1,SYNTHETIC
PA_000231,2024-08-18,NEWCASTLE,12,11.1,44.1,LOW,SYNTHETIC_GENERATOR_V1,SYNTHETIC
PA_000232,2024-08-19,NEWCASTLE,14,17.7,61.6,LOW,SYNTHETIC_GENERATOR_V1,SYNTHETIC
PA_000233,2024-08-20,NEWCASTLE,14,18.1,61.2,LOW,SYNTHETIC_GENERATOR_V1,SYNTHETIC
PA_000234,2024-08-21,NEWCASTLE,13,13.5,60.3,LOW,SYNTHETIC_GENERATOR_V1,SYNTHETIC
PA_000235,2024-08-22,NEWCASTLE,12,7.3,51.3,LOW,SYNTHETIC_GENERATOR_V1,SYNTHETIC
PA_000236,2024-08-23,NEWCASTLE,13,21.2,66.4,LOW,SYNTHETIC_GENERATOR_V1,SYNTHETIC
PA_000237,2024-08-24,NEWCASTLE,26,45.0,84.9,MEDIUM,SYNTHETIC_GENERATOR_V1,SYNTHETIC
PA_000238,2024-08-25,NEWCASTLE,17,25.6,69.4,MEDIUM,SYNTHETIC_GENERATOR_V1,SYNTHETIC
PA_000239,2024-08-26,NEWCASTLE,9,10.1,53.9,LOW,SYNTHETIC_GENERATOR_V1,SYNTHETIC
PA_000240,2024-08-27,NEWCASTLE,11,16.4,60.6,LOW,SYNTHETIC_GENERATOR_V1,SYNTHETIC
PA_000241,2024-08-28,NEWCASTLE,12,13.4,45.5,LOW,SYNTHETIC_GENERATOR_V1,SYNTHETIC
PA_000242,2024-08-29,NEWCASTLE,15,16.1,57.0,LOW,SYNTHETIC_GENERATOR_V1,SYNTHETIC
PA_000243,2024-08-30,NEWCASTLE,8,13.6,54.4,LOW,SYNTHETIC_GENERATOR_V1,SYNTHETIC
PA_000244,2024-08-31,NEWCASTLE,12,14.0,50.8,LOW,SYNTHETIC_GENERATOR_V1,SYNTHETIC
PA_000245,2024-09-01,NEWCASTLE,14,21.9,65.0,LOW,SYNTHETIC_GENERATOR_V1,SYNTHETIC
PA_000246,2024-09-02,NEWCASTLE,12,19.8,68.2,LOW,SYNTHETIC_GENERATOR_V1,SYNTHETIC
PA_000247,2024-09-03,NEWCASTLE,20,34.6,79.1,MEDIUM,SYNTHETIC_GENERATOR_V1,SYNTHETIC
PA_000248,2024-09-04,NEWCASTLE,11,7.0,54.5,LOW,SYNTHETIC_GENERATOR_V1,SYNTHETIC
PA_000249,2024-09-05,NEWCASTLE,15,10.8,51.6,LOW,SYNTHETIC_GENERATOR_V1,SYNTHETIC
PA_000250,2024-09-06,NEWCASTLE,18,23.4,62.2,LOW,SYNTHETIC_GENERATOR_V1,SYNTHETIC
PA_000251,2024-09-07,NEWCASTLE,16,22.0,62.6,LOW,SYNTHETIC_GENERATOR_V1,SYNTHETIC
PA_000252,2024-09-08,NEWCASTLE,16,26.2,71.6,MEDIUM,SYNTHETIC_GENERATOR_V1,SYNTHETIC
PA_000253,2024-09-09,NEWCASTLE,12,14.3,63.9,LOW,SYNTHETIC_GENERATOR_V1,SYNTHETIC
PA_000254,2024-09-10,NEWCASTLE,11,14.3,47.9,LOW,SYNTHETIC_GENERATOR_V1,SYNTHETIC
PA_000255,2024-09-11,NEWCASTLE,20,31.5,77.6,MEDIUM,SYNTHETIC_GENERATOR_V1,SYNTHETIC
PA_000256,2024-09-12,NEWCASTLE,20,30.1,80.3,MEDIUM,SYNTHETIC_GENERATOR_V1,SYNTHETIC
PA_000257,2024-09-13,NEWCASTLE,25,43.5,75.7,MEDIUM,SYNTHETIC_GENERATOR_V1,SYNTHETIC
PA_000258,2024-09-14,NEWCASTLE,12,17.0,58.4,LOW,SYNTHETIC_GENERATOR_V1,SYNTHETIC
PA_000259,2024-09-15,NEWCASTLE,16,25.0,65.7,MEDIUM,SYNTHETIC_GENERATOR_V1,SYNTHETIC
PA_000260,2024-09-16,NEWCASTLE,8,14.2,52.0,LOW,SYNTHETIC_GENERATOR_V1,SYNTHETIC
PA_000261,2024-09-17,NEWCASTLE,12,15.3,48.3,LOW,SYNTHETIC_GENERATOR_V1,SYNTHETIC
PA_000262,2024-09-18,NEWCASTLE,13,17.2,63.1,LOW,SYNTHETIC_GENERATOR_V1,SYNTHETIC
PA_000263,2024-09-19,NEWCASTLE,20,26.9,58.7,MEDIUM,SYNTHETIC_GENERATOR_V1,SYNTHETIC
PA_000264,2024-09-20,NEWCASTLE,15,28.2,65.3,MEDIUM,SYNTHETIC_GENERATOR_V1,SYNTHETIC
PA_000265,2024-09-21,NEWCASTLE,18,24.6,61.6,MEDIUM,SYNTHETIC_GENERATOR_V1,SYNTHETIC
PA_000266,2024-09-22,NEWCASTLE,12,13.0,49.5,LOW,SYNTHETIC_GENERATOR_V1,SYNTHETIC
PA_000267,2024-09-23,NEWCASTLE,20,30.9,74.7,MEDIUM,SYNTHETIC_GENERATOR_V1,SYNTHETIC
PA_000268,2024-09-24,NEWCASTLE,8,7.5,59.1,LOW,SYNTHETIC_GENERATOR_V1,SYNTHETIC
PA_000269,2024-09-25,NEWCASTLE,14,20.2,65.9,LOW,SYNTHETIC_GENERATOR_V1,SYNTHETIC
PA_000270,2024-09-26,NEWCASTLE,16,17.5,53.1,LOW,SYNTHETIC_GENERATOR_V1,SYNTHETIC
PA_000271,2024-09-27,NEWCASTLE,10,15.9,59.8,LOW,SYNTHETIC_GENERATOR_V1,SYNTHETIC
PA_000272,2024-09-28,NEWCASTLE,17,29.5,71.6,MEDIUM,SYNTHETIC_GENERATOR_V1,SYNTHETIC
PA_000273,2024-09-29,NEWCASTLE,16,19.5,62.4,LOW,SYNTHETIC_GENERATOR_V1,SYNTHETIC
PA_000274,2024-09-30,NEWCASTLE,11,11.4,46.6,LOW,SYNTHETIC_GENERATOR_V1,SYNTHETIC
PA_000275,2024-10-01,NEWCASTLE,9,10.6,51.3,LOW,SYNTHETIC_GENERATOR_V1,SYNTHETIC
PA_000276,2024-10-02,NEWCASTLE,19,27.4,68.0,MEDIUM,SYNTHETIC_GENERATOR_V1,SYNTHETIC
PA_000277,2024-10-03,NEWCASTLE,9,10.0,49.1,LOW,SYNTHETIC_GENERATOR_V1,SYNTHETIC
PA_000278,2024-10-04,NEWCASTLE,16,18.5,65.9,LOW,SYNTHETIC_GENERATOR_V1,SYNTHETIC
PA_000279,2024-10-05,NEWCASTLE,13,12.8,53.6,LOW,SYNTHETIC_GENERATOR_V1,SYNTHETIC
PA_000280,2024-10-06,NEWCASTLE,22,38.5,83.6,MEDIUM,SYNTHETIC_GENERATOR_V1,SYNTHETIC
PA_000281,2024-10-07,NEWCASTLE,13,16.5,54.3,LOW,SYNTHETIC_GENERATOR_V1,SYNTHETIC
PA_000282,2024-10-08,NEWCASTLE,11,10.1,49.1,LOW,SYNTHETIC_GENERATOR_V1,SYNTHETIC
PA_000283,2024-10-09,NEWCASTLE,16,20.3,70.5,LOW,SYNTHETIC_GENERATOR_V1,SYNTHETIC
PA_000284,2024-10-10,NEWCASTLE,18,30.9,69.5,MEDIUM,SYNTHETIC_GENERATOR_V1,SYNTHETIC
PA_000285,2024-10-11,NEWCASTLE,16,24.3,71.7,MEDIUM,SYNTHETIC_GENERATOR_V1,SYNTHETIC
PA_000286,2024-10-12,NEWCASTLE,14,11.8,54.2,LOW,SYNTHETIC_GENERATOR_V1,SYNTHETIC
PA_000287,2024-10-13,NEWCASTLE,14,19.5,67.3,LOW,SYNTHETIC_GENERATOR_V1,SYNTHETIC
PA_000288,2024-10-14,NEWCASTLE,10,7.0,52.7,LOW,SYNTHETIC_GENERATOR_V1,SYNTHETIC
PA_000289,2024-10-15,NEWCASTLE,16,19.7,61.7,LOW,SYNTHETIC_GENERATOR_V1,SYNTHETIC
PA_000290,2024-10-16,NEWCASTLE,15,22.6,63.3,LOW,SYNTHETIC_GENERATOR_V1,SYNTHETIC
PA_000291,2024-10-17,NEWCASTLE,13,18.7,62.3,LOW,SYNTHETIC_GENERATOR_V1,SYNTHETIC
PA_000292,2024-10-18,NEWCASTLE,14,19.2,67.2,LOW,SYNTHETIC_GENERATOR_V1,SYNTHETIC
PA_000293,2024-10-19,NEWCASTLE,9,10.0,44.8,LOW,SYNTHETIC_GENERATOR_V1,SYNTHETIC
PA_000294,2024-10-20,NEWCASTLE,8,7.4,50.0,LOW,SYNTHETIC_GENERATOR_V1,SYNTHETIC
PA_000295,2024-10-21,NEWCASTLE,13,20.4,56.8,LOW,SYNTHETIC_GENERATOR_V1,SYNTHETIC
PA_000296,2024-10-22,NEWCASTLE,9,11.5,54.1,LOW,SYNTHETIC_GENERATOR_V1,SYNTHETIC
PA_000297,2024-10-23,NEWCASTLE,15,19.8,62.5,LOW,SYNTHETIC_GENERATOR_V1,SYNTHETIC
PA_000298,2024-10-24,NEWCASTLE,12,13.2,56.0,LOW,SYNTHETIC_GENERATOR_V1,SYNTHETIC
PA_000299,2024-10-25,NEWCASTLE,9,13.1,52.9,LOW,SYNTHETIC_GENERATOR_V1,SYNTHETIC
PA_000300,2024-10-26,NEWCASTLE,18,25.7,64.5,MEDIUM,SYNTHETIC_GENERATOR_V1,SYNTHETIC
PA_000301,2024-10-27,NEWCASTLE,15,20.4,68.4,LOW,SYNTHETIC_GENERATOR_V1,SYNTHETIC
PA_000302,2024-10-28,NEWCASTLE,17,16.2,58.5,LOW,SYNTHETIC_GENERATOR_V1,SYNTHETIC
PA_000303,2024-10-29,NEWCASTLE,26,37.3,78.1,MEDIUM,SYNTHETIC_GENERATOR_V1,SYNTHETIC
PA_000304,2024-10-30,NEWCASTLE,14,25.5,64.8,MEDIUM,SYNTHETIC_GENERATOR_V1,SYNTHETIC
PA_000305,2024-10-31,NEWCASTLE,11,10.2,51.9,LOW,SYNTHETIC_GENERATOR_V1,SYNTHETIC
PA_000306,2024-11-01,NEWCASTLE,18,22.0,75.9,LOW,SYNTHETIC_GENERATOR_V1,SYNTHETIC
PA_000307,2024-11-02,NEWCASTLE,16,17.2,55.1,LOW,SYNTHETIC_GENERATOR_V1,SYNTHETIC
PA_000308,2024-11-03,NEWCASTLE,13,16.5,58.7,LOW,SYNTHETIC_GENERATOR_V1,SYNTHETIC
PA_000309,2024-11-04,NEWCASTLE,17,26.8,65.7,MEDIUM,SYNTHETIC_GENERATOR_V1,SYNTHETIC
PA_000310,2024-11-05,NEWCASTLE,18,27.6,66.1,MEDIUM,SYNTHETIC_GENERATOR_V1,SYNTHETIC
PA_000311,2024-11-06,NEWCASTLE,18,26.9,64.5,MEDIUM,SYNTHETIC_GENERATOR_V1,SYNTHETIC
PA_000312,2024-11-07,NEWCASTLE,12,12.6,63.1,LOW,SYNTHETIC_GENERATOR_V1,SYNTHETIC
PA_000313,2024-11-08,NEWCASTLE,14,17.0,57.3,LOW,SYNTHETIC_GENERATOR_V1,SYNTHETIC
PA_000314,2024-11-09,NEWCASTLE,24,41.1,80.4,MEDIUM,SYNTHETIC_GENERATOR_V1,SYNTHETIC
PA_000315,2024-11-10,NEWCASTLE,10,10.4,47.1,LOW,SYNTHETIC_GENERATOR_V1,SYNTHETIC
PA_000316,2024-11-11,NEWCASTLE,16,20.8,65.2,LOW,SYNTHETIC_GENERATOR_V1,SYNTHETIC
PA_000317,2024-11-12,NEWCASTLE,16,27.1,71.0,MEDIUM,SYNTHETIC_GENERATOR_V1,SYNTHETIC
PA_000318,2024-11-13,NEWCASTLE,13,13.6,57.4,LOW,SYNTHETIC_GENERATOR_V1,SYNTHETIC
PA_000319,2024-11-14,NEWCASTLE,15,16.9,53.9,LOW,SYNTHETIC_GENERATOR_V1,SYNTHETIC
PA_000320,2024-11-15,NEWCASTLE,16,15.8,60.2,LOW,SYNTHETIC_GENERATOR_V1,SYNTHETIC
PA_000321,2024-11-16,NEWCASTLE,12,7.6,58.2,LOW,SYNTHETIC_GENERATOR_V1,SYNTHETIC
PA_000322,2024-11-17,NEWCASTLE,14,12.0,58.2,LOW,SYNTHETIC_GENERATOR_V1,SYNTHETIC
PA_000323,2024-11-18,NEWCASTLE,14,21.6,58.0,LOW,SYNTHETIC_GENERATOR_V1,SYNTHETIC
PA_000324,2024-11-19,NEWCASTLE,13,19.4,54.5,LOW,SYNTHETIC_GENERATOR_V1,SYNTHETIC
PA_000325,2024-11-20,NEWCASTLE,16,20.2,60.7,LOW,SYNTHETIC_GENERATOR_V1,SYNTHETIC
PA_000326,2024-11-21,NEWCASTLE,12,15.8,56.9,LOW,SYNTHETIC_GENERATOR_V1,SYNTHETIC
PA_000327,2024-11-22,NEWCASTLE,17,25.1,63.3,MEDIUM,SYNTHETIC_GENERATOR_V1,SYNTHETIC
PA_000328,2024-11-23,NEWCASTLE,18,23.4,73.1,LOW,SYNTHETIC_GENERATOR_V1,SYNTHETIC
PA_000329,2024-11-24,NEWCASTLE,14,10.2,56.1,LOW,SYNTHETIC_GENERATOR_V1,SYNTHETIC
PA_000330,2024-11-25,NEWCASTLE,19,23.0,71.8,LOW,SYNTHETIC_GENERATOR_V1,SYNTHETIC
PA_000331,2024-11-26,NEWCASTLE,14,12.8,55.9,LOW,SYNTHETIC_GENERATOR_V1,SYNTHETIC
PA_000332,2024-11-27,NEWCASTLE,16,21.5,62.5,LOW,SYNTHETIC_GENERATOR_V1,SYNTHETIC
PA_000333,2024-11-28,NEWCASTLE,12,12.5,51.2,LOW,SYNTHETIC_GENERATOR_V1,SYNTHETIC
PA_000334,2024-11-29,NEWCASTLE,18,28.9,70.5,MEDIUM,SYNTHETIC_GENERATOR_V1,SYNTHETIC
PA_000335,2024-11-30,NEWCASTLE,14,18.8,57.8,LOW,SYNTHETIC_GENERATOR_V1,SYNTHETIC
PA_000336,2024-12-01,NEWCASTLE,13,12.1,50.1,LOW,SYNTHETIC_GENERATOR_V1,SYNTHETIC
PA_000337,2024-12-02,NEWCASTLE,12,12.2,55.7,LOW,SYNTHETIC_GENERATOR_V1,SYNTHETIC
PA_000338,2024-12-03,NEWCASTLE,19,25.2,58.1,MEDIUM,SYNTHETIC_GENERATOR_V1,SYNTHETIC
PA_000339,2024-12-04,NEWCASTLE,5,5.4,50.0,LOW,SYNTHETIC_GENERATOR_V1,SYNTHETIC
PA_000340,2024-12-05,NEWCASTLE,15,13.8,46.1,LOW,SYNTHETIC_GENERATOR_V1,SYNTHETIC
PA_000341,2024-12-06,NEWCASTLE,17,30.9,68.2,MEDIUM,SYNTHETIC_GENERATOR_V1,SYNTHETIC
PA_000342,2024-12-07,NEWCASTLE,17,29.1,69.3,MEDIUM,SYNTHETIC_GENERATOR_V1,SYNTHETIC
PA_000343,2024-12-08,NEWCASTLE,17,18.5,61.9,LOW,SYNTHETIC_GENERATOR_V1,SYNTHETIC
PA_000344,2024-12-09,NEWCASTLE,14,13.3,57.7,LOW,SYNTHETIC_GENERATOR_V1,SYNTHETIC
PA_000345,2024-12-10,NEWCASTLE,17,23.0,63.1,LOW,SYNTHETIC_GENERATOR_V1,SYNTHETIC
PA_000346,2024-12-11,NEWCASTLE,16,24.4,64.6,MEDIUM,SYNTHETIC_GENERATOR_V1,SYNTHETIC
PA_000347,2024-12-12,NEWCASTLE,19,29.8,73.4,MEDIUM,SYNTHETIC_GENERATOR_V1,SYNTHETIC
PA_000348,2024-12-13,NEWCASTLE,11,11.6,56.0,LOW,SYNTHETIC_GENERATOR_V1,SYNTHETIC
PA_000349,2024-12-14,NEWCASTLE,17,26.5,69.7,MEDIUM,SYNTHETIC_GENERATOR_V1,SYNTHETIC
PA_000350,2024-12-15,NEWCASTLE,11,14.2,54.6,LOW,SYNTHETIC_GENERATOR_V1,SYNTHETIC
PA_000351,2024-12-16,NEWCASTLE,15,14.6,59.9,LOW,SYNTHETIC_GENERATOR_V1,SYNTHETIC
PA_000352,2024-12-17,NEWCASTLE,13,24.3,64.4,MEDIUM,SYNTHETIC_GENERATOR_V1,SYNTHETIC
PA_000353,2024-12-18,NEWCASTLE,15,22.5,62.6,LOW,SYNTHETIC_GENERATOR_V1,SYNTHETIC
PA_000354,2024-12-19,NEWCASTLE,11,5.9,51.7,LOW,SYNTHETIC_GENERATOR_V1,SYNTHETIC
PA_000355,2024-12-20,NEWCASTLE,10,18.1,61.8,LOW,SYNTHETIC_GENERATOR_V1,SYNTHETIC
PA_000356,2024-12-21,NEWCASTLE,13,19.8,57.6,LOW,SYNTHETIC_GENERATOR_V1,SYNTHETIC
PA_000357,2024-12-22,NEWCASTLE,15,18.5,55.8,LOW,SYNTHETIC_GENERATOR_V1,SYNTHETIC
PA_000358,2024-12-23,NEWCASTLE,16,26.3,65.0,MEDIUM,SYNTHETIC_GENERATOR_V1,SYNTHETIC
PA_000359,2024-12-24,NEWCASTLE,7,6.3,44.8,LOW,SYNTHETIC_GENERATOR_V1,SYNTHETIC
PA_000360,2024-12-25,NEWCASTLE,12,8.6,53.1,LOW,SYNTHETIC_GENERATOR_V1,SYNTHETIC
PA_000361,2024-12-26,NEWCASTLE,12,13.8,54.4,LOW,SYNTHETIC_GENERATOR_V1,SYNTHETIC
PA_000362,2024-12-27,NEWCASTLE,16,21.1,62.7,LOW,SYNTHETIC_GENERATOR_V1,SYNTHETIC
PA_000363,2024-12-28,NEWCASTLE,16,25.3,69.8,MEDIUM,SYNTHETIC_GENERATOR_V1,SYNTHETIC
PA_000364,2024-12-29,NEWCASTLE,17,25.4,73.9,MEDIUM,SYNTHETIC_GENERATOR_V1,SYNTHETIC
PA_000365,2024-12-30,NEWCASTLE,15,20.0,60.9,LOW,SYNTHETIC_GENERATOR_V1,SYNTHETIC
PA_000366,2024-12-31,NEWCASTLE,14,20.7,61.9,LOW,SYNTHETIC_GENERATOR_V1,SYNTHETIC
PA_000367,2025-01-01,NEWCASTLE,12,8.6,58.1,LOW,SYNTHETIC_GENERATOR_V1,SYNTHETIC
PA_000368,2025-01-02,NEWCASTLE,12,15.7,60.6,LOW,SYNTHETIC_GENERATOR_V1,SYNTHETIC
PA_000369,2025-01-03,NEWCASTLE,9,8.0,45.2,LOW,SYNTHETIC_GENERATOR_V1,SYNTHETIC
PA_000370,2025-01-04,NEWCASTLE,10,19.1,67.4,LOW,SYNTHETIC_GENERATOR_V1,SYNTHETIC
PA_000371,2025-01-05,NEWCASTLE,13,17.6,63.6,LOW,SYNTHETIC_GENERATOR_V1,SYNTHETIC
PA_000372,2025-01-06,NEWCASTLE,14,14.8,61.2,LOW,SYNTHETIC_GENERATOR_V1,SYNTHETIC
PA_000373,2025-01-07,NEWCASTLE,18,30.3,74.3,MEDIUM,SYNTHETIC_GENERATOR_V1,SYNTHETIC
PA_000374,2025-01-08,NEWCASTLE,19,27.6,63.4,MEDIUM,SYNTHETIC_GENERATOR_V1,SYNTHETIC
PA_000375,2025-01-09,NEWCASTLE,16,19.3,58.8,LOW,SYNTHETIC_GENERATOR_V1,SYNTHETIC
PA_000376,2025-01-10,NEWCASTLE,12,9.0,57.9,LOW,SYNTHETIC_GENERATOR_V1,SYNTHETIC
PA_000377,2025-01-11,NEWCASTLE,17,26.6,68.2,MEDIUM,SYNTHETIC_GENERATOR_V1,SYNTHETIC
PA_000378,2025-01-12,NEWCASTLE,16,19.2,67.0,LOW,SYNTHETIC_GENERATOR_V1,SYNTHETIC
PA_000379,2025-01-13,NEWCASTLE,20,33.4,83.1,MEDIUM,SYNTHETIC_GENERATOR_V1,SYNTHETIC
PA_000380,2025-01-14,NEWCASTLE,16,23.2,68.5,LOW,SYNTHETIC_GENERATOR_V1,SYNTHETIC
PA_000381,2025-01-15,NEWCASTLE,9,10.3,51.2,LOW,SYNTHETIC_GENERATOR_V1,SYNTHETIC
PA_000382,2025-01-16,NEWCASTLE,11,2.4,37.9,LOW,SYNTHETIC_GENERATOR_V1,SYNTHETIC
PA_000383,2025-01-17,NEWCASTLE,16,19.2,63.5,LOW,SYNTHETIC_GENERATOR_V1,SYNTHETIC
PA_000384,2025-01-18,NEWCASTLE,11,8.2,48.7,LOW,SYNTHETIC_GENERATOR_V1,SYNTHETIC
PA_000385,2025-01-19,NEWCASTLE,15,22.3,70.3,LOW,SYNTHETIC_GENERATOR_V1,SYNTHETIC
PA_000386,2025-01-20,NEWCASTLE,8,10.8,53.2,LOW,SYNTHETIC_GENERATOR_V1,SYNTHETIC
PA_000387,2025-01-21,NEWCASTLE,20,33.0,72.1,MEDIUM,SYNTHETIC_GENERATOR_V1,SYNTHETIC
PA_000388,2025-01-22,NEWCASTLE,6,5.5,55.9,LOW,SYNTHETIC_GENERATOR_V1,SYNTHETIC
PA_000389,2025-01-23,NEWCASTLE,11,8.9,46.6,LOW,SYNTHETIC_GENERATOR_V1,SYNTHETIC
PA_000390,2025-01-24,NEWCASTLE,19,26.4,64.7,MEDIUM,SYNTHETIC_GENERATOR_V1,SYNTHETIC
PA_000391,2025-01-25,NEWCASTLE,19,26.8,67.5,MEDIUM,SYNTHETIC_GENERATOR_V1,SYNTHETIC
PA_000392,2025-01-26,NEWCASTLE,9,5.4,43.7,LOW,SYNTHETIC_GENERATOR_V1,SYNTHETIC
PA_000393,2025-01-27,NEWCASTLE,22,34.8,77.1,MEDIUM,SYNTHETIC_GENERATOR_V1,SYNTHETIC
PA_000394,2025-01-28,NEWCASTLE,9,14.0,51.7,LOW,SYNTHETIC_GENERATOR_V1,SYNTHETIC
PA_000395,2025-01-29,NEWCASTLE,18,28.9,69.6,MEDIUM,SYNTHETIC_GENERATOR_V1,SYNTHETIC
PA_000396,2025-01-30,NEWCASTLE,14,20.5,55.3,LOW,SYNTHETIC_GENERATOR_V1,SYNTHETIC
PA_000397,2025-01-31,NEWCASTLE,14,19.7,68.5,LOW,SYNTHETIC_GENERATOR_V1,SYNTHETIC
PA_000398,2025-02-01,NEWCASTLE,13,22.7,60.8,LOW,SYNTHETIC_GENERATOR_V1,SYNTHETIC
PA_000399,2025-02-02,NEWCASTLE,8,11.2,58.6,LOW,SYNTHETIC_GENERATOR_V1,SYNTHETIC
PA_000400,2025-02-03,NEWCASTLE,12,18.8,62.8,LOW,SYNTHETIC_GENERATOR_V1,SYNTHETIC
PA_000401,2025-02-04,NEWCASTLE,11,16.5,58.3,LOW,SYNTHETIC_GENERATOR_V1,SYNTHETIC
PA_000402,2025-02-05,NEWCASTLE,19,25.1,60.4,MEDIUM,SYNTHETIC_GENERATOR_V1,SYNTHETIC
PA_000403,2025-02-06,NEWCASTLE,15,18.9,56.1,LOW,SYNTHETIC_GENERATOR_V1,SYNTHETIC
PA_000404,2025-02-07,NEWCASTLE,18,24.7,65.1,MEDIUM,SYNTHETIC_GENERATOR_V1,SYNTHETIC
PA_000405,2025-02-08,NEWCASTLE,16,24.5,70.2,MEDIUM,SYNTHETIC_GENERATOR_V1,SYNTHETIC
PA_000406,2025-02-09,NEWCASTLE,26,43.6,77.9,MEDIUM,SYNTHETIC_GENERATOR_V1,SYNTHETIC
PA_000407,2025-02-10,NEWCASTLE,12,11.8,57.2,LOW,SYNTHETIC_GENERATOR_V1,SYNTHETIC
PA_000408,2025-02-11,NEWCASTLE,18,22.8,60.5,LOW,SYNTHETIC_GENERATOR_V1,SYNTHETIC
PA_000409,2025-02-12,NEWCASTLE,15,19.7,55.4,LOW,SYNTHETIC_GENERATOR_V1,SYNTHETIC
PA_000410,2025-02-13,NEWCASTLE,12,15.2,57.1,LOW,SYNTHETIC_GENERATOR_V1,SYNTHETIC
PA_000411,2025-02-14,NEWCASTLE,17,16.7,62.9,LOW,SYNTHETIC_GENERATOR_V1,SYNTHETIC
PA_000412,2025-02-15,NEWCASTLE,10,6.6,48.7,LOW,SYNTHETIC_GENERATOR_V1,SYNTHETIC
PA_000413,2025-02-16,NEWCASTLE,16,20.0,69.8,LOW,SYNTHETIC_GENERATOR_V1,SYNTHETIC
PA_000414,2025-02-17,NEWCASTLE,15,22.4,58.5,LOW,SYNTHETIC_GENERATOR_V1,SYNTHETIC
PA_000415,2025-02-18,NEWCASTLE,8,5.5,55.6,LOW,SYNTHETIC_GENERATOR_V1,SYNTHETIC
PA_000416,2025-02-19,NEWCASTLE,14,16.3,58.5,LOW,SYNTHETIC_GENERATOR_V1,SYNTHETIC
PA_000417,2025-02-20,NEWCASTLE,14,24.6,64.8,MEDIUM,SYNTHETIC_GENERATOR_V1,SYNTHETIC
PA_000418,2025-02-21,NEWCASTLE,13,16.3,59.5,LOW,SYNTHETIC_GENERATOR_V1,SYNTHETIC
PA_000419,2025-02-22,NEWCASTLE,5,0.6,40.0,LOW,SYNTHETIC_GENERATOR_V1,SYNTHETIC
PA_000420,2025-02-23,NEWCASTLE,16,19.2,57.6,LOW,SYNTHETIC_GENERATOR_V1,SYNTHETIC
PA_000421,2025-02-24,NEWCASTLE,13,21.8,73.0,LOW,SYNTHETIC_GENERATOR_V1,SYNTHETIC
PA_000422,2025-02-25,NEWCASTLE,15,9.6,51.7,LOW,SYNTHETIC_GENERATOR_V1,SYNTHETIC
PA_000423,2025-02-26,NEWCASTLE,10,14.9,59.1,LOW,SYNTHETIC_GENERATOR_V1,SYNTHETIC
PA_000424,2025-02-27,NEWCASTLE,11,8.4,54.1,LOW,SYNTHETIC_GENERATOR_V1,SYNTHETIC
PA_000425,2025-02-28,NEWCASTLE,12,10.1,49.3,LOW,SYNTHETIC_GENERATOR_V1,SYNTHETIC
PA_000426,2025-03-01,NEWCASTLE,14,19.7,64.5,LOW,SYNTHETIC_GENERATOR_V1,SYNTHETIC
PA_000427,2025-03-02,NEWCASTLE,16,21.2,70.7,LOW,SYNTHETIC_GENERATOR_V1,SYNTHETIC
PA_000428,2025-03-03,NEWCASTLE,13,21.3,60.5,LOW,SYNTHETIC_GENERATOR_V1,SYNTHETIC
PA_000429,2025-03-04,NEWCASTLE,13,13.3,53.7,LOW,SYNTHETIC_GENERATOR_V1,SYNTHETIC
PA_000430,2025-03-05,NEWCASTLE,16,25.8,64.6,MEDIUM,SYNTHETIC_GENERATOR_V1,SYNTHETIC
PA_000431,2025-03-06,NEWCASTLE,13,8.3,48.1,LOW,SYNTHETIC_GENERATOR_V1,SYNTHETIC
PA_000432,2025-03-07,NEWCASTLE,19,31.9,71.5,MEDIUM,SYNTHETIC_GENERATOR_V1,SYNTHETIC
PA_000433,2025-03-08,NEWCASTLE,20,25.3,65.9,MEDIUM,SYNTHETIC_GENERATOR_V1,SYNTHETIC
PA_000434,2025-03-09,NEWCASTLE,14,15.6,58.1,LOW,SYNTHETIC_GENERATOR_V1,SYNTHETIC
PA_000435,2025-03-10,NEWCASTLE,18,28.7,72.2,MEDIUM,SYNTHETIC_GENERATOR_V1,SYNTHETIC
PA_000436,2025-03-11,NEWCASTLE,9,12.2,51.0,LOW,SYNTHETIC_GENERATOR_V1,SYNTHETIC
PA_000437,2025-03-12,NEWCASTLE,20,31.3,73.6,MEDIUM,SYNTHETIC_GENERATOR_V1,SYNTHETIC
PA_000438,2025-03-13,NEWCASTLE,13,19.5,58.8,LOW,SYNTHETIC_GENERATOR_V1,SYNTHETIC
PA_000439,2025-03-14,NEWCASTLE,11,15.1,59.5,LOW,SYNTHETIC_GENERATOR_V1,SYNTHETIC
PA_000440,2025-03-15,NEWCASTLE,12,16.1,61.4,LOW,SYNTHETIC_GENERATOR_V1,SYNTHETIC
PA_000441,2025-03-16,NEWCASTLE,11,14.8,62.8,LOW,SYNTHETIC_GENERATOR_V1,SYNTHETIC
PA_000442,2025-03-17,NEWCASTLE,16,17.9,56.3,LOW,SYNTHETIC_GENERATOR_V1,SYNTHETIC
PA_000443,2025-03-18,NEWCASTLE,13,10.2,48.0,LOW,SYNTHETIC_GENERATOR_V1,SYNTHETIC
PA_000444,2025-03-19,NEWCASTLE,12,15.0,61.6,LOW,SYNTHETIC_GENERATOR_V1,SYNTHETIC
PA_000445,2025-03-20,NEWCASTLE,24,38.4,83.8,MEDIUM,SYNTHETIC_GENERATOR_V1,SYNTHETIC
PA_000446,2025-03-21,NEWCASTLE,12,15.4,57.1,LOW,SYNTHETIC_GENERATOR_V1,SYNTHETIC
PA_000447,2025-03-22,NEWCASTLE,16,21.6,69.1,LOW,SYNTHETIC_GENERATOR_V1,SYNTHETIC
PA_000448,2025-03-23,NEWCASTLE,11,14.3,58.2,LOW,SYNTHETIC_GENERATOR_V1,SYNTHETIC
PA_000449,2025-03-24,NEWCASTLE,13,15.0,55.4,LOW,SYNTHETIC_GENERATOR_V1,SYNTHETIC
PA_000450,2025-03-25,NEWCASTLE,14,15.8,50.1,LOW,SYNTHETIC_GENERATOR_V1,SYNTHETIC
PA_000451,2025-03-26,NEWCASTLE,11,4.6,45.1,LOW,SYNTHETIC_GENERATOR_V1,SYNTHETIC
PA_000452,2025-03-27,NEWCASTLE,11,17.7,54.8,LOW,SYNTHETIC_GENERATOR_V1,SYNTHETIC
PA_000453,2025-03-28,NEWCASTLE,16,17.1,55.4,LOW,SYNTHETIC_GENERATOR_V1,SYNTHETIC
PA_000454,2025-03-29,NEWCASTLE,19,31.3,69.1,MEDIUM,SYNTHETIC_GENERATOR_V1,SYNTHETIC
PA_000455,2025-03-30,NEWCASTLE,9,12.0,60.7,LOW,SYNTHETIC_GENERATOR_V1,SYNTHETIC
PA_000456,2025-03-31,NEWCASTLE,17,27.5,74.3,MEDIUM,SYNTHETIC_GENERATOR_V1,SYNTHETIC
PA_000457,2025-04-01,NEWCASTLE,9,5.8,41.8,LOW,SYNTHETIC_GENERATOR_V1,SYNTHETIC
PA_000458,2025-04-02,NEWCASTLE,16,26.1,71.4,MEDIUM,SYNTHETIC_GENERATOR_V1,SYNTHETIC
PA_000459,2025-04-03,NEWCASTLE,19,27.9,74.0,MEDIUM,SYNTHETIC_GENERATOR_V1,SYNTHETIC
PA_000460,2025-04-04,NEWCASTLE,14,13.3,57.1,LOW,SYNTHETIC_GENERATOR_V1,SYNTHETIC
PA_000461,2025-04-05,NEWCASTLE,11,19.1,64.7,LOW,SYNTHETIC_GENERATOR_V1,SYNTHETIC
PA_000462,2025-04-06,NEWCASTLE,15,22.7,57.6,LOW,SYNTHETIC_GENERATOR_V1,SYNTHETIC
PA_000463,2025-04-07,NEWCASTLE,11,6.6,52.7,LOW,SYNTHETIC_GENERATOR_V1,SYNTHETIC
PA_000464,2025-04-08,NEWCASTLE,11,17.4,62.0,LOW,SYNTHETIC_GENERATOR_V1,SYNTHETIC
PA_000465,2025-04-09,NEWCASTLE,13,15.9,51.4,LOW,SYNTHETIC_GENERATOR_V1,SYNTHETIC
PA_000466,2025-04-10,NEWCASTLE,15,21.5,65.4,LOW,SYNTHETIC_GENERATOR_V1,SYNTHETIC
PA_000467,2025-04-11,NEWCASTLE,14,16.9,56.4,LOW,SYNTHETIC_GENERATOR_V1,SYNTHETIC
PA_000468,2025-04-12,NEWCASTLE,13,13.6,53.7,LOW,SYNTHETIC_GENERATOR_V1,SYNTHETIC
PA_000469,2025-04-13,NEWCASTLE,6,7.2,52.6,LOW,SYNTHETIC_GENERATOR_V1,SYNTHETIC
PA_000470,2025-04-14,NEWCASTLE,16,26.3,67.0,MEDIUM,SYNTHETIC_GENERATOR_V1,SYNTHETIC
PA_000471,2025-04-15,NEWCASTLE,11,16.6,55.9,LOW,SYNTHETIC_GENERATOR_V1,SYNTHETIC
PA_000472,2025-04-16,NEWCASTLE,15,19.3,59.8,LOW,SYNTHETIC_GENERATOR_V1,SYNTHETIC
PA_000473,2025-04-17,NEWCASTLE,15,21.9,63.5,LOW,SYNTHETIC_GENERATOR_V1,SYNTHETIC
PA_000474,2025-04-18,NEWCASTLE,13,18.6,53.3,LOW,SYNTHETIC_GENERATOR_V1,SYNTHETIC
PA_000475,2025-04-19,NEWCASTLE,10,15.8,59.3,LOW,SYNTHETIC_GENERATOR_V1,SYNTHETIC
PA_000476,2025-04-20,NEWCASTLE,18,21.9,62.0,LOW,SYNTHETIC_GENERATOR_V1,SYNTHETIC
PA_000477,2025-04-21,NEWCASTLE,8,6.2,53.3,LOW,SYNTHETIC_GENERATOR_V1,SYNTHETIC
PA_000478,2025-04-22,NEWCASTLE,9,7.4,47.1,LOW,SYNTHETIC_GENERATOR_V1,SYNTHETIC
PA_000479,2025-04-23,NEWCASTLE,10,11.0,58.8,LOW,SYNTHETIC_GENERATOR_V1,SYNTHETIC
PA_000480,2025-04-24,NEWCASTLE,13,20.7,67.0,LOW,SYNTHETIC_GENERATOR_V1,SYNTHETIC
PA_000481,2025-04-25,NEWCASTLE,8,5.6,43.9,LOW,SYNTHETIC_GENERATOR_V1,SYNTHETIC
PA_000482,2025-04-26,NEWCASTLE,18,29.2,73.7,MEDIUM,SYNTHETIC_GENERATOR_V1,SYNTHETIC
PA_000483,2025-04-27,NEWCASTLE,15,22.3,63.5,LOW,SYNTHETIC_GENERATOR_V1,SYNTHETIC
PA_000484,2025-04-28,NEWCASTLE,19,28.7,72.4,MEDIUM,SYNTHETIC_GENERATOR_V1,SYNTHETIC
PA_000485,2025-04-29,NEWCASTLE,12,17.8,60.7,LOW,SYNTHETIC_GENERATOR_V1,SYNTHETIC
PA_000486,2025-04-30,NEWCASTLE,17,26.0,68.0,MEDIUM,SYNTHETIC_GENERATOR_V1,SYNTHETIC
PA_000487,2025-05-01,NEWCASTLE,16,20.2,65.5,LOW,SYNTHETIC_GENERATOR_V1,SYNTHETIC
PA_000488,2025-05-02,NEWCASTLE,17,22.1,69.6,LOW,SYNTHETIC_GENERATOR_V1,SYNTHETIC
PA_000489,2025-05-03,NEWCASTLE,12,15.7,56.5,LOW,SYNTHETIC_GENERATOR_V1,SYNTHETIC
PA_000490,2025-05-04,NEWCASTLE,14,16.1,57.3,LOW,SYNTHETIC_GENERATOR_V1,SYNTHETIC
PA_000491,2025-05-05,NEWCASTLE,18,31.1,74.3,MEDIUM,SYNTHETIC_GENERATOR_V1,SYNTHETIC
PA_000492,2025-05-06,NEWCASTLE,12,11.8,48.0,LOW,SYNTHETIC_GENERATOR_V1,SYNTHETIC
PA_000493,2025-05-07,NEWCASTLE,8,11.8,52.2,LOW,SYNTHETIC_GENERATOR_V1,SYNTHETIC
PA_000494,2025-05-08,NEWCASTLE,16,19.0,56.0,LOW,SYNTHETIC_GENERATOR_V1,SYNTHETIC
PA_000495,2025-05-09,NEWCASTLE,19,25.5,67.3,MEDIUM,SYNTHETIC_GENERATOR_V1,SYNTHETIC
PA_000496,2025-05-10,NEWCASTLE,15,17.4,58.3,LOW,SYNTHETIC_GENERATOR_V1,SYNTHETIC
PA_000497,2025-05-11,NEWCASTLE,12,11.3,54.6,LOW,SYNTHETIC_GENERATOR_V1,SYNTHETIC
PA_000498,2025-05-12,NEWCASTLE,15,17.3,62.2,LOW,SYNTHETIC_GENERATOR_V1,SYNTHETIC
PA_000499,2025-05-13,NEWCASTLE,15,17.8,59.0,LOW,SYNTHETIC_GENERATOR_V1,SYNTHETIC
PA_000500,2025-05-14,NEWCASTLE,12,14.2,57.2,LOW,SYNTHETIC_GENERATOR_V1,SYNTHETIC
PA_000501,2025-05-15,NEWCASTLE,11,16.5,62.7,LOW,SYNTHETIC_GENERATOR_V1,SYNTHETIC
PA_000502,2025-05-16,NEWCASTLE,11,10.5,56.7,LOW,SYNTHETIC_GENERATOR_V1,SYNTHETIC
PA_000503,2025-05-17,NEWCASTLE,10,9.9,51.3,LOW,SYNTHETIC_GENERATOR_V1,SYNTHETIC
PA_000504,2025-05-18,NEWCASTLE,8,8.0,51.8,LOW,SYNTHETIC_GENERATOR_V1,SYNTHETIC
PA_000505,2025-05-19,NEWCASTLE,12,17.2,57.4,LOW,SYNTHETIC_GENERATOR_V1,SYNTHETIC
PA_000506,2025-05-20,NEWCASTLE,17,18.3,55.3,LOW,SYNTHETIC_GENERATOR_V1,SYNTHETIC
PA_000507,2025-05-21,NEWCASTLE,8,10.4,54.3,LOW,SYNTHETIC_GENERATOR_V1,SYNTHETIC
PA_000508,2025-05-22,NEWCASTLE,14,18.4,70.9,LOW,SYNTHETIC_GENERATOR_V1,SYNTHETIC
PA_000509,2025-05-23,NEWCASTLE,16,17.3,51.6,LOW,SYNTHETIC_GENERATOR_V1,SYNTHETIC
PA_000510,2025-05-24,NEWCASTLE,14,13.3,54.6,LOW,SYNTHETIC_GENERATOR_V1,SYNTHETIC
PA_000511,2025-05-25,NEWCASTLE,19,28.0,75.4,MEDIUM,SYNTHETIC_GENERATOR_V1,SYNTHETIC
PA_000512,2025-05-26,NEWCASTLE,9,7.2,49.5,LOW,SYNTHETIC_GENERATOR_V1,SYNTHETIC
PA_000513,2025-05-27,NEWCASTLE,8,7.9,48.7,LOW,SYNTHETIC_GENERATOR_V1,SYNTHETIC
PA_000514,2025-05-28,NEWCASTLE,11,11.7,48.4,LOW,SYNTHETIC_GENERATOR_V1,SYNTHETIC
PA_000515,2025-05-29,NEWCASTLE,13,8.0,55.5,LOW,SYNTHETIC_GENERATOR_V1,SYNTHETIC
PA_000516,2025-05-30,NEWCASTLE,12,10.7,55.9,LOW,SYNTHETIC_GENERATOR_V1,SYNTHETIC
PA_000517,2025-05-31,NEWCASTLE,10,12.0,53.1,LOW,SYNTHETIC_GENERATOR_V1,SYNTHETIC
PA_000518,2025-06-01,NEWCASTLE,12,11.6,60.6,LOW,SYNTHETIC_GENERATOR_V1,SYNTHETIC
PA_000519,2025-06-02,NEWCASTLE,18,26.2,71.7,MEDIUM,SYNTHETIC_GENERATOR_V1,SYNTHETIC
PA_000520,2025-06-03,NEWCASTLE,15,17.3,60.4,LOW,SYNTHETIC_GENERATOR_V1,SYNTHETIC
PA_000521,2025-06-04,NEWCASTLE,13,14.5,62.8,LOW,SYNTHETIC_GENERATOR_V1,SYNTHETIC
PA_000522,2025-06-05,NEWCASTLE,17,30.0,70.1,MEDIUM,SYNTHETIC_GENERATOR_V1,SYNTHETIC
PA_000523,2025-06-06,NEWCASTLE,7,7.5,45.9,LOW,SYNTHETIC_GENERATOR_V1,SYNTHETIC
PA_000524,2025-06-07,NEWCASTLE,22,37.1,77.8,MEDIUM,SYNTHETIC_GENERATOR_V1,SYNTHETIC
PA_000525,2025-06-08,NEWCASTLE,17,22.6,63.7,LOW,SYNTHETIC_GENERATOR_V1,SYNTHETIC
PA_000526,2025-06-09,NEWCASTLE,9,16.0,59.3,LOW,SYNTHETIC_GENERATOR_V1,SYNTHETIC
PA_000527,2025-06-10,NEWCASTLE,18,26.6,69.7,MEDIUM,SYNTHETIC_GENERATOR_V1,SYNTHETIC
PA_000528,2025-06-11,NEWCASTLE,12,9.2,55.8,LOW,SYNTHETIC_GENERATOR_V1,SYNTHETIC
PA_000529,2025-06-12,NEWCASTLE,8,10.5,57.3,LOW,SYNTHETIC_GENERATOR_V1,SYNTHETIC
PA_000530,2025-06-13,NEWCASTLE,15,15.1,50.7,LOW,SYNTHETIC_GENERATOR_V1,SYNTHETIC
PA_000531,2025-06-14,NEWCASTLE,17,17.2,60.3,LOW,SYNTHETIC_GENERATOR_V1,SYNTHETIC
PA_000532,2025-06-15,NEWCASTLE,16,16.6,57.7,LOW,SYNTHETIC_GENERATOR_V1,SYNTHETIC
PA_000533,2025-06-16,NEWCASTLE,14,18.4,58.0,LOW,SYNTHETIC_GENERATOR_V1,SYNTHETIC
PA_000534,2025-06-17,NEWCASTLE,20,26.0,73.1,MEDIUM,SYNTHETIC_GENERATOR_V1,SYNTHETIC
PA_000535,2025-06-18,NEWCASTLE,14,17.6,51.2,LOW,SYNTHETIC_GENERATOR_V1,SYNTHETIC
PA_000536,2025-06-19,NEWCASTLE,19,26.5,66.4,MEDIUM,SYNTHETIC_GENERATOR_V1,SYNTHETIC
PA_000537,2025-06-20,NEWCASTLE,11,10.1,52.0,LOW,SYNTHETIC_GENERATOR_V1,SYNTHETIC
PA_000538,2025-06-21,NEWCASTLE,16,22.7,64.6,LOW,SYNTHETIC_GENERATOR_V1,SYNTHETIC
PA_000539,2025-06-22,NEWCASTLE,13,17.2,60.6,LOW,SYNTHETIC_GENERATOR_V1,SYNTHETIC
PA_000540,2025-06-23,NEWCASTLE,16,16.3,58.9,LOW,SYNTHETIC_GENERATOR_V1,SYNTHETIC
PA_000541,2025-06-24,NEWCASTLE,15,19.4,62.2,LOW,SYNTHETIC_GENERATOR_V1,SYNTHETIC
PA_000542,2025-06-25,NEWCASTLE,13,15.4,56.5,LOW,SYNTHETIC_GENERATOR_V1,SYNTHETIC
PA_000543,2025-06-26,NEWCASTLE,13,14.8,58.0,LOW,SYNTHETIC_GENERATOR_V1,SYNTHETIC
PA_000544,2025-06-27,NEWCASTLE,15,21.2,56.5,LOW,SYNTHETIC_GENERATOR_V1,SYNTHETIC
PA_000545,2025-06-28,NEWCASTLE,15,17.0,62.8,LOW,SYNTHETIC_GENERATOR_V1,SYNTHETIC
PA_000546,2025-06-29,NEWCASTLE,11,10.0,49.7,LOW,SYNTHETIC_GENERATOR_V1,SYNTHETIC
PA_000547,2025-06-30,NEWCASTLE,10,10.5,49.8,LOW,SYNTHETIC_GENERATOR_V1,SYNTHETIC
PA_000548,2025-07-01,NEWCASTLE,19,24.4,67.6,MEDIUM,SYNTHETIC_GENERATOR_V1,SYNTHETIC
PA_000549,2025-07-02,NEWCASTLE,11,15.3,67.3,LOW,SYNTHETIC_GENERATOR_V1,SYNTHETIC
PA_000550,2025-07-03,NEWCASTLE,14,21.3,58.2,LOW,SYNTHETIC_GENERATOR_V1,SYNTHETIC
PA_000551,2025-07-04,NEWCASTLE,12,11.4,51.4,LOW,SYNTHETIC_GENERATOR_V1,SYNTHETIC
PA_000552,2025-07-05,NEWCASTLE,14,18.4,56.1,LOW,SYNTHETIC_GENERATOR_V1,SYNTHETIC
PA_000553,2025-07-06,NEWCASTLE,15,28.6,69.8,MEDIUM,SYNTHETIC_GENERATOR_V1,SYNTHETIC
PA_000554,2025-07-07,NEWCASTLE,12,16.1,50.3,LOW,SYNTHETIC_GENERATOR_V1,SYNTHETIC
PA_000555,2025-07-08,NEWCASTLE,13,14.1,59.6,LOW,SYNTHETIC_GENERATOR_V1,SYNTHETIC
PA_000556,2025-07-09,NEWCASTLE,12,13.4,57.6,LOW,SYNTHETIC_GENERATOR_V1,SYNTHETIC
PA_000557,2025-07-10,NEWCASTLE,9,1.8,45.7,LOW,SYNTHETIC_GENERATOR_V1,SYNTHETIC
PA_000558,2025-07-11,NEWCASTLE,11,11.6,53.2,LOW,SYNTHETIC_GENERATOR_V1,SYNTHETIC
PA_000559,2025-07-12,NEWCASTLE,19,32.6,72.7,MEDIUM,SYNTHETIC_GENERATOR_V1,SYNTHETIC
PA_000560,2025-07-13,NEWCASTLE,14,19.8,59.5,LOW,SYNTHETIC_GENERATOR_V1,SYNTHETIC
PA_000561,2025-07-14,NEWCASTLE,14,11.2,56.0,LOW,SYNTHETIC_GENERATOR_V1,SYNTHETIC
PA_000562,2025-07-15,NEWCASTLE,10,10.6,53.6,LOW,SYNTHETIC_GENERATOR_V1,SYNTHETIC
PA_000563,2025-07-16,NEWCASTLE,9,13.2,55.8,LOW,SYNTHETIC_GENERATOR_V1,SYNTHETIC
PA_000564,2025-07-17,NEWCASTLE,5,0.7,46.6,LOW,SYNTHETIC_GENERATOR_V1,SYNTHETIC
PA_000565,2025-07-18,NEWCASTLE,12,17.0,51.2,LOW,SYNTHETIC_GENERATOR_V1,SYNTHETIC
PA_000566,2025-07-19,NEWCASTLE,10,10.3,58.3,LOW,SYNTHETIC_GENERATOR_V1,SYNTHETIC
PA_000567,2025-07-20,NEWCASTLE,11,13.9,54.8,LOW,SYNTHETIC_GENERATOR_V1,SYNTHETIC
PA_000568,2025-07-21,NEWCASTLE,10,14.1,53.6,LOW,SYNTHETIC_GENERATOR_V1,SYNTHETIC
PA_000569,2025-07-22,NEWCASTLE,14,18.2,62.1,LOW,SYNTHETIC_GENERATOR_V1,SYNTHETIC
PA_000570,2025-07-23,NEWCASTLE,11,12.2,51.5,LOW,SYNTHETIC_GENERATOR_V1,SYNTHETIC
PA_000571,2025-07-24,NEWCASTLE,12,12.7,55.7,LOW,SYNTHETIC_GENERATOR_V1,SYNTHETIC
PA_000572,2025-07-25,NEWCASTLE,7,1.6,43.6,LOW,SYNTHETIC_GENERATOR_V1,SYNTHETIC
PA_000573,2025-07-26,NEWCASTLE,14,18.0,59.3,LOW,SYNTHETIC_GENERATOR_V1,SYNTHETIC
PA_000574,2025-07-27,NEWCASTLE,17,26.4,73.6,MEDIUM,SYNTHETIC_GENERATOR_V1,SYNTHETIC
PA_000575,2025-07-28,NEWCASTLE,18,18.3,59.2,LOW,SYNTHETIC_GENERATOR_V1,SYNTHETIC
PA_000576,2025-07-29,NEWCASTLE,9,12.9,48.3,LOW,SYNTHETIC_GENERATOR_V1,SYNTHETIC
PA_000577,2025-07-30,NEWCASTLE,16,19.0,59.4,LOW,SYNTHETIC_GENERATOR_V1,SYNTHETIC
PA_000578,2025-07-31,NEWCASTLE,15,26.0,67.7,MEDIUM,SYNTHETIC_GENERATOR_V1,SYNTHETIC
PA_000579,2025-08-01,NEWCASTLE,16,20.0,62.6,LOW,SYNTHETIC_GENERATOR_V1,SYNTHETIC
PA_000580,2025-08-02,NEWCASTLE,15,18.3,56.9,LOW,SYNTHETIC_GENERATOR_V1,SYNTHETIC
PA_000581,2025-08-03,NEWCASTLE,15,23.1,67.3,LOW,SYNTHETIC_GENERATOR_V1,SYNTHETIC
PA_000582,2025-08-04,NEWCASTLE,14,13.3,63.4,LOW,SYNTHETIC_GENERATOR_V1,SYNTHETIC
PA_000583,2025-08-05,NEWCASTLE,5,0.0,44.5,LOW,SYNTHETIC_GENERATOR_V1,SYNTHETIC
PA_000584,2025-08-06,NEWCASTLE,13,12.8,54.1,LOW,SYNTHETIC_GENERATOR_V1,SYNTHETIC
PA_000585,2025-08-07,NEWCASTLE,9,8.0,50.1,LOW,SYNTHETIC_GENERATOR_V1,SYNTHETIC
PA_000586,2025-08-08,NEWCASTLE,7,6.9,52.9,LOW,SYNTHETIC_GENERATOR_V1,SYNTHETIC
PA_000587,2025-08-09,NEWCASTLE,8,5.4,40.9,LOW,SYNTHETIC_GENERATOR_V1,SYNTHETIC
PA_000588,2025-08-10,NEWCASTLE,12,17.2,57.3,LOW,SYNTHETIC_GENERATOR_V1,SYNTHETIC
PA_000589,2025-08-11,NEWCASTLE,15,19.4,67.4,LOW,SYNTHETIC_GENERATOR_V1,SYNTHETIC
PA_000590,2025-08-12,NEWCASTLE,15,28.5,69.7,MEDIUM,SYNTHETIC_GENERATOR_V1,SYNTHETIC
PA_000591,2025-08-13,NEWCASTLE,17,27.2,65.7,MEDIUM,SYNTHETIC_GENERATOR_V1,SYNTHETIC
PA_000592,2025-08-14,NEWCASTLE,12,9.8,51.8,LOW,SYNTHETIC_GENERATOR_V1,SYNTHETIC
PA_000593,2025-08-15,NEWCASTLE,15,29.4,67.2,MEDIUM,SYNTHETIC_GENERATOR_V1,SYNTHETIC
PA_000594,2025-08-16,NEWCASTLE,12,18.3,59.0,LOW,SYNTHETIC_GENERATOR_V1,SYNTHETIC
PA_000595,2025-08-17,NEWCASTLE,11,11.3,55.1,LOW,SYNTHETIC_GENERATOR_V1,SYNTHETIC
PA_000596,2025-08-18,NEWCASTLE,15,24.2,61.2,MEDIUM,SYNTHETIC_GENERATOR_V1,SYNTHETIC
PA_000597,2025-08-19,NEWCASTLE,19,27.4,73.5,MEDIUM,SYNTHETIC_GENERATOR_V1,SYNTHETIC
PA_000598,2025-08-20,NEWCASTLE,11,12.7,61.1,LOW,SYNTHETIC_GENERATOR_V1,SYNTHETIC
PA_000599,2025-08-21,NEWCASTLE,9,10.3,56.8,LOW,SYNTHETIC_GENERATOR_V1,SYNTHETIC
PA_000600,2025-08-22,NEWCASTLE,12,12.7,51.9,LOW,SYNTHETIC_GENERATOR_V1,SYNTHETIC
PA_000601,2025-08-23,NEWCASTLE,12,17.1,58.8,LOW,SYNTHETIC_GENERATOR_V1,SYNTHETIC
PA_000602,2025-08-24,NEWCASTLE,10,17.5,54.9,LOW,SYNTHETIC_GENERATOR_V1,SYNTHETIC
PA_000603,2025-08-25,NEWCASTLE,11,10.7,51.6,LOW,SYNTHETIC_GENERATOR_V1,SYNTHETIC
PA_000604,2025-08-26,NEWCASTLE,19,33.8,77.0,MEDIUM,SYNTHETIC_GENERATOR_V1,SYNTHETIC
PA_000605,2025-08-27,NEWCASTLE,11,14.1,55.0,LOW,SYNTHETIC_GENERATOR_V1,SYNTHETIC
PA_000606,2025-08-28,NEWCASTLE,14,17.2,59.3,LOW,SYNTHETIC_GENERATOR_V1,SYNTHETIC
PA_000607,2025-08-29,NEWCASTLE,12,13.4,61.5,LOW,SYNTHETIC_GENERATOR_V1,SYNTHETIC
PA_000608,2025-08-30,NEWCASTLE,13,15.2,55.7,LOW,SYNTHETIC_GENERATOR_V1,SYNTHETIC
PA_000609,2025-08-31,NEWCASTLE,11,3.9,47.5,LOW,SYNTHETIC_GENERATOR_V1,SYNTHETIC
PA_000610,2025-09-01,NEWCASTLE,10,13.7,46.5,LOW,SYNTHETIC_GENERATOR_V1,SYNTHETIC
PA_000611,2025-09-02,NEWCASTLE,10,11.4,52.1,LOW,SYNTHETIC_GENERATOR_V1,SYNTHETIC
PA_000612,2025-09-03,NEWCASTLE,13,16.2,59.7,LOW,SYNTHETIC_GENERATOR_V1,SYNTHETIC
PA_000613,2025-09-04,NEWCASTLE,19,30.1,69.4,MEDIUM,SYNTHETIC_GENERATOR_V1,SYNTHETIC
PA_000614,2025-09-05,NEWCASTLE,14,15.5,58.1,LOW,SYNTHETIC_GENERATOR_V1,SYNTHETIC
PA_000615,2025-09-06,NEWCASTLE,16,14.3,56.6,LOW,SYNTHETIC_GENERATOR_V1,SYNTHETIC
PA_000616,2025-09-07,NEWCASTLE,18,25.3,62.4,MEDIUM,SYNTHETIC_GENERATOR_V1,SYNTHETIC
PA_000617,2025-09-08,NEWCASTLE,11,12.6,45.9,LOW,SYNTHETIC_GENERATOR_V1,SYNTHETIC
PA_000618,2025-09-09,NEWCASTLE,14,17.8,55.9,LOW,SYNTHETIC_GENERATOR_V1,SYNTHETIC
PA_000619,2025-09-10,NEWCASTLE,11,13.1,51.3,LOW,SYNTHETIC_GENERATOR_V1,SYNTHETIC
PA_000620,2025-09-11,NEWCASTLE,13,13.7,63.8,LOW,SYNTHETIC_GENERATOR_V1,SYNTHETIC
PA_000621,2025-09-12,NEWCASTLE,10,11.8,56.9,LOW,SYNTHETIC_GENERATOR_V1,SYNTHETIC
PA_000622,2025-09-13,NEWCASTLE,16,23.3,59.4,LOW,SYNTHETIC_GENERATOR_V1,SYNTHETIC
PA_000623,2025-09-14,NEWCASTLE,15,24.3,61.9,MEDIUM,SYNTHETIC_GENERATOR_V1,SYNTHETIC
PA_000624,2025-09-15,NEWCASTLE,17,27.0,75.2,MEDIUM,SYNTHETIC_GENERATOR_V1,SYNTHETIC
PA_000625,2025-09-16,NEWCASTLE,16,23.3,60.5,LOW,SYNTHETIC_GENERATOR_V1,SYNTHETIC
PA_000626,2025-09-17,NEWCASTLE,23,35.3,82.1,MEDIUM,SYNTHETIC_GENERATOR_V1,SYNTHETIC
PA_000627,2025-09-18,NEWCASTLE,9,14.4,58.1,LOW,SYNTHETIC_GENERATOR_V1,SYNTHETIC
PA_000628,2025-09-19,NEWCASTLE,19,29.1,69.9,MEDIUM,SYNTHETIC_GENERATOR_V1,SYNTHETIC
PA_000629,2025-09-20,NEWCASTLE,13,10.7,54.1,LOW,SYNTHETIC_GENERATOR_V1,SYNTHETIC
PA_000630,2025-09-21,NEWCASTLE,19,32.4,73.3,MEDIUM,SYNTHETIC_GENERATOR_V1,SYNTHETIC
PA_000631,2025-09-22,NEWCASTLE,12,9.7,53.3,LOW,SYNTHETIC_GENERATOR_V1,SYNTHETIC
PA_000632,2025-09-23,NEWCASTLE,16,23.2,65.2,LOW,SYNTHETIC_GENERATOR_V1,SYNTHETIC
PA_000633,2025-09-24,NEWCASTLE,19,27.7,70.3,MEDIUM,SYNTHETIC_GENERATOR_V1,SYNTHETIC
PA_000634,2025-09-25,NEWCASTLE,16,18.7,58.0,LOW,SYNTHETIC_GENERATOR_V1,SYNTHETIC
PA_000635,2025-09-26,NEWCASTLE,18,33.9,76.6,MEDIUM,SYNTHETIC_GENERATOR_V1,SYNTHETIC
PA_000636,2025-09-27,NEWCASTLE,10,7.9,47.4,LOW,SYNTHETIC_GENERATOR_V1,SYNTHETIC
PA_000637,2025-09-28,NEWCASTLE,17,27.2,68.7,MEDIUM,SYNTHETIC_GENERATOR_V1,SYNTHETIC
PA_000638,2025-09-29,NEWCASTLE,11,17.8,59.3,LOW,SYNTHETIC_GENERATOR_V1,SYNTHETIC
PA_000639,2025-09-30,NEWCASTLE,18,24.3,68.3,MEDIUM,SYNTHETIC_GENERATOR_V1,SYNTHETIC
PA_000640,2025-10-01,NEWCASTLE,9,5.0,45.4,LOW,SYNTHETIC_GENERATOR_V1,SYNTHETIC
PA_000641,2025-10-02,NEWCASTLE,12,15.1,56.1,LOW,SYNTHETIC_GENERATOR_V1,SYNTHETIC
PA_000642,2025-10-03,NEWCASTLE,7,0.0,37.3,LOW,SYNTHETIC_GENERATOR_V1,SYNTHETIC
PA_000643,2025-10-04,NEWCASTLE,16,19.6,57.7,LOW,SYNTHETIC_GENERATOR_V1,SYNTHETIC
PA_000644,2025-10-05,NEWCASTLE,14,23.2,70.4,LOW,SYNTHETIC_GENERATOR_V1,SYNTHETIC
PA_000645,2025-10-06,NEWCASTLE,16,21.6,60.3,LOW,SYNTHETIC_GENERATOR_V1,SYNTHETIC
PA_000646,2025-10-07,NEWCASTLE,21,31.9,80.7,MEDIUM,SYNTHETIC_GENERATOR_V1,SYNTHETIC
PA_000647,2025-10-08,NEWCASTLE,21,37.2,83.4,MEDIUM,SYNTHETIC_GENERATOR_V1,SYNTHETIC
PA_000648,2025-10-09,NEWCASTLE,13,18.4,66.0,LOW,SYNTHETIC_GENERATOR_V1,SYNTHETIC
PA_000649,2025-10-10,NEWCASTLE,13,20.4,69.7,LOW,SYNTHETIC_GENERATOR_V1,SYNTHETIC
PA_000650,2025-10-11,NEWCASTLE,12,10.1,52.3,LOW,SYNTHETIC_GENERATOR_V1,SYNTHETIC
PA_000651,2025-10-12,NEWCASTLE,16,21.8,63.4,LOW,SYNTHETIC_GENERATOR_V1,SYNTHETIC
PA_000652,2025-10-13,NEWCASTLE,7,1.6,38.9,LOW,SYNTHETIC_GENERATOR_V1,SYNTHETIC
PA_000653,2025-10-14,NEWCASTLE,13,16.9,58.1,LOW,SYNTHETIC_GENERATOR_V1,SYNTHETIC
PA_000654,2025-10-15,NEWCASTLE,12,15.8,56.4,LOW,SYNTHETIC_GENERATOR_V1,SYNTHETIC
PA_000655,2025-10-16,NEWCASTLE,12,6.2,49.3,LOW,SYNTHETIC_GENERATOR_V1,SYNTHETIC
PA_000656,2025-10-17,NEWCASTLE,17,26.1,66.3,MEDIUM,SYNTHETIC_GENERATOR_V1,SYNTHETIC
PA_000657,2025-10-18,NEWCASTLE,8,7.2,48.2,LOW,SYNTHETIC_GENERATOR_V1,SYNTHETIC
PA_000658,2025-10-19,NEWCASTLE,12,13.1,49.4,LOW,SYNTHETIC_GENERATOR_V1,SYNTHETIC
PA_000659,2025-10-20,NEWCASTLE,15,22.9,57.4,LOW,SYNTHETIC_GENERATOR_V1,SYNTHETIC
PA_000660,2025-10-21,NEWCASTLE,11,18.9,61.2,LOW,SYNTHETIC_GENERATOR_V1,SYNTHETIC
PA_000661,2025-10-22,NEWCASTLE,13,12.1,54.3,LOW,SYNTHETIC_GENERATOR_V1,SYNTHETIC
PA_000662,2025-10-23,NEWCASTLE,11,12.0,64.8,LOW,SYNTHETIC_GENERATOR_V1,SYNTHETIC
PA_000663,2025-10-24,NEWCASTLE,14,12.5,53.0,LOW,SYNTHETIC_GENERATOR_V1,SYNTHETIC
PA_000664,2025-10-25,NEWCASTLE,10,18.8,55.3,LOW,SYNTHETIC_GENERATOR_V1,SYNTHETIC
PA_000665,2025-10-26,NEWCASTLE,13,19.5,70.0,LOW,SYNTHETIC_GENERATOR_V1,SYNTHETIC
PA_000666,2025-10-27,NEWCASTLE,13,15.1,57.1,LOW,SYNTHETIC_GENERATOR_V1,SYNTHETIC
PA_000667,2025-10-28,NEWCASTLE,15,18.1,59.7,LOW,SYNTHETIC_GENERATOR_V1,SYNTHETIC
PA_000668,2025-10-29,NEWCASTLE,21,34.5,70.4,MEDIUM,SYNTHETIC_GENERATOR_V1,SYNTHETIC
PA_000669,2025-10-30,NEWCASTLE,12,22.1,70.8,LOW,SYNTHETIC_GENERATOR_V1,SYNTHETIC
PA_000670,2025-10-31,NEWCASTLE,12,10.7,55.6,LOW,SYNTHETIC_GENERATOR_V1,SYNTHETIC
PA_000671,2025-11-01,NEWCASTLE,21,30.3,73.0,MEDIUM,SYNTHETIC_GENERATOR_V1,SYNTHETIC
PA_000672,2025-11-02,NEWCASTLE,14,14.1,58.3,LOW,SYNTHETIC_GENERATOR_V1,SYNTHETIC
PA_000673,2025-11-03,NEWCASTLE,7,8.9,47.9,LOW,SYNTHETIC_GENERATOR_V1,SYNTHETIC
PA_000674,2025-11-04,NEWCASTLE,12,16.5,56.3,LOW,SYNTHETIC_GENERATOR_V1,SYNTHETIC
PA_000675,2025-11-05,NEWCASTLE,11,14.4,58.5,LOW,SYNTHETIC_GENERATOR_V1,SYNTHETIC
PA_000676,2025-11-06,NEWCASTLE,17,28.4,77.1,MEDIUM,SYNTHETIC_GENERATOR_V1,SYNTHETIC
PA_000677,2025-11-07,NEWCASTLE,10,11.2,47.9,LOW,SYNTHETIC_GENERATOR_V1,SYNTHETIC
PA_000678,2025-11-08,NEWCASTLE,10,18.7,60.9,LOW,SYNTHETIC_GENERATOR_V1,SYNTHETIC
PA_000679,2025-11-09,NEWCASTLE,13,21.1,65.1,LOW,SYNTHETIC_GENERATOR_V1,SYNTHETIC
PA_000680,2025-11-10,NEWCASTLE,16,24.1,68.2,MEDIUM,SYNTHETIC_GENERATOR_V1,SYNTHETIC
PA_000681,2025-11-11,NEWCASTLE,13,10.1,50.9,LOW,SYNTHETIC_GENERATOR_V1,SYNTHETIC
PA_000682,2025-11-12,NEWCASTLE,19,22.9,57.9,LOW,SYNTHETIC_GENERATOR_V1,SYNTHETIC
PA_000683,2025-11-13,NEWCASTLE,13,16.0,56.5,LOW,SYNTHETIC_GENERATOR_V1,SYNTHETIC
PA_000684,2025-11-14,NEWCASTLE,17,23.1,59.1,LOW,SYNTHETIC_GENERATOR_V1,SYNTHETIC
PA_000685,2025-11-15,NEWCASTLE,14,22.0,66.1,LOW,SYNTHETIC_GENERATOR_V1,SYNTHETIC
PA_000686,2025-11-16,NEWCASTLE,14,12.3,49.1,LOW,SYNTHETIC_GENERATOR_V1,SYNTHETIC
PA_000687,2025-11-17,NEWCASTLE,14,18.4,59.2,LOW,SYNTHETIC_GENERATOR_V1,SYNTHETIC
PA_000688,2025-11-18,NEWCASTLE,14,14.8,55.0,LOW,SYNTHETIC_GENERATOR_V1,SYNTHETIC
PA_000689,2025-11-19,NEWCASTLE,13,13.9,50.3,LOW,SYNTHETIC_GENERATOR_V1,SYNTHETIC
PA_000690,2025-11-20,NEWCASTLE,13,12.0,56.7,LOW,SYNTHETIC_GENERATOR_V1,SYNTHETIC
PA_000691,2025-11-21,NEWCASTLE,12,19.2,60.6,LOW,SYNTHETIC_GENERATOR_V1,SYNTHETIC
PA_000692,2025-11-22,NEWCASTLE,12,21.6,61.0,LOW,SYNTHETIC_GENERATOR_V1,SYNTHETIC
PA_000693,2025-11-23,NEWCASTLE,14,15.9,60.3,LOW,SYNTHETIC_GENERATOR_V1,SYNTHETIC
PA_000694,2025-11-24,NEWCASTLE,12,7.5,44.5,LOW,SYNTHETIC_GENERATOR_V1,SYNTHETIC
PA_000695,2025-11-25,NEWCASTLE,16,27.7,73.3,MEDIUM,SYNTHETIC_GENERATOR_V1,SYNTHETIC
PA_000696,2025-11-26,NEWCASTLE,9,14.3,57.4,LOW,SYNTHETIC_GENERATOR_V1,SYNTHETIC
PA_000697,2025-11-27,NEWCASTLE,9,4.5,44.2,LOW,SYNTHETIC_GENERATOR_V1,SYNTHETIC
PA_000698,2025-11-28,NEWCASTLE,18,29.3,68.9,MEDIUM,SYNTHETIC_GENERATOR_V1,SYNTHETIC
PA_000699,2025-11-29,NEWCASTLE,18,27.7,70.4,MEDIUM,SYNTHETIC_GENERATOR_V1,SYNTHETIC
PA_000700,2025-11-30,NEWCASTLE,20,34.6,79.9,MEDIUM,SYNTHETIC_GENERATOR_V1,SYNTHETIC
PA_000701,2025-12-01,NEWCASTLE,13,15.2,53.5,LOW,SYNTHETIC_GENERATOR_V1,SYNTHETIC
PA_000702,2025-12-02,NEWCASTLE,17,21.5,66.1,LOW,SYNTHETIC_GENERATOR_V1,SYNTHETIC
PA_000703,2025-12-03,NEWCASTLE,7,3.5,43.5,LOW,SYNTHETIC_GENERATOR_V1,SYNTHETIC
PA_000704,2025-12-04,NEWCASTLE,16,14.9,52.1,LOW,SYNTHETIC_GENERATOR_V1,SYNTHETIC
PA_000705,2025-12-05,NEWCASTLE,14,19.6,65.9,LOW,SYNTHETIC_GENERATOR_V1,SYNTHETIC
PA_000706,2025-12-06,NEWCASTLE,14,21.4,64.3,LOW,SYNTHETIC_GENERATOR_V1,SYNTHETIC
PA_000707,2025-12-07,NEWCASTLE,11,19.6,62.7,LOW,SYNTHETIC_GENERATOR_V1,SYNTHETIC
PA_000708,2025-12-08,NEWCASTLE,17,24.3,70.1,MEDIUM,SYNTHETIC_GENERATOR_V1,SYNTHETIC
PA_000709,2025-12-09,NEWCASTLE,14,15.0,57.8,LOW,SYNTHETIC_GENERATOR_V1,SYNTHETIC
PA_000710,2025-12-10,NEWCASTLE,12,15.7,57.9,LOW,SYNTHETIC_GENERATOR_V1,SYNTHETIC
PA_000711,2025-12-11,NEWCASTLE,10,0.0,38.9,LOW,SYNTHETIC_GENERATOR_V1,SYNTHETIC
PA_000712,2025-12-12,NEWCASTLE,21,30.6,69.2,MEDIUM,SYNTHETIC_GENERATOR_V1,SYNTHETIC
PA_000713,2025-12-13,NEWCASTLE,9,10.3,50.8,LOW,SYNTHETIC_GENERATOR_V1,SYNTHETIC
PA_000714,2025-12-14,NEWCASTLE,22,37.6,80.5,MEDIUM,SYNTHETIC_GENERATOR_V1,SYNTHETIC
PA_000715,2025-12-15,NEWCASTLE,15,20.8,59.1,LOW,SYNTHETIC_GENERATOR_V1,SYNTHETIC
PA_000716,2025-12-16,NEWCASTLE,11,10.6,52.7,LOW,SYNTHETIC_GENERATOR_V1,SYNTHETIC
PA_000717,2025-12-17,NEWCASTLE,23,35.8,79.5,MEDIUM,SYNTHETIC_GENERATOR_V1,SYNTHETIC
PA_000718,2025-12-18,NEWCASTLE,10,9.9,52.2,LOW,SYNTHETIC_GENERATOR_V1,SYNTHETIC
PA_000719,2025-12-19,NEWCASTLE,16,25.0,63.5,MEDIUM,SYNTHETIC_GENERATOR_V1,SYNTHETIC
PA_000720,2025-12-20,NEWCASTLE,14,18.0,64.8,LOW,SYNTHETIC_GENERATOR_V1,SYNTHETIC
PA_000721,2025-12-21,NEWCASTLE,12,13.8,56.5,LOW,SYNTHETIC_GENERATOR_V1,SYNTHETIC
PA_000722,2025-12-22,NEWCASTLE,16,23.6,62.0,LOW,SYNTHETIC_GENERATOR_V1,SYNTHETIC
PA_000723,2025-12-23,NEWCASTLE,13,19.2,58.1,LOW,SYNTHETIC_GENERATOR_V1,SYNTHETIC
PA_000724,2025-12-24,NEWCASTLE,11,13.1,57.8,LOW,SYNTHETIC_GENERATOR_V1,SYNTHETIC
PA_000725,2025-12-25,NEWCASTLE,17,27.8,73.6,MEDIUM,SYNTHETIC_GENERATOR_V1,SYNTHETIC
PA_000726,2025-12-26,NEWCASTLE,11,12.6,54.9,LOW,SYNTHETIC_GENERATOR_V1,SYNTHETIC
PA_000727,2025-12-27,NEWCASTLE,14,16.8,48.9,LOW,SYNTHETIC_GENERATOR_V1,SYNTHETIC
PA_000728,2025-12-28,NEWCASTLE,8,5.4,41.6,LOW,SYNTHETIC_GENERATOR_V1,SYNTHETIC
PA_000729,2025-12-29,NEWCASTLE,21,38.8,77.5,MEDIUM,SYNTHETIC_GENERATOR_V1,SYNTHETIC
PA_000730,2025-12-30,NEWCASTLE,13,14.8,59.3,LOW,SYNTHETIC_GENERATOR_V1,SYNTHETIC
PA_000731,2025-12-31,NEWCASTLE,12,18.0,59.1,LOW,SYNTHETIC_GENERATOR_V1,SYNTHETIC
PA_000732,2024-01-01,GLADSTONE,8,15.2,58.7,LOW,SYNTHETIC_GENERATOR_V1,SYNTHETIC
PA_000733,2024-01-02,GLADSTONE,15,23.5,56.0,LOW,SYNTHETIC_GENERATOR_V1,SYNTHETIC
PA_000734,2024-01-03,GLADSTONE,13,14.9,46.0,LOW,SYNTHETIC_GENERATOR_V1,SYNTHETIC
PA_000735,2024-01-04,GLADSTONE,16,26.4,66.1,MEDIUM,SYNTHETIC_GENERATOR_V1,SYNTHETIC
PA_000736,2024-01-05,GLADSTONE,13,17.8,58.0,LOW,SYNTHETIC_GENERATOR_V1,SYNTHETIC
PA_000737,2024-01-06,GLADSTONE,19,32.4,70.0,MEDIUM,SYNTHETIC_GENERATOR_V1,SYNTHETIC
PA_000738,2024-01-07,GLADSTONE,9,14.2,52.0,LOW,SYNTHETIC_GENERATOR_V1,SYNTHETIC
PA_000739,2024-01-08,GLADSTONE,10,6.3,42.4,LOW,SYNTHETIC_GENERATOR_V1,SYNTHETIC
PA_000740,2024-01-09,GLADSTONE,7,9.6,43.4,LOW,SYNTHETIC_GENERATOR_V1,SYNTHETIC
PA_000741,2024-01-10,GLADSTONE,17,28.6,70.5,MEDIUM,SYNTHETIC_GENERATOR_V1,SYNTHETIC
PA_000742,2024-01-11,GLADSTONE,16,23.2,62.1,LOW,SYNTHETIC_GENERATOR_V1,SYNTHETIC
PA_000743,2024-01-12,GLADSTONE,13,10.3,45.4,LOW,SYNTHETIC_GENERATOR_V1,SYNTHETIC
PA_000744,2024-01-13,GLADSTONE,16,24.9,60.8,MEDIUM,SYNTHETIC_GENERATOR_V1,SYNTHETIC
PA_000745,2024-01-14,GLADSTONE,12,17.8,59.2,LOW,SYNTHETIC_GENERATOR_V1,SYNTHETIC
PA_000746,2024-01-15,GLADSTONE,14,22.0,57.7,LOW,SYNTHETIC_GENERATOR_V1,SYNTHETIC
PA_000747,2024-01-16,GLADSTONE,10,5.2,44.5,LOW,SYNTHETIC_GENERATOR_V1,SYNTHETIC
PA_000748,2024-01-17,GLADSTONE,11,11.2,52.8,LOW,SYNTHETIC_GENERATOR_V1,SYNTHETIC
PA_000749,2024-01-18,GLADSTONE,12,19.1,57.6,LOW,SYNTHETIC_GENERATOR_V1,SYNTHETIC
PA_000750,2024-01-19,GLADSTONE,12,16.5,56.1,LOW,SYNTHETIC_GENERATOR_V1,SYNTHETIC
PA_000751,2024-01-20,GLADSTONE,15,22.2,66.5,LOW,SYNTHETIC_GENERATOR_V1,SYNTHETIC
PA_000752,2024-01-21,GLADSTONE,10,14.2,55.9,LOW,SYNTHETIC_GENERATOR_V1,SYNTHETIC
PA_000753,2024-01-22,GLADSTONE,14,20.1,50.7,LOW,SYNTHETIC_GENERATOR_V1,SYNTHETIC
PA_000754,2024-01-23,GLADSTONE,9,12.2,43.2,LOW,SYNTHETIC_GENERATOR_V1,SYNTHETIC
PA_000755,2024-01-24,GLADSTONE,14,16.6,54.6,LOW,SYNTHETIC_GENERATOR_V1,SYNTHETIC
PA_000756,2024-01-25,GLADSTONE,18,28.0,61.4,MEDIUM,SYNTHETIC_GENERATOR_V1,SYNTHETIC
PA_000757,2024-01-26,GLADSTONE,7,11.9,47.7,LOW,SYNTHETIC_GENERATOR_V1,SYNTHETIC
PA_000758,2024-01-27,GLADSTONE,11,16.2,59.5,LOW,SYNTHETIC_GENERATOR_V1,SYNTHETIC
PA_000759,2024-01-28,GLADSTONE,15,27.2,59.2,MEDIUM,SYNTHETIC_GENERATOR_V1,SYNTHETIC
PA_000760,2024-01-29,GLADSTONE,9,9.5,45.6,LOW,SYNTHETIC_GENERATOR_V1,SYNTHETIC
PA_000761,2024-01-30,GLADSTONE,10,11.3,54.3,LOW,SYNTHETIC_GENERATOR_V1,SYNTHETIC
PA_000762,2024-01-31,GLADSTONE,10,12.8,49.5,LOW,SYNTHETIC_GENERATOR_V1,SYNTHETIC
PA_000763,2024-02-01,GLADSTONE,14,18.3,58.4,LOW,SYNTHETIC_GENERATOR_V1,SYNTHETIC
PA_000764,2024-02-02,GLADSTONE,12,15.5,55.6,LOW,SYNTHETIC_GENERATOR_V1,SYNTHETIC
PA_000765,2024-02-03,GLADSTONE,13,20.2,63.0,LOW,SYNTHETIC_GENERATOR_V1,SYNTHETIC
PA_000766,2024-02-04,GLADSTONE,12,13.7,51.3,LOW,SYNTHETIC_GENERATOR_V1,SYNTHETIC
PA_000767,2024-02-05,GLADSTONE,7,9.4,55.4,LOW,SYNTHETIC_GENERATOR_V1,SYNTHETIC
PA_000768,2024-02-06,GLADSTONE,12,23.6,60.3,LOW,SYNTHETIC_GENERATOR_V1,SYNTHETIC
PA_000769,2024-02-07,GLADSTONE,8,2.2,48.4,LOW,SYNTHETIC_GENERATOR_V1,SYNTHETIC
PA_000770,2024-02-08,GLADSTONE,11,11.0,48.1,LOW,SYNTHETIC_GENERATOR_V1,SYNTHETIC
PA_000771,2024-02-09,GLADSTONE,11,12.4,55.3,LOW,SYNTHETIC_GENERATOR_V1,SYNTHETIC
PA_000772,2024-02-10,GLADSTONE,11,13.1,51.2,LOW,SYNTHETIC_GENERATOR_V1,SYNTHETIC
PA_000773,2024-02-11,GLADSTONE,13,20.4,54.0,LOW,SYNTHETIC_GENERATOR_V1,SYNTHETIC
PA_000774,2024-02-12,GLADSTONE,11,12.9,56.3,LOW,SYNTHETIC_GENERATOR_V1,SYNTHETIC
PA_000775,2024-02-13,GLADSTONE,11,12.6,51.8,LOW,SYNTHETIC_GENERATOR_V1,SYNTHETIC
PA_000776,2024-02-14,GLADSTONE,14,22.8,63.5,LOW,SYNTHETIC_GENERATOR_V1,SYNTHETIC
PA_000777,2024-02-15,GLADSTONE,13,15.0,56.2,LOW,SYNTHETIC_GENERATOR_V1,SYNTHETIC
PA_000778,2024-02-16,GLADSTONE,9,13.8,55.0,LOW,SYNTHETIC_GENERATOR_V1,SYNTHETIC
PA_000779,2024-02-17,GLADSTONE,11,12.5,47.6,LOW,SYNTHETIC_GENERATOR_V1,SYNTHETIC
PA_000780,2024-02-18,GLADSTONE,12,18.9,59.2,LOW,SYNTHETIC_GENERATOR_V1,SYNTHETIC
PA_000781,2024-02-19,GLADSTONE,14,22.2,57.5,LOW,SYNTHETIC_GENERATOR_V1,SYNTHETIC
PA_000782,2024-02-20,GLADSTONE,10,11.7,53.1,LOW,SYNTHETIC_GENERATOR_V1,SYNTHETIC
PA_000783,2024-02-21,GLADSTONE,13,14.7,54.6,LOW,SYNTHETIC_GENERATOR_V1,SYNTHETIC
PA_000784,2024-02-22,GLADSTONE,16,27.3,68.6,MEDIUM,SYNTHETIC_GENERATOR_V1,SYNTHETIC
PA_000785,2024-02-23,GLADSTONE,13,9.3,49.9,LOW,SYNTHETIC_GENERATOR_V1,SYNTHETIC
PA_000786,2024-02-24,GLADSTONE,13,23.4,60.4,LOW,SYNTHETIC_GENERATOR_V1,SYNTHETIC
PA_000787,2024-02-25,GLADSTONE,24,38.6,74.1,MEDIUM,SYNTHETIC_GENERATOR_V1,SYNTHETIC
PA_000788,2024-02-26,GLADSTONE,12,16.2,50.7,LOW,SYNTHETIC_GENERATOR_V1,SYNTHETIC
PA_000789,2024-02-27,GLADSTONE,17,28.9,74.4,MEDIUM,SYNTHETIC_GENERATOR_V1,SYNTHETIC
PA_000790,2024-02-28,GLADSTONE,7,7.2,41.8,LOW,SYNTHETIC_GENERATOR_V1,SYNTHETIC
PA_000791,2024-02-29,GLADSTONE,20,33.9,69.3,MEDIUM,SYNTHETIC_GENERATOR_V1,SYNTHETIC
PA_000792,2024-03-01,GLADSTONE,9,14.4,52.3,LOW,SYNTHETIC_GENERATOR_V1,SYNTHETIC
PA_000793,2024-03-02,GLADSTONE,6,7.5,43.1,LOW,SYNTHETIC_GENERATOR_V1,SYNTHETIC
PA_000794,2024-03-03,GLADSTONE,8,0.5,30.9,LOW,SYNTHETIC_GENERATOR_V1,SYNTHETIC
PA_000795,2024-03-04,GLADSTONE,17,31.4,67.5,MEDIUM,SYNTHETIC_GENERATOR_V1,SYNTHETIC
PA_000796,2024-03-05,GLADSTONE,19,33.1,72.4,MEDIUM,SYNTHETIC_GENERATOR_V1,SYNTHETIC
PA_000797,2024-03-06,GLADSTONE,11,24.4,55.8,MEDIUM,SYNTHETIC_GENERATOR_V1,SYNTHETIC
PA_000798,2024-03-07,GLADSTONE,7,1.8,49.2,LOW,SYNTHETIC_GENERATOR_V1,SYNTHETIC
PA_000799,2024-03-08,GLADSTONE,15,23.2,56.1,LOW,SYNTHETIC_GENERATOR_V1,SYNTHETIC
PA_000800,2024-03-09,GLADSTONE,17,27.2,70.4,MEDIUM,SYNTHETIC_GENERATOR_V1,SYNTHETIC
PA_000801,2024-03-10,GLADSTONE,13,23.7,55.4,LOW,SYNTHETIC_GENERATOR_V1,SYNTHETIC
PA_000802,2024-03-11,GLADSTONE,8,7.7,46.3,LOW,SYNTHETIC_GENERATOR_V1,SYNTHETIC
PA_000803,2024-03-12,GLADSTONE,15,23.3,62.1,LOW,SYNTHETIC_GENERATOR_V1,SYNTHETIC
PA_000804,2024-03-13,GLADSTONE,19,31.0,70.8,MEDIUM,SYNTHETIC_GENERATOR_V1,SYNTHETIC
PA_000805,2024-03-14,GLADSTONE,15,25.2,67.5,MEDIUM,SYNTHETIC_GENERATOR_V1,SYNTHETIC
PA_000806,2024-03-15,GLADSTONE,12,14.4,56.0,LOW,SYNTHETIC_GENERATOR_V1,SYNTHETIC
PA_000807,2024-03-16,GLADSTONE,7,8.2,46.4,LOW,SYNTHETIC_GENERATOR_V1,SYNTHETIC
PA_000808,2024-03-17,GLADSTONE,9,11.2,44.2,LOW,SYNTHETIC_GENERATOR_V1,SYNTHETIC
PA_000809,2024-03-18,GLADSTONE,11,16.7,58.1,LOW,SYNTHETIC_GENERATOR_V1,SYNTHETIC
PA_000810,2024-03-19,GLADSTONE,10,15.3,55.3,LOW,SYNTHETIC_GENERATOR_V1,SYNTHETIC
PA_000811,2024-03-20,GLADSTONE,19,40.3,87.9,MEDIUM,SYNTHETIC_GENERATOR_V1,SYNTHETIC
PA_000812,2024-03-21,GLADSTONE,8,6.2,43.2,LOW,SYNTHETIC_GENERATOR_V1,SYNTHETIC
PA_000813,2024-03-22,GLADSTONE,15,20.3,53.5,LOW,SYNTHETIC_GENERATOR_V1,SYNTHETIC
PA_000814,2024-03-23,GLADSTONE,12,16.3,55.5,LOW,SYNTHETIC_GENERATOR_V1,SYNTHETIC
PA_000815,2024-03-24,GLADSTONE,11,18.1,55.9,LOW,SYNTHETIC_GENERATOR_V1,SYNTHETIC
PA_000816,2024-03-25,GLADSTONE,5,0.0,37.6,LOW,SYNTHETIC_GENERATOR_V1,SYNTHETIC
PA_000817,2024-03-26,GLADSTONE,14,19.4,56.1,LOW,SYNTHETIC_GENERATOR_V1,SYNTHETIC
PA_000818,2024-03-27,GLADSTONE,9,8.4,48.1,LOW,SYNTHETIC_GENERATOR_V1,SYNTHETIC
PA_000819,2024-03-28,GLADSTONE,14,19.5,53.8,LOW,SYNTHETIC_GENERATOR_V1,SYNTHETIC
PA_000820,2024-03-29,GLADSTONE,8,9.8,47.6,LOW,SYNTHETIC_GENERATOR_V1,SYNTHETIC
PA_000821,2024-03-30,GLADSTONE,9,13.2,46.5,LOW,SYNTHETIC_GENERATOR_V1,SYNTHETIC
PA_000822,2024-03-31,GLADSTONE,8,8.1,43.6,LOW,SYNTHETIC_GENERATOR_V1,SYNTHETIC
PA_000823,2024-04-01,GLADSTONE,13,15.6,53.9,LOW,SYNTHETIC_GENERATOR_V1,SYNTHETIC
PA_000824,2024-04-02,GLADSTONE,10,11.6,46.5,LOW,SYNTHETIC_GENERATOR_V1,SYNTHETIC
PA_000825,2024-04-03,GLADSTONE,10,8.7,45.4,LOW,SYNTHETIC_GENERATOR_V1,SYNTHETIC
PA_000826,2024-04-04,GLADSTONE,9,11.8,56.8,LOW,SYNTHETIC_GENERATOR_V1,SYNTHETIC
PA_000827,2024-04-05,GLADSTONE,11,18.0,58.7,LOW,SYNTHETIC_GENERATOR_V1,SYNTHETIC
PA_000828,2024-04-06,GLADSTONE,13,17.5,59.5,LOW,SYNTHETIC_GENERATOR_V1,SYNTHETIC
PA_000829,2024-04-07,GLADSTONE,17,29.1,67.4,MEDIUM,SYNTHETIC_GENERATOR_V1,SYNTHETIC
PA_000830,2024-04-08,GLADSTONE,11,16.8,57.8,LOW,SYNTHETIC_GENERATOR_V1,SYNTHETIC
PA_000831,2024-04-09,GLADSTONE,15,21.2,53.0,LOW,SYNTHETIC_GENERATOR_V1,SYNTHETIC
PA_000832,2024-04-10,GLADSTONE,13,13.2,50.6,LOW,SYNTHETIC_GENERATOR_V1,SYNTHETIC
PA_000833,2024-04-11,GLADSTONE,5,0.6,29.6,LOW,SYNTHETIC_GENERATOR_V1,SYNTHETIC
PA_000834,2024-04-12,GLADSTONE,6,2.4,41.7,LOW,SYNTHETIC_GENERATOR_V1,SYNTHETIC
PA_000835,2024-04-13,GLADSTONE,14,23.2,62.1,LOW,SYNTHETIC_GENERATOR_V1,SYNTHETIC
PA_000836,2024-04-14,GLADSTONE,13,16.5,55.4,LOW,SYNTHETIC_GENERATOR_V1,SYNTHETIC
PA_000837,2024-04-15,GLADSTONE,6,6.3,43.2,LOW,SYNTHETIC_GENERATOR_V1,SYNTHETIC
PA_000838,2024-04-16,GLADSTONE,8,7.1,43.8,LOW,SYNTHETIC_GENERATOR_V1,SYNTHETIC
PA_000839,2024-04-17,GLADSTONE,14,18.4,53.2,LOW,SYNTHETIC_GENERATOR_V1,SYNTHETIC
PA_000840,2024-04-18,GLADSTONE,11,13.7,45.8,LOW,SYNTHETIC_GENERATOR_V1,SYNTHETIC
PA_000841,2024-04-19,GLADSTONE,11,17.0,53.6,LOW,SYNTHETIC_GENERATOR_V1,SYNTHETIC
PA_000842,2024-04-20,GLADSTONE,12,14.5,46.9,LOW,SYNTHETIC_GENERATOR_V1,SYNTHETIC
PA_000843,2024-04-21,GLADSTONE,12,10.1,49.4,LOW,SYNTHETIC_GENERATOR_V1,SYNTHETIC
PA_000844,2024-04-22,GLADSTONE,15,21.1,48.2,LOW,SYNTHETIC_GENERATOR_V1,SYNTHETIC
PA_000845,2024-04-23,GLADSTONE,13,14.2,56.4,LOW,SYNTHETIC_GENERATOR_V1,SYNTHETIC
PA_000846,2024-04-24,GLADSTONE,20,32.8,71.9,MEDIUM,SYNTHETIC_GENERATOR_V1,SYNTHETIC
PA_000847,2024-04-25,GLADSTONE,13,17.7,59.9,LOW,SYNTHETIC_GENERATOR_V1,SYNTHETIC
PA_000848,2024-04-26,GLADSTONE,11,11.0,39.5,LOW,SYNTHETIC_GENERATOR_V1,SYNTHETIC
PA_000849,2024-04-27,GLADSTONE,17,25.1,66.1,MEDIUM,SYNTHETIC_GENERATOR_V1,SYNTHETIC
PA_000850,2024-04-28,GLADSTONE,8,11.2,54.7,LOW,SYNTHETIC_GENERATOR_V1,SYNTHETIC
PA_000851,2024-04-29,GLADSTONE,18,27.9,60.5,MEDIUM,SYNTHETIC_GENERATOR_V1,SYNTHETIC
PA_000852,2024-04-30,GLADSTONE,15,20.4,50.8,LOW,SYNTHETIC_GENERATOR_V1,SYNTHETIC
PA_000853,2024-05-01,GLADSTONE,16,23.9,62.5,LOW,SYNTHETIC_GENERATOR_V1,SYNTHETIC
PA_000854,2024-05-02,GLADSTONE,12,12.4,52.0,LOW,SYNTHETIC_GENERATOR_V1,SYNTHETIC
PA_000855,2024-05-03,GLADSTONE,9,2.3,41.6,LOW,SYNTHETIC_GENERATOR_V1,SYNTHETIC
PA_000856,2024-05-04,GLADSTONE,5,7.8,44.1,LOW,SYNTHETIC_GENERATOR_V1,SYNTHETIC
PA_000857,2024-05-05,GLADSTONE,11,8.9,47.5,LOW,SYNTHETIC_GENERATOR_V1,SYNTHETIC
PA_000858,2024-05-06,GLADSTONE,11,13.2,54.8,LOW,SYNTHETIC_GENERATOR_V1,SYNTHETIC
PA_000859,2024-05-07,GLADSTONE,16,29.6,71.0,MEDIUM,SYNTHETIC_GENERATOR_V1,SYNTHETIC
PA_000860,2024-05-08,GLADSTONE,17,26.2,59.7,MEDIUM,SYNTHETIC_GENERATOR_V1,SYNTHETIC
PA_000861,2024-05-09,GLADSTONE,17,19.8,58.2,LOW,SYNTHETIC_GENERATOR_V1,SYNTHETIC
PA_000862,2024-05-10,GLADSTONE,13,20.6,53.6,LOW,SYNTHETIC_GENERATOR_V1,SYNTHETIC
PA_000863,2024-05-11,GLADSTONE,17,31.6,69.5,MEDIUM,SYNTHETIC_GENERATOR_V1,SYNTHETIC
PA_000864,2024-05-12,GLADSTONE,16,24.2,62.5,MEDIUM,SYNTHETIC_GENERATOR_V1,SYNTHETIC
PA_000865,2024-05-13,GLADSTONE,14,19.7,61.0,LOW,SYNTHETIC_GENERATOR_V1,SYNTHETIC
PA_000866,2024-05-14,GLADSTONE,10,16.1,44.4,LOW,SYNTHETIC_GENERATOR_V1,SYNTHETIC
PA_000867,2024-05-15,GLADSTONE,11,13.6,57.3,LOW,SYNTHETIC_GENERATOR_V1,SYNTHETIC
PA_000868,2024-05-16,GLADSTONE,6,10.3,47.3,LOW,SYNTHETIC_GENERATOR_V1,SYNTHETIC
PA_000869,2024-05-17,GLADSTONE,14,20.5,58.9,LOW,SYNTHETIC_GENERATOR_V1,SYNTHETIC
PA_000870,2024-05-18,GLADSTONE,7,7.5,45.3,LOW,SYNTHETIC_GENERATOR_V1,SYNTHETIC
PA_000871,2024-05-19,GLADSTONE,14,20.8,47.9,LOW,SYNTHETIC_GENERATOR_V1,SYNTHETIC
PA_000872,2024-05-20,GLADSTONE,11,8.5,43.3,LOW,SYNTHETIC_GENERATOR_V1,SYNTHETIC
PA_000873,2024-05-21,GLADSTONE,12,14.2,51.8,LOW,SYNTHETIC_GENERATOR_V1,SYNTHETIC
PA_000874,2024-05-22,GLADSTONE,15,20.6,55.6,LOW,SYNTHETIC_GENERATOR_V1,SYNTHETIC
PA_000875,2024-05-23,GLADSTONE,21,35.7,76.2,MEDIUM,SYNTHETIC_GENERATOR_V1,SYNTHETIC
PA_000876,2024-05-24,GLADSTONE,12,18.8,57.3,LOW,SYNTHETIC_GENERATOR_V1,SYNTHETIC
PA_000877,2024-05-25,GLADSTONE,9,15.9,58.4,LOW,SYNTHETIC_GENERATOR_V1,SYNTHETIC
PA_000878,2024-05-26,GLADSTONE,17,25.0,61.3,MEDIUM,SYNTHETIC_GENERATOR_V1,SYNTHETIC
PA_000879,2024-05-27,GLADSTONE,10,12.9,50.8,LOW,SYNTHETIC_GENERATOR_V1,SYNTHETIC
PA_000880,2024-05-28,GLADSTONE,5,0.0,37.7,LOW,SYNTHETIC_GENERATOR_V1,SYNTHETIC
PA_000881,2024-05-29,GLADSTONE,13,19.0,53.4,LOW,SYNTHETIC_GENERATOR_V1,SYNTHETIC
PA_000882,2024-05-30,GLADSTONE,14,22.9,59.5,LOW,SYNTHETIC_GENERATOR_V1,SYNTHETIC
PA_000883,2024-05-31,GLADSTONE,10,10.4,46.1,LOW,SYNTHETIC_GENERATOR_V1,SYNTHETIC
PA_000884,2024-06-01,GLADSTONE,9,7.5,42.1,LOW,SYNTHETIC_GENERATOR_V1,SYNTHETIC
PA_000885,2024-06-02,GLADSTONE,12,22.6,54.9,LOW,SYNTHETIC_GENERATOR_V1,SYNTHETIC
PA_000886,2024-06-03,GLADSTONE,11,10.8,44.6,LOW,SYNTHETIC_GENERATOR_V1,SYNTHETIC
PA_000887,2024-06-04,GLADSTONE,13,18.5,51.9,LOW,SYNTHETIC_GENERATOR_V1,SYNTHETIC
PA_000888,2024-06-05,GLADSTONE,22,32.7,69.7,MEDIUM,SYNTHETIC_GENERATOR_V1,SYNTHETIC
PA_000889,2024-06-06,GLADSTONE,12,19.2,57.5,LOW,SYNTHETIC_GENERATOR_V1,SYNTHETIC
PA_000890,2024-06-07,GLADSTONE,10,11.5,46.4,LOW,SYNTHETIC_GENERATOR_V1,SYNTHETIC
PA_000891,2024-06-08,GLADSTONE,10,8.4,41.6,LOW,SYNTHETIC_GENERATOR_V1,SYNTHETIC
PA_000892,2024-06-09,GLADSTONE,18,24.0,65.7,MEDIUM,SYNTHETIC_GENERATOR_V1,SYNTHETIC
PA_000893,2024-06-10,GLADSTONE,9,10.7,40.9,LOW,SYNTHETIC_GENERATOR_V1,SYNTHETIC
PA_000894,2024-06-11,GLADSTONE,12,18.3,59.3,LOW,SYNTHETIC_GENERATOR_V1,SYNTHETIC
PA_000895,2024-06-12,GLADSTONE,15,18.9,61.8,LOW,SYNTHETIC_GENERATOR_V1,SYNTHETIC
PA_000896,2024-06-13,GLADSTONE,13,17.4,61.5,LOW,SYNTHETIC_GENERATOR_V1,SYNTHETIC
PA_000897,2024-06-14,GLADSTONE,15,23.1,63.9,LOW,SYNTHETIC_GENERATOR_V1,SYNTHETIC
PA_000898,2024-06-15,GLADSTONE,13,18.6,63.2,LOW,SYNTHETIC_GENERATOR_V1,SYNTHETIC
PA_000899,2024-06-16,GLADSTONE,8,5.2,46.5,LOW,SYNTHETIC_GENERATOR_V1,SYNTHETIC
PA_000900,2024-06-17,GLADSTONE,15,26.2,65.0,MEDIUM,SYNTHETIC_GENERATOR_V1,SYNTHETIC
PA_000901,2024-06-18,GLADSTONE,18,28.9,66.0,MEDIUM,SYNTHETIC_GENERATOR_V1,SYNTHETIC
PA_000902,2024-06-19,GLADSTONE,11,18.2,61.6,LOW,SYNTHETIC_GENERATOR_V1,SYNTHETIC
PA_000903,2024-06-20,GLADSTONE,6,9.6,51.2,LOW,SYNTHETIC_GENERATOR_V1,SYNTHETIC
PA_000904,2024-06-21,GLADSTONE,19,31.4,67.9,MEDIUM,SYNTHETIC_GENERATOR_V1,SYNTHETIC
PA_000905,2024-06-22,GLADSTONE,10,13.6,49.9,LOW,SYNTHETIC_GENERATOR_V1,SYNTHETIC
PA_000906,2024-06-23,GLADSTONE,11,16.6,55.1,LOW,SYNTHETIC_GENERATOR_V1,SYNTHETIC
PA_000907,2024-06-24,GLADSTONE,10,13.4,47.2,LOW,SYNTHETIC_GENERATOR_V1,SYNTHETIC
PA_000908,2024-06-25,GLADSTONE,15,25.1,67.1,MEDIUM,SYNTHETIC_GENERATOR_V1,SYNTHETIC
PA_000909,2024-06-26,GLADSTONE,13,20.5,57.0,LOW,SYNTHETIC_GENERATOR_V1,SYNTHETIC
PA_000910,2024-06-27,GLADSTONE,15,20.0,63.0,LOW,SYNTHETIC_GENERATOR_V1,SYNTHETIC
PA_000911,2024-06-28,GLADSTONE,15,22.0,57.4,LOW,SYNTHETIC_GENERATOR_V1,SYNTHETIC
PA_000912,2024-06-29,GLADSTONE,13,19.1,62.3,LOW,SYNTHETIC_GENERATOR_V1,SYNTHETIC
PA_000913,2024-06-30,GLADSTONE,8,13.5,54.4,LOW,SYNTHETIC_GENERATOR_V1,SYNTHETIC
PA_000914,2024-07-01,GLADSTONE,18,30.2,70.7,MEDIUM,SYNTHETIC_GENERATOR_V1,SYNTHETIC
PA_000915,2024-07-02,GLADSTONE,14,21.9,55.5,LOW,SYNTHETIC_GENERATOR_V1,SYNTHETIC
PA_000916,2024-07-03,GLADSTONE,9,13.1,55.6,LOW,SYNTHETIC_GENERATOR_V1,SYNTHETIC
PA_000917,2024-07-04,GLADSTONE,11,16.4,50.6,LOW,SYNTHETIC_GENERATOR_V1,SYNTHETIC
PA_000918,2024-07-05,GLADSTONE,12,20.9,53.4,LOW,SYNTHETIC_GENERATOR_V1,SYNTHETIC
PA_000919,2024-07-06,GLADSTONE,13,14.3,55.6,LOW,SYNTHETIC_GENERATOR_V1,SYNTHETIC
PA_000920,2024-07-07,GLADSTONE,15,23.9,63.3,LOW,SYNTHETIC_GENERATOR_V1,SYNTHETIC
PA_000921,2024-07-08,GLADSTONE,10,11.8,51.6,LOW,SYNTHETIC_GENERATOR_V1,SYNTHETIC
PA_000922,2024-07-09,GLADSTONE,11,16.0,49.6,LOW,SYNTHETIC_GENERATOR_V1,SYNTHETIC
PA_000923,2024-07-10,GLADSTONE,10,5.6,54.2,LOW,SYNTHETIC_GENERATOR_V1,SYNTHETIC
PA_000924,2024-07-11,GLADSTONE,12,9.0,49.0,LOW,SYNTHETIC_GENERATOR_V1,SYNTHETIC
PA_000925,2024-07-12,GLADSTONE,14,27.4,59.5,MEDIUM,SYNTHETIC_GENERATOR_V1,SYNTHETIC
PA_000926,2024-07-13,GLADSTONE,7,13.5,52.8,LOW,SYNTHETIC_GENERATOR_V1,SYNTHETIC
PA_000927,2024-07-14,GLADSTONE,11,8.9,43.7,LOW,SYNTHETIC_GENERATOR_V1,SYNTHETIC
PA_000928,2024-07-15,GLADSTONE,11,15.5,54.0,LOW,SYNTHETIC_GENERATOR_V1,SYNTHETIC
PA_000929,2024-07-16,GLADSTONE,13,20.3,56.1,LOW,SYNTHETIC_GENERATOR_V1,SYNTHETIC
PA_000930,2024-07-17,GLADSTONE,16,27.0,63.6,MEDIUM,SYNTHETIC_GENERATOR_V1,SYNTHETIC
PA_000931,2024-07-18,GLADSTONE,13,18.0,47.2,LOW,SYNTHETIC_GENERATOR_V1,SYNTHETIC
PA_000932,2024-07-19,GLADSTONE,9,8.3,46.5,LOW,SYNTHETIC_GENERATOR_V1,SYNTHETIC
PA_000933,2024-07-20,GLADSTONE,10,11.5,55.8,LOW,SYNTHETIC_GENERATOR_V1,SYNTHETIC
PA_000934,2024-07-21,GLADSTONE,14,13.6,45.4,LOW,SYNTHETIC_GENERATOR_V1,SYNTHETIC
PA_000935,2024-07-22,GLADSTONE,8,8.2,40.3,LOW,SYNTHETIC_GENERATOR_V1,SYNTHETIC
PA_000936,2024-07-23,GLADSTONE,19,33.5,69.5,MEDIUM,SYNTHETIC_GENERATOR_V1,SYNTHETIC
PA_000937,2024-07-24,GLADSTONE,11,6.3,44.4,LOW,SYNTHETIC_GENERATOR_V1,SYNTHETIC
PA_000938,2024-07-25,GLADSTONE,17,26.3,61.5,MEDIUM,SYNTHETIC_GENERATOR_V1,SYNTHETIC
PA_000939,2024-07-26,GLADSTONE,12,20.7,55.4,LOW,SYNTHETIC_GENERATOR_V1,SYNTHETIC
PA_000940,2024-07-27,GLADSTONE,4,1.9,35.9,LOW,SYNTHETIC_GENERATOR_V1,SYNTHETIC
PA_000941,2024-07-28,GLADSTONE,14,20.5,65.3,LOW,SYNTHETIC_GENERATOR_V1,SYNTHETIC
PA_000942,2024-07-29,GLADSTONE,12,18.6,56.0,LOW,SYNTHETIC_GENERATOR_V1,SYNTHETIC
PA_000943,2024-07-30,GLADSTONE,13,18.7,62.6,LOW,SYNTHETIC_GENERATOR_V1,SYNTHETIC
PA_000944,2024-07-31,GLADSTONE,13,21.5,55.6,LOW,SYNTHETIC_GENERATOR_V1,SYNTHETIC
PA_000945,2024-08-01,GLADSTONE,16,26.2,58.7,MEDIUM,SYNTHETIC_GENERATOR_V1,SYNTHETIC
PA_000946,2024-08-02,GLADSTONE,12,11.2,47.0,LOW,SYNTHETIC_GENERATOR_V1,SYNTHETIC
PA_000947,2024-08-03,GLADSTONE,14,20.8,58.3,LOW,SYNTHETIC_GENERATOR_V1,SYNTHETIC
PA_000948,2024-08-04,GLADSTONE,11,14.4,49.5,LOW,SYNTHETIC_GENERATOR_V1,SYNTHETIC
PA_000949,2024-08-05,GLADSTONE,14,26.0,65.1,MEDIUM,SYNTHETIC_GENERATOR_V1,SYNTHETIC
PA_000950,2024-08-06,GLADSTONE,16,20.7,67.9,LOW,SYNTHETIC_GENERATOR_V1,SYNTHETIC
PA_000951,2024-08-07,GLADSTONE,10,7.9,38.1,LOW,SYNTHETIC_GENERATOR_V1,SYNTHETIC
PA_000952,2024-08-08,GLADSTONE,8,10.0,49.7,LOW,SYNTHETIC_GENERATOR_V1,SYNTHETIC
PA_000953,2024-08-09,GLADSTONE,17,25.9,64.9,MEDIUM,SYNTHETIC_GENERATOR_V1,SYNTHETIC
PA_000954,2024-08-10,GLADSTONE,16,30.1,76.4,MEDIUM,SYNTHETIC_GENERATOR_V1,SYNTHETIC
PA_000955,2024-08-11,GLADSTONE,17,24.0,62.8,MEDIUM,SYNTHETIC_GENERATOR_V1,SYNTHETIC
PA_000956,2024-08-12,GLADSTONE,8,17.3,52.0,LOW,SYNTHETIC_GENERATOR_V1,SYNTHETIC
PA_000957,2024-08-13,GLADSTONE,8,15.3,53.8,LOW,SYNTHETIC_GENERATOR_V1,SYNTHETIC
PA_000958,2024-08-14,GLADSTONE,16,24.0,62.7,MEDIUM,SYNTHETIC_GENERATOR_V1,SYNTHETIC
PA_000959,2024-08-15,GLADSTONE,12,11.3,50.0,LOW,SYNTHETIC_GENERATOR_V1,SYNTHETIC
PA_000960,2024-08-16,GLADSTONE,11,12.5,53.6,LOW,SYNTHETIC_GENERATOR_V1,SYNTHETIC
PA_000961,2024-08-17,GLADSTONE,18,33.5,75.2,MEDIUM,SYNTHETIC_GENERATOR_V1,SYNTHETIC
PA_000962,2024-08-18,GLADSTONE,9,14.5,63.7,LOW,SYNTHETIC_GENERATOR_V1,SYNTHETIC
PA_000963,2024-08-19,GLADSTONE,7,11.6,44.9,LOW,SYNTHETIC_GENERATOR_V1,SYNTHETIC
PA_000964,2024-08-20,GLADSTONE,12,16.9,51.2,LOW,SYNTHETIC_GENERATOR_V1,SYNTHETIC
PA_000965,2024-08-21,GLADSTONE,8,15.4,58.9,LOW,SYNTHETIC_GENERATOR_V1,SYNTHETIC
PA_000966,2024-08-22,GLADSTONE,8,10.9,39.4,LOW,SYNTHETIC_GENERATOR_V1,SYNTHETIC
PA_000967,2024-08-23,GLADSTONE,8,9.8,52.5,LOW,SYNTHETIC_GENERATOR_V1,SYNTHETIC
PA_000968,2024-08-24,GLADSTONE,13,15.6,48.3,LOW,SYNTHETIC_GENERATOR_V1,SYNTHETIC
PA_000969,2024-08-25,GLADSTONE,9,11.7,39.4,LOW,SYNTHETIC_GENERATOR_V1,SYNTHETIC
PA_000970,2024-08-26,GLADSTONE,13,18.1,56.7,LOW,SYNTHETIC_GENERATOR_V1,SYNTHETIC
PA_000971,2024-08-27,GLADSTONE,15,24.5,63.5,MEDIUM,SYNTHETIC_GENERATOR_V1,SYNTHETIC
PA_000972,2024-08-28,GLADSTONE,10,13.8,60.1,LOW,SYNTHETIC_GENERATOR_V1,SYNTHETIC
PA_000973,2024-08-29,GLADSTONE,12,21.1,59.4,LOW,SYNTHETIC_GENERATOR_V1,SYNTHETIC
PA_000974,2024-08-30,GLADSTONE,11,9.9,48.9,LOW,SYNTHETIC_GENERATOR_V1,SYNTHETIC
PA_000975,2024-08-31,GLADSTONE,10,15.3,52.0,LOW,SYNTHETIC_GENERATOR_V1,SYNTHETIC
PA_000976,2024-09-01,GLADSTONE,8,4.8,39.7,LOW,SYNTHETIC_GENERATOR_V1,SYNTHETIC
PA_000977,2024-09-02,GLADSTONE,14,23.0,65.9,LOW,SYNTHETIC_GENERATOR_V1,SYNTHETIC
PA_000978,2024-09-03,GLADSTONE,8,6.6,45.4,LOW,SYNTHETIC_GENERATOR_V1,SYNTHETIC
PA_000979,2024-09-04,GLADSTONE,17,29.2,63.3,MEDIUM,SYNTHETIC_GENERATOR_V1,SYNTHETIC
PA_000980,2024-09-05,GLADSTONE,7,4.8,46.2,LOW,SYNTHETIC_GENERATOR_V1,SYNTHETIC
PA_000981,2024-09-06,GLADSTONE,11,16.0,56.2,LOW,SYNTHETIC_GENERATOR_V1,SYNTHETIC
PA_000982,2024-09-07,GLADSTONE,14,17.5,56.0,LOW,SYNTHETIC_GENERATOR_V1,SYNTHETIC
PA_000983,2024-09-08,GLADSTONE,12,12.2,48.2,LOW,SYNTHETIC_GENERATOR_V1,SYNTHETIC
PA_000984,2024-09-09,GLADSTONE,12,18.1,59.0,LOW,SYNTHETIC_GENERATOR_V1,SYNTHETIC
PA_000985,2024-09-10,GLADSTONE,14,22.3,61.2,LOW,SYNTHETIC_GENERATOR_V1,SYNTHETIC
PA_000986,2024-09-11,GLADSTONE,9,15.6,53.5,LOW,SYNTHETIC_GENERATOR_V1,SYNTHETIC
PA_000987,2024-09-12,GLADSTONE,17,26.7,63.8,MEDIUM,SYNTHETIC_GENERATOR_V1,SYNTHETIC
PA_000988,2024-09-13,GLADSTONE,9,13.8,46.0,LOW,SYNTHETIC_GENERATOR_V1,SYNTHETIC
PA_000989,2024-09-14,GLADSTONE,13,12.1,59.1,LOW,SYNTHETIC_GENERATOR_V1,SYNTHETIC
PA_000990,2024-09-15,GLADSTONE,11,4.0,48.4,LOW,SYNTHETIC_GENERATOR_V1,SYNTHETIC
PA_000991,2024-09-16,GLADSTONE,16,30.1,71.2,MEDIUM,SYNTHETIC_GENERATOR_V1,SYNTHETIC
PA_000992,2024-09-17,GLADSTONE,12,20.0,59.1,LOW,SYNTHETIC_GENERATOR_V1,SYNTHETIC
PA_000993,2024-09-18,GLADSTONE,11,17.4,59.0,LOW,SYNTHETIC_GENERATOR_V1,SYNTHETIC
PA_000994,2024-09-19,GLADSTONE,13,22.6,62.7,LOW,SYNTHETIC_GENERATOR_V1,SYNTHETIC
PA_000995,2024-09-20,GLADSTONE,13,20.2,56.8,LOW,SYNTHETIC_GENERATOR_V1,SYNTHETIC
PA_000996,2024-09-21,GLADSTONE,13,17.9,50.9,LOW,SYNTHETIC_GENERATOR_V1,SYNTHETIC
PA_000997,2024-09-22,GLADSTONE,8,10.5,44.9,LOW,SYNTHETIC_GENERATOR_V1,SYNTHETIC
PA_000998,2024-09-23,GLADSTONE,11,11.7,43.3,LOW,SYNTHETIC_GENERATOR_V1,SYNTHETIC
PA_000999,2024-09-24,GLADSTONE,10,10.3,47.1,LOW,SYNTHETIC_GENERATOR_V1,SYNTHETIC
PA_001000,2024-09-25,GLADSTONE,12,15.4,58.0,LOW,SYNTHETIC_GENERATOR_V1,SYNTHETIC
PA_001001,2024-09-26,GLADSTONE,7,11.0,50.5,LOW,SYNTHETIC_GENERATOR_V1,SYNTHETIC
PA_001002,2024-09-27,GLADSTONE,14,21.5,62.9,LOW,SYNTHETIC_GENERATOR_V1,SYNTHETIC
PA_001003,2024-09-28,GLADSTONE,11,10.3,53.7,LOW,SYNTHETIC_GENERATOR_V1,SYNTHETIC
PA_001004,2024-09-29,GLADSTONE,11,12.5,54.5,LOW,SYNTHETIC_GENERATOR_V1,SYNTHETIC
PA_001005,2024-09-30,GLADSTONE,10,8.5,45.2,LOW,SYNTHETIC_GENERATOR_V1,SYNTHETIC
PA_001006,2024-10-01,GLADSTONE,14,14.8,51.6,LOW,SYNTHETIC_GENERATOR_V1,SYNTHETIC
PA_001007,2024-10-02,GLADSTONE,7,1.8,31.3,LOW,SYNTHETIC_GENERATOR_V1,SYNTHETIC
PA_001008,2024-10-03,GLADSTONE,11,13.7,48.7,LOW,SYNTHETIC_GENERATOR_V1,SYNTHETIC
PA_001009,2024-10-04,GLADSTONE,8,0.0,40.8,LOW,SYNTHETIC_GENERATOR_V1,SYNTHETIC
PA_001010,2024-10-05,GLADSTONE,10,11.9,54.6,LOW,SYNTHETIC_GENERATOR_V1,SYNTHETIC
PA_001011,2024-10-06,GLADSTONE,14,22.2,55.5,LOW,SYNTHETIC_GENERATOR_V1,SYNTHETIC
PA_001012,2024-10-07,GLADSTONE,12,14.8,43.2,LOW,SYNTHETIC_GENERATOR_V1,SYNTHETIC
PA_001013,2024-10-08,GLADSTONE,13,13.7,54.5,LOW,SYNTHETIC_GENERATOR_V1,SYNTHETIC
PA_001014,2024-10-09,GLADSTONE,11,15.6,52.4,LOW,SYNTHETIC_GENERATOR_V1,SYNTHETIC
PA_001015,2024-10-10,GLADSTONE,14,21.4,61.4,LOW,SYNTHETIC_GENERATOR_V1,SYNTHETIC
PA_001016,2024-10-11,GLADSTONE,13,22.8,59.4,LOW,SYNTHETIC_GENERATOR_V1,SYNTHETIC
PA_001017,2024-10-12,GLADSTONE,9,13.0,48.1,LOW,SYNTHETIC_GENERATOR_V1,SYNTHETIC
PA_001018,2024-10-13,GLADSTONE,12,18.7,54.0,LOW,SYNTHETIC_GENERATOR_V1,SYNTHETIC
PA_001019,2024-10-14,GLADSTONE,13,20.7,54.0,LOW,SYNTHETIC_GENERATOR_V1,SYNTHETIC
PA_001020,2024-10-15,GLADSTONE,12,21.6,66.2,LOW,SYNTHETIC_GENERATOR_V1,SYNTHETIC
PA_001021,2024-10-16,GLADSTONE,7,10.4,46.8,LOW,SYNTHETIC_GENERATOR_V1,SYNTHETIC
PA_001022,2024-10-17,GLADSTONE,12,19.8,57.4,LOW,SYNTHETIC_GENERATOR_V1,SYNTHETIC
PA_001023,2024-10-18,GLADSTONE,11,18.1,40.6,LOW,SYNTHETIC_GENERATOR_V1,SYNTHETIC
PA_001024,2024-10-19,GLADSTONE,2,0.0,44.7,LOW,SYNTHETIC_GENERATOR_V1,SYNTHETIC
PA_001025,2024-10-20,GLADSTONE,19,30.3,65.5,MEDIUM,SYNTHETIC_GENERATOR_V1,SYNTHETIC
PA_001026,2024-10-21,GLADSTONE,14,20.8,58.0,LOW,SYNTHETIC_GENERATOR_V1,SYNTHETIC
PA_001027,2024-10-22,GLADSTONE,18,26.6,60.5,MEDIUM,SYNTHETIC_GENERATOR_V1,SYNTHETIC
PA_001028,2024-10-23,GLADSTONE,8,9.1,52.1,LOW,SYNTHETIC_GENERATOR_V1,SYNTHETIC
PA_001029,2024-10-24,GLADSTONE,10,9.7,41.9,LOW,SYNTHETIC_GENERATOR_V1,SYNTHETIC
PA_001030,2024-10-25,GLADSTONE,9,1.9,35.9,LOW,SYNTHETIC_GENERATOR_V1,SYNTHETIC
PA_001031,2024-10-26,GLADSTONE,12,21.9,62.8,LOW,SYNTHETIC_GENERATOR_V1,SYNTHETIC
PA_001032,2024-10-27,GLADSTONE,9,15.4,48.8,LOW,SYNTHETIC_GENERATOR_V1,SYNTHETIC
PA_001033,2024-10-28,GLADSTONE,11,15.4,55.0,LOW,SYNTHETIC_GENERATOR_V1,SYNTHETIC
PA_001034,2024-10-29,GLADSTONE,9,10.9,52.0,LOW,SYNTHETIC_GENERATOR_V1,SYNTHETIC
PA_001035,2024-10-30,GLADSTONE,8,7.5,45.4,LOW,SYNTHETIC_GENERATOR_V1,SYNTHETIC
PA_001036,2024-10-31,GLADSTONE,16,26.3,69.7,MEDIUM,SYNTHETIC_GENERATOR_V1,SYNTHETIC
PA_001037,2024-11-01,GLADSTONE,12,21.1,54.7,LOW,SYNTHETIC_GENERATOR_V1,SYNTHETIC
PA_001038,2024-11-02,GLADSTONE,15,24.3,62.8,MEDIUM,SYNTHETIC_GENERATOR_V1,SYNTHETIC
PA_001039,2024-11-03,GLADSTONE,11,16.9,55.2,LOW,SYNTHETIC_GENERATOR_V1,SYNTHETIC
PA_001040,2024-11-04,GLADSTONE,15,24.0,65.8,MEDIUM,SYNTHETIC_GENERATOR_V1,SYNTHETIC
PA_001041,2024-11-05,GLADSTONE,9,10.0,58.2,LOW,SYNTHETIC_GENERATOR_V1,SYNTHETIC
PA_001042,2024-11-06,GLADSTONE,7,1.4,42.8,LOW,SYNTHETIC_GENERATOR_V1,SYNTHETIC
PA_001043,2024-11-07,GLADSTONE,10,13.6,52.3,LOW,SYNTHETIC_GENERATOR_V1,SYNTHETIC
PA_001044,2024-11-08,GLADSTONE,15,15.4,56.7,LOW,SYNTHETIC_GENERATOR_V1,SYNTHETIC
PA_001045,2024-11-09,GLADSTONE,16,30.1,61.9,MEDIUM,SYNTHETIC_GENERATOR_V1,SYNTHETIC
PA_001046,2024-11-10,GLADSTONE,10,5.6,43.6,LOW,SYNTHETIC_GENERATOR_V1,SYNTHETIC
PA_001047,2024-11-11,GLADSTONE,9,7.5,47.5,LOW,SYNTHETIC_GENERATOR_V1,SYNTHETIC
PA_001048,2024-11-12,GLADSTONE,10,22.5,58.8,LOW,SYNTHETIC_GENERATOR_V1,SYNTHETIC
PA_001049,2024-11-13,GLADSTONE,11,16.7,58.9,LOW,SYNTHETIC_GENERATOR_V1,SYNTHETIC
PA_001050,2024-11-14,GLADSTONE,16,25.3,58.7,MEDIUM,SYNTHETIC_GENERATOR_V1,SYNTHETIC
PA_001051,2024-11-15,GLADSTONE,10,8.6,46.7,LOW,SYNTHETIC_GENERATOR_V1,SYNTHETIC
PA_001052,2024-11-16,GLADSTONE,11,17.7,55.2,LOW,SYNTHETIC_GENERATOR_V1,SYNTHETIC
PA_001053,2024-11-17,GLADSTONE,15,24.6,69.4,MEDIUM,SYNTHETIC_GENERATOR_V1,SYNTHETIC
PA_001054,2024-11-18,GLADSTONE,9,16.0,53.3,LOW,SYNTHETIC_GENERATOR_V1,SYNTHETIC
PA_001055,2024-11-19,GLADSTONE,14,21.3,59.9,LOW,SYNTHETIC_GENERATOR_V1,SYNTHETIC
PA_001056,2024-11-20,GLADSTONE,9,12.7,47.5,LOW,SYNTHETIC_GENERATOR_V1,SYNTHETIC
PA_001057,2024-11-21,GLADSTONE,10,14.5,50.9,LOW,SYNTHETIC_GENERATOR_V1,SYNTHETIC
PA_001058,2024-11-22,GLADSTONE,9,6.2,40.0,LOW,SYNTHETIC_GENERATOR_V1,SYNTHETIC
PA_001059,2024-11-23,GLADSTONE,12,22.0,62.6,LOW,SYNTHETIC_GENERATOR_V1,SYNTHETIC
PA_001060,2024-11-24,GLADSTONE,11,18.3,51.7,LOW,SYNTHETIC_GENERATOR_V1,SYNTHETIC
PA_001061,2024-11-25,GLADSTONE,10,9.0,56.6,LOW,SYNTHETIC_GENERATOR_V1,SYNTHETIC
PA_001062,2024-11-26,GLADSTONE,12,16.7,58.1,LOW,SYNTHETIC_GENERATOR_V1,SYNTHETIC
PA_001063,2024-11-27,GLADSTONE,11,9.2,51.6,LOW,SYNTHETIC_GENERATOR_V1,SYNTHETIC
PA_001064,2024-11-28,GLADSTONE,12,12.1,52.0,LOW,SYNTHETIC_GENERATOR_V1,SYNTHETIC
PA_001065,2024-11-29,GLADSTONE,18,27.3,70.0,MEDIUM,SYNTHETIC_GENERATOR_V1,SYNTHETIC
PA_001066,2024-11-30,GLADSTONE,14,24.3,65.7,MEDIUM,SYNTHETIC_GENERATOR_V1,SYNTHETIC
PA_001067,2024-12-01,GLADSTONE,14,18.5,62.7,LOW,SYNTHETIC_GENERATOR_V1,SYNTHETIC
PA_001068,2024-12-02,GLADSTONE,18,29.9,73.7,MEDIUM,SYNTHETIC_GENERATOR_V1,SYNTHETIC
PA_001069,2024-12-03,GLADSTONE,14,23.8,56.4,LOW,SYNTHETIC_GENERATOR_V1,SYNTHETIC
PA_001070,2024-12-04,GLADSTONE,8,5.9,40.8,LOW,SYNTHETIC_GENERATOR_V1,SYNTHETIC
PA_001071,2024-12-05,GLADSTONE,14,15.9,53.3,LOW,SYNTHETIC_GENERATOR_V1,SYNTHETIC
PA_001072,2024-12-06,GLADSTONE,16,26.9,59.5,MEDIUM,SYNTHETIC_GENERATOR_V1,SYNTHETIC
PA_001073,2024-12-07,GLADSTONE,9,12.2,55.9,LOW,SYNTHETIC_GENERATOR_V1,SYNTHETIC
PA_001074,2024-12-08,GLADSTONE,9,4.8,41.9,LOW,SYNTHETIC_GENERATOR_V1,SYNTHETIC
PA_001075,2024-12-09,GLADSTONE,14,23.0,65.5,LOW,SYNTHETIC_GENERATOR_V1,SYNTHETIC
PA_001076,2024-12-10,GLADSTONE,17,24.1,61.0,MEDIUM,SYNTHETIC_GENERATOR_V1,SYNTHETIC
PA_001077,2024-12-11,GLADSTONE,10,12.4,50.0,LOW,SYNTHETIC_GENERATOR_V1,SYNTHETIC
PA_001078,2024-12-12,GLADSTONE,9,5.1,47.0,LOW,SYNTHETIC_GENERATOR_V1,SYNTHETIC
PA_001079,2024-12-13,GLADSTONE,16,25.1,58.1,MEDIUM,SYNTHETIC_GENERATOR_V1,SYNTHETIC
PA_001080,2024-12-14,GLADSTONE,15,23.6,58.4,LOW,SYNTHETIC_GENERATOR_V1,SYNTHETIC
PA_001081,2024-12-15,GLADSTONE,14,23.8,61.5,LOW,SYNTHETIC_GENERATOR_V1,SYNTHETIC
PA_001082,2024-12-16,GLADSTONE,13,16.7,59.4,LOW,SYNTHETIC_GENERATOR_V1,SYNTHETIC
PA_001083,2024-12-17,GLADSTONE,15,21.1,60.4,LOW,SYNTHETIC_GENERATOR_V1,SYNTHETIC
PA_001084,2024-12-18,GLADSTONE,13,17.4,59.1,LOW,SYNTHETIC_GENERATOR_V1,SYNTHETIC
PA_001085,2024-12-19,GLADSTONE,9,12.7,49.4,LOW,SYNTHETIC_GENERATOR_V1,SYNTHETIC
PA_001086,2024-12-20,GLADSTONE,10,11.6,51.0,LOW,SYNTHETIC_GENERATOR_V1,SYNTHETIC
PA_001087,2024-12-21,GLADSTONE,6,7.9,43.5,LOW,SYNTHETIC_GENERATOR_V1,SYNTHETIC
PA_001088,2024-12-22,GLADSTONE,16,23.1,64.8,LOW,SYNTHETIC_GENERATOR_V1,SYNTHETIC
PA_001089,2024-12-23,GLADSTONE,11,20.0,56.0,LOW,SYNTHETIC_GENERATOR_V1,SYNTHETIC
PA_001090,2024-12-24,GLADSTONE,11,14.3,47.4,LOW,SYNTHETIC_GENERATOR_V1,SYNTHETIC
PA_001091,2024-12-25,GLADSTONE,11,16.1,55.0,LOW,SYNTHETIC_GENERATOR_V1,SYNTHETIC
PA_001092,2024-12-26,GLADSTONE,10,11.7,42.5,LOW,SYNTHETIC_GENERATOR_V1,SYNTHETIC
PA_001093,2024-12-27,GLADSTONE,10,7.1,46.4,LOW,SYNTHETIC_GENERATOR_V1,SYNTHETIC
PA_001094,2024-12-28,GLADSTONE,10,8.8,46.8,LOW,SYNTHETIC_GENERATOR_V1,SYNTHETIC
PA_001095,2024-12-29,GLADSTONE,6,0.9,38.7,LOW,SYNTHETIC_GENERATOR_V1,SYNTHETIC
PA_001096,2024-12-30,GLADSTONE,19,32.4,71.0,MEDIUM,SYNTHETIC_GENERATOR_V1,SYNTHETIC
PA_001097,2024-12-31,GLADSTONE,16,24.8,65.9,MEDIUM,SYNTHETIC_GENERATOR_V1,SYNTHETIC
PA_001098,2025-01-01,GLADSTONE,17,23.5,62.2,LOW,SYNTHETIC_GENERATOR_V1,SYNTHETIC
PA_001099,2025-01-02,GLADSTONE,12,20.0,62.6,LOW,SYNTHETIC_GENERATOR_V1,SYNTHETIC
PA_001100,2025-01-03,GLADSTONE,14,20.5,64.7,LOW,SYNTHETIC_GENERATOR_V1,SYNTHETIC
PA_001101,2025-01-04,GLADSTONE,12,16.2,53.9,LOW,SYNTHETIC_GENERATOR_V1,SYNTHETIC
PA_001102,2025-01-05,GLADSTONE,17,24.9,61.2,MEDIUM,SYNTHETIC_GENERATOR_V1,SYNTHETIC
PA_001103,2025-01-06,GLADSTONE,10,11.8,48.8,LOW,SYNTHETIC_GENERATOR_V1,SYNTHETIC
PA_001104,2025-01-07,GLADSTONE,6,6.0,51.3,LOW,SYNTHETIC_GENERATOR_V1,SYNTHETIC
PA_001105,2025-01-08,GLADSTONE,13,22.6,65.8,LOW,SYNTHETIC_GENERATOR_V1,SYNTHETIC
PA_001106,2025-01-09,GLADSTONE,13,13.9,47.8,LOW,SYNTHETIC_GENERATOR_V1,SYNTHETIC
PA_001107,2025-01-10,GLADSTONE,11,12.8,48.7,LOW,SYNTHETIC_GENERATOR_V1,SYNTHETIC
PA_001108,2025-01-11,GLADSTONE,8,8.4,47.8,LOW,SYNTHETIC_GENERATOR_V1,SYNTHETIC
PA_001109,2025-01-12,GLADSTONE,10,20.0,56.0,LOW,SYNTHETIC_GENERATOR_V1,SYNTHETIC
PA_001110,2025-01-13,GLADSTONE,15,20.3,63.5,LOW,SYNTHETIC_GENERATOR_V1,SYNTHETIC
PA_001111,2025-01-14,GLADSTONE,7,8.3,43.6,LOW,SYNTHETIC_GENERATOR_V1,SYNTHETIC
PA_001112,2025-01-15,GLADSTONE,11,9.6,53.0,LOW,SYNTHETIC_GENERATOR_V1,SYNTHETIC
PA_001113,2025-01-16,GLADSTONE,12,8.3,41.3,LOW,SYNTHETIC_GENERATOR_V1,SYNTHETIC
PA_001114,2025-01-17,GLADSTONE,9,14.9,58.2,LOW,SYNTHETIC_GENERATOR_V1,SYNTHETIC
PA_001115,2025-01-18,GLADSTONE,8,6.8,49.1,LOW,SYNTHETIC_GENERATOR_V1,SYNTHETIC
PA_001116,2025-01-19,GLADSTONE,16,23.2,58.3,LOW,SYNTHETIC_GENERATOR_V1,SYNTHETIC
PA_001117,2025-01-20,GLADSTONE,12,13.0,50.9,LOW,SYNTHETIC_GENERATOR_V1,SYNTHETIC
PA_001118,2025-01-21,GLADSTONE,14,21.2,58.6,LOW,SYNTHETIC_GENERATOR_V1,SYNTHETIC
PA_001119,2025-01-22,GLADSTONE,5,3.6,42.9,LOW,SYNTHETIC_GENERATOR_V1,SYNTHETIC
PA_001120,2025-01-23,GLADSTONE,8,12.0,50.6,LOW,SYNTHETIC_GENERATOR_V1,SYNTHETIC
PA_001121,2025-01-24,GLADSTONE,9,11.3,40.0,LOW,SYNTHETIC_GENERATOR_V1,SYNTHETIC
PA_001122,2025-01-25,GLADSTONE,12,18.4,59.1,LOW,SYNTHETIC_GENERATOR_V1,SYNTHETIC
PA_001123,2025-01-26,GLADSTONE,15,23.7,62.5,LOW,SYNTHETIC_GENERATOR_V1,SYNTHETIC
PA_001124,2025-01-27,GLADSTONE,11,18.6,58.5,LOW,SYNTHETIC_GENERATOR_V1,SYNTHETIC
PA_001125,2025-01-28,GLADSTONE,13,16.8,58.5,LOW,SYNTHETIC_GENERATOR_V1,SYNTHETIC
PA_001126,2025-01-29,GLADSTONE,11,22.2,59.6,LOW,SYNTHETIC_GENERATOR_V1,SYNTHETIC
PA_001127,2025-01-30,GLADSTONE,20,37.0,77.7,MEDIUM,SYNTHETIC_GENERATOR_V1,SYNTHETIC
PA_001128,2025-01-31,GLADSTONE,15,21.8,53.4,LOW,SYNTHETIC_GENERATOR_V1,SYNTHETIC
PA_001129,2025-02-01,GLADSTONE,7,6.0,43.3,LOW,SYNTHETIC_GENERATOR_V1,SYNTHETIC
PA_001130,2025-02-02,GLADSTONE,12,18.5,56.0,LOW,SYNTHETIC_GENERATOR_V1,SYNTHETIC
PA_001131,2025-02-03,GLADSTONE,12,20.6,59.4,LOW,SYNTHETIC_GENERATOR_V1,SYNTHETIC
PA_001132,2025-02-04,GLADSTONE,10,14.0,53.8,LOW,SYNTHETIC_GENERATOR_V1,SYNTHETIC
PA_001133,2025-02-05,GLADSTONE,6,1.2,41.4,LOW,SYNTHETIC_GENERATOR_V1,SYNTHETIC
PA_001134,2025-02-06,GLADSTONE,13,21.0,59.0,LOW,SYNTHETIC_GENERATOR_V1,SYNTHETIC
PA_001135,2025-02-07,GLADSTONE,11,18.2,55.0,LOW,SYNTHETIC_GENERATOR_V1,SYNTHETIC
PA_001136,2025-02-08,GLADSTONE,20,30.6,65.3,MEDIUM,SYNTHETIC_GENERATOR_V1,SYNTHETIC
PA_001137,2025-02-09,GLADSTONE,8,8.3,54.4,LOW,SYNTHETIC_GENERATOR_V1,SYNTHETIC
PA_001138,2025-02-10,GLADSTONE,14,20.3,55.1,LOW,SYNTHETIC_GENERATOR_V1,SYNTHETIC
PA_001139,2025-02-11,GLADSTONE,10,13.8,51.1,LOW,SYNTHETIC_GENERATOR_V1,SYNTHETIC
PA_001140,2025-02-12,GLADSTONE,11,16.6,56.9,LOW,SYNTHETIC_GENERATOR_V1,SYNTHETIC
PA_001141,2025-02-13,GLADSTONE,13,15.5,52.2,LOW,SYNTHETIC_GENERATOR_V1,SYNTHETIC
PA_001142,2025-02-14,GLADSTONE,15,19.3,56.5,LOW,SYNTHETIC_GENERATOR_V1,SYNTHETIC
PA_001143,2025-02-15,GLADSTONE,11,16.0,54.3,LOW,SYNTHETIC_GENERATOR_V1,SYNTHETIC
PA_001144,2025-02-16,GLADSTONE,11,11.7,47.7,LOW,SYNTHETIC_GENERATOR_V1,SYNTHETIC
PA_001145,2025-02-17,GLADSTONE,12,15.0,58.0,LOW,SYNTHETIC_GENERATOR_V1,SYNTHETIC
PA_001146,2025-02-18,GLADSTONE,12,18.1,51.6,LOW,SYNTHETIC_GENERATOR_V1,SYNTHETIC
PA_001147,2025-02-19,GLADSTONE,9,14.2,46.1,LOW,SYNTHETIC_GENERATOR_V1,SYNTHETIC
PA_001148,2025-02-20,GLADSTONE,13,21.0,58.3,LOW,SYNTHETIC_GENERATOR_V1,SYNTHETIC
PA_001149,2025-02-21,GLADSTONE,16,23.6,56.6,LOW,SYNTHETIC_GENERATOR_V1,SYNTHETIC
PA_001150,2025-02-22,GLADSTONE,14,24.4,60.4,MEDIUM,SYNTHETIC_GENERATOR_V1,SYNTHETIC
PA_001151,2025-02-23,GLADSTONE,8,7.3,45.0,LOW,SYNTHETIC_GENERATOR_V1,SYNTHETIC
PA_001152,2025-02-24,GLADSTONE,11,12.4,48.6,LOW,SYNTHETIC_GENERATOR_V1,SYNTHETIC
PA_001153,2025-02-25,GLADSTONE,15,17.2,55.8,LOW,SYNTHETIC_GENERATOR_V1,SYNTHETIC
PA_001154,2025-02-26,GLADSTONE,13,23.8,60.6,LOW,SYNTHETIC_GENERATOR_V1,SYNTHETIC
PA_001155,2025-02-27,GLADSTONE,15,28.0,66.9,MEDIUM,SYNTHETIC_GENERATOR_V1,SYNTHETIC
PA_001156,2025-02-28,GLADSTONE,6,5.0,45.5,LOW,SYNTHETIC_GENERATOR_V1,SYNTHETIC
PA_001157,2025-03-01,GLADSTONE,9,11.2,47.6,LOW,SYNTHETIC_GENERATOR_V1,SYNTHETIC
PA_001158,2025-03-02,GLADSTONE,11,9.3,53.1,LOW,SYNTHETIC_GENERATOR_V1,SYNTHETIC
PA_001159,2025-03-03,GLADSTONE,6,1.0,43.3,LOW,SYNTHETIC_GENERATOR_V1,SYNTHETIC
PA_001160,2025-03-04,GLADSTONE,15,22.9,59.3,LOW,SYNTHETIC_GENERATOR_V1,SYNTHETIC
PA_001161,2025-03-05,GLADSTONE,11,16.9,57.7,LOW,SYNTHETIC_GENERATOR_V1,SYNTHETIC
PA_001162,2025-03-06,GLADSTONE,7,5.0,42.2,LOW,SYNTHETIC_GENERATOR_V1,SYNTHETIC
PA_001163,2025-03-07,GLADSTONE,16,21.6,59.6,LOW,SYNTHETIC_GENERATOR_V1,SYNTHETIC
PA_001164,2025-03-08,GLADSTONE,10,10.9,48.6,LOW,SYNTHETIC_GENERATOR_V1,SYNTHETIC
PA_001165,2025-03-09,GLADSTONE,12,17.1,48.0,LOW,SYNTHETIC_GENERATOR_V1,SYNTHETIC
PA_001166,2025-03-10,GLADSTONE,11,12.9,53.3,LOW,SYNTHETIC_GENERATOR_V1,SYNTHETIC
PA_001167,2025-03-11,GLADSTONE,11,3.4,33.6,LOW,SYNTHETIC_GENERATOR_V1,SYNTHETIC
PA_001168,2025-03-12,GLADSTONE,14,14.8,47.9,LOW,SYNTHETIC_GENERATOR_V1,SYNTHETIC
PA_001169,2025-03-13,GLADSTONE,12,8.7,43.3,LOW,SYNTHETIC_GENERATOR_V1,SYNTHETIC
PA_001170,2025-03-14,GLADSTONE,14,22.4,55.2,LOW,SYNTHETIC_GENERATOR_V1,SYNTHETIC
PA_001171,2025-03-15,GLADSTONE,10,6.0,42.0,LOW,SYNTHETIC_GENERATOR_V1,SYNTHETIC
PA_001172,2025-03-16,GLADSTONE,11,14.1,48.4,LOW,SYNTHETIC_GENERATOR_V1,SYNTHETIC
PA_001173,2025-03-17,GLADSTONE,10,11.2,51.8,LOW,SYNTHETIC_GENERATOR_V1,SYNTHETIC
PA_001174,2025-03-18,GLADSTONE,15,24.2,69.0,MEDIUM,SYNTHETIC_GENERATOR_V1,SYNTHETIC
PA_001175,2025-03-19,GLADSTONE,9,8.8,50.2,LOW,SYNTHETIC_GENERATOR_V1,SYNTHETIC
PA_001176,2025-03-20,GLADSTONE,15,22.0,61.8,LOW,SYNTHETIC_GENERATOR_V1,SYNTHETIC
PA_001177,2025-03-21,GLADSTONE,15,20.2,51.4,LOW,SYNTHETIC_GENERATOR_V1,SYNTHETIC
PA_001178,2025-03-22,GLADSTONE,10,21.3,61.4,LOW,SYNTHETIC_GENERATOR_V1,SYNTHETIC
PA_001179,2025-03-23,GLADSTONE,17,24.0,62.3,MEDIUM,SYNTHETIC_GENERATOR_V1,SYNTHETIC
PA_001180,2025-03-24,GLADSTONE,16,29.0,67.1,MEDIUM,SYNTHETIC_GENERATOR_V1,SYNTHETIC
PA_001181,2025-03-25,GLADSTONE,11,13.5,49.2,LOW,SYNTHETIC_GENERATOR_V1,SYNTHETIC
PA_001182,2025-03-26,GLADSTONE,15,21.0,61.5,LOW,SYNTHETIC_GENERATOR_V1,SYNTHETIC
PA_001183,2025-03-27,GLADSTONE,16,29.3,64.9,MEDIUM,SYNTHETIC_GENERATOR_V1,SYNTHETIC
PA_001184,2025-03-28,GLADSTONE,12,17.7,65.8,LOW,SYNTHETIC_GENERATOR_V1,SYNTHETIC
PA_001185,2025-03-29,GLADSTONE,13,20.2,55.3,LOW,SYNTHETIC_GENERATOR_V1,SYNTHETIC
PA_001186,2025-03-30,GLADSTONE,10,11.6,52.0,LOW,SYNTHETIC_GENERATOR_V1,SYNTHETIC
PA_001187,2025-03-31,GLADSTONE,8,6.3,43.5,LOW,SYNTHETIC_GENERATOR_V1,SYNTHETIC
PA_001188,2025-04-01,GLADSTONE,10,17.0,56.4,LOW,SYNTHETIC_GENERATOR_V1,SYNTHETIC
PA_001189,2025-04-02,GLADSTONE,15,22.5,51.7,LOW,SYNTHETIC_GENERATOR_V1,SYNTHETIC
PA_001190,2025-04-03,GLADSTONE,14,23.0,68.0,LOW,SYNTHETIC_GENERATOR_V1,SYNTHETIC
PA_001191,2025-04-04,GLADSTONE,12,14.6,58.3,LOW,SYNTHETIC_GENERATOR_V1,SYNTHETIC
PA_001192,2025-04-05,GLADSTONE,19,31.8,73.4,MEDIUM,SYNTHETIC_GENERATOR_V1,SYNTHETIC
PA_001193,2025-04-06,GLADSTONE,12,14.6,66.6,LOW,SYNTHETIC_GENERATOR_V1,SYNTHETIC
PA_001194,2025-04-07,GLADSTONE,18,24.6,57.3,MEDIUM,SYNTHETIC_GENERATOR_V1,SYNTHETIC
PA_001195,2025-04-08,GLADSTONE,14,20.7,63.9,LOW,SYNTHETIC_GENERATOR_V1,SYNTHETIC
PA_001196,2025-04-09,GLADSTONE,12,19.6,55.8,LOW,SYNTHETIC_GENERATOR_V1,SYNTHETIC
PA_001197,2025-04-10,GLADSTONE,10,10.9,51.5,LOW,SYNTHETIC_GENERATOR_V1,SYNTHETIC
PA_001198,2025-04-11,GLADSTONE,11,10.2,39.8,LOW,SYNTHETIC_GENERATOR_V1,SYNTHETIC
PA_001199,2025-04-12,GLADSTONE,9,9.5,52.0,LOW,SYNTHETIC_GENERATOR_V1,SYNTHETIC
PA_001200,2025-04-13,GLADSTONE,11,11.0,46.9,LOW,SYNTHETIC_GENERATOR_V1,SYNTHETIC
PA_001201,2025-04-14,GLADSTONE,12,13.4,50.3,LOW,SYNTHETIC_GENERATOR_V1,SYNTHETIC
PA_001202,2025-04-15,GLADSTONE,15,27.5,64.5,MEDIUM,SYNTHETIC_GENERATOR_V1,SYNTHETIC
PA_001203,2025-04-16,GLADSTONE,9,6.7,44.2,LOW,SYNTHETIC_GENERATOR_V1,SYNTHETIC
PA_001204,2025-04-17,GLADSTONE,10,9.8,50.8,LOW,SYNTHETIC_GENERATOR_V1,SYNTHETIC
PA_001205,2025-04-18,GLADSTONE,9,6.8,47.8,LOW,SYNTHETIC_GENERATOR_V1,SYNTHETIC
PA_001206,2025-04-19,GLADSTONE,19,33.0,74.4,MEDIUM,SYNTHETIC_GENERATOR_V1,SYNTHETIC
PA_001207,2025-04-20,GLADSTONE,10,14.3,56.9,LOW,SYNTHETIC_GENERATOR_V1,SYNTHETIC
PA_001208,2025-04-21,GLADSTONE,9,10.7,48.0,LOW,SYNTHETIC_GENERATOR_V1,SYNTHETIC
PA_001209,2025-04-22,GLADSTONE,11,17.6,57.4,LOW,SYNTHETIC_GENERATOR_V1,SYNTHETIC
PA_001210,2025-04-23,GLADSTONE,8,9.0,44.2,LOW,SYNTHETIC_GENERATOR_V1,SYNTHETIC
PA_001211,2025-04-24,GLADSTONE,9,2.4,42.1,LOW,SYNTHETIC_GENERATOR_V1,SYNTHETIC
PA_001212,2025-04-25,GLADSTONE,14,12.8,44.9,LOW,SYNTHETIC_GENERATOR_V1,SYNTHETIC
PA_001213,2025-04-26,GLADSTONE,10,8.4,51.3,LOW,SYNTHETIC_GENERATOR_V1,SYNTHETIC
PA_001214,2025-04-27,GLADSTONE,14,24.7,56.6,MEDIUM,SYNTHETIC_GENERATOR_V1,SYNTHETIC
PA_001215,2025-04-28,GLADSTONE,12,18.0,61.7,LOW,SYNTHETIC_GENERATOR_V1,SYNTHETIC
PA_001216,2025-04-29,GLADSTONE,19,32.2,79.9,MEDIUM,SYNTHETIC_GENERATOR_V1,SYNTHETIC
PA_001217,2025-04-30,GLADSTONE,12,22.3,60.9,LOW,SYNTHETIC_GENERATOR_V1,SYNTHETIC
PA_001218,2025-05-01,GLADSTONE,13,19.5,58.4,LOW,SYNTHETIC_GENERATOR_V1,SYNTHETIC
PA_001219,2025-05-02,GLADSTONE,13,11.8,48.0,LOW,SYNTHETIC_GENERATOR_V1,SYNTHETIC
PA_001220,2025-05-03,GLADSTONE,11,17.9,58.6,LOW,SYNTHETIC_GENERATOR_V1,SYNTHETIC
PA_001221,2025-05-04,GLADSTONE,10,16.2,50.0,LOW,SYNTHETIC_GENERATOR_V1,SYNTHETIC
PA_001222,2025-05-05,GLADSTONE,12,19.0,62.0,LOW,SYNTHETIC_GENERATOR_V1,SYNTHETIC
PA_001223,2025-05-06,GLADSTONE,14,26.2,66.6,MEDIUM,SYNTHETIC_GENERATOR_V1,SYNTHETIC
PA_001224,2025-05-07,GLADSTONE,20,33.2,71.0,MEDIUM,SYNTHETIC_GENERATOR_V1,SYNTHETIC
PA_001225,2025-05-08,GLADSTONE,11,12.8,51.9,LOW,SYNTHETIC_GENERATOR_V1,SYNTHETIC
PA_001226,2025-05-09,GLADSTONE,10,13.2,48.6,LOW,SYNTHETIC_GENERATOR_V1,SYNTHETIC
PA_001227,2025-05-10,GLADSTONE,13,15.7,52.1,LOW,SYNTHETIC_GENERATOR_V1,SYNTHETIC
PA_001228,2025-05-11,GLADSTONE,13,12.1,44.1,LOW,SYNTHETIC_GENERATOR_V1,SYNTHETIC
PA_001229,2025-05-12,GLADSTONE,17,24.5,63.2,MEDIUM,SYNTHETIC_GENERATOR_V1,SYNTHETIC
PA_001230,2025-05-13,GLADSTONE,16,21.2,62.6,LOW,SYNTHETIC_GENERATOR_V1,SYNTHETIC
PA_001231,2025-05-14,GLADSTONE,13,16.6,49.8,LOW,SYNTHETIC_GENERATOR_V1,SYNTHETIC
PA_001232,2025-05-15,GLADSTONE,10,12.2,46.9,LOW,SYNTHETIC_GENERATOR_V1,SYNTHETIC
PA_001233,2025-05-16,GLADSTONE,9,7.9,42.6,LOW,SYNTHETIC_GENERATOR_V1,SYNTHETIC
PA_001234,2025-05-17,GLADSTONE,17,18.5,56.2,LOW,SYNTHETIC_GENERATOR_V1,SYNTHETIC
PA_001235,2025-05-18,GLADSTONE,8,14.1,53.7,LOW,SYNTHETIC_GENERATOR_V1,SYNTHETIC
PA_001236,2025-05-19,GLADSTONE,8,6.7,41.3,LOW,SYNTHETIC_GENERATOR_V1,SYNTHETIC
PA_001237,2025-05-20,GLADSTONE,15,20.1,57.9,LOW,SYNTHETIC_GENERATOR_V1,SYNTHETIC
PA_001238,2025-05-21,GLADSTONE,11,14.7,54.0,LOW,SYNTHETIC_GENERATOR_V1,SYNTHETIC
PA_001239,2025-05-22,GLADSTONE,12,21.1,59.9,LOW,SYNTHETIC_GENERATOR_V1,SYNTHETIC
PA_001240,2025-05-23,GLADSTONE,8,3.0,42.6,LOW,SYNTHETIC_GENERATOR_V1,SYNTHETIC
PA_001241,2025-05-24,GLADSTONE,13,23.3,63.0,LOW,SYNTHETIC_GENERATOR_V1,SYNTHETIC
PA_001242,2025-05-25,GLADSTONE,9,1.9,44.6,LOW,SYNTHETIC_GENERATOR_V1,SYNTHETIC
PA_001243,2025-05-26,GLADSTONE,7,6.4,49.0,LOW,SYNTHETIC_GENERATOR_V1,SYNTHETIC
PA_001244,2025-05-27,GLADSTONE,13,15.7,54.2,LOW,SYNTHETIC_GENERATOR_V1,SYNTHETIC
PA_001245,2025-05-28,GLADSTONE,12,11.7,48.1,LOW,SYNTHETIC_GENERATOR_V1,SYNTHETIC
PA_001246,2025-05-29,GLADSTONE,13,20.3,59.3,LOW,SYNTHETIC_GENERATOR_V1,SYNTHETIC
PA_001247,2025-05-30,GLADSTONE,10,7.0,46.0,LOW,SYNTHETIC_GENERATOR_V1,SYNTHETIC
PA_001248,2025-05-31,GLADSTONE,12,17.0,53.9,LOW,SYNTHETIC_GENERATOR_V1,SYNTHETIC
PA_001249,2025-06-01,GLADSTONE,9,18.2,62.8,LOW,SYNTHETIC_GENERATOR_V1,SYNTHETIC
PA_001250,2025-06-02,GLADSTONE,7,6.5,39.6,LOW,SYNTHETIC_GENERATOR_V1,SYNTHETIC
PA_001251,2025-06-03,GLADSTONE,14,17.9,52.2,LOW,SYNTHETIC_GENERATOR_V1,SYNTHETIC
PA_001252,2025-06-04,GLADSTONE,16,21.9,61.3,LOW,SYNTHETIC_GENERATOR_V1,SYNTHETIC
PA_001253,2025-06-05,GLADSTONE,16,19.2,57.0,LOW,SYNTHETIC_GENERATOR_V1,SYNTHETIC
PA_001254,2025-06-06,GLADSTONE,9,12.5,47.2,LOW,SYNTHETIC_GENERATOR_V1,SYNTHETIC
PA_001255,2025-06-07,GLADSTONE,13,21.5,58.0,LOW,SYNTHETIC_GENERATOR_V1,SYNTHETIC
PA_001256,2025-06-08,GLADSTONE,13,12.4,49.4,LOW,SYNTHETIC_GENERATOR_V1,SYNTHETIC
PA_001257,2025-06-09,GLADSTONE,19,27.2,64.6,MEDIUM,SYNTHETIC_GENERATOR_V1,SYNTHETIC
PA_001258,2025-06-10,GLADSTONE,8,7.5,43.2,LOW,SYNTHETIC_GENERATOR_V1,SYNTHETIC
PA_001259,2025-06-11,GLADSTONE,16,24.0,62.8,MEDIUM,SYNTHETIC_GENERATOR_V1,SYNTHETIC
PA_001260,2025-06-12,GLADSTONE,17,25.7,60.6,MEDIUM,SYNTHETIC_GENERATOR_V1,SYNTHETIC
PA_001261,2025-06-13,GLADSTONE,10,10.7,47.6,LOW,SYNTHETIC_GENERATOR_V1,SYNTHETIC
PA_001262,2025-06-14,GLADSTONE,11,16.5,55.5,LOW,SYNTHETIC_GENERATOR_V1,SYNTHETIC
PA_001263,2025-06-15,GLADSTONE,10,10.3,50.9,LOW,SYNTHETIC_GENERATOR_V1,SYNTHETIC
PA_001264,2025-06-16,GLADSTONE,7,0.6,41.8,LOW,SYNTHETIC_GENERATOR_V1,SYNTHETIC
PA_001265,2025-06-17,GLADSTONE,11,14.3,50.8,LOW,SYNTHETIC_GENERATOR_V1,SYNTHETIC
PA_001266,2025-06-18,GLADSTONE,16,29.1,68.3,MEDIUM,SYNTHETIC_GENERATOR_V1,SYNTHETIC
PA_001267,2025-06-19,GLADSTONE,13,15.6,48.1,LOW,SYNTHETIC_GENERATOR_V1,SYNTHETIC
PA_001268,2025-06-20,GLADSTONE,12,17.2,50.4,LOW,SYNTHETIC_GENERATOR_V1,SYNTHETIC
PA_001269,2025-06-21,GLADSTONE,12,15.1,53.3,LOW,SYNTHETIC_GENERATOR_V1,SYNTHETIC
PA_001270,2025-06-22,GLADSTONE,13,19.8,56.5,LOW,SYNTHETIC_GENERATOR_V1,SYNTHETIC
PA_001271,2025-06-23,GLADSTONE,7,9.7,51.1,LOW,SYNTHETIC_GENERATOR_V1,SYNTHETIC
PA_001272,2025-06-24,GLADSTONE,10,10.0,46.1,LOW,SYNTHETIC_GENERATOR_V1,SYNTHETIC
PA_001273,2025-06-25,GLADSTONE,13,19.8,60.0,LOW,SYNTHETIC_GENERATOR_V1,SYNTHETIC
PA_001274,2025-06-26,GLADSTONE,9,14.0,49.4,LOW,SYNTHETIC_GENERATOR_V1,SYNTHETIC
PA_001275,2025-06-27,GLADSTONE,14,20.8,57.5,LOW,SYNTHETIC_GENERATOR_V1,SYNTHETIC
PA_001276,2025-06-28,GLADSTONE,6,4.5,38.4,LOW,SYNTHETIC_GENERATOR_V1,SYNTHETIC
PA_001277,2025-06-29,GLADSTONE,16,20.9,53.3,LOW,SYNTHETIC_GENERATOR_V1,SYNTHETIC
PA_001278,2025-06-30,GLADSTONE,12,17.6,49.5,LOW,SYNTHETIC_GENERATOR_V1,SYNTHETIC
PA_001279,2025-07-01,GLADSTONE,13,24.5,62.1,MEDIUM,SYNTHETIC_GENERATOR_V1,SYNTHETIC
PA_001280,2025-07-02,GLADSTONE,12,15.2,48.7,LOW,SYNTHETIC_GENERATOR_V1,SYNTHETIC
PA_001281,2025-07-03,GLADSTONE,11,9.3,50.3,LOW,SYNTHETIC_GENERATOR_V1,SYNTHETIC
PA_001282,2025-07-04,GLADSTONE,15,28.0,72.7,MEDIUM,SYNTHETIC_GENERATOR_V1,SYNTHETIC
PA_001283,2025-07-05,GLADSTONE,11,14.9,53.0,LOW,SYNTHETIC_GENERATOR_V1,SYNTHETIC
PA_001284,2025-07-06,GLADSTONE,9,15.2,49.0,LOW,SYNTHETIC_GENERATOR_V1,SYNTHETIC
PA_001285,2025-07-07,GLADSTONE,15,23.6,69.4,LOW,SYNTHETIC_GENERATOR_V1,SYNTHETIC
PA_001286,2025-07-08,GLADSTONE,7,8.2,39.1,LOW,SYNTHETIC_GENERATOR_V1,SYNTHETIC
PA_001287,2025-07-09,GLADSTONE,5,4.1,42.7,LOW,SYNTHETIC_GENERATOR_V1,SYNTHETIC
PA_001288,2025-07-10,GLADSTONE,10,9.8,52.9,LOW,SYNTHETIC_GENERATOR_V1,SYNTHETIC
PA_001289,2025-07-11,GLADSTONE,17,23.9,61.1,LOW,SYNTHETIC_GENERATOR_V1,SYNTHETIC
PA_001290,2025-07-12,GLADSTONE,11,12.8,52.3,LOW,SYNTHETIC_GENERATOR_V1,SYNTHETIC
PA_001291,2025-07-13,GLADSTONE,17,19.3,55.5,LOW,SYNTHETIC_GENERATOR_V1,SYNTHETIC
PA_001292,2025-07-14,GLADSTONE,16,22.0,60.0,LOW,SYNTHETIC_GENERATOR_V1,SYNTHETIC
PA_001293,2025-07-15,GLADSTONE,13,20.9,61.8,LOW,SYNTHETIC_GENERATOR_V1,SYNTHETIC
PA_001294,2025-07-16,GLADSTONE,10,12.6,46.3,LOW,SYNTHETIC_GENERATOR_V1,SYNTHETIC
PA_001295,2025-07-17,GLADSTONE,13,13.4,50.4,LOW,SYNTHETIC_GENERATOR_V1,SYNTHETIC
PA_001296,2025-07-18,GLADSTONE,12,10.4,40.1,LOW,SYNTHETIC_GENERATOR_V1,SYNTHETIC
PA_001297,2025-07-19,GLADSTONE,16,22.0,55.7,LOW,SYNTHETIC_GENERATOR_V1,SYNTHETIC
PA_001298,2025-07-20,GLADSTONE,14,17.4,55.6,LOW,SYNTHETIC_GENERATOR_V1,SYNTHETIC
PA_001299,2025-07-21,GLADSTONE,10,13.0,59.3,LOW,SYNTHETIC_GENERATOR_V1,SYNTHETIC
PA_001300,2025-07-22,GLADSTONE,17,27.9,64.4,MEDIUM,SYNTHETIC_GENERATOR_V1,SYNTHETIC
PA_001301,2025-07-23,GLADSTONE,7,12.6,54.8,LOW,SYNTHETIC_GENERATOR_V1,SYNTHETIC
PA_001302,2025-07-24,GLADSTONE,10,15.5,55.9,LOW,SYNTHETIC_GENERATOR_V1,SYNTHETIC
PA_001303,2025-07-25,GLADSTONE,12,9.9,50.1,LOW,SYNTHETIC_GENERATOR_V1,SYNTHETIC
PA_001304,2025-07-26,GLADSTONE,13,20.3,60.7,LOW,SYNTHETIC_GENERATOR_V1,SYNTHETIC
PA_001305,2025-07-27,GLADSTONE,4,3.4,49.3,LOW,SYNTHETIC_GENERATOR_V1,SYNTHETIC
PA_001306,2025-07-28,GLADSTONE,10,9.3,52.1,LOW,SYNTHETIC_GENERATOR_V1,SYNTHETIC
PA_001307,2025-07-29,GLADSTONE,15,27.4,66.6,MEDIUM,SYNTHETIC_GENERATOR_V1,SYNTHETIC
PA_001308,2025-07-30,GLADSTONE,14,30.4,65.7,MEDIUM,SYNTHETIC_GENERATOR_V1,SYNTHETIC
PA_001309,2025-07-31,GLADSTONE,10,14.6,52.5,LOW,SYNTHETIC_GENERATOR_V1,SYNTHETIC
PA_001310,2025-08-01,GLADSTONE,11,14.2,56.8,LOW,SYNTHETIC_GENERATOR_V1,SYNTHETIC
PA_001311,2025-08-02,GLADSTONE,12,15.1,61.6,LOW,SYNTHETIC_GENERATOR_V1,SYNTHETIC
PA_001312,2025-08-03,GLADSTONE,12,23.4,65.2,LOW,SYNTHETIC_GENERATOR_V1,SYNTHETIC
PA_001313,2025-08-04,GLADSTONE,10,14.7,53.3,LOW,SYNTHETIC_GENERATOR_V1,SYNTHETIC
PA_001314,2025-08-05,GLADSTONE,15,22.3,68.3,LOW,SYNTHETIC_GENERATOR_V1,SYNTHETIC
PA_001315,2025-08-06,GLADSTONE,18,27.1,63.0,MEDIUM,SYNTHETIC_GENERATOR_V1,SYNTHETIC
PA_001316,2025-08-07,GLADSTONE,18,28.6,70.5,MEDIUM,SYNTHETIC_GENERATOR_V1,SYNTHETIC
PA_001317,2025-08-08,GLADSTONE,13,16.6,61.1,LOW,SYNTHETIC_GENERATOR_V1,SYNTHETIC
PA_001318,2025-08-09,GLADSTONE,10,13.1,54.2,LOW,SYNTHETIC_GENERATOR_V1,SYNTHETIC
PA_001319,2025-08-10,GLADSTONE,17,22.3,59.8,LOW,SYNTHETIC_GENERATOR_V1,SYNTHETIC
PA_001320,2025-08-11,GLADSTONE,11,11.6,53.1,LOW,SYNTHETIC_GENERATOR_V1,SYNTHETIC
PA_001321,2025-08-12,GLADSTONE,12,20.1,60.4,LOW,SYNTHETIC_GENERATOR_V1,SYNTHETIC
PA_001322,2025-08-13,GLADSTONE,11,10.6,52.4,LOW,SYNTHETIC_GENERATOR_V1,SYNTHETIC
PA_001323,2025-08-14,GLADSTONE,11,13.1,50.1,LOW,SYNTHETIC_GENERATOR_V1,SYNTHETIC
PA_001324,2025-08-15,GLADSTONE,17,32.4,64.9,MEDIUM,SYNTHETIC_GENERATOR_V1,SYNTHETIC
PA_001325,2025-08-16,GLADSTONE,12,16.2,47.3,LOW,SYNTHETIC_GENERATOR_V1,SYNTHETIC
PA_001326,2025-08-17,GLADSTONE,7,7.6,43.1,LOW,SYNTHETIC_GENERATOR_V1,SYNTHETIC
PA_001327,2025-08-18,GLADSTONE,7,10.1,48.1,LOW,SYNTHETIC_GENERATOR_V1,SYNTHETIC
PA_001328,2025-08-19,GLADSTONE,16,28.9,68.5,MEDIUM,SYNTHETIC_GENERATOR_V1,SYNTHETIC
PA_001329,2025-08-20,GLADSTONE,14,20.2,59.0,LOW,SYNTHETIC_GENERATOR_V1,SYNTHETIC
PA_001330,2025-08-21,GLADSTONE,14,21.0,58.8,LOW,SYNTHETIC_GENERATOR_V1,SYNTHETIC
PA_001331,2025-08-22,GLADSTONE,9,8.0,42.0,LOW,SYNTHETIC_GENERATOR_V1,SYNTHETIC
PA_001332,2025-08-23,GLADSTONE,8,5.8,44.2,LOW,SYNTHETIC_GENERATOR_V1,SYNTHETIC
PA_001333,2025-08-24,GLADSTONE,9,12.9,51.8,LOW,SYNTHETIC_GENERATOR_V1,SYNTHETIC
PA_001334,2025-08-25,GLADSTONE,13,19.7,52.3,LOW,SYNTHETIC_GENERATOR_V1,SYNTHETIC
PA_001335,2025-08-26,GLADSTONE,10,15.6,50.2,LOW,SYNTHETIC_GENERATOR_V1,SYNTHETIC
PA_001336,2025-08-27,GLADSTONE,7,2.8,39.7,LOW,SYNTHETIC_GENERATOR_V1,SYNTHETIC
PA_001337,2025-08-28,GLADSTONE,12,14.6,56.5,LOW,SYNTHETIC_GENERATOR_V1,SYNTHETIC
PA_001338,2025-08-29,GLADSTONE,8,8.0,46.5,LOW,SYNTHETIC_GENERATOR_V1,SYNTHETIC
PA_001339,2025-08-30,GLADSTONE,14,19.7,61.7,LOW,SYNTHETIC_GENERATOR_V1,SYNTHETIC
PA_001340,2025-08-31,GLADSTONE,15,21.6,61.9,LOW,SYNTHETIC_GENERATOR_V1,SYNTHETIC
PA_001341,2025-09-01,GLADSTONE,12,20.2,55.5,LOW,SYNTHETIC_GENERATOR_V1,SYNTHETIC
PA_001342,2025-09-02,GLADSTONE,9,11.5,48.9,LOW,SYNTHETIC_GENERATOR_V1,SYNTHETIC
PA_001343,2025-09-03,GLADSTONE,9,12.6,49.7,LOW,SYNTHETIC_GENERATOR_V1,SYNTHETIC
PA_001344,2025-09-04,GLADSTONE,6,5.3,43.8,LOW,SYNTHETIC_GENERATOR_V1,SYNTHETIC
PA_001345,2025-09-05,GLADSTONE,14,17.9,58.5,LOW,SYNTHETIC_GENERATOR_V1,SYNTHETIC
PA_001346,2025-09-06,GLADSTONE,12,6.9,48.4,LOW,SYNTHETIC_GENERATOR_V1,SYNTHETIC
PA_001347,2025-09-07,GLADSTONE,16,18.0,58.8,LOW,SYNTHETIC_GENERATOR_V1,SYNTHETIC
PA_001348,2025-09-08,GLADSTONE,8,11.3,50.2,LOW,SYNTHETIC_GENERATOR_V1,SYNTHETIC
PA_001349,2025-09-09,GLADSTONE,8,12.8,47.7,LOW,SYNTHETIC_GENERATOR_V1,SYNTHETIC
PA_001350,2025-09-10,GLADSTONE,9,12.1,52.3,LOW,SYNTHETIC_GENERATOR_V1,SYNTHETIC
PA_001351,2025-09-11,GLADSTONE,12,14.7,53.1,LOW,SYNTHETIC_GENERATOR_V1,SYNTHETIC
PA_001352,2025-09-12,GLADSTONE,6,7.6,41.7,LOW,SYNTHETIC_GENERATOR_V1,SYNTHETIC
PA_001353,2025-09-13,GLADSTONE,12,12.8,53.9,LOW,SYNTHETIC_GENERATOR_V1,SYNTHETIC
PA_001354,2025-09-14,GLADSTONE,19,32.9,66.5,MEDIUM,SYNTHETIC_GENERATOR_V1,SYNTHETIC
PA_001355,2025-09-15,GLADSTONE,12,18.2,51.5,LOW,SYNTHETIC_GENERATOR_V1,SYNTHETIC
PA_001356,2025-09-16,GLADSTONE,9,18.6,63.1,LOW,SYNTHETIC_GENERATOR_V1,SYNTHETIC
PA_001357,2025-09-17,GLADSTONE,17,28.1,66.4,MEDIUM,SYNTHETIC_GENERATOR_V1,SYNTHETIC
PA_001358,2025-09-18,GLADSTONE,5,9.1,54.4,LOW,SYNTHETIC_GENERATOR_V1,SYNTHETIC
PA_001359,2025-09-19,GLADSTONE,13,22.3,61.1,LOW,SYNTHETIC_GENERATOR_V1,SYNTHETIC
PA_001360,2025-09-20,GLADSTONE,11,14.0,50.0,LOW,SYNTHETIC_GENERATOR_V1,SYNTHETIC
PA_001361,2025-09-21,GLADSTONE,18,28.1,63.6,MEDIUM,SYNTHETIC_GENERATOR_V1,SYNTHETIC
PA_001362,2025-09-22,GLADSTONE,15,21.2,53.4,LOW,SYNTHETIC_GENERATOR_V1,SYNTHETIC
PA_001363,2025-09-23,GLADSTONE,14,25.2,58.5,MEDIUM,SYNTHETIC_GENERATOR_V1,SYNTHETIC
PA_001364,2025-09-24,GLADSTONE,13,19.7,56.0,LOW,SYNTHETIC_GENERATOR_V1,SYNTHETIC
PA_001365,2025-09-25,GLADSTONE,11,9.5,49.7,LOW,SYNTHETIC_GENERATOR_V1,SYNTHETIC
PA_001366,2025-09-26,GLADSTONE,13,16.6,59.8,LOW,SYNTHETIC_GENERATOR_V1,SYNTHETIC
PA_001367,2025-09-27,GLADSTONE,10,8.3,44.6,LOW,SYNTHETIC_GENERATOR_V1,SYNTHETIC
PA_001368,2025-09-28,GLADSTONE,13,16.9,53.3,LOW,SYNTHETIC_GENERATOR_V1,SYNTHETIC
PA_001369,2025-09-29,GLADSTONE,10,6.3,44.9,LOW,SYNTHETIC_GENERATOR_V1,SYNTHETIC
PA_001370,2025-09-30,GLADSTONE,11,15.7,46.4,LOW,SYNTHETIC_GENERATOR_V1,SYNTHETIC
PA_001371,2025-10-01,GLADSTONE,17,23.6,56.8,LOW,SYNTHETIC_GENERATOR_V1,SYNTHETIC
PA_001372,2025-10-02,GLADSTONE,11,12.8,52.6,LOW,SYNTHETIC_GENERATOR_V1,SYNTHETIC
PA_001373,2025-10-03,GLADSTONE,12,18.1,56.7,LOW,SYNTHETIC_GENERATOR_V1,SYNTHETIC
PA_001374,2025-10-04,GLADSTONE,13,19.8,60.3,LOW,SYNTHETIC_GENERATOR_V1,SYNTHETIC
PA_001375,2025-10-05,GLADSTONE,9,12.8,46.9,LOW,SYNTHETIC_GENERATOR_V1,SYNTHETIC
PA_001376,2025-10-06,GLADSTONE,12,14.4,49.9,LOW,SYNTHETIC_GENERATOR_V1,SYNTHETIC
PA_001377,2025-10-07,GLADSTONE,16,27.3,67.8,MEDIUM,SYNTHETIC_GENERATOR_V1,SYNTHETIC
PA_001378,2025-10-08,GLADSTONE,15,19.1,54.7,LOW,SYNTHETIC_GENERATOR_V1,SYNTHETIC
PA_001379,2025-10-09,GLADSTONE,9,5.5,42.5,LOW,SYNTHETIC_GENERATOR_V1,SYNTHETIC
PA_001380,2025-10-10,GLADSTONE,13,17.3,59.8,LOW,SYNTHETIC_GENERATOR_V1,SYNTHETIC
PA_001381,2025-10-11,GLADSTONE,10,12.6,50.9,LOW,SYNTHETIC_GENERATOR_V1,SYNTHETIC
PA_001382,2025-10-12,GLADSTONE,20,35.1,80.3,MEDIUM,SYNTHETIC_GENERATOR_V1,SYNTHETIC
PA_001383,2025-10-13,GLADSTONE,12,15.8,53.8,LOW,SYNTHETIC_GENERATOR_V1,SYNTHETIC
PA_001384,2025-10-14,GLADSTONE,9,12.0,53.0,LOW,SYNTHETIC_GENERATOR_V1,SYNTHETIC
PA_001385,2025-10-15,GLADSTONE,10,14.1,54.4,LOW,SYNTHETIC_GENERATOR_V1,SYNTHETIC
PA_001386,2025-10-16,GLADSTONE,13,10.3,48.5,LOW,SYNTHETIC_GENERATOR_V1,SYNTHETIC
PA_001387,2025-10-17,GLADSTONE,9,11.3,41.1,LOW,SYNTHETIC_GENERATOR_V1,SYNTHETIC
PA_001388,2025-10-18,GLADSTONE,11,13.5,47.3,LOW,SYNTHETIC_GENERATOR_V1,SYNTHETIC
PA_001389,2025-10-19,GLADSTONE,11,22.7,49.3,LOW,SYNTHETIC_GENERATOR_V1,SYNTHETIC
PA_001390,2025-10-20,GLADSTONE,21,36.0,71.8,MEDIUM,SYNTHETIC_GENERATOR_V1,SYNTHETIC
PA_001391,2025-10-21,GLADSTONE,14,22.3,61.2,LOW,SYNTHETIC_GENERATOR_V1,SYNTHETIC
PA_001392,2025-10-22,GLADSTONE,12,13.4,50.2,LOW,SYNTHETIC_GENERATOR_V1,SYNTHETIC
PA_001393,2025-10-23,GLADSTONE,11,9.3,51.8,LOW,SYNTHETIC_GENERATOR_V1,SYNTHETIC
PA_001394,2025-10-24,GLADSTONE,9,14.6,57.1,LOW,SYNTHETIC_GENERATOR_V1,SYNTHETIC
PA_001395,2025-10-25,GLADSTONE,13,17.0,52.8,LOW,SYNTHETIC_GENERATOR_V1,SYNTHETIC
PA_001396,2025-10-26,GLADSTONE,8,14.2,55.1,LOW,SYNTHETIC_GENERATOR_V1,SYNTHETIC
PA_001397,2025-10-27,GLADSTONE,13,17.9,57.9,LOW,SYNTHETIC_GENERATOR_V1,SYNTHETIC
PA_001398,2025-10-28,GLADSTONE,10,11.4,50.6,LOW,SYNTHETIC_GENERATOR_V1,SYNTHETIC
PA_001399,2025-10-29,GLADSTONE,7,10.0,44.2,LOW,SYNTHETIC_GENERATOR_V1,SYNTHETIC
PA_001400,2025-10-30,GLADSTONE,11,12.1,53.8,LOW,SYNTHETIC_GENERATOR_V1,SYNTHETIC
PA_001401,2025-10-31,GLADSTONE,10,25.8,60.4,MEDIUM,SYNTHETIC_GENERATOR_V1,SYNTHETIC
PA_001402,2025-11-01,GLADSTONE,7,10.1,51.4,LOW,SYNTHETIC_GENERATOR_V1,SYNTHETIC
PA_001403,2025-11-02,GLADSTONE,11,9.9,44.2,LOW,SYNTHETIC_GENERATOR_V1,SYNTHETIC
PA_001404,2025-11-03,GLADSTONE,15,20.0,56.7,LOW,SYNTHETIC_GENERATOR_V1,SYNTHETIC
PA_001405,2025-11-04,GLADSTONE,15,24.3,58.6,MEDIUM,SYNTHETIC_GENERATOR_V1,SYNTHETIC
PA_001406,2025-11-05,GLADSTONE,11,15.5,50.1,LOW,SYNTHETIC_GENERATOR_V1,SYNTHETIC
PA_001407,2025-11-06,GLADSTONE,10,15.4,53.6,LOW,SYNTHETIC_GENERATOR_V1,SYNTHETIC
PA_001408,2025-11-07,GLADSTONE,8,5.0,45.1,LOW,SYNTHETIC_GENERATOR_V1,SYNTHETIC
PA_001409,2025-11-08,GLADSTONE,11,14.4,55.5,LOW,SYNTHETIC_GENERATOR_V1,SYNTHETIC
PA_001410,2025-11-09,GLADSTONE,10,9.7,44.9,LOW,SYNTHETIC_GENERATOR_V1,SYNTHETIC
PA_001411,2025-11-10,GLADSTONE,14,17.0,61.3,LOW,SYNTHETIC_GENERATOR_V1,SYNTHETIC
PA_001412,2025-11-11,GLADSTONE,11,10.8,40.3,LOW,SYNTHETIC_GENERATOR_V1,SYNTHETIC
PA_001413,2025-11-12,GLADSTONE,8,5.6,45.6,LOW,SYNTHETIC_GENERATOR_V1,SYNTHETIC
PA_001414,2025-11-13,GLADSTONE,12,17.7,53.8,LOW,SYNTHETIC_GENERATOR_V1,SYNTHETIC
PA_001415,2025-11-14,GLADSTONE,15,25.5,62.6,MEDIUM,SYNTHETIC_GENERATOR_V1,SYNTHETIC
PA_001416,2025-11-15,GLADSTONE,14,22.8,63.9,LOW,SYNTHETIC_GENERATOR_V1,SYNTHETIC
PA_001417,2025-11-16,GLADSTONE,10,14.7,55.6,LOW,SYNTHETIC_GENERATOR_V1,SYNTHETIC
PA_001418,2025-11-17,GLADSTONE,10,17.6,55.8,LOW,SYNTHETIC_GENERATOR_V1,SYNTHETIC
PA_001419,2025-11-18,GLADSTONE,18,34.3,71.2,MEDIUM,SYNTHETIC_GENERATOR_V1,SYNTHETIC
PA_001420,2025-11-19,GLADSTONE,15,18.8,51.0,LOW,SYNTHETIC_GENERATOR_V1,SYNTHETIC
PA_001421,2025-11-20,GLADSTONE,16,21.5,54.8,LOW,SYNTHETIC_GENERATOR_V1,SYNTHETIC
PA_001422,2025-11-21,GLADSTONE,14,23.8,64.9,LOW,SYNTHETIC_GENERATOR_V1,SYNTHETIC
PA_001423,2025-11-22,GLADSTONE,10,13.4,53.6,LOW,SYNTHETIC_GENERATOR_V1,SYNTHETIC
PA_001424,2025-11-23,GLADSTONE,13,15.5,56.0,LOW,SYNTHETIC_GENERATOR_V1,SYNTHETIC
PA_001425,2025-11-24,GLADSTONE,9,6.7,43.9,LOW,SYNTHETIC_GENERATOR_V1,SYNTHETIC
PA_001426,2025-11-25,GLADSTONE,5,5.6,47.3,LOW,SYNTHETIC_GENERATOR_V1,SYNTHETIC
PA_001427,2025-11-26,GLADSTONE,8,10.5,46.4,LOW,SYNTHETIC_GENERATOR_V1,SYNTHETIC
PA_001428,2025-11-27,GLADSTONE,10,16.3,45.9,LOW,SYNTHETIC_GENERATOR_V1,SYNTHETIC
PA_001429,2025-11-28,GLADSTONE,11,15.2,63.2,LOW,SYNTHETIC_GENERATOR_V1,SYNTHETIC
PA_001430,2025-11-29,GLADSTONE,13,20.0,63.4,LOW,SYNTHETIC_GENERATOR_V1,SYNTHETIC
PA_001431,2025-11-30,GLADSTONE,8,9.5,53.9,LOW,SYNTHETIC_GENERATOR_V1,SYNTHETIC
PA_001432,2025-12-01,GLADSTONE,11,15.9,58.1,LOW,SYNTHETIC_GENERATOR_V1,SYNTHETIC
PA_001433,2025-12-02,GLADSTONE,12,10.6,49.9,LOW,SYNTHETIC_GENERATOR_V1,SYNTHETIC
PA_001434,2025-12-03,GLADSTONE,15,21.3,57.4,LOW,SYNTHETIC_GENERATOR_V1,SYNTHETIC
PA_001435,2025-12-04,GLADSTONE,10,13.1,49.8,LOW,SYNTHETIC_GENERATOR_V1,SYNTHETIC
PA_001436,2025-12-05,GLADSTONE,17,28.3,68.4,MEDIUM,SYNTHETIC_GENERATOR_V1,SYNTHETIC
PA_001437,2025-12-06,GLADSTONE,13,16.3,56.1,LOW,SYNTHETIC_GENERATOR_V1,SYNTHETIC
PA_001438,2025-12-07,GLADSTONE,15,28.1,65.2,MEDIUM,SYNTHETIC_GENERATOR_V1,SYNTHETIC
PA_001439,2025-12-08,GLADSTONE,14,25.4,63.1,MEDIUM,SYNTHETIC_GENERATOR_V1,SYNTHETIC
PA_001440,2025-12-09,GLADSTONE,11,9.5,51.1,LOW,SYNTHETIC_GENERATOR_V1,SYNTHETIC
PA_001441,2025-12-10,GLADSTONE,13,22.7,62.3,LOW,SYNTHETIC_GENERATOR_V1,SYNTHETIC
PA_001442,2025-12-11,GLADSTONE,19,28.0,60.3,MEDIUM,SYNTHETIC_GENERATOR_V1,SYNTHETIC
PA_001443,2025-12-12,GLADSTONE,12,19.0,59.9,LOW,SYNTHETIC_GENERATOR_V1,SYNTHETIC
PA_001444,2025-12-13,GLADSTONE,12,12.9,49.2,LOW,SYNTHETIC_GENERATOR_V1,SYNTHETIC
PA_001445,2025-12-14,GLADSTONE,10,15.2,48.0,LOW,SYNTHETIC_GENERATOR_V1,SYNTHETIC
PA_001446,2025-12-15,GLADSTONE,12,6.2,45.2,LOW,SYNTHETIC_GENERATOR_V1,SYNTHETIC
PA_001447,2025-12-16,GLADSTONE,7,7.4,44.2,LOW,SYNTHETIC_GENERATOR_V1,SYNTHETIC
PA_001448,2025-12-17,GLADSTONE,11,10.3,42.7,LOW,SYNTHETIC_GENERATOR_V1,SYNTHETIC
PA_001449,2025-12-18,GLADSTONE,9,6.0,48.2,LOW,SYNTHETIC_GENERATOR_V1,SYNTHETIC
PA_001450,2025-12-19,GLADSTONE,10,9.0,48.3,LOW,SYNTHETIC_GENERATOR_V1,SYNTHETIC
PA_001451,2025-12-20,GLADSTONE,8,8.7,38.9,LOW,SYNTHETIC_GENERATOR_V1,SYNTHETIC
PA_001452,2025-12-21,GLADSTONE,17,29.3,63.5,MEDIUM,SYNTHETIC_GENERATOR_V1,SYNTHETIC
PA_001453,2025-12-22,GLADSTONE,14,19.4,55.9,LOW,SYNTHETIC_GENERATOR_V1,SYNTHETIC
PA_001454,2025-12-23,GLADSTONE,10,7.6,45.8,LOW,SYNTHETIC_GENERATOR_V1,SYNTHETIC
PA_001455,2025-12-24,GLADSTONE,10,11.1,53.6,LOW,SYNTHETIC_GENERATOR_V1,SYNTHETIC
PA_001456,2025-12-25,GLADSTONE,11,17.2,56.1,LOW,SYNTHETIC_GENERATOR_V1,SYNTHETIC
PA_001457,2025-12-26,GLADSTONE,16,23.0,62.5,LOW,SYNTHETIC_GENERATOR_V1,SYNTHETIC
PA_001458,2025-12-27,GLADSTONE,15,23.4,61.4,LOW,SYNTHETIC_GENERATOR_V1,SYNTHETIC
PA_001459,2025-12-28,GLADSTONE,13,27.9,68.0,MEDIUM,SYNTHETIC_GENERATOR_V1,SYNTHETIC
PA_001460,2025-12-29,GLADSTONE,13,13.8,48.0,LOW,SYNTHETIC_GENERATOR_V1,SYNTHETIC
PA_001461,2025-12-30,GLADSTONE,14,19.3,59.2,LOW,SYNTHETIC_GENERATOR_V1,SYNTHETIC
PA_001462,2025-12-31,GLADSTONE,17,29.3,65.7,MEDIUM,SYNTHETIC_GENERATOR_V1,SYNTHETIC
PA_001463,2024-01-01,HAMPTON_ROADS,10,17.5,63.2,LOW,SYNTHETIC_GENERATOR_V1,SYNTHETIC
PA_001464,2024-01-02,HAMPTON_ROADS,5,2.6,49.7,LOW,SYNTHETIC_GENERATOR_V1,SYNTHETIC
PA_001465,2024-01-03,HAMPTON_ROADS,13,31.3,71.8,MEDIUM,SYNTHETIC_GENERATOR_V1,SYNTHETIC
PA_001466,2024-01-04,HAMPTON_ROADS,6,9.1,51.8,LOW,SYNTHETIC_GENERATOR_V1,SYNTHETIC
PA_001467,2024-01-05,HAMPTON_ROADS,10,15.3,59.7,LOW,SYNTHETIC_GENERATOR_V1,SYNTHETIC
PA_001468,2024-01-06,HAMPTON_ROADS,7,8.0,57.1,LOW,SYNTHETIC_GENERATOR_V1,SYNTHETIC
PA_001469,2024-01-07,HAMPTON_ROADS,8,10.8,51.5,LOW,SYNTHETIC_GENERATOR_V1,SYNTHETIC
PA_001470,2024-01-08,HAMPTON_ROADS,13,29.8,71.5,MEDIUM,SYNTHETIC_GENERATOR_V1,SYNTHETIC
PA_001471,2024-01-09,HAMPTON_ROADS,8,13.7,54.1,LOW,SYNTHETIC_GENERATOR_V1,SYNTHETIC
PA_001472,2024-01-10,HAMPTON_ROADS,3,0.0,38.0,LOW,SYNTHETIC_GENERATOR_V1,SYNTHETIC
PA_001473,2024-01-11,HAMPTON_ROADS,11,26.0,72.0,MEDIUM,SYNTHETIC_GENERATOR_V1,SYNTHETIC
PA_001474,2024-01-12,HAMPTON_ROADS,7,14.5,57.4,LOW,SYNTHETIC_GENERATOR_V1,SYNTHETIC
PA_001475,2024-01-13,HAMPTON_ROADS,6,13.5,61.3,LOW,SYNTHETIC_GENERATOR_V1,SYNTHETIC
PA_001476,2024-01-14,HAMPTON_ROADS,11,31.7,80.8,MEDIUM,SYNTHETIC_GENERATOR_V1,SYNTHETIC
PA_001477,2024-01-15,HAMPTON_ROADS,13,30.6,74.8,MEDIUM,SYNTHETIC_GENERATOR_V1,SYNTHETIC
PA_001478,2024-01-16,HAMPTON_ROADS,12,22.9,66.4,LOW,SYNTHETIC_GENERATOR_V1,SYNTHETIC
PA_001479,2024-01-17,HAMPTON_ROADS,7,8.6,50.1,LOW,SYNTHETIC_GENERATOR_V1,SYNTHETIC
PA_001480,2024-01-18,HAMPTON_ROADS,14,35.2,76.3,MEDIUM,SYNTHETIC_GENERATOR_V1,SYNTHETIC
PA_001481,2024-01-19,HAMPTON_ROADS,13,29.2,72.7,MEDIUM,SYNTHETIC_GENERATOR_V1,SYNTHETIC
PA_001482,2024-01-20,HAMPTON_ROADS,14,39.2,84.8,MEDIUM,SYNTHETIC_GENERATOR_V1,SYNTHETIC
PA_001483,2024-01-21,HAMPTON_ROADS,9,15.7,65.7,LOW,SYNTHETIC_GENERATOR_V1,SYNTHETIC
PA_001484,2024-01-22,HAMPTON_ROADS,8,15.8,66.0,LOW,SYNTHETIC_GENERATOR_V1,SYNTHETIC
PA_001485,2024-01-23,HAMPTON_ROADS,5,4.8,48.9,LOW,SYNTHETIC_GENERATOR_V1,SYNTHETIC
PA_001486,2024-01-24,HAMPTON_ROADS,11,25.9,77.3,MEDIUM,SYNTHETIC_GENERATOR_V1,SYNTHETIC
PA_001487,2024-01-25,HAMPTON_ROADS,10,25.2,67.4,MEDIUM,SYNTHETIC_GENERATOR_V1,SYNTHETIC
PA_001488,2024-01-26,HAMPTON_ROADS,9,16.5,56.5,LOW,SYNTHETIC_GENERATOR_V1,SYNTHETIC
PA_001489,2024-01-27,HAMPTON_ROADS,9,16.2,57.6,LOW,SYNTHETIC_GENERATOR_V1,SYNTHETIC
PA_001490,2024-01-28,HAMPTON_ROADS,10,24.9,66.1,MEDIUM,SYNTHETIC_GENERATOR_V1,SYNTHETIC
PA_001491,2024-01-29,HAMPTON_ROADS,12,29.2,76.3,MEDIUM,SYNTHETIC_GENERATOR_V1,SYNTHETIC
PA_001492,2024-01-30,HAMPTON_ROADS,7,10.3,58.0,LOW,SYNTHETIC_GENERATOR_V1,SYNTHETIC
PA_001493,2024-01-31,HAMPTON_ROADS,10,15.5,62.7,LOW,SYNTHETIC_GENERATOR_V1,SYNTHETIC
PA_001494,2024-02-01,HAMPTON_ROADS,12,25.2,72.7,MEDIUM,SYNTHETIC_GENERATOR_V1,SYNTHETIC
PA_001495,2024-02-02,HAMPTON_ROADS,10,20.8,62.9,LOW,SYNTHETIC_GENERATOR_V1,SYNTHETIC
PA_001496,2024-02-03,HAMPTON_ROADS,9,12.9,64.6,LOW,SYNTHETIC_GENERATOR_V1,SYNTHETIC
PA_001497,2024-02-04,HAMPTON_ROADS,3,10.3,45.3,LOW,SYNTHETIC_GENERATOR_V1,SYNTHETIC
PA_001498,2024-02-05,HAMPTON_ROADS,9,16.6,63.2,LOW,SYNTHETIC_GENERATOR_V1,SYNTHETIC
PA_001499,2024-02-06,HAMPTON_ROADS,9,14.1,59.9,LOW,SYNTHETIC_GENERATOR_V1,SYNTHETIC
PA_001500,2024-02-07,HAMPTON_ROADS,14,30.0,72.4,MEDIUM,SYNTHETIC_GENERATOR_V1,SYNTHETIC
PA_001501,2024-02-08,HAMPTON_ROADS,14,34.6,77.5,MEDIUM,SYNTHETIC_GENERATOR_V1,SYNTHETIC
PA_001502,2024-02-09,HAMPTON_ROADS,12,25.1,71.2,MEDIUM,SYNTHETIC_GENERATOR_V1,SYNTHETIC
PA_001503,2024-02-10,HAMPTON_ROADS,9,13.5,63.9,LOW,SYNTHETIC_GENERATOR_V1,SYNTHETIC
PA_001504,2024-02-11,HAMPTON_ROADS,8,12.4,62.5,LOW,SYNTHETIC_GENERATOR_V1,SYNTHETIC
PA_001505,2024-02-12,HAMPTON_ROADS,6,12.0,61.0,LOW,SYNTHETIC_GENERATOR_V1,SYNTHETIC
PA_001506,2024-02-13,HAMPTON_ROADS,10,21.1,71.9,LOW,SYNTHETIC_GENERATOR_V1,SYNTHETIC
PA_001507,2024-02-14,HAMPTON_ROADS,8,11.0,55.7,LOW,SYNTHETIC_GENERATOR_V1,SYNTHETIC
PA_001508,2024-02-15,HAMPTON_ROADS,10,24.7,63.5,MEDIUM,SYNTHETIC_GENERATOR_V1,SYNTHETIC
PA_001509,2024-02-16,HAMPTON_ROADS,8,16.4,64.6,LOW,SYNTHETIC_GENERATOR_V1,SYNTHETIC
PA_001510,2024-02-17,HAMPTON_ROADS,13,32.5,79.2,MEDIUM,SYNTHETIC_GENERATOR_V1,SYNTHETIC
PA_001511,2024-02-18,HAMPTON_ROADS,9,11.8,57.5,LOW,SYNTHETIC_GENERATOR_V1,SYNTHETIC
PA_001512,2024-02-19,HAMPTON_ROADS,20,61.6,114.1,HIGH,SYNTHETIC_GENERATOR_V1,SYNTHETIC
PA_001513,2024-02-20,HAMPTON_ROADS,16,36.7,85.0,MEDIUM,SYNTHETIC_GENERATOR_V1,SYNTHETIC
PA_001514,2024-02-21,HAMPTON_ROADS,7,11.4,55.3,LOW,SYNTHETIC_GENERATOR_V1,SYNTHETIC
PA_001515,2024-02-22,HAMPTON_ROADS,13,32.1,77.9,MEDIUM,SYNTHETIC_GENERATOR_V1,SYNTHETIC
PA_001516,2024-02-23,HAMPTON_ROADS,8,18.8,65.5,LOW,SYNTHETIC_GENERATOR_V1,SYNTHETIC
PA_001517,2024-02-24,HAMPTON_ROADS,20,57.8,106.1,MEDIUM,SYNTHETIC_GENERATOR_V1,SYNTHETIC
PA_001518,2024-02-25,HAMPTON_ROADS,8,17.9,62.5,LOW,SYNTHETIC_GENERATOR_V1,SYNTHETIC
PA_001519,2024-02-26,HAMPTON_ROADS,11,21.0,65.0,LOW,SYNTHETIC_GENERATOR_V1,SYNTHETIC
PA_001520,2024-02-27,HAMPTON_ROADS,6,8.3,53.3,LOW,SYNTHETIC_GENERATOR_V1,SYNTHETIC
PA_001521,2024-02-28,HAMPTON_ROADS,10,19.6,70.7,LOW,SYNTHETIC_GENERATOR_V1,SYNTHETIC
PA_001522,2024-02-29,HAMPTON_ROADS,11,27.1,76.8,MEDIUM,SYNTHETIC_GENERATOR_V1,SYNTHETIC
PA_001523,2024-03-01,HAMPTON_ROADS,9,12.7,50.5,LOW,SYNTHETIC_GENERATOR_V1,SYNTHETIC
PA_001524,2024-03-02,HAMPTON_ROADS,3,7.6,51.8,LOW,SYNTHETIC_GENERATOR_V1,SYNTHETIC
PA_001525,2024-03-03,HAMPTON_ROADS,17,46.0,87.7,MEDIUM,SYNTHETIC_GENERATOR_V1,SYNTHETIC
PA_001526,2024-03-04,HAMPTON_ROADS,8,9.4,46.0,LOW,SYNTHETIC_GENERATOR_V1,SYNTHETIC
PA_001527,2024-03-05,HAMPTON_ROADS,9,20.0,58.8,LOW,SYNTHETIC_GENERATOR_V1,SYNTHETIC
PA_001528,2024-03-06,HAMPTON_ROADS,11,18.0,68.1,LOW,SYNTHETIC_GENERATOR_V1,SYNTHETIC
PA_001529,2024-03-07,HAMPTON_ROADS,8,13.2,69.7,LOW,SYNTHETIC_GENERATOR_V1,SYNTHETIC
PA_001530,2024-03-08,HAMPTON_ROADS,11,13.8,57.1,LOW,SYNTHETIC_GENERATOR_V1,SYNTHETIC
PA_001531,2024-03-09,HAMPTON_ROADS,12,20.5,66.4,LOW,SYNTHETIC_GENERATOR_V1,SYNTHETIC
PA_001532,2024-03-10,HAMPTON_ROADS,14,34.9,78.2,MEDIUM,SYNTHETIC_GENERATOR_V1,SYNTHETIC
PA_001533,2024-03-11,HAMPTON_ROADS,7,13.4,61.3,LOW,SYNTHETIC_GENERATOR_V1,SYNTHETIC
PA_001534,2024-03-12,HAMPTON_ROADS,10,24.9,75.5,MEDIUM,SYNTHETIC_GENERATOR_V1,SYNTHETIC
PA_001535,2024-03-13,HAMPTON_ROADS,6,9.7,59.2,LOW,SYNTHETIC_GENERATOR_V1,SYNTHETIC
PA_001536,2024-03-14,HAMPTON_ROADS,7,12.1,64.0,LOW,SYNTHETIC_GENERATOR_V1,SYNTHETIC
PA_001537,2024-03-15,HAMPTON_ROADS,12,25.8,74.0,MEDIUM,SYNTHETIC_GENERATOR_V1,SYNTHETIC
PA_001538,2024-03-16,HAMPTON_ROADS,5,14.3,54.7,LOW,SYNTHETIC_GENERATOR_V1,SYNTHETIC
PA_001539,2024-03-17,HAMPTON_ROADS,8,16.4,58.5,LOW,SYNTHETIC_GENERATOR_V1,SYNTHETIC
PA_001540,2024-03-18,HAMPTON_ROADS,15,33.1,80.5,MEDIUM,SYNTHETIC_GENERATOR_V1,SYNTHETIC
PA_001541,2024-03-19,HAMPTON_ROADS,14,36.2,80.4,MEDIUM,SYNTHETIC_GENERATOR_V1,SYNTHETIC
PA_001542,2024-03-20,HAMPTON_ROADS,13,28.2,75.1,MEDIUM,SYNTHETIC_GENERATOR_V1,SYNTHETIC
PA_001543,2024-03-21,HAMPTON_ROADS,11,27.8,80.4,MEDIUM,SYNTHETIC_GENERATOR_V1,SYNTHETIC
PA_001544,2024-03-22,HAMPTON_ROADS,7,6.5,54.2,LOW,SYNTHETIC_GENERATOR_V1,SYNTHETIC
PA_001545,2024-03-23,HAMPTON_ROADS,11,24.4,69.5,MEDIUM,SYNTHETIC_GENERATOR_V1,SYNTHETIC
PA_001546,2024-03-24,HAMPTON_ROADS,7,10.6,58.6,LOW,SYNTHETIC_GENERATOR_V1,SYNTHETIC
PA_001547,2024-03-25,HAMPTON_ROADS,11,30.1,74.6,MEDIUM,SYNTHETIC_GENERATOR_V1,SYNTHETIC
PA_001548,2024-03-26,HAMPTON_ROADS,11,24.1,66.7,MEDIUM,SYNTHETIC_GENERATOR_V1,SYNTHETIC
PA_001549,2024-03-27,HAMPTON_ROADS,14,32.4,81.0,MEDIUM,SYNTHETIC_GENERATOR_V1,SYNTHETIC
PA_001550,2024-03-28,HAMPTON_ROADS,11,16.7,63.4,LOW,SYNTHETIC_GENERATOR_V1,SYNTHETIC
PA_001551,2024-03-29,HAMPTON_ROADS,14,31.6,80.2,MEDIUM,SYNTHETIC_GENERATOR_V1,SYNTHETIC
PA_001552,2024-03-30,HAMPTON_ROADS,12,28.6,75.6,MEDIUM,SYNTHETIC_GENERATOR_V1,SYNTHETIC
PA_001553,2024-03-31,HAMPTON_ROADS,9,18.0,69.7,LOW,SYNTHETIC_GENERATOR_V1,SYNTHETIC
PA_001554,2024-04-01,HAMPTON_ROADS,8,12.6,54.6,LOW,SYNTHETIC_GENERATOR_V1,SYNTHETIC
PA_001555,2024-04-02,HAMPTON_ROADS,12,25.2,77.1,MEDIUM,SYNTHETIC_GENERATOR_V1,SYNTHETIC
PA_001556,2024-04-03,HAMPTON_ROADS,10,22.7,66.6,LOW,SYNTHETIC_GENERATOR_V1,SYNTHETIC
PA_001557,2024-04-04,HAMPTON_ROADS,11,24.1,72.1,MEDIUM,SYNTHETIC_GENERATOR_V1,SYNTHETIC
PA_001558,2024-04-05,HAMPTON_ROADS,12,27.6,60.6,MEDIUM,SYNTHETIC_GENERATOR_V1,SYNTHETIC
PA_001559,2024-04-06,HAMPTON_ROADS,9,16.4,62.3,LOW,SYNTHETIC_GENERATOR_V1,SYNTHETIC
PA_001560,2024-04-07,HAMPTON_ROADS,10,16.6,59.8,LOW,SYNTHETIC_GENERATOR_V1,SYNTHETIC
PA_001561,2024-04-08,HAMPTON_ROADS,9,12.6,56.5,LOW,SYNTHETIC_GENERATOR_V1,SYNTHETIC
PA_001562,2024-04-09,HAMPTON_ROADS,10,20.0,64.2,LOW,SYNTHETIC_GENERATOR_V1,SYNTHETIC
PA_001563,2024-04-10,HAMPTON_ROADS,10,20.8,65.3,LOW,SYNTHETIC_GENERATOR_V1,SYNTHETIC
PA_001564,2024-04-11,HAMPTON_ROADS,15,35.7,81.1,MEDIUM,SYNTHETIC_GENERATOR_V1,SYNTHETIC
PA_001565,2024-04-12,HAMPTON_ROADS,17,45.4,95.5,MEDIUM,SYNTHETIC_GENERATOR_V1,SYNTHETIC
PA_001566,2024-04-13,HAMPTON_ROADS,9,15.3,57.0,LOW,SYNTHETIC_GENERATOR_V1,SYNTHETIC
PA_001567,2024-04-14,HAMPTON_ROADS,6,6.9,47.7,LOW,SYNTHETIC_GENERATOR_V1,SYNTHETIC
PA_001568,2024-04-15,HAMPTON_ROADS,12,26.0,77.3,MEDIUM,SYNTHETIC_GENERATOR_V1,SYNTHETIC
PA_001569,2024-04-16,HAMPTON_ROADS,9,15.3,58.6,LOW,SYNTHETIC_GENERATOR_V1,SYNTHETIC
PA_001570,2024-04-17,HAMPTON_ROADS,13,29.6,72.8,MEDIUM,SYNTHETIC_GENERATOR_V1,SYNTHETIC
PA_001571,2024-04-18,HAMPTON_ROADS,10,18.2,67.7,LOW,SYNTHETIC_GENERATOR_V1,SYNTHETIC
PA_001572,2024-04-19,HAMPTON_ROADS,11,23.6,63.2,LOW,SYNTHETIC_GENERATOR_V1,SYNTHETIC
PA_001573,2024-04-20,HAMPTON_ROADS,12,27.7,76.7,MEDIUM,SYNTHETIC_GENERATOR_V1,SYNTHETIC
PA_001574,2024-04-21,HAMPTON_ROADS,11,27.8,80.2,MEDIUM,SYNTHETIC_GENERATOR_V1,SYNTHETIC
PA_001575,2024-04-22,HAMPTON_ROADS,11,21.9,72.5,LOW,SYNTHETIC_GENERATOR_V1,SYNTHETIC
PA_001576,2024-04-23,HAMPTON_ROADS,9,16.7,61.1,LOW,SYNTHETIC_GENERATOR_V1,SYNTHETIC
PA_001577,2024-04-24,HAMPTON_ROADS,8,21.5,68.3,LOW,SYNTHETIC_GENERATOR_V1,SYNTHETIC
PA_001578,2024-04-25,HAMPTON_ROADS,10,24.7,73.4,MEDIUM,SYNTHETIC_GENERATOR_V1,SYNTHETIC
PA_001579,2024-04-26,HAMPTON_ROADS,10,23.3,72.0,LOW,SYNTHETIC_GENERATOR_V1,SYNTHETIC
PA_001580,2024-04-27,HAMPTON_ROADS,9,16.4,70.4,LOW,SYNTHETIC_GENERATOR_V1,SYNTHETIC
PA_001581,2024-04-28,HAMPTON_ROADS,10,18.7,67.4,LOW,SYNTHETIC_GENERATOR_V1,SYNTHETIC
PA_001582,2024-04-29,HAMPTON_ROADS,5,5.4,46.6,LOW,SYNTHETIC_GENERATOR_V1,SYNTHETIC
PA_001583,2024-04-30,HAMPTON_ROADS,10,14.3,55.7,LOW,SYNTHETIC_GENERATOR_V1,SYNTHETIC
PA_001584,2024-05-01,HAMPTON_ROADS,11,23.9,65.5,LOW,SYNTHETIC_GENERATOR_V1,SYNTHETIC
PA_001585,2024-05-02,HAMPTON_ROADS,13,28.1,74.3,MEDIUM,SYNTHETIC_GENERATOR_V1,SYNTHETIC
PA_001586,2024-05-03,HAMPTON_ROADS,14,36.9,87.0,MEDIUM,SYNTHETIC_GENERATOR_V1,SYNTHETIC
PA_001587,2024-05-04,HAMPTON_ROADS,9,13.3,56.4,LOW,SYNTHETIC_GENERATOR_V1,SYNTHETIC
PA_001588,2024-05-05,HAMPTON_ROADS,11,13.7,66.3,LOW,SYNTHETIC_GENERATOR_V1,SYNTHETIC
PA_001589,2024-05-06,HAMPTON_ROADS,9,20.2,74.6,LOW,SYNTHETIC_GENERATOR_V1,SYNTHETIC
PA_001590,2024-05-07,HAMPTON_ROADS,10,24.4,67.4,MEDIUM,SYNTHETIC_GENERATOR_V1,SYNTHETIC
PA_001591,2024-05-08,HAMPTON_ROADS,9,14.2,55.4,LOW,SYNTHETIC_GENERATOR_V1,SYNTHETIC
PA_001592,2024-05-09,HAMPTON_ROADS,9,16.9,62.1,LOW,SYNTHETIC_GENERATOR_V1,SYNTHETIC
PA_001593,2024-05-10,HAMPTON_ROADS,9,14.9,60.1,LOW,SYNTHETIC_GENERATOR_V1,SYNTHETIC
PA_001594,2024-05-11,HAMPTON_ROADS,5,7.0,49.9,LOW,SYNTHETIC_GENERATOR_V1,SYNTHETIC
PA_001595,2024-05-12,HAMPTON_ROADS,7,17.5,66.8,LOW,SYNTHETIC_GENERATOR_V1,SYNTHETIC
PA_001596,2024-05-13,HAMPTON_ROADS,7,4.4,52.2,LOW,SYNTHETIC_GENERATOR_V1,SYNTHETIC
PA_001597,2024-05-14,HAMPTON_ROADS,6,10.7,56.0,LOW,SYNTHETIC_GENERATOR_V1,SYNTHETIC
PA_001598,2024-05-15,HAMPTON_ROADS,9,19.0,67.2,LOW,SYNTHETIC_GENERATOR_V1,SYNTHETIC
PA_001599,2024-05-16,HAMPTON_ROADS,13,29.9,82.8,MEDIUM,SYNTHETIC_GENERATOR_V1,SYNTHETIC
PA_001600,2024-05-17,HAMPTON_ROADS,14,32.0,79.1,MEDIUM,SYNTHETIC_GENERATOR_V1,SYNTHETIC
PA_001601,2024-05-18,HAMPTON_ROADS,5,15.2,60.5,LOW,SYNTHETIC_GENERATOR_V1,SYNTHETIC
PA_001602,2024-05-19,HAMPTON_ROADS,14,35.3,81.0,MEDIUM,SYNTHETIC_GENERATOR_V1,SYNTHETIC
PA_001603,2024-05-20,HAMPTON_ROADS,9,14.8,58.4,LOW,SYNTHETIC_GENERATOR_V1,SYNTHETIC
PA_001604,2024-05-21,HAMPTON_ROADS,7,8.8,52.1,LOW,SYNTHETIC_GENERATOR_V1,SYNTHETIC
PA_001605,2024-05-22,HAMPTON_ROADS,6,12.0,60.0,LOW,SYNTHETIC_GENERATOR_V1,SYNTHETIC
PA_001606,2024-05-23,HAMPTON_ROADS,9,20.9,69.3,LOW,SYNTHETIC_GENERATOR_V1,SYNTHETIC
PA_001607,2024-05-24,HAMPTON_ROADS,14,40.3,85.0,MEDIUM,SYNTHETIC_GENERATOR_V1,SYNTHETIC
PA_001608,2024-05-25,HAMPTON_ROADS,15,38.7,87.2,MEDIUM,SYNTHETIC_GENERATOR_V1,SYNTHETIC
PA_001609,2024-05-26,HAMPTON_ROADS,13,33.1,66.6,MEDIUM,SYNTHETIC_GENERATOR_V1,SYNTHETIC
PA_001610,2024-05-27,HAMPTON_ROADS,6,5.7,47.3,LOW,SYNTHETIC_GENERATOR_V1,SYNTHETIC
PA_001611,2024-05-28,HAMPTON_ROADS,8,17.7,64.3,LOW,SYNTHETIC_GENERATOR_V1,SYNTHETIC
PA_001612,2024-05-29,HAMPTON_ROADS,11,22.1,74.2,LOW,SYNTHETIC_GENERATOR_V1,SYNTHETIC
PA_001613,2024-05-30,HAMPTON_ROADS,13,28.3,72.8,MEDIUM,SYNTHETIC_GENERATOR_V1,SYNTHETIC
PA_001614,2024-05-31,HAMPTON_ROADS,14,29.3,81.7,MEDIUM,SYNTHETIC_GENERATOR_V1,SYNTHETIC
PA_001615,2024-06-01,HAMPTON_ROADS,5,6.7,57.1,LOW,SYNTHETIC_GENERATOR_V1,SYNTHETIC
PA_001616,2024-06-02,HAMPTON_ROADS,6,9.1,59.3,LOW,SYNTHETIC_GENERATOR_V1,SYNTHETIC
PA_001617,2024-06-03,HAMPTON_ROADS,7,6.8,47.7,LOW,SYNTHETIC_GENERATOR_V1,SYNTHETIC
PA_001618,2024-06-04,HAMPTON_ROADS,14,29.9,73.1,MEDIUM,SYNTHETIC_GENERATOR_V1,SYNTHETIC
PA_001619,2024-06-05,HAMPTON_ROADS,10,20.1,68.9,LOW,SYNTHETIC_GENERATOR_V1,SYNTHETIC
PA_001620,2024-06-06,HAMPTON_ROADS,11,25.8,74.1,MEDIUM,SYNTHETIC_GENERATOR_V1,SYNTHETIC
PA_001621,2024-06-07,HAMPTON_ROADS,10,20.1,64.7,LOW,SYNTHETIC_GENERATOR_V1,SYNTHETIC
PA_001622,2024-06-08,HAMPTON_ROADS,9,15.5,62.0,LOW,SYNTHETIC_GENERATOR_V1,SYNTHETIC
PA_001623,2024-06-09,HAMPTON_ROADS,11,27.8,76.0,MEDIUM,SYNTHETIC_GENERATOR_V1,SYNTHETIC
PA_001624,2024-06-10,HAMPTON_ROADS,9,18.4,64.2,LOW,SYNTHETIC_GENERATOR_V1,SYNTHETIC
PA_001625,2024-06-11,HAMPTON_ROADS,8,14.4,61.4,LOW,SYNTHETIC_GENERATOR_V1,SYNTHETIC
PA_001626,2024-06-12,HAMPTON_ROADS,8,14.3,65.5,LOW,SYNTHETIC_GENERATOR_V1,SYNTHETIC
PA_001627,2024-06-13,HAMPTON_ROADS,16,40.9,91.2,MEDIUM,SYNTHETIC_GENERATOR_V1,SYNTHETIC
PA_001628,2024-06-14,HAMPTON_ROADS,13,30.7,76.7,MEDIUM,SYNTHETIC_GENERATOR_V1,SYNTHETIC
PA_001629,2024-06-15,HAMPTON_ROADS,6,12.8,62.6,LOW,SYNTHETIC_GENERATOR_V1,SYNTHETIC
PA_001630,2024-06-16,HAMPTON_ROADS,19,52.8,96.0,MEDIUM,SYNTHETIC_GENERATOR_V1,SYNTHETIC
PA_001631,2024-06-17,HAMPTON_ROADS,11,22.7,68.9,LOW,SYNTHETIC_GENERATOR_V1,SYNTHETIC
PA_001632,2024-06-18,HAMPTON_ROADS,6,19.4,67.8,LOW,SYNTHETIC_GENERATOR_V1,SYNTHETIC
PA_001633,2024-06-19,HAMPTON_ROADS,5,13.0,64.1,LOW,SYNTHETIC_GENERATOR_V1,SYNTHETIC
PA_001634,2024-06-20,HAMPTON_ROADS,6,8.9,48.9,LOW,SYNTHETIC_GENERATOR_V1,SYNTHETIC
PA_001635,2024-06-21,HAMPTON_ROADS,8,11.4,57.0,LOW,SYNTHETIC_GENERATOR_V1,SYNTHETIC
PA_001636,2024-06-22,HAMPTON_ROADS,8,19.8,65.6,LOW,SYNTHETIC_GENERATOR_V1,SYNTHETIC
PA_001637,2024-06-23,HAMPTON_ROADS,10,18.8,69.6,LOW,SYNTHETIC_GENERATOR_V1,SYNTHETIC
PA_001638,2024-06-24,HAMPTON_ROADS,7,8.0,53.1,LOW,SYNTHETIC_GENERATOR_V1,SYNTHETIC
PA_001639,2024-06-25,HAMPTON_ROADS,11,24.4,67.0,MEDIUM,SYNTHETIC_GENERATOR_V1,SYNTHETIC
PA_001640,2024-06-26,HAMPTON_ROADS,6,3.9,46.6,LOW,SYNTHETIC_GENERATOR_V1,SYNTHETIC
PA_001641,2024-06-27,HAMPTON_ROADS,11,22.3,66.9,LOW,SYNTHETIC_GENERATOR_V1,SYNTHETIC
PA_001642,2024-06-28,HAMPTON_ROADS,13,29.8,77.9,MEDIUM,SYNTHETIC_GENERATOR_V1,SYNTHETIC
PA_001643,2024-06-29,HAMPTON_ROADS,12,22.9,66.1,LOW,SYNTHETIC_GENERATOR_V1,SYNTHETIC
PA_001644,2024-06-30,HAMPTON_ROADS,9,17.0,60.2,LOW,SYNTHETIC_GENERATOR_V1,SYNTHETIC
PA_001645,2024-07-01,HAMPTON_ROADS,9,17.8,59.0,LOW,SYNTHETIC_GENERATOR_V1,SYNTHETIC
PA_001646,2024-07-02,HAMPTON_ROADS,10,20.9,68.1,LOW,SYNTHETIC_GENERATOR_V1,SYNTHETIC
PA_001647,2024-07-03,HAMPTON_ROADS,10,14.5,53.6,LOW,SYNTHETIC_GENERATOR_V1,SYNTHETIC
PA_001648,2024-07-04,HAMPTON_ROADS,11,25.8,69.9,MEDIUM,SYNTHETIC_GENERATOR_V1,SYNTHETIC
PA_001649,2024-07-05,HAMPTON_ROADS,9,6.7,57.2,LOW,SYNTHETIC_GENERATOR_V1,SYNTHETIC
PA_001650,2024-07-06,HAMPTON_ROADS,5,10.3,55.9,LOW,SYNTHETIC_GENERATOR_V1,SYNTHETIC
PA_001651,2024-07-07,HAMPTON_ROADS,9,17.6,64.8,LOW,SYNTHETIC_GENERATOR_V1,SYNTHETIC
PA_001652,2024-07-08,HAMPTON_ROADS,5,2.3,57.5,LOW,SYNTHETIC_GENERATOR_V1,SYNTHETIC
PA_001653,2024-07-09,HAMPTON_ROADS,9,14.1,58.7,LOW,SYNTHETIC_GENERATOR_V1,SYNTHETIC
PA_001654,2024-07-10,HAMPTON_ROADS,15,34.2,76.8,MEDIUM,SYNTHETIC_GENERATOR_V1,SYNTHETIC
PA_001655,2024-07-11,HAMPTON_ROADS,9,16.6,63.9,LOW,SYNTHETIC_GENERATOR_V1,SYNTHETIC
PA_001656,2024-07-12,HAMPTON_ROADS,16,36.1,82.4,MEDIUM,SYNTHETIC_GENERATOR_V1,SYNTHETIC
PA_001657,2024-07-13,HAMPTON_ROADS,9,23.8,62.6,LOW,SYNTHETIC_GENERATOR_V1,SYNTHETIC
PA_001658,2024-07-14,HAMPTON_ROADS,10,19.4,63.7,LOW,SYNTHETIC_GENERATOR_V1,SYNTHETIC
PA_001659,2024-07-15,HAMPTON_ROADS,10,17.1,70.3,LOW,SYNTHETIC_GENERATOR_V1,SYNTHETIC
PA_001660,2024-07-16,HAMPTON_ROADS,10,22.6,73.6,LOW,SYNTHETIC_GENERATOR_V1,SYNTHETIC
PA_001661,2024-07-17,HAMPTON_ROADS,15,42.2,84.0,MEDIUM,SYNTHETIC_GENERATOR_V1,SYNTHETIC
PA_001662,2024-07-18,HAMPTON_ROADS,12,30.1,71.4,MEDIUM,SYNTHETIC_GENERATOR_V1,SYNTHETIC
PA_001663,2024-07-19,HAMPTON_ROADS,9,14.1,59.5,LOW,SYNTHETIC_GENERATOR_V1,SYNTHETIC
PA_001664,2024-07-20,HAMPTON_ROADS,5,7.3,56.7,LOW,SYNTHETIC_GENERATOR_V1,SYNTHETIC
PA_001665,2024-07-21,HAMPTON_ROADS,11,22.6,69.1,LOW,SYNTHETIC_GENERATOR_V1,SYNTHETIC
PA_001666,2024-07-22,HAMPTON_ROADS,12,27.4,71.0,MEDIUM,SYNTHETIC_GENERATOR_V1,SYNTHETIC
PA_001667,2024-07-23,HAMPTON_ROADS,13,26.3,77.7,MEDIUM,SYNTHETIC_GENERATOR_V1,SYNTHETIC
PA_001668,2024-07-24,HAMPTON_ROADS,8,18.7,60.2,LOW,SYNTHETIC_GENERATOR_V1,SYNTHETIC
PA_001669,2024-07-25,HAMPTON_ROADS,8,16.7,68.2,LOW,SYNTHETIC_GENERATOR_V1,SYNTHETIC
PA_001670,2024-07-26,HAMPTON_ROADS,8,8.9,60.7,LOW,SYNTHETIC_GENERATOR_V1,SYNTHETIC
PA_001671,2024-07-27,HAMPTON_ROADS,8,15.8,64.5,LOW,SYNTHETIC_GENERATOR_V1,SYNTHETIC
PA_001672,2024-07-28,HAMPTON_ROADS,10,24.6,68.7,MEDIUM,SYNTHETIC_GENERATOR_V1,SYNTHETIC
PA_001673,2024-07-29,HAMPTON_ROADS,22,61.2,103.1,HIGH,SYNTHETIC_GENERATOR_V1,SYNTHETIC
PA_001674,2024-07-30,HAMPTON_ROADS,12,25.3,72.1,MEDIUM,SYNTHETIC_GENERATOR_V1,SYNTHETIC
PA_001675,2024-07-31,HAMPTON_ROADS,14,45.5,89.0,MEDIUM,SYNTHETIC_GENERATOR_V1,SYNTHETIC
PA_001676,2024-08-01,HAMPTON_ROADS,12,29.0,68.9,MEDIUM,SYNTHETIC_GENERATOR_V1,SYNTHETIC
PA_001677,2024-08-02,HAMPTON_ROADS,6,9.0,56.6,LOW,SYNTHETIC_GENERATOR_V1,SYNTHETIC
PA_001678,2024-08-03,HAMPTON_ROADS,9,15.3,70.7,LOW,SYNTHETIC_GENERATOR_V1,SYNTHETIC
PA_001679,2024-08-04,HAMPTON_ROADS,11,20.0,66.0,LOW,SYNTHETIC_GENERATOR_V1,SYNTHETIC
PA_001680,2024-08-05,HAMPTON_ROADS,16,43.1,90.9,MEDIUM,SYNTHETIC_GENERATOR_V1,SYNTHETIC
PA_001681,2024-08-06,HAMPTON_ROADS,15,32.7,77.5,MEDIUM,SYNTHETIC_GENERATOR_V1,SYNTHETIC
PA_001682,2024-08-07,HAMPTON_ROADS,8,10.6,56.6,LOW,SYNTHETIC_GENERATOR_V1,SYNTHETIC
PA_001683,2024-08-08,HAMPTON_ROADS,5,9.8,63.1,LOW,SYNTHETIC_GENERATOR_V1,SYNTHETIC
PA_001684,2024-08-09,HAMPTON_ROADS,16,38.0,85.2,MEDIUM,SYNTHETIC_GENERATOR_V1,SYNTHETIC
PA_001685,2024-08-10,HAMPTON_ROADS,9,18.2,64.5,LOW,SYNTHETIC_GENERATOR_V1,SYNTHETIC
PA_001686,2024-08-11,HAMPTON_ROADS,9,16.4,59.4,LOW,SYNTHETIC_GENERATOR_V1,SYNTHETIC
PA_001687,2024-08-12,HAMPTON_ROADS,6,10.5,55.9,LOW,SYNTHETIC_GENERATOR_V1,SYNTHETIC
PA_001688,2024-08-13,HAMPTON_ROADS,13,29.9,84.0,MEDIUM,SYNTHETIC_GENERATOR_V1,SYNTHETIC
PA_001689,2024-08-14,HAMPTON_ROADS,6,10.9,58.4,LOW,SYNTHETIC_GENERATOR_V1,SYNTHETIC
PA_001690,2024-08-15,HAMPTON_ROADS,6,12.7,61.1,LOW,SYNTHETIC_GENERATOR_V1,SYNTHETIC
PA_001691,2024-08-16,HAMPTON_ROADS,9,13.9,58.0,LOW,SYNTHETIC_GENERATOR_V1,SYNTHETIC
PA_001692,2024-08-17,HAMPTON_ROADS,7,10.8,56.5,LOW,SYNTHETIC_GENERATOR_V1,SYNTHETIC
PA_001693,2024-08-18,HAMPTON_ROADS,11,24.1,69.3,MEDIUM,SYNTHETIC_GENERATOR_V1,SYNTHETIC
PA_001694,2024-08-19,HAMPTON_ROADS,12,22.3,75.7,LOW,SYNTHETIC_GENERATOR_V1,SYNTHETIC
PA_001695,2024-08-20,HAMPTON_ROADS,10,20.3,65.9,LOW,SYNTHETIC_GENERATOR_V1,SYNTHETIC
PA_001696,2024-08-21,HAMPTON_ROADS,8,15.8,62.9,LOW,SYNTHETIC_GENERATOR_V1,SYNTHETIC
PA_001697,2024-08-22,HAMPTON_ROADS,8,14.1,63.8,LOW,SYNTHETIC_GENERATOR_V1,SYNTHETIC
PA_001698,2024-08-23,HAMPTON_ROADS,9,16.5,61.4,LOW,SYNTHETIC_GENERATOR_V1,SYNTHETIC
PA_001699,2024-08-24,HAMPTON_ROADS,7,10.3,57.0,LOW,SYNTHETIC_GENERATOR_V1,SYNTHETIC
PA_001700,2024-08-25,HAMPTON_ROADS,13,26.7,71.7,MEDIUM,SYNTHETIC_GENERATOR_V1,SYNTHETIC
PA_001701,2024-08-26,HAMPTON_ROADS,17,47.2,95.0,MEDIUM,SYNTHETIC_GENERATOR_V1,SYNTHETIC
PA_001702,2024-08-27,HAMPTON_ROADS,5,7.7,55.4,LOW,SYNTHETIC_GENERATOR_V1,SYNTHETIC
PA_001703,2024-08-28,HAMPTON_ROADS,9,24.4,69.5,MEDIUM,SYNTHETIC_GENERATOR_V1,SYNTHETIC
PA_001704,2024-08-29,HAMPTON_ROADS,10,19.3,59.4,LOW,SYNTHETIC_GENERATOR_V1,SYNTHETIC
PA_001705,2024-08-30,HAMPTON_ROADS,13,27.4,76.4,MEDIUM,SYNTHETIC_GENERATOR_V1,SYNTHETIC
PA_001706,2024-08-31,HAMPTON_ROADS,13,37.8,84.1,MEDIUM,SYNTHETIC_GENERATOR_V1,SYNTHETIC
PA_001707,2024-09-01,HAMPTON_ROADS,12,32.1,73.3,MEDIUM,SYNTHETIC_GENERATOR_V1,SYNTHETIC
PA_001708,2024-09-02,HAMPTON_ROADS,9,18.9,61.5,LOW,SYNTHETIC_GENERATOR_V1,SYNTHETIC
PA_001709,2024-09-03,HAMPTON_ROADS,9,19.1,68.6,LOW,SYNTHETIC_GENERATOR_V1,SYNTHETIC
PA_001710,2024-09-04,HAMPTON_ROADS,8,14.5,53.5,LOW,SYNTHETIC_GENERATOR_V1,SYNTHETIC
PA_001711,2024-09-05,HAMPTON_ROADS,8,15.2,57.1,LOW,SYNTHETIC_GENERATOR_V1,SYNTHETIC
PA_001712,2024-09-06,HAMPTON_ROADS,13,29.4,78.6,MEDIUM,SYNTHETIC_GENERATOR_V1,SYNTHETIC
PA_001713,2024-09-07,HAMPTON_ROADS,7,17.7,64.5,LOW,SYNTHETIC_GENERATOR_V1,SYNTHETIC
PA_001714,2024-09-08,HAMPTON_ROADS,8,13.0,52.1,LOW,SYNTHETIC_GENERATOR_V1,SYNTHETIC
PA_001715,2024-09-09,HAMPTON_ROADS,14,30.7,77.6,MEDIUM,SYNTHETIC_GENERATOR_V1,SYNTHETIC
PA_001716,2024-09-10,HAMPTON_ROADS,6,12.7,58.7,LOW,SYNTHETIC_GENERATOR_V1,SYNTHETIC
PA_001717,2024-09-11,HAMPTON_ROADS,8,13.5,53.5,LOW,SYNTHETIC_GENERATOR_V1,SYNTHETIC
PA_001718,2024-09-12,HAMPTON_ROADS,11,24.0,66.9,MEDIUM,SYNTHETIC_GENERATOR_V1,SYNTHETIC
PA_001719,2024-09-13,HAMPTON_ROADS,10,23.4,67.6,LOW,SYNTHETIC_GENERATOR_V1,SYNTHETIC
PA_001720,2024-09-14,HAMPTON_ROADS,18,44.0,91.2,MEDIUM,SYNTHETIC_GENERATOR_V1,SYNTHETIC
PA_001721,2024-09-15,HAMPTON_ROADS,12,24.1,66.4,MEDIUM,SYNTHETIC_GENERATOR_V1,SYNTHETIC
PA_001722,2024-09-16,HAMPTON_ROADS,12,27.6,75.9,MEDIUM,SYNTHETIC_GENERATOR_V1,SYNTHETIC
PA_001723,2024-09-17,HAMPTON_ROADS,6,9.4,57.1,LOW,SYNTHETIC_GENERATOR_V1,SYNTHETIC
PA_001724,2024-09-18,HAMPTON_ROADS,10,22.9,71.4,LOW,SYNTHETIC_GENERATOR_V1,SYNTHETIC
PA_001725,2024-09-19,HAMPTON_ROADS,13,32.0,79.0,MEDIUM,SYNTHETIC_GENERATOR_V1,SYNTHETIC
PA_001726,2024-09-20,HAMPTON_ROADS,5,9.9,60.9,LOW,SYNTHETIC_GENERATOR_V1,SYNTHETIC
PA_001727,2024-09-21,HAMPTON_ROADS,9,11.3,55.9,LOW,SYNTHETIC_GENERATOR_V1,SYNTHETIC
PA_001728,2024-09-22,HAMPTON_ROADS,8,11.7,56.3,LOW,SYNTHETIC_GENERATOR_V1,SYNTHETIC
PA_001729,2024-09-23,HAMPTON_ROADS,11,29.7,69.7,MEDIUM,SYNTHETIC_GENERATOR_V1,SYNTHETIC
PA_001730,2024-09-24,HAMPTON_ROADS,9,18.7,60.0,LOW,SYNTHETIC_GENERATOR_V1,SYNTHETIC
PA_001731,2024-09-25,HAMPTON_ROADS,10,19.8,64.8,LOW,SYNTHETIC_GENERATOR_V1,SYNTHETIC
PA_001732,2024-09-26,HAMPTON_ROADS,10,19.1,63.5,LOW,SYNTHETIC_GENERATOR_V1,SYNTHETIC
PA_001733,2024-09-27,HAMPTON_ROADS,10,19.3,63.9,LOW,SYNTHETIC_GENERATOR_V1,SYNTHETIC
PA_001734,2024-09-28,HAMPTON_ROADS,13,24.7,75.4,MEDIUM,SYNTHETIC_GENERATOR_V1,SYNTHETIC
PA_001735,2024-09-29,HAMPTON_ROADS,11,29.1,75.8,MEDIUM,SYNTHETIC_GENERATOR_V1,SYNTHETIC
PA_001736,2024-09-30,HAMPTON_ROADS,8,13.4,61.4,LOW,SYNTHETIC_GENERATOR_V1,SYNTHETIC
PA_001737,2024-10-01,HAMPTON_ROADS,16,38.6,85.6,MEDIUM,SYNTHETIC_GENERATOR_V1,SYNTHETIC
PA_001738,2024-10-02,HAMPTON_ROADS,12,20.5,66.8,LOW,SYNTHETIC_GENERATOR_V1,SYNTHETIC
PA_001739,2024-10-03,HAMPTON_ROADS,11,26.1,72.9,MEDIUM,SYNTHETIC_GENERATOR_V1,SYNTHETIC
PA_001740,2024-10-04,HAMPTON_ROADS,16,38.5,82.4,MEDIUM,SYNTHETIC_GENERATOR_V1,SYNTHETIC
PA_001741,2024-10-05,HAMPTON_ROADS,12,24.7,65.0,MEDIUM,SYNTHETIC_GENERATOR_V1,SYNTHETIC
PA_001742,2024-10-06,HAMPTON_ROADS,12,23.3,69.8,LOW,SYNTHETIC_GENERATOR_V1,SYNTHETIC
PA_001743,2024-10-07,HAMPTON_ROADS,10,16.2,60.8,LOW,SYNTHETIC_GENERATOR_V1,SYNTHETIC
PA_001744,2024-10-08,HAMPTON_ROADS,7,14.0,64.0,LOW,SYNTHETIC_GENERATOR_V1,SYNTHETIC
PA_001745,2024-10-09,HAMPTON_ROADS,9,14.0,57.3,LOW,SYNTHETIC_GENERATOR_V1,SYNTHETIC
PA_001746,2024-10-10,HAMPTON_ROADS,7,8.7,52.8,LOW,SYNTHETIC_GENERATOR_V1,SYNTHETIC
PA_001747,2024-10-11,HAMPTON_ROADS,15,37.7,82.8,MEDIUM,SYNTHETIC_GENERATOR_V1,SYNTHETIC
PA_001748,2024-10-12,HAMPTON_ROADS,10,13.7,57.0,LOW,SYNTHETIC_GENERATOR_V1,SYNTHETIC
PA_001749,2024-10-13,HAMPTON_ROADS,11,21.4,66.2,LOW,SYNTHETIC_GENERATOR_V1,SYNTHETIC
PA_001750,2024-10-14,HAMPTON_ROADS,6,11.0,57.2,LOW,SYNTHETIC_GENERATOR_V1,SYNTHETIC
PA_001751,2024-10-15,HAMPTON_ROADS,9,17.9,61.0,LOW,SYNTHETIC_GENERATOR_V1,SYNTHETIC
PA_001752,2024-10-16,HAMPTON_ROADS,15,34.9,79.8,MEDIUM,SYNTHETIC_GENERATOR_V1,SYNTHETIC
PA_001753,2024-10-17,HAMPTON_ROADS,9,18.7,72.2,LOW,SYNTHETIC_GENERATOR_V1,SYNTHETIC
PA_001754,2024-10-18,HAMPTON_ROADS,17,41.1,97.3,MEDIUM,SYNTHETIC_GENERATOR_V1,SYNTHETIC
PA_001755,2024-10-19,HAMPTON_ROADS,6,13.5,60.6,LOW,SYNTHETIC_GENERATOR_V1,SYNTHETIC
PA_001756,2024-10-20,HAMPTON_ROADS,14,34.0,79.2,MEDIUM,SYNTHETIC_GENERATOR_V1,SYNTHETIC
PA_001757,2024-10-21,HAMPTON_ROADS,5,14.8,68.7,LOW,SYNTHETIC_GENERATOR_V1,SYNTHETIC
PA_001758,2024-10-22,HAMPTON_ROADS,16,43.7,85.4,MEDIUM,SYNTHETIC_GENERATOR_V1,SYNTHETIC
PA_001759,2024-10-23,HAMPTON_ROADS,11,29.2,69.7,MEDIUM,SYNTHETIC_GENERATOR_V1,SYNTHETIC
PA_001760,2024-10-24,HAMPTON_ROADS,9,13.7,58.7,LOW,SYNTHETIC_GENERATOR_V1,SYNTHETIC
PA_001761,2024-10-25,HAMPTON_ROADS,11,24.7,71.6,MEDIUM,SYNTHETIC_GENERATOR_V1,SYNTHETIC
PA_001762,2024-10-26,HAMPTON_ROADS,6,4.1,47.8,LOW,SYNTHETIC_GENERATOR_V1,SYNTHETIC
PA_001763,2024-10-27,HAMPTON_ROADS,13,28.5,78.6,MEDIUM,SYNTHETIC_GENERATOR_V1,SYNTHETIC
PA_001764,2024-10-28,HAMPTON_ROADS,7,5.7,55.5,LOW,SYNTHETIC_GENERATOR_V1,SYNTHETIC
PA_001765,2024-10-29,HAMPTON_ROADS,10,19.3,67.2,LOW,SYNTHETIC_GENERATOR_V1,SYNTHETIC
PA_001766,2024-10-30,HAMPTON_ROADS,8,13.8,58.3,LOW,SYNTHETIC_GENERATOR_V1,SYNTHETIC
PA_001767,2024-10-31,HAMPTON_ROADS,13,30.6,79.5,MEDIUM,SYNTHETIC_GENERATOR_V1,SYNTHETIC
PA_001768,2024-11-01,HAMPTON_ROADS,10,18.9,68.7,LOW,SYNTHETIC_GENERATOR_V1,SYNTHETIC
PA_001769,2024-11-02,HAMPTON_ROADS,14,37.0,84.4,MEDIUM,SYNTHETIC_GENERATOR_V1,SYNTHETIC
PA_001770,2024-11-03,HAMPTON_ROADS,6,7.5,52.7,LOW,SYNTHETIC_GENERATOR_V1,SYNTHETIC
PA_001771,2024-11-04,HAMPTON_ROADS,6,3.0,49.1,LOW,SYNTHETIC_GENERATOR_V1,SYNTHETIC
PA_001772,2024-11-05,HAMPTON_ROADS,12,27.6,71.0,MEDIUM,SYNTHETIC_GENERATOR_V1,SYNTHETIC
PA_001773,2024-11-06,HAMPTON_ROADS,8,16.5,70.0,LOW,SYNTHETIC_GENERATOR_V1,SYNTHETIC
PA_001774,2024-11-07,HAMPTON_ROADS,10,19.1,59.4,LOW,SYNTHETIC_GENERATOR_V1,SYNTHETIC
PA_001775,2024-11-08,HAMPTON_ROADS,9,16.9,69.5,LOW,SYNTHETIC_GENERATOR_V1,SYNTHETIC
PA_001776,2024-11-09,HAMPTON_ROADS,9,15.2,59.5,LOW,SYNTHETIC_GENERATOR_V1,SYNTHETIC
PA_001777,2024-11-10,HAMPTON_ROADS,6,7.2,49.1,LOW,SYNTHETIC_GENERATOR_V1,SYNTHETIC
PA_001778,2024-11-11,HAMPTON_ROADS,7,13.4,58.2,LOW,SYNTHETIC_GENERATOR_V1,SYNTHETIC
PA_001779,2024-11-12,HAMPTON_ROADS,9,16.6,64.5,LOW,SYNTHETIC_GENERATOR_V1,SYNTHETIC
PA_001780,2024-11-13,HAMPTON_ROADS,11,21.8,66.2,LOW,SYNTHETIC_GENERATOR_V1,SYNTHETIC
PA_001781,2024-11-14,HAMPTON_ROADS,12,25.0,72.4,MEDIUM,SYNTHETIC_GENERATOR_V1,SYNTHETIC
PA_001782,2024-11-15,HAMPTON_ROADS,14,29.7,73.7,MEDIUM,SYNTHETIC_GENERATOR_V1,SYNTHETIC
PA_001783,2024-11-16,HAMPTON_ROADS,12,23.7,72.4,LOW,SYNTHETIC_GENERATOR_V1,SYNTHETIC
PA_001784,2024-11-17,HAMPTON_ROADS,7,14.8,58.1,LOW,SYNTHETIC_GENERATOR_V1,SYNTHETIC
PA_001785,2024-11-18,HAMPTON_ROADS,14,38.4,85.5,MEDIUM,SYNTHETIC_GENERATOR_V1,SYNTHETIC
PA_001786,2024-11-19,HAMPTON_ROADS,6,8.0,50.2,LOW,SYNTHETIC_GENERATOR_V1,SYNTHETIC
PA_001787,2024-11-20,HAMPTON_ROADS,10,18.4,65.1,LOW,SYNTHETIC_GENERATOR_V1,SYNTHETIC
PA_001788,2024-11-21,HAMPTON_ROADS,13,29.6,77.1,MEDIUM,SYNTHETIC_GENERATOR_V1,SYNTHETIC
PA_001789,2024-11-22,HAMPTON_ROADS,6,1.5,49.0,LOW,SYNTHETIC_GENERATOR_V1,SYNTHETIC
PA_001790,2024-11-23,HAMPTON_ROADS,8,10.5,63.7,LOW,SYNTHETIC_GENERATOR_V1,SYNTHETIC
PA_001791,2024-11-24,HAMPTON_ROADS,9,24.2,65.8,MEDIUM,SYNTHETIC_GENERATOR_V1,SYNTHETIC
PA_001792,2024-11-25,HAMPTON_ROADS,7,14.2,65.1,LOW,SYNTHETIC_GENERATOR_V1,SYNTHETIC
PA_001793,2024-11-26,HAMPTON_ROADS,8,13.1,52.6,LOW,SYNTHETIC_GENERATOR_V1,SYNTHETIC
PA_001794,2024-11-27,HAMPTON_ROADS,9,14.5,59.3,LOW,SYNTHETIC_GENERATOR_V1,SYNTHETIC
PA_001795,2024-11-28,HAMPTON_ROADS,8,16.3,67.1,LOW,SYNTHETIC_GENERATOR_V1,SYNTHETIC
PA_001796,2024-11-29,HAMPTON_ROADS,8,14.9,61.3,LOW,SYNTHETIC_GENERATOR_V1,SYNTHETIC
PA_001797,2024-11-30,HAMPTON_ROADS,13,26.4,77.7,MEDIUM,SYNTHETIC_GENERATOR_V1,SYNTHETIC
PA_001798,2024-12-01,HAMPTON_ROADS,16,34.5,78.2,MEDIUM,SYNTHETIC_GENERATOR_V1,SYNTHETIC
PA_001799,2024-12-02,HAMPTON_ROADS,4,7.4,50.8,LOW,SYNTHETIC_GENERATOR_V1,SYNTHETIC
PA_001800,2024-12-03,HAMPTON_ROADS,7,13.6,64.2,LOW,SYNTHETIC_GENERATOR_V1,SYNTHETIC
PA_001801,2024-12-04,HAMPTON_ROADS,11,31.2,72.8,MEDIUM,SYNTHETIC_GENERATOR_V1,SYNTHETIC
PA_001802,2024-12-05,HAMPTON_ROADS,11,26.7,66.6,MEDIUM,SYNTHETIC_GENERATOR_V1,SYNTHETIC
PA_001803,2024-12-06,HAMPTON_ROADS,10,17.1,54.7,LOW,SYNTHETIC_GENERATOR_V1,SYNTHETIC
PA_001804,2024-12-07,HAMPTON_ROADS,7,11.3,64.5,LOW,SYNTHETIC_GENERATOR_V1,SYNTHETIC
PA_001805,2024-12-08,HAMPTON_ROADS,15,39.5,77.9,MEDIUM,SYNTHETIC_GENERATOR_V1,SYNTHETIC
PA_001806,2024-12-09,HAMPTON_ROADS,9,20.3,70.9,LOW,SYNTHETIC_GENERATOR_V1,SYNTHETIC
PA_001807,2024-12-10,HAMPTON_ROADS,14,30.7,68.5,MEDIUM,SYNTHETIC_GENERATOR_V1,SYNTHETIC
PA_001808,2024-12-11,HAMPTON_ROADS,7,6.2,52.4,LOW,SYNTHETIC_GENERATOR_V1,SYNTHETIC
PA_001809,2024-12-12,HAMPTON_ROADS,10,16.6,63.6,LOW,SYNTHETIC_GENERATOR_V1,SYNTHETIC
PA_001810,2024-12-13,HAMPTON_ROADS,8,17.0,63.6,LOW,SYNTHETIC_GENERATOR_V1,SYNTHETIC
PA_001811,2024-12-14,HAMPTON_ROADS,9,14.2,53.1,LOW,SYNTHETIC_GENERATOR_V1,SYNTHETIC
PA_001812,2024-12-15,HAMPTON_ROADS,9,20.9,61.1,LOW,SYNTHETIC_GENERATOR_V1,SYNTHETIC
PA_001813,2024-12-16,HAMPTON_ROADS,10,24.9,72.0,MEDIUM,SYNTHETIC_GENERATOR_V1,SYNTHETIC
PA_001814,2024-12-17,HAMPTON_ROADS,10,18.1,70.4,LOW,SYNTHETIC_GENERATOR_V1,SYNTHETIC
PA_001815,2024-12-18,HAMPTON_ROADS,9,17.5,64.7,LOW,SYNTHETIC_GENERATOR_V1,SYNTHETIC
PA_001816,2024-12-19,HAMPTON_ROADS,9,17.3,61.4,LOW,SYNTHETIC_GENERATOR_V1,SYNTHETIC
PA_001817,2024-12-20,HAMPTON_ROADS,13,29.1,74.9,MEDIUM,SYNTHETIC_GENERATOR_V1,SYNTHETIC
PA_001818,2024-12-21,HAMPTON_ROADS,11,14.9,64.1,LOW,SYNTHETIC_GENERATOR_V1,SYNTHETIC
PA_001819,2024-12-22,HAMPTON_ROADS,15,36.3,75.9,MEDIUM,SYNTHETIC_GENERATOR_V1,SYNTHETIC
PA_001820,2024-12-23,HAMPTON_ROADS,9,21.1,78.5,LOW,SYNTHETIC_GENERATOR_V1,SYNTHETIC
PA_001821,2024-12-24,HAMPTON_ROADS,8,15.3,64.3,LOW,SYNTHETIC_GENERATOR_V1,SYNTHETIC
PA_001822,2024-12-25,HAMPTON_ROADS,14,39.1,83.1,MEDIUM,SYNTHETIC_GENERATOR_V1,SYNTHETIC
PA_001823,2024-12-26,HAMPTON_ROADS,17,46.0,90.1,MEDIUM,SYNTHETIC_GENERATOR_V1,SYNTHETIC
PA_001824,2024-12-27,HAMPTON_ROADS,9,22.2,65.5,LOW,SYNTHETIC_GENERATOR_V1,SYNTHETIC
PA_001825,2024-12-28,HAMPTON_ROADS,8,13.9,58.7,LOW,SYNTHETIC_GENERATOR_V1,SYNTHETIC
PA_001826,2024-12-29,HAMPTON_ROADS,17,40.0,90.7,MEDIUM,SYNTHETIC_GENERATOR_V1,SYNTHETIC
PA_001827,2024-12-30,HAMPTON_ROADS,7,13.8,59.8,LOW,SYNTHETIC_GENERATOR_V1,SYNTHETIC
PA_001828,2024-12-31,HAMPTON_ROADS,7,14.2,67.5,LOW,SYNTHETIC_GENERATOR_V1,SYNTHETIC
PA_001829,2025-01-01,HAMPTON_ROADS,11,20.2,70.3,LOW,SYNTHETIC_GENERATOR_V1,SYNTHETIC
PA_001830,2025-01-02,HAMPTON_ROADS,13,29.8,75.2,MEDIUM,SYNTHETIC_GENERATOR_V1,SYNTHETIC
PA_001831,2025-01-03,HAMPTON_ROADS,17,50.2,98.5,MEDIUM,SYNTHETIC_GENERATOR_V1,SYNTHETIC
PA_001832,2025-01-04,HAMPTON_ROADS,9,23.7,64.8,LOW,SYNTHETIC_GENERATOR_V1,SYNTHETIC
PA_001833,2025-01-05,HAMPTON_ROADS,9,25.0,74.2,MEDIUM,SYNTHETIC_GENERATOR_V1,SYNTHETIC
PA_001834,2025-01-06,HAMPTON_ROADS,8,19.1,63.2,LOW,SYNTHETIC_GENERATOR_V1,SYNTHETIC
PA_001835,2025-01-07,HAMPTON_ROADS,5,5.4,52.0,LOW,SYNTHETIC_GENERATOR_V1,SYNTHETIC
PA_001836,2025-01-08,HAMPTON_ROADS,9,16.6,63.7,LOW,SYNTHETIC_GENERATOR_V1,SYNTHETIC
PA_001837,2025-01-09,HAMPTON_ROADS,15,34.4,82.0,MEDIUM,SYNTHETIC_GENERATOR_V1,SYNTHETIC
PA_001838,2025-01-10,HAMPTON_ROADS,12,26.2,66.1,MEDIUM,SYNTHETIC_GENERATOR_V1,SYNTHETIC
PA_001839,2025-01-11,HAMPTON_ROADS,11,20.1,69.6,LOW,SYNTHETIC_GENERATOR_V1,SYNTHETIC
PA_001840,2025-01-12,HAMPTON_ROADS,7,16.8,57.4,LOW,SYNTHETIC_GENERATOR_V1,SYNTHETIC
PA_001841,2025-01-13,HAMPTON_ROADS,10,17.9,66.7,LOW,SYNTHETIC_GENERATOR_V1,SYNTHETIC
PA_001842,2025-01-14,HAMPTON_ROADS,15,36.1,75.7,MEDIUM,SYNTHETIC_GENERATOR_V1,SYNTHETIC
PA_001843,2025-01-15,HAMPTON_ROADS,8,14.1,60.1,LOW,SYNTHETIC_GENERATOR_V1,SYNTHETIC
PA_001844,2025-01-16,HAMPTON_ROADS,11,18.6,69.5,LOW,SYNTHETIC_GENERATOR_V1,SYNTHETIC
PA_001845,2025-01-17,HAMPTON_ROADS,9,22.2,70.6,LOW,SYNTHETIC_GENERATOR_V1,SYNTHETIC
PA_001846,2025-01-18,HAMPTON_ROADS,10,18.6,58.2,LOW,SYNTHETIC_GENERATOR_V1,SYNTHETIC
PA_001847,2025-01-19,HAMPTON_ROADS,8,12.8,58.5,LOW,SYNTHETIC_GENERATOR_V1,SYNTHETIC
PA_001848,2025-01-20,HAMPTON_ROADS,9,13.1,60.0,LOW,SYNTHETIC_GENERATOR_V1,SYNTHETIC
PA_001849,2025-01-21,HAMPTON_ROADS,7,17.6,70.3,LOW,SYNTHETIC_GENERATOR_V1,SYNTHETIC
PA_001850,2025-01-22,HAMPTON_ROADS,8,16.7,62.6,LOW,SYNTHETIC_GENERATOR_V1,SYNTHETIC
PA_001851,2025-01-23,HAMPTON_ROADS,14,36.0,83.4,MEDIUM,SYNTHETIC_GENERATOR_V1,SYNTHETIC
PA_001852,2025-01-24,HAMPTON_ROADS,11,21.6,68.4,LOW,SYNTHETIC_GENERATOR_V1,SYNTHETIC
PA_001853,2025-01-25,HAMPTON_ROADS,12,24.9,78.8,MEDIUM,SYNTHETIC_GENERATOR_V1,SYNTHETIC
PA_001854,2025-01-26,HAMPTON_ROADS,10,14.0,51.5,LOW,SYNTHETIC_GENERATOR_V1,SYNTHETIC
PA_001855,2025-01-27,HAMPTON_ROADS,5,0.0,43.4,LOW,SYNTHETIC_GENERATOR_V1,SYNTHETIC
PA_001856,2025-01-28,HAMPTON_ROADS,8,14.9,60.8,LOW,SYNTHETIC_GENERATOR_V1,SYNTHETIC
PA_001857,2025-01-29,HAMPTON_ROADS,6,14.2,54.8,LOW,SYNTHETIC_GENERATOR_V1,SYNTHETIC
PA_001858,2025-01-30,HAMPTON_ROADS,10,25.3,74.6,MEDIUM,SYNTHETIC_GENERATOR_V1,SYNTHETIC
PA_001859,2025-01-31,HAMPTON_ROADS,4,2.6,52.1,LOW,SYNTHETIC_GENERATOR_V1,SYNTHETIC
PA_001860,2025-02-01,HAMPTON_ROADS,9,9.2,56.9,LOW,SYNTHETIC_GENERATOR_V1,SYNTHETIC
PA_001861,2025-02-02,HAMPTON_ROADS,9,14.5,63.4,LOW,SYNTHETIC_GENERATOR_V1,SYNTHETIC
PA_001862,2025-02-03,HAMPTON_ROADS,8,13.0,56.4,LOW,SYNTHETIC_GENERATOR_V1,SYNTHETIC
PA_001863,2025-02-04,HAMPTON_ROADS,14,36.5,80.3,MEDIUM,SYNTHETIC_GENERATOR_V1,SYNTHETIC
PA_001864,2025-02-05,HAMPTON_ROADS,13,26.9,74.0,MEDIUM,SYNTHETIC_GENERATOR_V1,SYNTHETIC
PA_001865,2025-02-06,HAMPTON_ROADS,10,17.6,62.0,LOW,SYNTHETIC_GENERATOR_V1,SYNTHETIC
PA_001866,2025-02-07,HAMPTON_ROADS,7,15.4,59.2,LOW,SYNTHETIC_GENERATOR_V1,SYNTHETIC
PA_001867,2025-02-08,HAMPTON_ROADS,3,4.3,45.4,LOW,SYNTHETIC_GENERATOR_V1,SYNTHETIC
PA_001868,2025-02-09,HAMPTON_ROADS,4,0.0,41.4,LOW,SYNTHETIC_GENERATOR_V1,SYNTHETIC
PA_001869,2025-02-10,HAMPTON_ROADS,13,35.1,82.5,MEDIUM,SYNTHETIC_GENERATOR_V1,SYNTHETIC
PA_001870,2025-02-11,HAMPTON_ROADS,8,7.1,53.5,LOW,SYNTHETIC_GENERATOR_V1,SYNTHETIC
PA_001871,2025-02-12,HAMPTON_ROADS,13,26.7,76.9,MEDIUM,SYNTHETIC_GENERATOR_V1,SYNTHETIC
PA_001872,2025-02-13,HAMPTON_ROADS,13,35.1,77.4,MEDIUM,SYNTHETIC_GENERATOR_V1,SYNTHETIC
PA_001873,2025-02-14,HAMPTON_ROADS,5,9.6,60.1,LOW,SYNTHETIC_GENERATOR_V1,SYNTHETIC
PA_001874,2025-02-15,HAMPTON_ROADS,5,5.7,57.2,LOW,SYNTHETIC_GENERATOR_V1,SYNTHETIC
PA_001875,2025-02-16,HAMPTON_ROADS,14,28.7,69.9,MEDIUM,SYNTHETIC_GENERATOR_V1,SYNTHETIC
PA_001876,2025-02-17,HAMPTON_ROADS,10,16.7,58.4,LOW,SYNTHETIC_GENERATOR_V1,SYNTHETIC
PA_001877,2025-02-18,HAMPTON_ROADS,6,11.0,53.0,LOW,SYNTHETIC_GENERATOR_V1,SYNTHETIC
PA_001878,2025-02-19,HAMPTON_ROADS,9,11.2,54.4,LOW,SYNTHETIC_GENERATOR_V1,SYNTHETIC
PA_001879,2025-02-20,HAMPTON_ROADS,11,20.1,66.8,LOW,SYNTHETIC_GENERATOR_V1,SYNTHETIC
PA_001880,2025-02-21,HAMPTON_ROADS,6,9.5,54.7,LOW,SYNTHETIC_GENERATOR_V1,SYNTHETIC
PA_001881,2025-02-22,HAMPTON_ROADS,6,11.4,57.9,LOW,SYNTHETIC_GENERATOR_V1,SYNTHETIC
PA_001882,2025-02-23,HAMPTON_ROADS,14,33.6,84.1,MEDIUM,SYNTHETIC_GENERATOR_V1,SYNTHETIC
PA_001883,2025-02-24,HAMPTON_ROADS,4,5.8,51.9,LOW,SYNTHETIC_GENERATOR_V1,SYNTHETIC
PA_001884,2025-02-25,HAMPTON_ROADS,10,22.7,69.5,LOW,SYNTHETIC_GENERATOR_V1,SYNTHETIC
PA_001885,2025-02-26,HAMPTON_ROADS,7,13.1,64.6,LOW,SYNTHETIC_GENERATOR_V1,SYNTHETIC
PA_001886,2025-02-27,HAMPTON_ROADS,6,12.1,57.8,LOW,SYNTHETIC_GENERATOR_V1,SYNTHETIC
PA_001887,2025-02-28,HAMPTON_ROADS,8,14.6,53.9,LOW,SYNTHETIC_GENERATOR_V1,SYNTHETIC
PA_001888,2025-03-01,HAMPTON_ROADS,6,14.6,61.4,LOW,SYNTHETIC_GENERATOR_V1,SYNTHETIC
PA_001889,2025-03-02,HAMPTON_ROADS,9,15.4,57.8,LOW,SYNTHETIC_GENERATOR_V1,SYNTHETIC
PA_001890,2025-03-03,HAMPTON_ROADS,7,13.7,63.0,LOW,SYNTHETIC_GENERATOR_V1,SYNTHETIC
PA_001891,2025-03-04,HAMPTON_ROADS,6,9.8,55.6,LOW,SYNTHETIC_GENERATOR_V1,SYNTHETIC
PA_001892,2025-03-05,HAMPTON_ROADS,10,23.0,70.0,LOW,SYNTHETIC_GENERATOR_V1,SYNTHETIC
PA_001893,2025-03-06,HAMPTON_ROADS,10,20.5,67.5,LOW,SYNTHETIC_GENERATOR_V1,SYNTHETIC
PA_001894,2025-03-07,HAMPTON_ROADS,5,10.1,61.4,LOW,SYNTHETIC_GENERATOR_V1,SYNTHETIC
PA_001895,2025-03-08,HAMPTON_ROADS,9,14.3,58.5,LOW,SYNTHETIC_GENERATOR_V1,SYNTHETIC
PA_001896,2025-03-09,HAMPTON_ROADS,8,11.3,57.3,LOW,SYNTHETIC_GENERATOR_V1,SYNTHETIC
PA_001897,2025-03-10,HAMPTON_ROADS,7,7.1,50.9,LOW,SYNTHETIC_GENERATOR_V1,SYNTHETIC
PA_001898,2025-03-11,HAMPTON_ROADS,12,32.4,78.2,MEDIUM,SYNTHETIC_GENERATOR_V1,SYNTHETIC
PA_001899,2025-03-12,HAMPTON_ROADS,6,7.8,49.3,LOW,SYNTHETIC_GENERATOR_V1,SYNTHETIC
PA_001900,2025-03-13,HAMPTON_ROADS,6,12.1,53.6,LOW,SYNTHETIC_GENERATOR_V1,SYNTHETIC
PA_001901,2025-03-14,HAMPTON_ROADS,10,22.9,67.3,LOW,SYNTHETIC_GENERATOR_V1,SYNTHETIC
PA_001902,2025-03-15,HAMPTON_ROADS,10,23.9,72.6,LOW,SYNTHETIC_GENERATOR_V1,SYNTHETIC
PA_001903,2025-03-16,HAMPTON_ROADS,10,15.5,56.2,LOW,SYNTHETIC_GENERATOR_V1,SYNTHETIC
PA_001904,2025-03-17,HAMPTON_ROADS,9,16.7,65.6,LOW,SYNTHETIC_GENERATOR_V1,SYNTHETIC
PA_001905,2025-03-18,HAMPTON_ROADS,8,13.8,62.6,LOW,SYNTHETIC_GENERATOR_V1,SYNTHETIC
PA_001906,2025-03-19,HAMPTON_ROADS,10,17.2,59.0,LOW,SYNTHETIC_GENERATOR_V1,SYNTHETIC
PA_001907,2025-03-20,HAMPTON_ROADS,15,33.2,77.8,MEDIUM,SYNTHETIC_GENERATOR_V1,SYNTHETIC
PA_001908,2025-03-21,HAMPTON_ROADS,15,35.4,75.4,MEDIUM,SYNTHETIC_GENERATOR_V1,SYNTHETIC
PA_001909,2025-03-22,HAMPTON_ROADS,6,12.8,59.1,LOW,SYNTHETIC_GENERATOR_V1,SYNTHETIC
PA_001910,2025-03-23,HAMPTON_ROADS,10,21.1,62.9,LOW,SYNTHETIC_GENERATOR_V1,SYNTHETIC
PA_001911,2025-03-24,HAMPTON_ROADS,11,21.6,59.4,LOW,SYNTHETIC_GENERATOR_V1,SYNTHETIC
PA_001912,2025-03-25,HAMPTON_ROADS,5,0.4,40.3,LOW,SYNTHETIC_GENERATOR_V1,SYNTHETIC
PA_001913,2025-03-26,HAMPTON_ROADS,11,26.5,80.5,MEDIUM,SYNTHETIC_GENERATOR_V1,SYNTHETIC
PA_001914,2025-03-27,HAMPTON_ROADS,8,18.8,64.7,LOW,SYNTHETIC_GENERATOR_V1,SYNTHETIC
PA_001915,2025-03-28,HAMPTON_ROADS,7,10.9,52.9,LOW,SYNTHETIC_GENERATOR_V1,SYNTHETIC
PA_001916,2025-03-29,HAMPTON_ROADS,9,16.8,67.5,LOW,SYNTHETIC_GENERATOR_V1,SYNTHETIC
PA_001917,2025-03-30,HAMPTON_ROADS,8,14.4,60.4,LOW,SYNTHETIC_GENERATOR_V1,SYNTHETIC
PA_001918,2025-03-31,HAMPTON_ROADS,7,6.2,47.4,LOW,SYNTHETIC_GENERATOR_V1,SYNTHETIC
PA_001919,2025-04-01,HAMPTON_ROADS,12,29.0,77.1,MEDIUM,SYNTHETIC_GENERATOR_V1,SYNTHETIC
PA_001920,2025-04-02,HAMPTON_ROADS,10,14.8,68.9,LOW,SYNTHETIC_GENERATOR_V1,SYNTHETIC
PA_001921,2025-04-03,HAMPTON_ROADS,15,33.5,71.2,MEDIUM,SYNTHETIC_GENERATOR_V1,SYNTHETIC
PA_001922,2025-04-04,HAMPTON_ROADS,5,11.9,57.3,LOW,SYNTHETIC_GENERATOR_V1,SYNTHETIC
PA_001923,2025-04-05,HAMPTON_ROADS,12,25.8,69.8,MEDIUM,SYNTHETIC_GENERATOR_V1,SYNTHETIC
PA_001924,2025-04-06,HAMPTON_ROADS,11,19.1,66.5,LOW,SYNTHETIC_GENERATOR_V1,SYNTHETIC
PA_001925,2025-04-07,HAMPTON_ROADS,1,0.4,41.8,LOW,SYNTHETIC_GENERATOR_V1,SYNTHETIC
PA_001926,2025-04-08,HAMPTON_ROADS,10,14.0,53.5,LOW,SYNTHETIC_GENERATOR_V1,SYNTHETIC
PA_001927,2025-04-09,HAMPTON_ROADS,12,30.5,81.4,MEDIUM,SYNTHETIC_GENERATOR_V1,SYNTHETIC
PA_001928,2025-04-10,HAMPTON_ROADS,12,26.4,68.6,MEDIUM,SYNTHETIC_GENERATOR_V1,SYNTHETIC
PA_001929,2025-04-11,HAMPTON_ROADS,7,10.3,56.4,LOW,SYNTHETIC_GENERATOR_V1,SYNTHETIC
PA_001930,2025-04-12,HAMPTON_ROADS,10,12.7,63.3,LOW,SYNTHETIC_GENERATOR_V1,SYNTHETIC
PA_001931,2025-04-13,HAMPTON_ROADS,15,36.2,78.9,MEDIUM,SYNTHETIC_GENERATOR_V1,SYNTHETIC
PA_001932,2025-04-14,HAMPTON_ROADS,10,21.0,65.0,LOW,SYNTHETIC_GENERATOR_V1,SYNTHETIC
PA_001933,2025-04-15,HAMPTON_ROADS,3,5.3,53.5,LOW,SYNTHETIC_GENERATOR_V1,SYNTHETIC
PA_001934,2025-04-16,HAMPTON_ROADS,10,18.6,59.7,LOW,SYNTHETIC_GENERATOR_V1,SYNTHETIC
PA_001935,2025-04-17,HAMPTON_ROADS,14,32.7,74.1,MEDIUM,SYNTHETIC_GENERATOR_V1,SYNTHETIC
PA_001936,2025-04-18,HAMPTON_ROADS,7,15.2,65.0,LOW,SYNTHETIC_GENERATOR_V1,SYNTHETIC
PA_001937,2025-04-19,HAMPTON_ROADS,7,10.6,50.2,LOW,SYNTHETIC_GENERATOR_V1,SYNTHETIC
PA_001938,2025-04-20,HAMPTON_ROADS,18,45.8,94.2,MEDIUM,SYNTHETIC_GENERATOR_V1,SYNTHETIC
PA_001939,2025-04-21,HAMPTON_ROADS,9,16.5,60.2,LOW,SYNTHETIC_GENERATOR_V1,SYNTHETIC
PA_001940,2025-04-22,HAMPTON_ROADS,12,31.5,79.6,MEDIUM,SYNTHETIC_GENERATOR_V1,SYNTHETIC
PA_001941,2025-04-23,HAMPTON_ROADS,13,25.7,69.9,MEDIUM,SYNTHETIC_GENERATOR_V1,SYNTHETIC
PA_001942,2025-04-24,HAMPTON_ROADS,8,12.2,52.0,LOW,SYNTHETIC_GENERATOR_V1,SYNTHETIC
PA_001943,2025-04-25,HAMPTON_ROADS,9,18.0,63.9,LOW,SYNTHETIC_GENERATOR_V1,SYNTHETIC
PA_001944,2025-04-26,HAMPTON_ROADS,11,19.9,69.7,LOW,SYNTHETIC_GENERATOR_V1,SYNTHETIC
PA_001945,2025-04-27,HAMPTON_ROADS,12,25.1,70.0,MEDIUM,SYNTHETIC_GENERATOR_V1,SYNTHETIC
PA_001946,2025-04-28,HAMPTON_ROADS,12,25.8,73.0,MEDIUM,SYNTHETIC_GENERATOR_V1,SYNTHETIC
PA_001947,2025-04-29,HAMPTON_ROADS,10,22.0,74.3,LOW,SYNTHETIC_GENERATOR_V1,SYNTHETIC
PA_001948,2025-04-30,HAMPTON_ROADS,9,19.1,63.5,LOW,SYNTHETIC_GENERATOR_V1,SYNTHETIC
PA_001949,2025-05-01,HAMPTON_ROADS,12,20.4,65.3,LOW,SYNTHETIC_GENERATOR_V1,SYNTHETIC
PA_001950,2025-05-02,HAMPTON_ROADS,6,6.4,59.0,LOW,SYNTHETIC_GENERATOR_V1,SYNTHETIC
PA_001951,2025-05-03,HAMPTON_ROADS,11,23.7,68.3,LOW,SYNTHETIC_GENERATOR_V1,SYNTHETIC
PA_001952,2025-05-04,HAMPTON_ROADS,10,25.3,68.7,MEDIUM,SYNTHETIC_GENERATOR_V1,SYNTHETIC
PA_001953,2025-05-05,HAMPTON_ROADS,8,21.1,65.8,LOW,SYNTHETIC_GENERATOR_V1,SYNTHETIC
PA_001954,2025-05-06,HAMPTON_ROADS,1,0.0,44.1,LOW,SYNTHETIC_GENERATOR_V1,SYNTHETIC
PA_001955,2025-05-07,HAMPTON_ROADS,10,24.5,67.0,MEDIUM,SYNTHETIC_GENERATOR_V1,SYNTHETIC
PA_001956,2025-05-08,HAMPTON_ROADS,12,24.9,68.9,MEDIUM,SYNTHETIC_GENERATOR_V1,SYNTHETIC
PA_001957,2025-05-09,HAMPTON_ROADS,12,25.4,73.8,MEDIUM,SYNTHETIC_GENERATOR_V1,SYNTHETIC
PA_001958,2025-05-10,HAMPTON_ROADS,9,19.2,67.7,LOW,SYNTHETIC_GENERATOR_V1,SYNTHETIC
PA_001959,2025-05-11,HAMPTON_ROADS,10,18.9,58.9,LOW,SYNTHETIC_GENERATOR_V1,SYNTHETIC
PA_001960,2025-05-12,HAMPTON_ROADS,13,26.0,77.0,MEDIUM,SYNTHETIC_GENERATOR_V1,SYNTHETIC
PA_001961,2025-05-13,HAMPTON_ROADS,12,23.5,61.6,LOW,SYNTHETIC_GENERATOR_V1,SYNTHETIC
PA_001962,2025-05-14,HAMPTON_ROADS,6,5.1,49.6,LOW,SYNTHETIC_GENERATOR_V1,SYNTHETIC
PA_001963,2025-05-15,HAMPTON_ROADS,12,25.6,67.9,MEDIUM,SYNTHETIC_GENERATOR_V1,SYNTHETIC
PA_001964,2025-05-16,HAMPTON_ROADS,12,17.9,64.0,LOW,SYNTHETIC_GENERATOR_V1,SYNTHETIC
PA_001965,2025-05-17,HAMPTON_ROADS,14,34.5,81.7,MEDIUM,SYNTHETIC_GENERATOR_V1,SYNTHETIC
PA_001966,2025-05-18,HAMPTON_ROADS,11,24.5,71.5,MEDIUM,SYNTHETIC_GENERATOR_V1,SYNTHETIC
PA_001967,2025-05-19,HAMPTON_ROADS,10,17.5,59.4,LOW,SYNTHETIC_GENERATOR_V1,SYNTHETIC
PA_001968,2025-05-20,HAMPTON_ROADS,16,40.1,80.2,MEDIUM,SYNTHETIC_GENERATOR_V1,SYNTHETIC
PA_001969,2025-05-21,HAMPTON_ROADS,19,54.8,108.4,MEDIUM,SYNTHETIC_GENERATOR_V1,SYNTHETIC
PA_001970,2025-05-22,HAMPTON_ROADS,9,15.8,58.5,LOW,SYNTHETIC_GENERATOR_V1,SYNTHETIC
PA_001971,2025-05-23,HAMPTON_ROADS,13,24.2,69.4,MEDIUM,SYNTHETIC_GENERATOR_V1,SYNTHETIC
PA_001972,2025-05-24,HAMPTON_ROADS,14,35.2,87.9,MEDIUM,SYNTHETIC_GENERATOR_V1,SYNTHETIC
PA_001973,2025-05-25,HAMPTON_ROADS,15,32.2,81.7,MEDIUM,SYNTHETIC_GENERATOR_V1,SYNTHETIC
PA_001974,2025-05-26,HAMPTON_ROADS,15,36.2,77.9,MEDIUM,SYNTHETIC_GENERATOR_V1,SYNTHETIC
PA_001975,2025-05-27,HAMPTON_ROADS,9,16.1,61.2,LOW,SYNTHETIC_GENERATOR_V1,SYNTHETIC
PA_001976,2025-05-28,HAMPTON_ROADS,13,27.6,73.9,MEDIUM,SYNTHETIC_GENERATOR_V1,SYNTHETIC
PA_001977,2025-05-29,HAMPTON_ROADS,14,34.1,72.6,MEDIUM,SYNTHETIC_GENERATOR_V1,SYNTHETIC
PA_001978,2025-05-30,HAMPTON_ROADS,6,8.1,62.1,LOW,SYNTHETIC_GENERATOR_V1,SYNTHETIC
PA_001979,2025-05-31,HAMPTON_ROADS,15,33.9,78.6,MEDIUM,SYNTHETIC_GENERATOR_V1,SYNTHETIC
PA_001980,2025-06-01,HAMPTON_ROADS,11,29.3,82.1,MEDIUM,SYNTHETIC_GENERATOR_V1,SYNTHETIC
PA_001981,2025-06-02,HAMPTON_ROADS,7,10.6,56.1,LOW,SYNTHETIC_GENERATOR_V1,SYNTHETIC
PA_001982,2025-06-03,HAMPTON_ROADS,10,18.2,63.8,LOW,SYNTHETIC_GENERATOR_V1,SYNTHETIC
PA_001983,2025-06-04,HAMPTON_ROADS,10,16.9,67.5,LOW,SYNTHETIC_GENERATOR_V1,SYNTHETIC
PA_001984,2025-06-05,HAMPTON_ROADS,7,10.5,52.6,LOW,SYNTHETIC_GENERATOR_V1,SYNTHETIC
PA_001985,2025-06-06,HAMPTON_ROADS,17,44.5,85.6,MEDIUM,SYNTHETIC_GENERATOR_V1,SYNTHETIC
PA_001986,2025-06-07,HAMPTON_ROADS,13,31.6,72.2,MEDIUM,SYNTHETIC_GENERATOR_V1,SYNTHETIC
PA_001987,2025-06-08,HAMPTON_ROADS,11,18.4,61.7,LOW,SYNTHETIC_GENERATOR_V1,SYNTHETIC
PA_001988,2025-06-09,HAMPTON_ROADS,8,14.0,64.7,LOW,SYNTHETIC_GENERATOR_V1,SYNTHETIC
PA_001989,2025-06-10,HAMPTON_ROADS,9,16.1,64.6,LOW,SYNTHETIC_GENERATOR_V1,SYNTHETIC
PA_001990,2025-06-11,HAMPTON_ROADS,5,0.2,48.4,LOW,SYNTHETIC_GENERATOR_V1,SYNTHETIC
PA_001991,2025-06-12,HAMPTON_ROADS,13,31.8,78.5,MEDIUM,SYNTHETIC_GENERATOR_V1,SYNTHETIC
PA_001992,2025-06-13,HAMPTON_ROADS,7,11.6,58.9,LOW,SYNTHETIC_GENERATOR_V1,SYNTHETIC
PA_001993,2025-06-14,HAMPTON_ROADS,11,19.7,64.6,LOW,SYNTHETIC_GENERATOR_V1,SYNTHETIC
PA_001994,2025-06-15,HAMPTON_ROADS,9,18.6,66.2,LOW,SYNTHETIC_GENERATOR_V1,SYNTHETIC
PA_001995,2025-06-16,HAMPTON_ROADS,10,24.9,69.8,MEDIUM,SYNTHETIC_GENERATOR_V1,SYNTHETIC
PA_001996,2025-06-17,HAMPTON_ROADS,10,15.5,56.6,LOW,SYNTHETIC_GENERATOR_V1,SYNTHETIC
PA_001997,2025-06-18,HAMPTON_ROADS,12,30.8,81.3,MEDIUM,SYNTHETIC_GENERATOR_V1,SYNTHETIC
PA_001998,2025-06-19,HAMPTON_ROADS,14,40.6,87.5,MEDIUM,SYNTHETIC_GENERATOR_V1,SYNTHETIC
PA_001999,2025-06-20,HAMPTON_ROADS,9,15.5,64.6,LOW,SYNTHETIC_GENERATOR_V1,SYNTHETIC
PA_002000,2025-06-21,HAMPTON_ROADS,9,12.9,61.9,LOW,SYNTHETIC_GENERATOR_V1,SYNTHETIC
PA_002001,2025-06-22,HAMPTON_ROADS,12,25.4,80.5,MEDIUM,SYNTHETIC_GENERATOR_V1,SYNTHETIC
PA_002002,2025-06-23,HAMPTON_ROADS,10,19.4,68.6,LOW,SYNTHETIC_GENERATOR_V1,SYNTHETIC
PA_002003,2025-06-24,HAMPTON_ROADS,9,13.4,63.7,LOW,SYNTHETIC_GENERATOR_V1,SYNTHETIC
PA_002004,2025-06-25,HAMPTON_ROADS,10,17.5,58.9,LOW,SYNTHETIC_GENERATOR_V1,SYNTHETIC
PA_002005,2025-06-26,HAMPTON_ROADS,6,5.3,55.7,LOW,SYNTHETIC_GENERATOR_V1,SYNTHETIC
PA_002006,2025-06-27,HAMPTON_ROADS,6,6.1,46.6,LOW,SYNTHETIC_GENERATOR_V1,SYNTHETIC
PA_002007,2025-06-28,HAMPTON_ROADS,10,16.8,58.7,LOW,SYNTHETIC_GENERATOR_V1,SYNTHETIC
PA_002008,2025-06-29,HAMPTON_ROADS,8,11.4,58.3,LOW,SYNTHETIC_GENERATOR_V1,SYNTHETIC
PA_002009,2025-06-30,HAMPTON_ROADS,8,19.4,66.9,LOW,SYNTHETIC_GENERATOR_V1,SYNTHETIC
PA_002010,2025-07-01,HAMPTON_ROADS,9,16.0,57.8,LOW,SYNTHETIC_GENERATOR_V1,SYNTHETIC
PA_002011,2025-07-02,HAMPTON_ROADS,6,7.8,53.1,LOW,SYNTHETIC_GENERATOR_V1,SYNTHETIC
PA_002012,2025-07-03,HAMPTON_ROADS,9,7.9,50.6,LOW,SYNTHETIC_GENERATOR_V1,SYNTHETIC
PA_002013,2025-07-04,HAMPTON_ROADS,6,12.7,56.8,LOW,SYNTHETIC_GENERATOR_V1,SYNTHETIC
PA_002014,2025-07-05,HAMPTON_ROADS,9,22.2,62.0,LOW,SYNTHETIC_GENERATOR_V1,SYNTHETIC
PA_002015,2025-07-06,HAMPTON_ROADS,6,9.5,52.9,LOW,SYNTHETIC_GENERATOR_V1,SYNTHETIC
PA_002016,2025-07-07,HAMPTON_ROADS,7,15.8,66.9,LOW,SYNTHETIC_GENERATOR_V1,SYNTHETIC
PA_002017,2025-07-08,HAMPTON_ROADS,5,8.1,57.1,LOW,SYNTHETIC_GENERATOR_V1,SYNTHETIC
PA_002018,2025-07-09,HAMPTON_ROADS,13,30.7,73.3,MEDIUM,SYNTHETIC_GENERATOR_V1,SYNTHETIC
PA_002019,2025-07-10,HAMPTON_ROADS,9,18.9,66.0,LOW,SYNTHETIC_GENERATOR_V1,SYNTHETIC
PA_002020,2025-07-11,HAMPTON_ROADS,8,14.3,63.1,LOW,SYNTHETIC_GENERATOR_V1,SYNTHETIC
PA_002021,2025-07-12,HAMPTON_ROADS,6,8.3,49.2,LOW,SYNTHETIC_GENERATOR_V1,SYNTHETIC
PA_002022,2025-07-13,HAMPTON_ROADS,9,21.5,69.6,LOW,SYNTHETIC_GENERATOR_V1,SYNTHETIC
PA_002023,2025-07-14,HAMPTON_ROADS,6,11.6,69.4,LOW,SYNTHETIC_GENERATOR_V1,SYNTHETIC
PA_002024,2025-07-15,HAMPTON_ROADS,9,16.3,62.9,LOW,SYNTHETIC_GENERATOR_V1,SYNTHETIC
PA_002025,2025-07-16,HAMPTON_ROADS,10,16.8,65.6,LOW,SYNTHETIC_GENERATOR_V1,SYNTHETIC
PA_002026,2025-07-17,HAMPTON_ROADS,6,11.7,56.7,LOW,SYNTHETIC_GENERATOR_V1,SYNTHETIC
PA_002027,2025-07-18,HAMPTON_ROADS,10,27.2,73.0,MEDIUM,SYNTHETIC_GENERATOR_V1,SYNTHETIC
PA_002028,2025-07-19,HAMPTON_ROADS,12,19.8,71.2,LOW,SYNTHETIC_GENERATOR_V1,SYNTHETIC
PA_002029,2025-07-20,HAMPTON_ROADS,5,9.2,55.8,LOW,SYNTHETIC_GENERATOR_V1,SYNTHETIC
PA_002030,2025-07-21,HAMPTON_ROADS,15,33.6,80.2,MEDIUM,SYNTHETIC_GENERATOR_V1,SYNTHETIC
PA_002031,2025-07-22,HAMPTON_ROADS,9,22.1,62.4,LOW,SYNTHETIC_GENERATOR_V1,SYNTHETIC
PA_002032,2025-07-23,HAMPTON_ROADS,10,20.0,73.8,LOW,SYNTHETIC_GENERATOR_V1,SYNTHETIC
PA_002033,2025-07-24,HAMPTON_ROADS,12,31.6,73.6,MEDIUM,SYNTHETIC_GENERATOR_V1,SYNTHETIC
PA_002034,2025-07-25,HAMPTON_ROADS,7,8.0,51.5,LOW,SYNTHETIC_GENERATOR_V1,SYNTHETIC
PA_002035,2025-07-26,HAMPTON_ROADS,14,41.5,82.1,MEDIUM,SYNTHETIC_GENERATOR_V1,SYNTHETIC
PA_002036,2025-07-27,HAMPTON_ROADS,11,23.8,69.6,LOW,SYNTHETIC_GENERATOR_V1,SYNTHETIC
PA_002037,2025-07-28,HAMPTON_ROADS,15,39.5,87.4,MEDIUM,SYNTHETIC_GENERATOR_V1,SYNTHETIC
PA_002038,2025-07-29,HAMPTON_ROADS,8,19.8,66.4,LOW,SYNTHETIC_GENERATOR_V1,SYNTHETIC
PA_002039,2025-07-30,HAMPTON_ROADS,11,28.8,71.2,MEDIUM,SYNTHETIC_GENERATOR_V1,SYNTHETIC
PA_002040,2025-07-31,HAMPTON_ROADS,14,31.4,80.3,MEDIUM,SYNTHETIC_GENERATOR_V1,SYNTHETIC
PA_002041,2025-08-01,HAMPTON_ROADS,16,45.3,94.1,MEDIUM,SYNTHETIC_GENERATOR_V1,SYNTHETIC
PA_002042,2025-08-02,HAMPTON_ROADS,11,29.3,80.0,MEDIUM,SYNTHETIC_GENERATOR_V1,SYNTHETIC
PA_002043,2025-08-03,HAMPTON_ROADS,12,26.7,74.1,MEDIUM,SYNTHETIC_GENERATOR_V1,SYNTHETIC
PA_002044,2025-08-04,HAMPTON_ROADS,9,12.0,53.4,LOW,SYNTHETIC_GENERATOR_V1,SYNTHETIC
PA_002045,2025-08-05,HAMPTON_ROADS,15,36.8,77.7,MEDIUM,SYNTHETIC_GENERATOR_V1,SYNTHETIC
PA_002046,2025-08-06,HAMPTON_ROADS,10,22.6,63.7,LOW,SYNTHETIC_GENERATOR_V1,SYNTHETIC
PA_002047,2025-08-07,HAMPTON_ROADS,13,33.2,79.0,MEDIUM,SYNTHETIC_GENERATOR_V1,SYNTHETIC
PA_002048,2025-08-08,HAMPTON_ROADS,10,20.4,63.7,LOW,SYNTHETIC_GENERATOR_V1,SYNTHETIC
PA_002049,2025-08-09,HAMPTON_ROADS,9,16.1,60.0,LOW,SYNTHETIC_GENERATOR_V1,SYNTHETIC
PA_002050,2025-08-10,HAMPTON_ROADS,11,28.8,81.8,MEDIUM,SYNTHETIC_GENERATOR_V1,SYNTHETIC
PA_002051,2025-08-11,HAMPTON_ROADS,10,21.4,55.5,LOW,SYNTHETIC_GENERATOR_V1,SYNTHETIC
PA_002052,2025-08-12,HAMPTON_ROADS,9,19.3,68.1,LOW,SYNTHETIC_GENERATOR_V1,SYNTHETIC
PA_002053,2025-08-13,HAMPTON_ROADS,10,18.4,68.1,LOW,SYNTHETIC_GENERATOR_V1,SYNTHETIC
PA_002054,2025-08-14,HAMPTON_ROADS,5,7.8,54.5,LOW,SYNTHETIC_GENERATOR_V1,SYNTHETIC
PA_002055,2025-08-15,HAMPTON_ROADS,11,18.7,63.2,LOW,SYNTHETIC_GENERATOR_V1,SYNTHETIC
PA_002056,2025-08-16,HAMPTON_ROADS,13,23.2,67.7,LOW,SYNTHETIC_GENERATOR_V1,SYNTHETIC
PA_002057,2025-08-17,HAMPTON_ROADS,8,11.7,55.9,LOW,SYNTHETIC_GENERATOR_V1,SYNTHETIC
PA_002058,2025-08-18,HAMPTON_ROADS,11,20.6,64.7,LOW,SYNTHETIC_GENERATOR_V1,SYNTHETIC
PA_002059,2025-08-19,HAMPTON_ROADS,9,13.8,64.2,LOW,SYNTHETIC_GENERATOR_V1,SYNTHETIC
PA_002060,2025-08-20,HAMPTON_ROADS,8,5.5,53.2,LOW,SYNTHETIC_GENERATOR_V1,SYNTHETIC
PA_002061,2025-08-21,HAMPTON_ROADS,6,9.5,53.2,LOW,SYNTHETIC_GENERATOR_V1,SYNTHETIC
PA_002062,2025-08-22,HAMPTON_ROADS,7,3.0,44.8,LOW,SYNTHETIC_GENERATOR_V1,SYNTHETIC
PA_002063,2025-08-23,HAMPTON_ROADS,9,11.3,54.6,LOW,SYNTHETIC_GENERATOR_V1,SYNTHETIC
PA_002064,2025-08-24,HAMPTON_ROADS,12,26.2,79.5,MEDIUM,SYNTHETIC_GENERATOR_V1,SYNTHETIC
PA_002065,2025-08-25,HAMPTON_ROADS,7,4.0,44.4,LOW,SYNTHETIC_GENERATOR_V1,SYNTHETIC
PA_002066,2025-08-26,HAMPTON_ROADS,13,28.8,73.0,MEDIUM,SYNTHETIC_GENERATOR_V1,SYNTHETIC
PA_002067,2025-08-27,HAMPTON_ROADS,7,11.8,56.7,LOW,SYNTHETIC_GENERATOR_V1,SYNTHETIC
PA_002068,2025-08-28,HAMPTON_ROADS,11,21.1,67.7,LOW,SYNTHETIC_GENERATOR_V1,SYNTHETIC
PA_002069,2025-08-29,HAMPTON_ROADS,14,27.2,68.9,MEDIUM,SYNTHETIC_GENERATOR_V1,SYNTHETIC
PA_002070,2025-08-30,HAMPTON_ROADS,16,43.0,84.1,MEDIUM,SYNTHETIC_GENERATOR_V1,SYNTHETIC
PA_002071,2025-08-31,HAMPTON_ROADS,13,28.1,70.6,MEDIUM,SYNTHETIC_GENERATOR_V1,SYNTHETIC
PA_002072,2025-09-01,HAMPTON_ROADS,9,16.5,56.3,LOW,SYNTHETIC_GENERATOR_V1,SYNTHETIC
PA_002073,2025-09-02,HAMPTON_ROADS,11,22.2,65.1,LOW,SYNTHETIC_GENERATOR_V1,SYNTHETIC
PA_002074,2025-09-03,HAMPTON_ROADS,10,20.4,63.1,LOW,SYNTHETIC_GENERATOR_V1,SYNTHETIC
PA_002075,2025-09-04,HAMPTON_ROADS,10,22.9,72.1,LOW,SYNTHETIC_GENERATOR_V1,SYNTHETIC
PA_002076,2025-09-05,HAMPTON_ROADS,8,15.3,55.2,LOW,SYNTHETIC_GENERATOR_V1,SYNTHETIC
PA_002077,2025-09-06,HAMPTON_ROADS,8,13.0,56.6,LOW,SYNTHETIC_GENERATOR_V1,SYNTHETIC
PA_002078,2025-09-07,HAMPTON_ROADS,13,26.3,74.1,MEDIUM,SYNTHETIC_GENERATOR_V1,SYNTHETIC
PA_002079,2025-09-08,HAMPTON_ROADS,10,18.7,58.2,LOW,SYNTHETIC_GENERATOR_V1,SYNTHETIC
PA_002080,2025-09-09,HAMPTON_ROADS,17,42.4,90.2,MEDIUM,SYNTHETIC_GENERATOR_V1,SYNTHETIC
PA_002081,2025-09-10,HAMPTON_ROADS,12,30.3,76.7,MEDIUM,SYNTHETIC_GENERATOR_V1,SYNTHETIC
PA_002082,2025-09-11,HAMPTON_ROADS,16,41.3,86.4,MEDIUM,SYNTHETIC_GENERATOR_V1,SYNTHETIC
PA_002083,2025-09-12,HAMPTON_ROADS,7,14.8,56.5,LOW,SYNTHETIC_GENERATOR_V1,SYNTHETIC
PA_002084,2025-09-13,HAMPTON_ROADS,12,29.4,76.5,MEDIUM,SYNTHETIC_GENERATOR_V1,SYNTHETIC
PA_002085,2025-09-14,HAMPTON_ROADS,15,32.7,78.0,MEDIUM,SYNTHETIC_GENERATOR_V1,SYNTHETIC
PA_002086,2025-09-15,HAMPTON_ROADS,10,21.5,67.8,LOW,SYNTHETIC_GENERATOR_V1,SYNTHETIC
PA_002087,2025-09-16,HAMPTON_ROADS,8,13.9,52.4,LOW,SYNTHETIC_GENERATOR_V1,SYNTHETIC
PA_002088,2025-09-17,HAMPTON_ROADS,10,20.6,58.9,LOW,SYNTHETIC_GENERATOR_V1,SYNTHETIC
PA_002089,2025-09-18,HAMPTON_ROADS,11,14.2,59.8,LOW,SYNTHETIC_GENERATOR_V1,SYNTHETIC
PA_002090,2025-09-19,HAMPTON_ROADS,10,20.8,67.7,LOW,SYNTHETIC_GENERATOR_V1,SYNTHETIC
PA_002091,2025-09-20,HAMPTON_ROADS,18,48.0,92.4,MEDIUM,SYNTHETIC_GENERATOR_V1,SYNTHETIC
PA_002092,2025-09-21,HAMPTON_ROADS,8,14.4,56.8,LOW,SYNTHETIC_GENERATOR_V1,SYNTHETIC
PA_002093,2025-09-22,HAMPTON_ROADS,10,21.2,69.4,LOW,SYNTHETIC_GENERATOR_V1,SYNTHETIC
PA_002094,2025-09-23,HAMPTON_ROADS,8,13.9,57.8,LOW,SYNTHETIC_GENERATOR_V1,SYNTHETIC
PA_002095,2025-09-24,HAMPTON_ROADS,10,21.0,66.7,LOW,SYNTHETIC_GENERATOR_V1,SYNTHETIC
PA_002096,2025-09-25,HAMPTON_ROADS,11,26.8,71.6,MEDIUM,SYNTHETIC_GENERATOR_V1,SYNTHETIC
PA_002097,2025-09-26,HAMPTON_ROADS,15,41.8,92.4,MEDIUM,SYNTHETIC_GENERATOR_V1,SYNTHETIC
PA_002098,2025-09-27,HAMPTON_ROADS,8,15.8,59.4,LOW,SYNTHETIC_GENERATOR_V1,SYNTHETIC
PA_002099,2025-09-28,HAMPTON_ROADS,8,17.5,62.7,LOW,SYNTHETIC_GENERATOR_V1,SYNTHETIC
PA_002100,2025-09-29,HAMPTON_ROADS,5,8.1,53.1,LOW,SYNTHETIC_GENERATOR_V1,SYNTHETIC
PA_002101,2025-09-30,HAMPTON_ROADS,3,7.3,54.9,LOW,SYNTHETIC_GENERATOR_V1,SYNTHETIC
PA_002102,2025-10-01,HAMPTON_ROADS,12,24.8,68.2,MEDIUM,SYNTHETIC_GENERATOR_V1,SYNTHETIC
PA_002103,2025-10-02,HAMPTON_ROADS,6,10.8,57.7,LOW,SYNTHETIC_GENERATOR_V1,SYNTHETIC
PA_002104,2025-10-03,HAMPTON_ROADS,17,39.0,86.0,MEDIUM,SYNTHETIC_GENERATOR_V1,SYNTHETIC
PA_002105,2025-10-04,HAMPTON_ROADS,14,32.2,82.6,MEDIUM,SYNTHETIC_GENERATOR_V1,SYNTHETIC
PA_002106,2025-10-05,HAMPTON_ROADS,9,17.4,62.1,LOW,SYNTHETIC_GENERATOR_V1,SYNTHETIC
PA_002107,2025-10-06,HAMPTON_ROADS,13,27.4,73.2,MEDIUM,SYNTHETIC_GENERATOR_V1,SYNTHETIC
PA_002108,2025-10-07,HAMPTON_ROADS,11,21.2,64.6,LOW,SYNTHETIC_GENERATOR_V1,SYNTHETIC
PA_002109,2025-10-08,HAMPTON_ROADS,5,0.0,47.6,LOW,SYNTHETIC_GENERATOR_V1,SYNTHETIC
PA_002110,2025-10-09,HAMPTON_ROADS,5,5.4,46.7,LOW,SYNTHETIC_GENERATOR_V1,SYNTHETIC
PA_002111,2025-10-10,HAMPTON_ROADS,10,16.7,55.9,LOW,SYNTHETIC_GENERATOR_V1,SYNTHETIC
PA_002112,2025-10-11,HAMPTON_ROADS,9,20.3,70.4,LOW,SYNTHETIC_GENERATOR_V1,SYNTHETIC
PA_002113,2025-10-12,HAMPTON_ROADS,19,54.8,91.1,MEDIUM,SYNTHETIC_GENERATOR_V1,SYNTHETIC
PA_002114,2025-10-13,HAMPTON_ROADS,4,7.7,48.7,LOW,SYNTHETIC_GENERATOR_V1,SYNTHETIC
PA_002115,2025-10-14,HAMPTON_ROADS,16,41.9,83.9,MEDIUM,SYNTHETIC_GENERATOR_V1,SYNTHETIC
PA_002116,2025-10-15,HAMPTON_ROADS,8,12.2,58.7,LOW,SYNTHETIC_GENERATOR_V1,SYNTHETIC
PA_002117,2025-10-16,HAMPTON_ROADS,9,12.9,56.8,LOW,SYNTHETIC_GENERATOR_V1,SYNTHETIC
PA_002118,2025-10-17,HAMPTON_ROADS,9,21.2,66.2,LOW,SYNTHETIC_GENERATOR_V1,SYNTHETIC
PA_002119,2025-10-18,HAMPTON_ROADS,12,20.4,68.3,LOW,SYNTHETIC_GENERATOR_V1,SYNTHETIC
PA_002120,2025-10-19,HAMPTON_ROADS,7,14.0,59.6,LOW,SYNTHETIC_GENERATOR_V1,SYNTHETIC
PA_002121,2025-10-20,HAMPTON_ROADS,11,17.6,63.9,LOW,SYNTHETIC_GENERATOR_V1,SYNTHETIC
PA_002122,2025-10-21,HAMPTON_ROADS,16,38.7,86.1,MEDIUM,SYNTHETIC_GENERATOR_V1,SYNTHETIC
PA_002123,2025-10-22,HAMPTON_ROADS,8,9.7,47.8,LOW,SYNTHETIC_GENERATOR_V1,SYNTHETIC
PA_002124,2025-10-23,HAMPTON_ROADS,14,35.2,74.5,MEDIUM,SYNTHETIC_GENERATOR_V1,SYNTHETIC
PA_002125,2025-10-24,HAMPTON_ROADS,7,9.4,59.9,LOW,SYNTHETIC_GENERATOR_V1,SYNTHETIC
PA_002126,2025-10-25,HAMPTON_ROADS,12,28.6,71.5,MEDIUM,SYNTHETIC_GENERATOR_V1,SYNTHETIC
PA_002127,2025-10-26,HAMPTON_ROADS,8,13.1,64.0,LOW,SYNTHETIC_GENERATOR_V1,SYNTHETIC
PA_002128,2025-10-27,HAMPTON_ROADS,7,9.9,51.5,LOW,SYNTHETIC_GENERATOR_V1,SYNTHETIC
PA_002129,2025-10-28,HAMPTON_ROADS,14,30.4,77.0,MEDIUM,SYNTHETIC_GENERATOR_V1,SYNTHETIC
PA_002130,2025-10-29,HAMPTON_ROADS,12,22.2,69.5,LOW,SYNTHETIC_GENERATOR_V1,SYNTHETIC
PA_002131,2025-10-30,HAMPTON_ROADS,9,22.7,70.8,LOW,SYNTHETIC_GENERATOR_V1,SYNTHETIC
PA_002132,2025-10-31,HAMPTON_ROADS,7,11.7,63.0,LOW,SYNTHETIC_GENERATOR_V1,SYNTHETIC
PA_002133,2025-11-01,HAMPTON_ROADS,12,21.7,63.4,LOW,SYNTHETIC_GENERATOR_V1,SYNTHETIC
PA_002134,2025-11-02,HAMPTON_ROADS,6,6.0,52.0,LOW,SYNTHETIC_GENERATOR_V1,SYNTHETIC
PA_002135,2025-11-03,HAMPTON_ROADS,13,32.6,74.5,MEDIUM,SYNTHETIC_GENERATOR_V1,SYNTHETIC
PA_002136,2025-11-04,HAMPTON_ROADS,12,27.5,75.8,MEDIUM,SYNTHETIC_GENERATOR_V1,SYNTHETIC
PA_002137,2025-11-05,HAMPTON_ROADS,4,4.9,46.9,LOW,SYNTHETIC_GENERATOR_V1,SYNTHETIC
PA_002138,2025-11-06,HAMPTON_ROADS,6,6.1,58.6,LOW,SYNTHETIC_GENERATOR_V1,SYNTHETIC
PA_002139,2025-11-07,HAMPTON_ROADS,11,22.0,66.2,LOW,SYNTHETIC_GENERATOR_V1,SYNTHETIC
PA_002140,2025-11-08,HAMPTON_ROADS,11,23.4,65.8,LOW,SYNTHETIC_GENERATOR_V1,SYNTHETIC
PA_002141,2025-11-09,HAMPTON_ROADS,12,28.7,81.9,MEDIUM,SYNTHETIC_GENERATOR_V1,SYNTHETIC
PA_002142,2025-11-10,HAMPTON_ROADS,11,24.4,67.6,MEDIUM,SYNTHETIC_GENERATOR_V1,SYNTHETIC
PA_002143,2025-11-11,HAMPTON_ROADS,10,22.7,70.6,LOW,SYNTHETIC_GENERATOR_V1,SYNTHETIC
PA_002144,2025-11-12,HAMPTON_ROADS,6,7.6,55.4,LOW,SYNTHETIC_GENERATOR_V1,SYNTHETIC
PA_002145,2025-11-13,HAMPTON_ROADS,12,26.7,75.0,MEDIUM,SYNTHETIC_GENERATOR_V1,SYNTHETIC
PA_002146,2025-11-14,HAMPTON_ROADS,11,24.3,65.2,MEDIUM,SYNTHETIC_GENERATOR_V1,SYNTHETIC
PA_002147,2025-11-15,HAMPTON_ROADS,14,32.4,78.6,MEDIUM,SYNTHETIC_GENERATOR_V1,SYNTHETIC
PA_002148,2025-11-16,HAMPTON_ROADS,11,18.5,68.7,LOW,SYNTHETIC_GENERATOR_V1,SYNTHETIC
PA_002149,2025-11-17,HAMPTON_ROADS,5,6.9,49.4,LOW,SYNTHETIC_GENERATOR_V1,SYNTHETIC
PA_002150,2025-11-18,HAMPTON_ROADS,13,29.4,76.9,MEDIUM,SYNTHETIC_GENERATOR_V1,SYNTHETIC
PA_002151,2025-11-19,HAMPTON_ROADS,5,8.2,56.5,LOW,SYNTHETIC_GENERATOR_V1,SYNTHETIC
PA_002152,2025-11-20,HAMPTON_ROADS,4,2.8,54.9,LOW,SYNTHETIC_GENERATOR_V1,SYNTHETIC
PA_002153,2025-11-21,HAMPTON_ROADS,10,24.2,71.0,MEDIUM,SYNTHETIC_GENERATOR_V1,SYNTHETIC
PA_002154,2025-11-22,HAMPTON_ROADS,4,5.9,53.3,LOW,SYNTHETIC_GENERATOR_V1,SYNTHETIC
PA_002155,2025-11-23,HAMPTON_ROADS,11,23.1,69.2,LOW,SYNTHETIC_GENERATOR_V1,SYNTHETIC
PA_002156,2025-11-24,HAMPTON_ROADS,15,33.3,78.5,MEDIUM,SYNTHETIC_GENERATOR_V1,SYNTHETIC
PA_002157,2025-11-25,HAMPTON_ROADS,8,10.8,54.1,LOW,SYNTHETIC_GENERATOR_V1,SYNTHETIC
PA_002158,2025-11-26,HAMPTON_ROADS,6,5.4,54.8,LOW,SYNTHETIC_GENERATOR_V1,SYNTHETIC
PA_002159,2025-11-27,HAMPTON_ROADS,12,23.4,73.2,LOW,SYNTHETIC_GENERATOR_V1,SYNTHETIC
PA_002160,2025-11-28,HAMPTON_ROADS,12,27.8,77.8,MEDIUM,SYNTHETIC_GENERATOR_V1,SYNTHETIC
PA_002161,2025-11-29,HAMPTON_ROADS,11,27.1,79.1,MEDIUM,SYNTHETIC_GENERATOR_V1,SYNTHETIC
PA_002162,2025-11-30,HAMPTON_ROADS,11,19.0,62.8,LOW,SYNTHETIC_GENERATOR_V1,SYNTHETIC
PA_002163,2025-12-01,HAMPTON_ROADS,12,29.9,79.9,MEDIUM,SYNTHETIC_GENERATOR_V1,SYNTHETIC
PA_002164,2025-12-02,HAMPTON_ROADS,9,13.4,64.2,LOW,SYNTHETIC_GENERATOR_V1,SYNTHETIC
PA_002165,2025-12-03,HAMPTON_ROADS,13,33.5,77.4,MEDIUM,SYNTHETIC_GENERATOR_V1,SYNTHETIC
PA_002166,2025-12-04,HAMPTON_ROADS,6,10.8,54.8,LOW,SYNTHETIC_GENERATOR_V1,SYNTHETIC
PA_002167,2025-12-05,HAMPTON_ROADS,8,14.2,63.8,LOW,SYNTHETIC_GENERATOR_V1,SYNTHETIC
PA_002168,2025-12-06,HAMPTON_ROADS,4,1.5,45.2,LOW,SYNTHETIC_GENERATOR_V1,SYNTHETIC
PA_002169,2025-12-07,HAMPTON_ROADS,16,35.0,76.3,MEDIUM,SYNTHETIC_GENERATOR_V1,SYNTHETIC
PA_002170,2025-12-08,HAMPTON_ROADS,10,23.3,68.8,LOW,SYNTHETIC_GENERATOR_V1,SYNTHETIC
PA_002171,2025-12-09,HAMPTON_ROADS,9,21.7,69.9,LOW,SYNTHETIC_GENERATOR_V1,SYNTHETIC
PA_002172,2025-12-10,HAMPTON_ROADS,10,17.1,65.1,LOW,SYNTHETIC_GENERATOR_V1,SYNTHETIC
PA_002173,2025-12-11,HAMPTON_ROADS,9,11.5,60.6,LOW,SYNTHETIC_GENERATOR_V1,SYNTHETIC
PA_002174,2025-12-12,HAMPTON_ROADS,11,28.5,71.7,MEDIUM,SYNTHETIC_GENERATOR_V1,SYNTHETIC
PA_002175,2025-12-13,HAMPTON_ROADS,9,14.0,66.8,LOW,SYNTHETIC_GENERATOR_V1,SYNTHETIC
PA_002176,2025-12-14,HAMPTON_ROADS,12,22.9,73.0,LOW,SYNTHETIC_GENERATOR_V1,SYNTHETIC
PA_002177,2025-12-15,HAMPTON_ROADS,2,3.2,49.5,LOW,SYNTHETIC_GENERATOR_V1,SYNTHETIC
PA_002178,2025-12-16,HAMPTON_ROADS,10,19.6,65.4,LOW,SYNTHETIC_GENERATOR_V1,SYNTHETIC
PA_002179,2025-12-17,HAMPTON_ROADS,9,19.4,60.9,LOW,SYNTHETIC_GENERATOR_V1,SYNTHETIC
PA_002180,2025-12-18,HAMPTON_ROADS,7,15.2,65.3,LOW,SYNTHETIC_GENERATOR_V1,SYNTHETIC
PA_002181,2025-12-19,HAMPTON_ROADS,8,17.4,64.9,LOW,SYNTHETIC_GENERATOR_V1,SYNTHETIC
PA_002182,2025-12-20,HAMPTON_ROADS,8,9.9,52.7,LOW,SYNTHETIC_GENERATOR_V1,SYNTHETIC
PA_002183,2025-12-21,HAMPTON_ROADS,7,9.9,59.7,LOW,SYNTHETIC_GENERATOR_V1,SYNTHETIC
PA_002184,2025-12-22,HAMPTON_ROADS,9,19.5,62.2,LOW,SYNTHETIC_GENERATOR_V1,SYNTHETIC
PA_002185,2025-12-23,HAMPTON_ROADS,15,36.9,80.7,MEDIUM,SYNTHETIC_GENERATOR_V1,SYNTHETIC
PA_002186,2025-12-24,HAMPTON_ROADS,9,17.3,70.4,LOW,SYNTHETIC_GENERATOR_V1,SYNTHETIC
PA_002187,2025-12-25,HAMPTON_ROADS,11,19.7,65.2,LOW,SYNTHETIC_GENERATOR_V1,SYNTHETIC
PA_002188,2025-12-26,HAMPTON_ROADS,11,22.7,71.9,LOW,SYNTHETIC_GENERATOR_V1,SYNTHETIC
PA_002189,2025-12-27,HAMPTON_ROADS,17,51.5,95.2,MEDIUM,SYNTHETIC_GENERATOR_V1,SYNTHETIC
PA_002190,2025-12-28,HAMPTON_ROADS,9,17.8,61.8,LOW,SYNTHETIC_GENERATOR_V1,SYNTHETIC
PA_002191,2025-12-29,HAMPTON_ROADS,9,20.2,70.1,LOW,SYNTHETIC_GENERATOR_V1,SYNTHETIC
PA_002192,2025-12-30,HAMPTON_ROADS,7,9.1,53.7,LOW,SYNTHETIC_GENERATOR_V1,SYNTHETIC
PA_002193,2025-12-31,HAMPTON_ROADS,15,41.3,88.8,MEDIUM,SYNTHETIC_GENERATOR_V1,SYNTHETIC
PA_002194,2024-01-01,BALTIMORE,7,18.3,64.4,LOW,SYNTHETIC_GENERATOR_V1,SYNTHETIC
PA_002195,2024-01-02,BALTIMORE,11,35.6,87.6,MEDIUM,SYNTHETIC_GENERATOR_V1,SYNTHETIC
PA_002196,2024-01-03,BALTIMORE,10,36.4,93.0,MEDIUM,SYNTHETIC_GENERATOR_V1,SYNTHETIC
PA_002197,2024-01-04,BALTIMORE,11,28.2,79.8,MEDIUM,SYNTHETIC_GENERATOR_V1,SYNTHETIC
PA_002198,2024-01-05,BALTIMORE,9,23.5,76.4,LOW,SYNTHETIC_GENERATOR_V1,SYNTHETIC
PA_002199,2024-01-06,BALTIMORE,3,10.1,59.4,LOW,SYNTHETIC_GENERATOR_V1,SYNTHETIC
PA_002200,2024-01-07,BALTIMORE,5,14.0,65.6,LOW,SYNTHETIC_GENERATOR_V1,SYNTHETIC
PA_002201,2024-01-08,BALTIMORE,11,36.0,79.2,MEDIUM,SYNTHETIC_GENERATOR_V1,SYNTHETIC
PA_002202,2024-01-09,BALTIMORE,5,11.8,65.1,LOW,SYNTHETIC_GENERATOR_V1,SYNTHETIC
PA_002203,2024-01-10,BALTIMORE,9,25.4,73.6,MEDIUM,SYNTHETIC_GENERATOR_V1,SYNTHETIC
PA_002204,2024-01-11,BALTIMORE,3,5.6,54.8,LOW,SYNTHETIC_GENERATOR_V1,SYNTHETIC
PA_002205,2024-01-12,BALTIMORE,9,23.6,75.5,LOW,SYNTHETIC_GENERATOR_V1,SYNTHETIC
PA_002206,2024-01-13,BALTIMORE,9,26.0,75.5,MEDIUM,SYNTHETIC_GENERATOR_V1,SYNTHETIC
PA_002207,2024-01-14,BALTIMORE,7,16.0,67.8,LOW,SYNTHETIC_GENERATOR_V1,SYNTHETIC
PA_002208,2024-01-15,BALTIMORE,7,14.6,62.4,LOW,SYNTHETIC_GENERATOR_V1,SYNTHETIC
PA_002209,2024-01-16,BALTIMORE,13,43.0,92.4,MEDIUM,SYNTHETIC_GENERATOR_V1,SYNTHETIC
PA_002210,2024-01-17,BALTIMORE,5,8.2,50.7,LOW,SYNTHETIC_GENERATOR_V1,SYNTHETIC
PA_002211,2024-01-18,BALTIMORE,9,23.2,69.5,LOW,SYNTHETIC_GENERATOR_V1,SYNTHETIC
PA_002212,2024-01-19,BALTIMORE,7,14.7,67.8,LOW,SYNTHETIC_GENERATOR_V1,SYNTHETIC
PA_002213,2024-01-20,BALTIMORE,11,37.1,84.4,MEDIUM,SYNTHETIC_GENERATOR_V1,SYNTHETIC
PA_002214,2024-01-21,BALTIMORE,8,26.3,85.9,MEDIUM,SYNTHETIC_GENERATOR_V1,SYNTHETIC
PA_002215,2024-01-22,BALTIMORE,12,35.6,85.3,MEDIUM,SYNTHETIC_GENERATOR_V1,SYNTHETIC
PA_002216,2024-01-23,BALTIMORE,5,14.8,63.9,LOW,SYNTHETIC_GENERATOR_V1,SYNTHETIC
PA_002217,2024-01-24,BALTIMORE,11,41.2,95.1,MEDIUM,SYNTHETIC_GENERATOR_V1,SYNTHETIC
PA_002218,2024-01-25,BALTIMORE,13,46.6,105.0,MEDIUM,SYNTHETIC_GENERATOR_V1,SYNTHETIC
PA_002219,2024-01-26,BALTIMORE,9,27.0,73.1,MEDIUM,SYNTHETIC_GENERATOR_V1,SYNTHETIC
PA_002220,2024-01-27,BALTIMORE,4,8.9,64.1,LOW,SYNTHETIC_GENERATOR_V1,SYNTHETIC
PA_002221,2024-01-28,BALTIMORE,11,34.5,77.4,MEDIUM,SYNTHETIC_GENERATOR_V1,SYNTHETIC
PA_002222,2024-01-29,BALTIMORE,4,12.9,63.2,LOW,SYNTHETIC_GENERATOR_V1,SYNTHETIC
PA_002223,2024-01-30,BALTIMORE,2,7.8,59.3,LOW,SYNTHETIC_GENERATOR_V1,SYNTHETIC
PA_002224,2024-01-31,BALTIMORE,9,22.6,71.7,LOW,SYNTHETIC_GENERATOR_V1,SYNTHETIC
PA_002225,2024-02-01,BALTIMORE,9,21.5,77.9,LOW,SYNTHETIC_GENERATOR_V1,SYNTHETIC
PA_002226,2024-02-02,BALTIMORE,7,18.4,66.7,LOW,SYNTHETIC_GENERATOR_V1,SYNTHETIC
PA_002227,2024-02-03,BALTIMORE,8,21.0,71.7,LOW,SYNTHETIC_GENERATOR_V1,SYNTHETIC
PA_002228,2024-02-04,BALTIMORE,5,10.6,65.0,LOW,SYNTHETIC_GENERATOR_V1,SYNTHETIC
PA_002229,2024-02-05,BALTIMORE,8,25.0,74.8,MEDIUM,SYNTHETIC_GENERATOR_V1,SYNTHETIC
PA_002230,2024-02-06,BALTIMORE,7,16.3,66.9,LOW,SYNTHETIC_GENERATOR_V1,SYNTHETIC
PA_002231,2024-02-07,BALTIMORE,8,20.6,70.7,LOW,SYNTHETIC_GENERATOR_V1,SYNTHETIC
PA_002232,2024-02-08,BALTIMORE,7,14.3,67.6,LOW,SYNTHETIC_GENERATOR_V1,SYNTHETIC
PA_002233,2024-02-09,BALTIMORE,9,29.6,80.9,MEDIUM,SYNTHETIC_GENERATOR_V1,SYNTHETIC
PA_002234,2024-02-10,BALTIMORE,8,23.7,78.3,LOW,SYNTHETIC_GENERATOR_V1,SYNTHETIC
PA_002235,2024-02-11,BALTIMORE,9,22.8,75.8,LOW,SYNTHETIC_GENERATOR_V1,SYNTHETIC
PA_002236,2024-02-12,BALTIMORE,12,37.7,90.4,MEDIUM,SYNTHETIC_GENERATOR_V1,SYNTHETIC
PA_002237,2024-02-13,BALTIMORE,5,9.9,61.4,LOW,SYNTHETIC_GENERATOR_V1,SYNTHETIC
PA_002238,2024-02-14,BALTIMORE,11,37.9,84.4,MEDIUM,SYNTHETIC_GENERATOR_V1,SYNTHETIC
PA_002239,2024-02-15,BALTIMORE,6,17.3,66.8,LOW,SYNTHETIC_GENERATOR_V1,SYNTHETIC
PA_002240,2024-02-16,BALTIMORE,3,5.9,57.9,LOW,SYNTHETIC_GENERATOR_V1,SYNTHETIC
PA_002241,2024-02-17,BALTIMORE,13,52.4,102.3,MEDIUM,SYNTHETIC_GENERATOR_V1,SYNTHETIC
PA_002242,2024-02-18,BALTIMORE,8,18.1,67.0,LOW,SYNTHETIC_GENERATOR_V1,SYNTHETIC
PA_002243,2024-02-19,BALTIMORE,6,11.5,65.0,LOW,SYNTHETIC_GENERATOR_V1,SYNTHETIC
PA_002244,2024-02-20,BALTIMORE,8,20.0,70.8,LOW,SYNTHETIC_GENERATOR_V1,SYNTHETIC
PA_002245,2024-02-21,BALTIMORE,10,34.0,87.5,MEDIUM,SYNTHETIC_GENERATOR_V1,SYNTHETIC
PA_002246,2024-02-22,BALTIMORE,9,29.4,84.6,MEDIUM,SYNTHETIC_GENERATOR_V1,SYNTHETIC
PA_002247,2024-02-23,BALTIMORE,8,17.5,78.3,LOW,SYNTHETIC_GENERATOR_V1,SYNTHETIC
PA_002248,2024-02-24,BALTIMORE,6,16.1,68.6,LOW,SYNTHETIC_GENERATOR_V1,SYNTHETIC
PA_002249,2024-02-25,BALTIMORE,5,10.9,59.2,LOW,SYNTHETIC_GENERATOR_V1,SYNTHETIC
PA_002250,2024-02-26,BALTIMORE,5,11.7,63.6,LOW,SYNTHETIC_GENERATOR_V1,SYNTHETIC
PA_002251,2024-02-27,BALTIMORE,7,22.0,69.4,LOW,SYNTHETIC_GENERATOR_V1,SYNTHETIC
PA_002252,2024-02-28,BALTIMORE,12,38.4,92.1,MEDIUM,SYNTHETIC_GENERATOR_V1,SYNTHETIC
PA_002253,2024-02-29,BALTIMORE,7,22.5,70.1,LOW,SYNTHETIC_GENERATOR_V1,SYNTHETIC
PA_002254,2024-03-01,BALTIMORE,10,32.9,75.6,MEDIUM,SYNTHETIC_GENERATOR_V1,SYNTHETIC
PA_002255,2024-03-02,BALTIMORE,4,3.3,58.9,LOW,SYNTHETIC_GENERATOR_V1,SYNTHETIC
PA_002256,2024-03-03,BALTIMORE,10,35.2,79.4,MEDIUM,SYNTHETIC_GENERATOR_V1,SYNTHETIC
PA_002257,2024-03-04,BALTIMORE,5,10.8,64.7,LOW,SYNTHETIC_GENERATOR_V1,SYNTHETIC
PA_002258,2024-03-05,BALTIMORE,6,12.2,62.3,LOW,SYNTHETIC_GENERATOR_V1,SYNTHETIC
PA_002259,2024-03-06,BALTIMORE,6,15.9,69.0,LOW,SYNTHETIC_GENERATOR_V1,SYNTHETIC
PA_002260,2024-03-07,BALTIMORE,8,27.3,75.4,MEDIUM,SYNTHETIC_GENERATOR_V1,SYNTHETIC
PA_002261,2024-03-08,BALTIMORE,5,4.5,55.1,LOW,SYNTHETIC_GENERATOR_V1,SYNTHETIC
PA_002262,2024-03-09,BALTIMORE,12,47.2,99.7,MEDIUM,SYNTHETIC_GENERATOR_V1,SYNTHETIC
PA_002263,2024-03-10,BALTIMORE,6,11.6,69.0,LOW,SYNTHETIC_GENERATOR_V1,SYNTHETIC
PA_002264,2024-03-11,BALTIMORE,8,18.6,63.9,LOW,SYNTHETIC_GENERATOR_V1,SYNTHETIC
PA_002265,2024-03-12,BALTIMORE,12,38.2,88.3,MEDIUM,SYNTHETIC_GENERATOR_V1,SYNTHETIC
PA_002266,2024-03-13,BALTIMORE,5,8.8,58.6,LOW,SYNTHETIC_GENERATOR_V1,SYNTHETIC
PA_002267,2024-03-14,BALTIMORE,5,17.9,65.4,LOW,SYNTHETIC_GENERATOR_V1,SYNTHETIC
PA_002268,2024-03-15,BALTIMORE,9,23.8,75.8,LOW,SYNTHETIC_GENERATOR_V1,SYNTHETIC
PA_002269,2024-03-16,BALTIMORE,8,27.2,75.8,MEDIUM,SYNTHETIC_GENERATOR_V1,SYNTHETIC
PA_002270,2024-03-17,BALTIMORE,5,16.4,60.5,LOW,SYNTHETIC_GENERATOR_V1,SYNTHETIC
PA_002271,2024-03-18,BALTIMORE,8,24.7,74.5,MEDIUM,SYNTHETIC_GENERATOR_V1,SYNTHETIC
PA_002272,2024-03-19,BALTIMORE,12,37.9,90.6,MEDIUM,SYNTHETIC_GENERATOR_V1,SYNTHETIC
PA_002273,2024-03-20,BALTIMORE,4,7.6,59.2,LOW,SYNTHETIC_GENERATOR_V1,SYNTHETIC
PA_002274,2024-03-21,BALTIMORE,10,26.3,72.2,MEDIUM,SYNTHETIC_GENERATOR_V1,SYNTHETIC
PA_002275,2024-03-22,BALTIMORE,10,32.3,82.2,MEDIUM,SYNTHETIC_GENERATOR_V1,SYNTHETIC
PA_002276,2024-03-23,BALTIMORE,9,27.8,77.2,MEDIUM,SYNTHETIC_GENERATOR_V1,SYNTHETIC
PA_002277,2024-03-24,BALTIMORE,6,20.0,63.0,LOW,SYNTHETIC_GENERATOR_V1,SYNTHETIC
PA_002278,2024-03-25,BALTIMORE,8,22.2,67.3,LOW,SYNTHETIC_GENERATOR_V1,SYNTHETIC
PA_002279,2024-03-26,BALTIMORE,6,4.8,52.3,LOW,SYNTHETIC_GENERATOR_V1,SYNTHETIC
PA_002280,2024-03-27,BALTIMORE,4,7.1,59.8,LOW,SYNTHETIC_GENERATOR_V1,SYNTHETIC
PA_002281,2024-03-28,BALTIMORE,5,8.8,54.8,LOW,SYNTHETIC_GENERATOR_V1,SYNTHETIC
PA_002282,2024-03-29,BALTIMORE,9,25.7,71.8,MEDIUM,SYNTHETIC_GENERATOR_V1,SYNTHETIC
PA_002283,2024-03-30,BALTIMORE,12,38.6,84.5,MEDIUM,SYNTHETIC_GENERATOR_V1,SYNTHETIC
PA_002284,2024-03-31,BALTIMORE,6,18.5,69.6,LOW,SYNTHETIC_GENERATOR_V1,SYNTHETIC
PA_002285,2024-04-01,BALTIMORE,11,39.9,84.5,MEDIUM,SYNTHETIC_GENERATOR_V1,SYNTHETIC
PA_002286,2024-04-02,BALTIMORE,1,0.0,56.5,LOW,SYNTHETIC_GENERATOR_V1,SYNTHETIC
PA_002287,2024-04-03,BALTIMORE,5,12.3,57.8,LOW,SYNTHETIC_GENERATOR_V1,SYNTHETIC
PA_002288,2024-04-04,BALTIMORE,7,20.9,77.0,LOW,SYNTHETIC_GENERATOR_V1,SYNTHETIC
PA_002289,2024-04-05,BALTIMORE,7,22.9,67.8,LOW,SYNTHETIC_GENERATOR_V1,SYNTHETIC
PA_002290,2024-04-06,BALTIMORE,7,21.1,74.2,LOW,SYNTHETIC_GENERATOR_V1,SYNTHETIC
PA_002291,2024-04-07,BALTIMORE,11,38.2,90.2,MEDIUM,SYNTHETIC_GENERATOR_V1,SYNTHETIC
PA_002292,2024-04-08,BALTIMORE,6,12.4,63.5,LOW,SYNTHETIC_GENERATOR_V1,SYNTHETIC
PA_002293,2024-04-09,BALTIMORE,6,14.7,63.2,LOW,SYNTHETIC_GENERATOR_V1,SYNTHETIC
PA_002294,2024-04-10,BALTIMORE,5,9.8,56.8,LOW,SYNTHETIC_GENERATOR_V1,SYNTHETIC
PA_002295,2024-04-11,BALTIMORE,10,32.2,88.9,MEDIUM,SYNTHETIC_GENERATOR_V1,SYNTHETIC
PA_002296,2024-04-12,BALTIMORE,11,35.4,87.6,MEDIUM,SYNTHETIC_GENERATOR_V1,SYNTHETIC
PA_002297,2024-04-13,BALTIMORE,14,43.7,97.4,MEDIUM,SYNTHETIC_GENERATOR_V1,SYNTHETIC
PA_002298,2024-04-14,BALTIMORE,11,37.1,84.5,MEDIUM,SYNTHETIC_GENERATOR_V1,SYNTHETIC
PA_002299,2024-04-15,BALTIMORE,7,20.8,64.7,LOW,SYNTHETIC_GENERATOR_V1,SYNTHETIC
PA_002300,2024-04-16,BALTIMORE,12,40.9,90.8,MEDIUM,SYNTHETIC_GENERATOR_V1,SYNTHETIC
PA_002301,2024-04-17,BALTIMORE,14,47.6,92.7,MEDIUM,SYNTHETIC_GENERATOR_V1,SYNTHETIC
PA_002302,2024-04-18,BALTIMORE,6,16.4,65.1,LOW,SYNTHETIC_GENERATOR_V1,SYNTHETIC
PA_002303,2024-04-19,BALTIMORE,5,13.1,65.2,LOW,SYNTHETIC_GENERATOR_V1,SYNTHETIC
PA_002304,2024-04-20,BALTIMORE,7,20.6,75.4,LOW,SYNTHETIC_GENERATOR_V1,SYNTHETIC
PA_002305,2024-04-21,BALTIMORE,5,12.0,62.4,LOW,SYNTHETIC_GENERATOR_V1,SYNTHETIC
PA_002306,2024-04-22,BALTIMORE,13,46.6,96.3,MEDIUM,SYNTHETIC_GENERATOR_V1,SYNTHETIC
PA_002307,2024-04-23,BALTIMORE,4,9.2,57.8,LOW,SYNTHETIC_GENERATOR_V1,SYNTHETIC
PA_002308,2024-04-24,BALTIMORE,10,30.4,81.4,MEDIUM,SYNTHETIC_GENERATOR_V1,SYNTHETIC
PA_002309,2024-04-25,BALTIMORE,5,3.7,53.5,LOW,SYNTHETIC_GENERATOR_V1,SYNTHETIC
PA_002310,2024-04-26,BALTIMORE,13,40.1,83.3,MEDIUM,SYNTHETIC_GENERATOR_V1,SYNTHETIC
PA_002311,2024-04-27,BALTIMORE,7,20.5,73.4,LOW,SYNTHETIC_GENERATOR_V1,SYNTHETIC
PA_002312,2024-04-28,BALTIMORE,7,27.2,84.0,MEDIUM,SYNTHETIC_GENERATOR_V1,SYNTHETIC
PA_002313,2024-04-29,BALTIMORE,7,20.9,69.4,LOW,SYNTHETIC_GENERATOR_V1,SYNTHETIC
PA_002314,2024-04-30,BALTIMORE,8,24.0,68.8,MEDIUM,SYNTHETIC_GENERATOR_V1,SYNTHETIC
PA_002315,2024-05-01,BALTIMORE,10,30.7,75.9,MEDIUM,SYNTHETIC_GENERATOR_V1,SYNTHETIC
PA_002316,2024-05-02,BALTIMORE,4,0.5,48.0,LOW,SYNTHETIC_GENERATOR_V1,SYNTHETIC
PA_002317,2024-05-03,BALTIMORE,8,16.6,66.1,LOW,SYNTHETIC_GENERATOR_V1,SYNTHETIC
PA_002318,2024-05-04,BALTIMORE,7,15.7,66.5,LOW,SYNTHETIC_GENERATOR_V1,SYNTHETIC
PA_002319,2024-05-05,BALTIMORE,7,18.8,68.8,LOW,SYNTHETIC_GENERATOR_V1,SYNTHETIC
PA_002320,2024-05-06,BALTIMORE,6,17.8,72.1,LOW,SYNTHETIC_GENERATOR_V1,SYNTHETIC
PA_002321,2024-05-07,BALTIMORE,6,11.3,55.8,LOW,SYNTHETIC_GENERATOR_V1,SYNTHETIC
PA_002322,2024-05-08,BALTIMORE,9,26.5,81.5,MEDIUM,SYNTHETIC_GENERATOR_V1,SYNTHETIC
PA_002323,2024-05-09,BALTIMORE,8,23.3,72.4,LOW,SYNTHETIC_GENERATOR_V1,SYNTHETIC
PA_002324,2024-05-10,BALTIMORE,7,24.1,71.0,MEDIUM,SYNTHETIC_GENERATOR_V1,SYNTHETIC
PA_002325,2024-05-11,BALTIMORE,11,36.8,86.6,MEDIUM,SYNTHETIC_GENERATOR_V1,SYNTHETIC
PA_002326,2024-05-12,BALTIMORE,6,16.5,61.2,LOW,SYNTHETIC_GENERATOR_V1,SYNTHETIC
PA_002327,2024-05-13,BALTIMORE,12,39.6,87.7,MEDIUM,SYNTHETIC_GENERATOR_V1,SYNTHETIC
PA_002328,2024-05-14,BALTIMORE,10,33.6,84.0,MEDIUM,SYNTHETIC_GENERATOR_V1,SYNTHETIC
PA_002329,2024-05-15,BALTIMORE,4,4.5,51.4,LOW,SYNTHETIC_GENERATOR_V1,SYNTHETIC
PA_002330,2024-05-16,BALTIMORE,8,27.8,83.1,MEDIUM,SYNTHETIC_GENERATOR_V1,SYNTHETIC
PA_002331,2024-05-17,BALTIMORE,7,16.5,65.6,LOW,SYNTHETIC_GENERATOR_V1,SYNTHETIC
PA_002332,2024-05-18,BALTIMORE,12,44.5,97.6,MEDIUM,SYNTHETIC_GENERATOR_V1,SYNTHETIC
PA_002333,2024-05-19,BALTIMORE,12,39.1,92.6,MEDIUM,SYNTHETIC_GENERATOR_V1,SYNTHETIC
PA_002334,2024-05-20,BALTIMORE,5,11.8,60.9,LOW,SYNTHETIC_GENERATOR_V1,SYNTHETIC
PA_002335,2024-05-21,BALTIMORE,8,17.3,63.3,LOW,SYNTHETIC_GENERATOR_V1,SYNTHETIC
PA_002336,2024-05-22,BALTIMORE,13,41.4,86.5,MEDIUM,SYNTHETIC_GENERATOR_V1,SYNTHETIC
PA_002337,2024-05-23,BALTIMORE,8,23.8,71.9,LOW,SYNTHETIC_GENERATOR_V1,SYNTHETIC
PA_002338,2024-05-24,BALTIMORE,8,26.7,69.8,MEDIUM,SYNTHETIC_GENERATOR_V1,SYNTHETIC
PA_002339,2024-05-25,BALTIMORE,4,8.2,57.1,LOW,SYNTHETIC_GENERATOR_V1,SYNTHETIC
PA_002340,2024-05-26,BALTIMORE,11,38.2,80.4,MEDIUM,SYNTHETIC_GENERATOR_V1,SYNTHETIC
PA_002341,2024-05-27,BALTIMORE,6,8.1,54.8,LOW,SYNTHETIC_GENERATOR_V1,SYNTHETIC
PA_002342,2024-05-28,BALTIMORE,10,36.3,84.4,MEDIUM,SYNTHETIC_GENERATOR_V1,SYNTHETIC
PA_002343,2024-05-29,BALTIMORE,7,17.6,64.8,LOW,SYNTHETIC_GENERATOR_V1,SYNTHETIC
PA_002344,2024-05-30,BALTIMORE,12,36.1,78.4,MEDIUM,SYNTHETIC_GENERATOR_V1,SYNTHETIC
PA_002345,2024-05-31,BALTIMORE,9,26.6,79.4,MEDIUM,SYNTHETIC_GENERATOR_V1,SYNTHETIC
PA_002346,2024-06-01,BALTIMORE,10,30.1,80.6,MEDIUM,SYNTHETIC_GENERATOR_V1,SYNTHETIC
PA_002347,2024-06-02,BALTIMORE,9,23.2,75.8,LOW,SYNTHETIC_GENERATOR_V1,SYNTHETIC
PA_002348,2024-06-03,BALTIMORE,9,23.7,73.3,LOW,SYNTHETIC_GENERATOR_V1,SYNTHETIC
PA_002349,2024-06-04,BALTIMORE,7,16.9,65.3,LOW,SYNTHETIC_GENERATOR_V1,SYNTHETIC
PA_002350,2024-06-05,BALTIMORE,8,16.5,59.8,LOW,SYNTHETIC_GENERATOR_V1,SYNTHETIC
PA_002351,2024-06-06,BALTIMORE,8,24.4,70.8,MEDIUM,SYNTHETIC_GENERATOR_V1,SYNTHETIC
PA_002352,2024-06-07,BALTIMORE,7,14.7,65.7,LOW,SYNTHETIC_GENERATOR_V1,SYNTHETIC
PA_002353,2024-06-08,BALTIMORE,6,22.5,73.8,LOW,SYNTHETIC_GENERATOR_V1,SYNTHETIC
PA_002354,2024-06-09,BALTIMORE,7,23.3,67.0,LOW,SYNTHETIC_GENERATOR_V1,SYNTHETIC
PA_002355,2024-06-10,BALTIMORE,8,23.4,73.0,LOW,SYNTHETIC_GENERATOR_V1,SYNTHETIC
PA_002356,2024-06-11,BALTIMORE,5,9.3,58.9,LOW,SYNTHETIC_GENERATOR_V1,SYNTHETIC
PA_002357,2024-06-12,BALTIMORE,13,41.7,89.7,MEDIUM,SYNTHETIC_GENERATOR_V1,SYNTHETIC
PA_002358,2024-06-13,BALTIMORE,7,21.4,75.9,LOW,SYNTHETIC_GENERATOR_V1,SYNTHETIC
PA_002359,2024-06-14,BALTIMORE,14,51.7,102.1,MEDIUM,SYNTHETIC_GENERATOR_V1,SYNTHETIC
PA_002360,2024-06-15,BALTIMORE,6,18.8,63.6,LOW,SYNTHETIC_GENERATOR_V1,SYNTHETIC
PA_002361,2024-06-16,BALTIMORE,8,19.1,64.9,LOW,SYNTHETIC_GENERATOR_V1,SYNTHETIC
PA_002362,2024-06-17,BALTIMORE,5,13.0,54.8,LOW,SYNTHETIC_GENERATOR_V1,SYNTHETIC
PA_002363,2024-06-18,BALTIMORE,8,23.8,76.4,LOW,SYNTHETIC_GENERATOR_V1,SYNTHETIC
PA_002364,2024-06-19,BALTIMORE,9,26.7,86.2,MEDIUM,SYNTHETIC_GENERATOR_V1,SYNTHETIC
PA_002365,2024-06-20,BALTIMORE,9,32.6,80.4,MEDIUM,SYNTHETIC_GENERATOR_V1,SYNTHETIC
PA_002366,2024-06-21,BALTIMORE,7,25.3,77.1,MEDIUM,SYNTHETIC_GENERATOR_V1,SYNTHETIC
PA_002367,2024-06-22,BALTIMORE,8,24.2,75.5,MEDIUM,SYNTHETIC_GENERATOR_V1,SYNTHETIC
PA_002368,2024-06-23,BALTIMORE,4,9.4,65.0,LOW,SYNTHETIC_GENERATOR_V1,SYNTHETIC
PA_002369,2024-06-24,BALTIMORE,12,40.2,88.5,MEDIUM,SYNTHETIC_GENERATOR_V1,SYNTHETIC
PA_002370,2024-06-25,BALTIMORE,4,7.5,59.1,LOW,SYNTHETIC_GENERATOR_V1,SYNTHETIC
PA_002371,2024-06-26,BALTIMORE,5,12.2,58.2,LOW,SYNTHETIC_GENERATOR_V1,SYNTHETIC
PA_002372,2024-06-27,BALTIMORE,9,32.0,84.6,MEDIUM,SYNTHETIC_GENERATOR_V1,SYNTHETIC
PA_002373,2024-06-28,BALTIMORE,12,44.4,93.0,MEDIUM,SYNTHETIC_GENERATOR_V1,SYNTHETIC
PA_002374,2024-06-29,BALTIMORE,11,35.8,83.2,MEDIUM,SYNTHETIC_GENERATOR_V1,SYNTHETIC
PA_002375,2024-06-30,BALTIMORE,8,24.2,72.4,MEDIUM,SYNTHETIC_GENERATOR_V1,SYNTHETIC
PA_002376,2024-07-01,BALTIMORE,8,16.2,68.8,LOW,SYNTHETIC_GENERATOR_V1,SYNTHETIC
PA_002377,2024-07-02,BALTIMORE,9,24.1,75.6,MEDIUM,SYNTHETIC_GENERATOR_V1,SYNTHETIC
PA_002378,2024-07-03,BALTIMORE,8,20.1,67.2,LOW,SYNTHETIC_GENERATOR_V1,SYNTHETIC
PA_002379,2024-07-04,BALTIMORE,12,42.1,97.6,MEDIUM,SYNTHETIC_GENERATOR_V1,SYNTHETIC
PA_002380,2024-07-05,BALTIMORE,8,23.4,70.5,LOW,SYNTHETIC_GENERATOR_V1,SYNTHETIC
PA_002381,2024-07-06,BALTIMORE,7,14.9,68.6,LOW,SYNTHETIC_GENERATOR_V1,SYNTHETIC
PA_002382,2024-07-07,BALTIMORE,11,33.5,95.5,MEDIUM,SYNTHETIC_GENERATOR_V1,SYNTHETIC
PA_002383,2024-07-08,BALTIMORE,10,27.4,73.0,MEDIUM,SYNTHETIC_GENERATOR_V1,SYNTHETIC
PA_002384,2024-07-09,BALTIMORE,8,21.5,71.4,LOW,SYNTHETIC_GENERATOR_V1,SYNTHETIC
PA_002385,2024-07-10,BALTIMORE,10,31.3,82.6,MEDIUM,SYNTHETIC_GENERATOR_V1,SYNTHETIC
PA_002386,2024-07-11,BALTIMORE,8,23.2,76.6,LOW,SYNTHETIC_GENERATOR_V1,SYNTHETIC
PA_002387,2024-07-12,BALTIMORE,9,29.2,81.7,MEDIUM,SYNTHETIC_GENERATOR_V1,SYNTHETIC
PA_002388,2024-07-13,BALTIMORE,6,18.7,72.0,LOW,SYNTHETIC_GENERATOR_V1,SYNTHETIC
PA_002389,2024-07-14,BALTIMORE,4,9.3,63.0,LOW,SYNTHETIC_GENERATOR_V1,SYNTHETIC
PA_002390,2024-07-15,BALTIMORE,9,26.3,79.3,MEDIUM,SYNTHETIC_GENERATOR_V1,SYNTHETIC
PA_002391,2024-07-16,BALTIMORE,7,13.5,58.1,LOW,SYNTHETIC_GENERATOR_V1,SYNTHETIC
PA_002392,2024-07-17,BALTIMORE,11,35.2,84.7,MEDIUM,SYNTHETIC_GENERATOR_V1,SYNTHETIC
PA_002393,2024-07-18,BALTIMORE,10,35.1,95.2,MEDIUM,SYNTHETIC_GENERATOR_V1,SYNTHETIC
PA_002394,2024-07-19,BALTIMORE,5,12.3,64.6,LOW,SYNTHETIC_GENERATOR_V1,SYNTHETIC
PA_002395,2024-07-20,BALTIMORE,7,20.5,75.0,LOW,SYNTHETIC_GENERATOR_V1,SYNTHETIC
PA_002396,2024-07-21,BALTIMORE,14,55.4,105.7,MEDIUM,SYNTHETIC_GENERATOR_V1,SYNTHETIC
PA_002397,2024-07-22,BALTIMORE,8,21.2,73.8,LOW,SYNTHETIC_GENERATOR_V1,SYNTHETIC
PA_002398,2024-07-23,BALTIMORE,8,20.5,75.2,LOW,SYNTHETIC_GENERATOR_V1,SYNTHETIC
PA_002399,2024-07-24,BALTIMORE,7,18.5,72.0,LOW,SYNTHETIC_GENERATOR_V1,SYNTHETIC
PA_002400,2024-07-25,BALTIMORE,5,14.1,62.2,LOW,SYNTHETIC_GENERATOR_V1,SYNTHETIC
PA_002401,2024-07-26,BALTIMORE,11,37.3,88.6,MEDIUM,SYNTHETIC_GENERATOR_V1,SYNTHETIC
PA_002402,2024-07-27,BALTIMORE,11,40.3,81.9,MEDIUM,SYNTHETIC_GENERATOR_V1,SYNTHETIC
PA_002403,2024-07-28,BALTIMORE,16,67.3,114.8,HIGH,SYNTHETIC_GENERATOR_V1,SYNTHETIC
PA_002404,2024-07-29,BALTIMORE,6,18.9,64.4,LOW,SYNTHETIC_GENERATOR_V1,SYNTHETIC
PA_002405,2024-07-30,BALTIMORE,6,9.0,60.5,LOW,SYNTHETIC_GENERATOR_V1,SYNTHETIC
PA_002406,2024-07-31,BALTIMORE,8,24.7,76.4,MEDIUM,SYNTHETIC_GENERATOR_V1,SYNTHETIC
PA_002407,2024-08-01,BALTIMORE,6,16.1,71.0,LOW,SYNTHETIC_GENERATOR_V1,SYNTHETIC
PA_002408,2024-08-02,BALTIMORE,5,8.7,56.5,LOW,SYNTHETIC_GENERATOR_V1,SYNTHETIC
PA_002409,2024-08-03,BALTIMORE,9,26.4,78.2,MEDIUM,SYNTHETIC_GENERATOR_V1,SYNTHETIC
PA_002410,2024-08-04,BALTIMORE,8,26.0,78.5,MEDIUM,SYNTHETIC_GENERATOR_V1,SYNTHETIC
PA_002411,2024-08-05,BALTIMORE,6,9.6,63.3,LOW,SYNTHETIC_GENERATOR_V1,SYNTHETIC
PA_002412,2024-08-06,BALTIMORE,10,28.7,76.5,MEDIUM,SYNTHETIC_GENERATOR_V1,SYNTHETIC
PA_002413,2024-08-07,BALTIMORE,13,49.3,102.0,MEDIUM,SYNTHETIC_GENERATOR_V1,SYNTHETIC
PA_002414,2024-08-08,BALTIMORE,11,35.3,78.3,MEDIUM,SYNTHETIC_GENERATOR_V1,SYNTHETIC
PA_002415,2024-08-09,BALTIMORE,6,16.6,62.5,LOW,SYNTHETIC_GENERATOR_V1,SYNTHETIC
PA_002416,2024-08-10,BALTIMORE,4,7.9,55.8,LOW,SYNTHETIC_GENERATOR_V1,SYNTHETIC
PA_002417,2024-08-11,BALTIMORE,4,7.1,60.3,LOW,SYNTHETIC_GENERATOR_V1,SYNTHETIC
PA_002418,2024-08-12,BALTIMORE,9,26.0,72.8,MEDIUM,SYNTHETIC_GENERATOR_V1,SYNTHETIC
PA_002419,2024-08-13,BALTIMORE,5,11.5,59.7,LOW,SYNTHETIC_GENERATOR_V1,SYNTHETIC
PA_002420,2024-08-14,BALTIMORE,16,58.1,114.2,MEDIUM,SYNTHETIC_GENERATOR_V1,SYNTHETIC
PA_002421,2024-08-15,BALTIMORE,7,22.4,70.7,LOW,SYNTHETIC_GENERATOR_V1,SYNTHETIC
PA_002422,2024-08-16,BALTIMORE,6,12.8,67.4,LOW,SYNTHETIC_GENERATOR_V1,SYNTHETIC
PA_002423,2024-08-17,BALTIMORE,8,23.7,70.3,LOW,SYNTHETIC_GENERATOR_V1,SYNTHETIC
PA_002424,2024-08-18,BALTIMORE,9,24.3,70.8,MEDIUM,SYNTHETIC_GENERATOR_V1,SYNTHETIC
PA_002425,2024-08-19,BALTIMORE,7,13.3,62.9,LOW,SYNTHETIC_GENERATOR_V1,SYNTHETIC
PA_002426,2024-08-20,BALTIMORE,5,8.1,54.4,LOW,SYNTHETIC_GENERATOR_V1,SYNTHETIC
PA_002427,2024-08-21,BALTIMORE,8,22.5,72.3,LOW,SYNTHETIC_GENERATOR_V1,SYNTHETIC
PA_002428,2024-08-22,BALTIMORE,4,9.8,58.6,LOW,SYNTHETIC_GENERATOR_V1,SYNTHETIC
PA_002429,2024-08-23,BALTIMORE,10,36.6,85.3,MEDIUM,SYNTHETIC_GENERATOR_V1,SYNTHETIC
PA_002430,2024-08-24,BALTIMORE,6,16.2,67.2,LOW,SYNTHETIC_GENERATOR_V1,SYNTHETIC
PA_002431,2024-08-25,BALTIMORE,11,36.9,87.6,MEDIUM,SYNTHETIC_GENERATOR_V1,SYNTHETIC
PA_002432,2024-08-26,BALTIMORE,8,28.7,78.1,MEDIUM,SYNTHETIC_GENERATOR_V1,SYNTHETIC
PA_002433,2024-08-27,BALTIMORE,7,21.4,74.6,LOW,SYNTHETIC_GENERATOR_V1,SYNTHETIC
PA_002434,2024-08-28,BALTIMORE,9,30.2,82.3,MEDIUM,SYNTHETIC_GENERATOR_V1,SYNTHETIC
PA_002435,2024-08-29,BALTIMORE,12,40.2,86.9,MEDIUM,SYNTHETIC_GENERATOR_V1,SYNTHETIC
PA_002436,2024-08-30,BALTIMORE,5,14.7,66.8,LOW,SYNTHETIC_GENERATOR_V1,SYNTHETIC
PA_002437,2024-08-31,BALTIMORE,8,20.5,71.6,LOW,SYNTHETIC_GENERATOR_V1,SYNTHETIC
PA_002438,2024-09-01,BALTIMORE,5,10.3,59.7,LOW,SYNTHETIC_GENERATOR_V1,SYNTHETIC
PA_002439,2024-09-02,BALTIMORE,8,27.3,73.4,MEDIUM,SYNTHETIC_GENERATOR_V1,SYNTHETIC
PA_002440,2024-09-03,BALTIMORE,6,10.7,59.5,LOW,SYNTHETIC_GENERATOR_V1,SYNTHETIC
PA_002441,2024-09-04,BALTIMORE,10,26.3,76.4,MEDIUM,SYNTHETIC_GENERATOR_V1,SYNTHETIC
PA_002442,2024-09-05,BALTIMORE,4,9.7,54.9,LOW,SYNTHETIC_GENERATOR_V1,SYNTHETIC
PA_002443,2024-09-06,BALTIMORE,13,48.2,97.2,MEDIUM,SYNTHETIC_GENERATOR_V1,SYNTHETIC
PA_002444,2024-09-07,BALTIMORE,5,10.2,59.6,LOW,SYNTHETIC_GENERATOR_V1,SYNTHETIC
PA_002445,2024-09-08,BALTIMORE,6,14.8,63.4,LOW,SYNTHETIC_GENERATOR_V1,SYNTHETIC
PA_002446,2024-09-09,BALTIMORE,11,40.3,95.0,MEDIUM,SYNTHETIC_GENERATOR_V1,SYNTHETIC
PA_002447,2024-09-10,BALTIMORE,6,11.9,69.9,LOW,SYNTHETIC_GENERATOR_V1,SYNTHETIC
PA_002448,2024-09-11,BALTIMORE,3,9.6,58.2,LOW,SYNTHETIC_GENERATOR_V1,SYNTHETIC
PA_002449,2024-09-12,BALTIMORE,12,36.7,88.7,MEDIUM,SYNTHETIC_GENERATOR_V1,SYNTHETIC
PA_002450,2024-09-13,BALTIMORE,7,14.8,58.9,LOW,SYNTHETIC_GENERATOR_V1,SYNTHETIC
PA_002451,2024-09-14,BALTIMORE,5,13.1,61.5,LOW,SYNTHETIC_GENERATOR_V1,SYNTHETIC
PA_002452,2024-09-15,BALTIMORE,6,20.4,68.3,LOW,SYNTHETIC_GENERATOR_V1,SYNTHETIC
PA_002453,2024-09-16,BALTIMORE,8,21.6,71.2,LOW,SYNTHETIC_GENERATOR_V1,SYNTHETIC
PA_002454,2024-09-17,BALTIMORE,9,23.5,80.2,LOW,SYNTHETIC_GENERATOR_V1,SYNTHETIC
PA_002455,2024-09-18,BALTIMORE,6,13.4,70.1,LOW,SYNTHETIC_GENERATOR_V1,SYNTHETIC
PA_002456,2024-09-19,BALTIMORE,9,17.2,68.9,LOW,SYNTHETIC_GENERATOR_V1,SYNTHETIC
PA_002457,2024-09-20,BALTIMORE,5,15.0,65.0,LOW,SYNTHETIC_GENERATOR_V1,SYNTHETIC
PA_002458,2024-09-21,BALTIMORE,7,14.4,68.4,LOW,SYNTHETIC_GENERATOR_V1,SYNTHETIC
PA_002459,2024-09-22,BALTIMORE,9,30.8,85.3,MEDIUM,SYNTHETIC_GENERATOR_V1,SYNTHETIC
PA_002460,2024-09-23,BALTIMORE,10,34.5,82.1,MEDIUM,SYNTHETIC_GENERATOR_V1,SYNTHETIC
PA_002461,2024-09-24,BALTIMORE,10,34.8,87.5,MEDIUM,SYNTHETIC_GENERATOR_V1,SYNTHETIC
PA_002462,2024-09-25,BALTIMORE,6,10.0,59.7,LOW,SYNTHETIC_GENERATOR_V1,SYNTHETIC
PA_002463,2024-09-26,BALTIMORE,9,24.4,71.5,MEDIUM,SYNTHETIC_GENERATOR_V1,SYNTHETIC
PA_002464,2024-09-27,BALTIMORE,9,29.3,77.5,MEDIUM,SYNTHETIC_GENERATOR_V1,SYNTHETIC
PA_002465,2024-09-28,BALTIMORE,8,18.5,73.3,LOW,SYNTHETIC_GENERATOR_V1,SYNTHETIC
PA_002466,2024-09-29,BALTIMORE,8,21.5,66.1,LOW,SYNTHETIC_GENERATOR_V1,SYNTHETIC
PA_002467,2024-09-30,BALTIMORE,7,10.0,63.0,LOW,SYNTHETIC_GENERATOR_V1,SYNTHETIC
PA_002468,2024-10-01,BALTIMORE,7,10.2,61.6,LOW,SYNTHETIC_GENERATOR_V1,SYNTHETIC
PA_002469,2024-10-02,BALTIMORE,9,26.2,73.9,MEDIUM,SYNTHETIC_GENERATOR_V1,SYNTHETIC
PA_002470,2024-10-03,BALTIMORE,7,16.2,64.2,LOW,SYNTHETIC_GENERATOR_V1,SYNTHETIC
PA_002471,2024-10-04,BALTIMORE,12,38.1,86.3,MEDIUM,SYNTHETIC_GENERATOR_V1,SYNTHETIC
PA_002472,2024-10-05,BALTIMORE,14,45.0,101.7,MEDIUM,SYNTHETIC_GENERATOR_V1,SYNTHETIC
PA_002473,2024-10-06,BALTIMORE,1,1.5,40.2,LOW,SYNTHETIC_GENERATOR_V1,SYNTHETIC
PA_002474,2024-10-07,BALTIMORE,15,58.0,107.0,MEDIUM,SYNTHETIC_GENERATOR_V1,SYNTHETIC
PA_002475,2024-10-08,BALTIMORE,4,8.0,57.2,LOW,SYNTHETIC_GENERATOR_V1,SYNTHETIC
PA_002476,2024-10-09,BALTIMORE,12,40.2,91.9,MEDIUM,SYNTHETIC_GENERATOR_V1,SYNTHETIC
PA_002477,2024-10-10,BALTIMORE,8,19.6,58.0,LOW,SYNTHETIC_GENERATOR_V1,SYNTHETIC
PA_002478,2024-10-11,BALTIMORE,9,28.9,75.7,MEDIUM,SYNTHETIC_GENERATOR_V1,SYNTHETIC
PA_002479,2024-10-12,BALTIMORE,4,8.8,63.6,LOW,SYNTHETIC_GENERATOR_V1,SYNTHETIC
PA_002480,2024-10-13,BALTIMORE,3,3.8,48.1,LOW,SYNTHETIC_GENERATOR_V1,SYNTHETIC
PA_002481,2024-10-14,BALTIMORE,7,17.9,65.8,LOW,SYNTHETIC_GENERATOR_V1,SYNTHETIC
PA_002482,2024-10-15,BALTIMORE,9,25.4,80.8,MEDIUM,SYNTHETIC_GENERATOR_V1,SYNTHETIC
PA_002483,2024-10-16,BALTIMORE,11,32.7,86.8,MEDIUM,SYNTHETIC_GENERATOR_V1,SYNTHETIC
PA_002484,2024-10-17,BALTIMORE,6,17.1,62.7,LOW,SYNTHETIC_GENERATOR_V1,SYNTHETIC
PA_002485,2024-10-18,BALTIMORE,10,30.6,80.8,MEDIUM,SYNTHETIC_GENERATOR_V1,SYNTHETIC
PA_002486,2024-10-19,BALTIMORE,9,28.9,86.6,MEDIUM,SYNTHETIC_GENERATOR_V1,SYNTHETIC
PA_002487,2024-10-20,BALTIMORE,11,38.0,93.9,MEDIUM,SYNTHETIC_GENERATOR_V1,SYNTHETIC
PA_002488,2024-10-21,BALTIMORE,6,10.7,54.7,LOW,SYNTHETIC_GENERATOR_V1,SYNTHETIC
PA_002489,2024-10-22,BALTIMORE,9,29.6,79.1,MEDIUM,SYNTHETIC_GENERATOR_V1,SYNTHETIC
PA_002490,2024-10-23,BALTIMORE,12,43.2,89.6,MEDIUM,SYNTHETIC_GENERATOR_V1,SYNTHETIC
PA_002491,2024-10-24,BALTIMORE,8,23.3,75.5,LOW,SYNTHETIC_GENERATOR_V1,SYNTHETIC
PA_002492,2024-10-25,BALTIMORE,9,27.1,82.4,MEDIUM,SYNTHETIC_GENERATOR_V1,SYNTHETIC
PA_002493,2024-10-26,BALTIMORE,4,7.9,55.0,LOW,SYNTHETIC_GENERATOR_V1,SYNTHETIC
PA_002494,2024-10-27,BALTIMORE,9,27.1,77.6,MEDIUM,SYNTHETIC_GENERATOR_V1,SYNTHETIC
PA_002495,2024-10-28,BALTIMORE,10,25.9,76.3,MEDIUM,SYNTHETIC_GENERATOR_V1,SYNTHETIC
PA_002496,2024-10-29,BALTIMORE,8,24.4,66.9,MEDIUM,SYNTHETIC_GENERATOR_V1,SYNTHETIC
PA_002497,2024-10-30,BALTIMORE,9,31.3,82.9,MEDIUM,SYNTHETIC_GENERATOR_V1,SYNTHETIC
PA_002498,2024-10-31,BALTIMORE,3,0.0,55.5,LOW,SYNTHETIC_GENERATOR_V1,SYNTHETIC
PA_002499,2024-11-01,BALTIMORE,10,29.3,84.0,MEDIUM,SYNTHETIC_GENERATOR_V1,SYNTHETIC
PA_002500,2024-11-02,BALTIMORE,9,29.7,84.7,MEDIUM,SYNTHETIC_GENERATOR_V1,SYNTHETIC
PA_002501,2024-11-03,BALTIMORE,10,30.0,75.2,MEDIUM,SYNTHETIC_GENERATOR_V1,SYNTHETIC
PA_002502,2024-11-04,BALTIMORE,11,37.5,81.8,MEDIUM,SYNTHETIC_GENERATOR_V1,SYNTHETIC
PA_002503,2024-11-05,BALTIMORE,12,37.2,80.4,MEDIUM,SYNTHETIC_GENERATOR_V1,SYNTHETIC
PA_002504,2024-11-06,BALTIMORE,5,15.2,65.3,LOW,SYNTHETIC_GENERATOR_V1,SYNTHETIC
PA_002505,2024-11-07,BALTIMORE,7,18.9,68.7,LOW,SYNTHETIC_GENERATOR_V1,SYNTHETIC
PA_002506,2024-11-08,BALTIMORE,5,16.3,73.1,LOW,SYNTHETIC_GENERATOR_V1,SYNTHETIC
PA_002507,2024-11-09,BALTIMORE,12,32.4,82.5,MEDIUM,SYNTHETIC_GENERATOR_V1,SYNTHETIC
PA_002508,2024-11-10,BALTIMORE,8,19.3,71.9,LOW,SYNTHETIC_GENERATOR_V1,SYNTHETIC
PA_002509,2024-11-11,BALTIMORE,6,11.9,53.0,LOW,SYNTHETIC_GENERATOR_V1,SYNTHETIC
PA_002510,2024-11-12,BALTIMORE,9,26.9,84.3,MEDIUM,SYNTHETIC_GENERATOR_V1,SYNTHETIC
PA_002511,2024-11-13,BALTIMORE,14,51.1,96.0,MEDIUM,SYNTHETIC_GENERATOR_V1,SYNTHETIC
PA_002512,2024-11-14,BALTIMORE,8,17.7,66.5,LOW,SYNTHETIC_GENERATOR_V1,SYNTHETIC
PA_002513,2024-11-15,BALTIMORE,10,37.8,83.5,MEDIUM,SYNTHETIC_GENERATOR_V1,SYNTHETIC
PA_002514,2024-11-16,BALTIMORE,8,20.7,77.4,LOW,SYNTHETIC_GENERATOR_V1,SYNTHETIC
PA_002515,2024-11-17,BALTIMORE,9,23.1,65.8,LOW,SYNTHETIC_GENERATOR_V1,SYNTHETIC
PA_002516,2024-11-18,BALTIMORE,6,16.6,66.7,LOW,SYNTHETIC_GENERATOR_V1,SYNTHETIC
PA_002517,2024-11-19,BALTIMORE,5,12.7,64.3,LOW,SYNTHETIC_GENERATOR_V1,SYNTHETIC
PA_002518,2024-11-20,BALTIMORE,8,25.4,73.8,MEDIUM,SYNTHETIC_GENERATOR_V1,SYNTHETIC
PA_002519,2024-11-21,BALTIMORE,5,7.9,51.6,LOW,SYNTHETIC_GENERATOR_V1,SYNTHETIC
PA_002520,2024-11-22,BALTIMORE,5,10.4,57.1,LOW,SYNTHETIC_GENERATOR_V1,SYNTHETIC
PA_002521,2024-11-23,BALTIMORE,13,47.2,97.5,MEDIUM,SYNTHETIC_GENERATOR_V1,SYNTHETIC
PA_002522,2024-11-24,BALTIMORE,9,29.6,84.2,MEDIUM,SYNTHETIC_GENERATOR_V1,SYNTHETIC
PA_002523,2024-11-25,BALTIMORE,5,13.1,70.9,LOW,SYNTHETIC_GENERATOR_V1,SYNTHETIC
PA_002524,2024-11-26,BALTIMORE,3,5.6,51.6,LOW,SYNTHETIC_GENERATOR_V1,SYNTHETIC
PA_002525,2024-11-27,BALTIMORE,8,25.1,81.0,MEDIUM,SYNTHETIC_GENERATOR_V1,SYNTHETIC
PA_002526,2024-11-28,BALTIMORE,17,71.0,124.1,HIGH,SYNTHETIC_GENERATOR_V1,SYNTHETIC
PA_002527,2024-11-29,BALTIMORE,8,23.1,72.9,LOW,SYNTHETIC_GENERATOR_V1,SYNTHETIC
PA_002528,2024-11-30,BALTIMORE,8,18.4,76.6,LOW,SYNTHETIC_GENERATOR_V1,SYNTHETIC
PA_002529,2024-12-01,BALTIMORE,5,13.5,60.1,LOW,SYNTHETIC_GENERATOR_V1,SYNTHETIC
PA_002530,2024-12-02,BALTIMORE,7,20.2,70.0,LOW,SYNTHETIC_GENERATOR_V1,SYNTHETIC
PA_002531,2024-12-03,BALTIMORE,5,8.7,61.4,LOW,SYNTHETIC_GENERATOR_V1,SYNTHETIC
PA_002532,2024-12-04,BALTIMORE,5,12.9,59.7,LOW,SYNTHETIC_GENERATOR_V1,SYNTHETIC
PA_002533,2024-12-05,BALTIMORE,11,43.1,94.9,MEDIUM,SYNTHETIC_GENERATOR_V1,SYNTHETIC
PA_002534,2024-12-06,BALTIMORE,7,9.5,55.5,LOW,SYNTHETIC_GENERATOR_V1,SYNTHETIC
PA_002535,2024-12-07,BALTIMORE,8,18.8,71.2,LOW,SYNTHETIC_GENERATOR_V1,SYNTHETIC
PA_002536,2024-12-08,BALTIMORE,7,17.8,67.6,LOW,SYNTHETIC_GENERATOR_V1,SYNTHETIC
PA_002537,2024-12-09,BALTIMORE,4,9.8,54.0,LOW,SYNTHETIC_GENERATOR_V1,SYNTHETIC
PA_002538,2024-12-10,BALTIMORE,4,11.6,64.3,LOW,SYNTHETIC_GENERATOR_V1,SYNTHETIC
PA_002539,2024-12-11,BALTIMORE,6,12.7,58.6,LOW,SYNTHETIC_GENERATOR_V1,SYNTHETIC
PA_002540,2024-12-12,BALTIMORE,11,38.0,87.0,MEDIUM,SYNTHETIC_GENERATOR_V1,SYNTHETIC
PA_002541,2024-12-13,BALTIMORE,8,24.5,77.3,MEDIUM,SYNTHETIC_GENERATOR_V1,SYNTHETIC
PA_002542,2024-12-14,BALTIMORE,10,32.8,89.9,MEDIUM,SYNTHETIC_GENERATOR_V1,SYNTHETIC
PA_002543,2024-12-15,BALTIMORE,10,34.7,83.2,MEDIUM,SYNTHETIC_GENERATOR_V1,SYNTHETIC
PA_002544,2024-12-16,BALTIMORE,5,8.4,54.2,LOW,SYNTHETIC_GENERATOR_V1,SYNTHETIC
PA_002545,2024-12-17,BALTIMORE,8,24.7,74.5,MEDIUM,SYNTHETIC_GENERATOR_V1,SYNTHETIC
PA_002546,2024-12-18,BALTIMORE,5,16.1,66.2,LOW,SYNTHETIC_GENERATOR_V1,SYNTHETIC
PA_002547,2024-12-19,BALTIMORE,4,5.5,48.0,LOW,SYNTHETIC_GENERATOR_V1,SYNTHETIC
PA_002548,2024-12-20,BALTIMORE,4,5.7,57.6,LOW,SYNTHETIC_GENERATOR_V1,SYNTHETIC
PA_002549,2024-12-21,BALTIMORE,8,27.5,78.2,MEDIUM,SYNTHETIC_GENERATOR_V1,SYNTHETIC
PA_002550,2024-12-22,BALTIMORE,6,12.2,59.1,LOW,SYNTHETIC_GENERATOR_V1,SYNTHETIC
PA_002551,2024-12-23,BALTIMORE,7,11.8,64.8,LOW,SYNTHETIC_GENERATOR_V1,SYNTHETIC
PA_002552,2024-12-24,BALTIMORE,6,10.2,60.6,LOW,SYNTHETIC_GENERATOR_V1,SYNTHETIC
PA_002553,2024-12-25,BALTIMORE,5,5.7,58.3,LOW,SYNTHETIC_GENERATOR_V1,SYNTHETIC
PA_002554,2024-12-26,BALTIMORE,9,24.4,71.9,MEDIUM,SYNTHETIC_GENERATOR_V1,SYNTHETIC
PA_002555,2024-12-27,BALTIMORE,11,41.0,92.6,MEDIUM,SYNTHETIC_GENERATOR_V1,SYNTHETIC
PA_002556,2024-12-28,BALTIMORE,7,12.1,59.8,LOW,SYNTHETIC_GENERATOR_V1,SYNTHETIC
PA_002557,2024-12-29,BALTIMORE,13,52.8,100.1,MEDIUM,SYNTHETIC_GENERATOR_V1,SYNTHETIC
PA_002558,2024-12-30,BALTIMORE,6,16.6,65.6,LOW,SYNTHETIC_GENERATOR_V1,SYNTHETIC
PA_002559,2024-12-31,BALTIMORE,11,36.6,87.9,MEDIUM,SYNTHETIC_GENERATOR_V1,SYNTHETIC
PA_002560,2025-01-01,BALTIMORE,4,9.5,58.9,LOW,SYNTHETIC_GENERATOR_V1,SYNTHETIC
PA_002561,2025-01-02,BALTIMORE,5,11.4,60.8,LOW,SYNTHETIC_GENERATOR_V1,SYNTHETIC
PA_002562,2025-01-03,BALTIMORE,6,14.3,66.2,LOW,SYNTHETIC_GENERATOR_V1,SYNTHETIC
PA_002563,2025-01-04,BALTIMORE,8,13.5,54.2,LOW,SYNTHETIC_GENERATOR_V1,SYNTHETIC
PA_002564,2025-01-05,BALTIMORE,4,10.1,57.8,LOW,SYNTHETIC_GENERATOR_V1,SYNTHETIC
PA_002565,2025-01-06,BALTIMORE,9,24.2,69.7,MEDIUM,SYNTHETIC_GENERATOR_V1,SYNTHETIC
PA_002566,2025-01-07,BALTIMORE,3,2.4,56.9,LOW,SYNTHETIC_GENERATOR_V1,SYNTHETIC
PA_002567,2025-01-08,BALTIMORE,13,46.4,90.7,MEDIUM,SYNTHETIC_GENERATOR_V1,SYNTHETIC
PA_002568,2025-01-09,BALTIMORE,6,14.9,65.5,LOW,SYNTHETIC_GENERATOR_V1,SYNTHETIC
PA_002569,2025-01-10,BALTIMORE,3,8.2,59.6,LOW,SYNTHETIC_GENERATOR_V1,SYNTHETIC
PA_002570,2025-01-11,BALTIMORE,6,17.9,65.1,LOW,SYNTHETIC_GENERATOR_V1,SYNTHETIC
PA_002571,2025-01-12,BALTIMORE,8,21.1,66.1,LOW,SYNTHETIC_GENERATOR_V1,SYNTHETIC
PA_002572,2025-01-13,BALTIMORE,12,36.0,85.1,MEDIUM,SYNTHETIC_GENERATOR_V1,SYNTHETIC
PA_002573,2025-01-14,BALTIMORE,9,27.5,85.1,MEDIUM,SYNTHETIC_GENERATOR_V1,SYNTHETIC
PA_002574,2025-01-15,BALTIMORE,8,27.8,68.4,MEDIUM,SYNTHETIC_GENERATOR_V1,SYNTHETIC
PA_002575,2025-01-16,BALTIMORE,9,26.9,82.0,MEDIUM,SYNTHETIC_GENERATOR_V1,SYNTHETIC
PA_002576,2025-01-17,BALTIMORE,11,39.2,90.4,MEDIUM,SYNTHETIC_GENERATOR_V1,SYNTHETIC
PA_002577,2025-01-18,BALTIMORE,7,15.5,70.8,LOW,SYNTHETIC_GENERATOR_V1,SYNTHETIC
PA_002578,2025-01-19,BALTIMORE,12,43.0,88.9,MEDIUM,SYNTHETIC_GENERATOR_V1,SYNTHETIC
PA_002579,2025-01-20,BALTIMORE,5,7.4,54.9,LOW,SYNTHETIC_GENERATOR_V1,SYNTHETIC
PA_002580,2025-01-21,BALTIMORE,4,9.1,60.5,LOW,SYNTHETIC_GENERATOR_V1,SYNTHETIC
PA_002581,2025-01-22,BALTIMORE,10,35.1,80.8,MEDIUM,SYNTHETIC_GENERATOR_V1,SYNTHETIC
PA_002582,2025-01-23,BALTIMORE,10,33.5,85.9,MEDIUM,SYNTHETIC_GENERATOR_V1,SYNTHETIC
PA_002583,2025-01-24,BALTIMORE,14,51.6,101.5,MEDIUM,SYNTHETIC_GENERATOR_V1,SYNTHETIC
PA_002584,2025-01-25,BALTIMORE,5,8.4,56.1,LOW,SYNTHETIC_GENERATOR_V1,SYNTHETIC
PA_002585,2025-01-26,BALTIMORE,8,23.2,82.0,LOW,SYNTHETIC_GENERATOR_V1,SYNTHETIC
PA_002586,2025-01-27,BALTIMORE,10,27.3,77.3,MEDIUM,SYNTHETIC_GENERATOR_V1,SYNTHETIC
PA_002587,2025-01-28,BALTIMORE,11,27.9,83.7,MEDIUM,SYNTHETIC_GENERATOR_V1,SYNTHETIC
PA_002588,2025-01-29,BALTIMORE,4,13.3,57.1,LOW,SYNTHETIC_GENERATOR_V1,SYNTHETIC
PA_002589,2025-01-30,BALTIMORE,3,0.0,54.5,LOW,SYNTHETIC_GENERATOR_V1,SYNTHETIC
PA_002590,2025-01-31,BALTIMORE,10,30.3,86.0,MEDIUM,SYNTHETIC_GENERATOR_V1,SYNTHETIC
PA_002591,2025-02-01,BALTIMORE,5,10.9,53.1,LOW,SYNTHETIC_GENERATOR_V1,SYNTHETIC
PA_002592,2025-02-02,BALTIMORE,9,27.8,76.5,MEDIUM,SYNTHETIC_GENERATOR_V1,SYNTHETIC
PA_002593,2025-02-03,BALTIMORE,11,39.6,89.4,MEDIUM,SYNTHETIC_GENERATOR_V1,SYNTHETIC
PA_002594,2025-02-04,BALTIMORE,12,37.0,89.4,MEDIUM,SYNTHETIC_GENERATOR_V1,SYNTHETIC
PA_002595,2025-02-05,BALTIMORE,9,21.6,71.8,LOW,SYNTHETIC_GENERATOR_V1,SYNTHETIC
PA_002596,2025-02-06,BALTIMORE,8,18.9,65.0,LOW,SYNTHETIC_GENERATOR_V1,SYNTHETIC
PA_002597,2025-02-07,BALTIMORE,9,28.7,81.9,MEDIUM,SYNTHETIC_GENERATOR_V1,SYNTHETIC
PA_002598,2025-02-08,BALTIMORE,9,31.5,84.6,MEDIUM,SYNTHETIC_GENERATOR_V1,SYNTHETIC
PA_002599,2025-02-09,BALTIMORE,5,14.8,62.0,LOW,SYNTHETIC_GENERATOR_V1,SYNTHETIC
PA_002600,2025-02-10,BALTIMORE,5,8.2,52.9,LOW,SYNTHETIC_GENERATOR_V1,SYNTHETIC
PA_002601,2025-02-11,BALTIMORE,6,11.6,56.7,LOW,SYNTHETIC_GENERATOR_V1,SYNTHETIC
PA_002602,2025-02-12,BALTIMORE,2,3.9,55.6,LOW,SYNTHETIC_GENERATOR_V1,SYNTHETIC
PA_002603,2025-02-13,BALTIMORE,9,23.0,69.1,LOW,SYNTHETIC_GENERATOR_V1,SYNTHETIC
PA_002604,2025-02-14,BALTIMORE,9,27.6,77.0,MEDIUM,SYNTHETIC_GENERATOR_V1,SYNTHETIC
PA_002605,2025-02-15,BALTIMORE,14,52.1,96.2,MEDIUM,SYNTHETIC_GENERATOR_V1,SYNTHETIC
PA_002606,2025-02-16,BALTIMORE,3,2.5,44.2,LOW,SYNTHETIC_GENERATOR_V1,SYNTHETIC
PA_002607,2025-02-17,BALTIMORE,6,19.9,66.8,LOW,SYNTHETIC_GENERATOR_V1,SYNTHETIC
PA_002608,2025-02-18,BALTIMORE,9,34.1,89.1,MEDIUM,SYNTHETIC_GENERATOR_V1,SYNTHETIC
PA_002609,2025-02-19,BALTIMORE,9,28.3,85.2,MEDIUM,SYNTHETIC_GENERATOR_V1,SYNTHETIC
PA_002610,2025-02-20,BALTIMORE,6,6.7,57.6,LOW,SYNTHETIC_GENERATOR_V1,SYNTHETIC
PA_002611,2025-02-21,BALTIMORE,8,25.6,68.8,MEDIUM,SYNTHETIC_GENERATOR_V1,SYNTHETIC
PA_002612,2025-02-22,BALTIMORE,9,29.2,77.3,MEDIUM,SYNTHETIC_GENERATOR_V1,SYNTHETIC
PA_002613,2025-02-23,BALTIMORE,9,24.5,77.2,MEDIUM,SYNTHETIC_GENERATOR_V1,SYNTHETIC
PA_002614,2025-02-24,BALTIMORE,5,14.4,65.7,LOW,SYNTHETIC_GENERATOR_V1,SYNTHETIC
PA_002615,2025-02-25,BALTIMORE,7,11.9,65.8,LOW,SYNTHETIC_GENERATOR_V1,SYNTHETIC
PA_002616,2025-02-26,BALTIMORE,8,26.2,74.7,MEDIUM,SYNTHETIC_GENERATOR_V1,SYNTHETIC
PA_002617,2025-02-27,BALTIMORE,12,38.3,88.8,MEDIUM,SYNTHETIC_GENERATOR_V1,SYNTHETIC
PA_002618,2025-02-28,BALTIMORE,5,12.5,69.0,LOW,SYNTHETIC_GENERATOR_V1,SYNTHETIC
PA_002619,2025-03-01,BALTIMORE,12,37.0,86.2,MEDIUM,SYNTHETIC_GENERATOR_V1,SYNTHETIC
PA_002620,2025-03-02,BALTIMORE,7,21.6,64.4,LOW,SYNTHETIC_GENERATOR_V1,SYNTHETIC
PA_002621,2025-03-03,BALTIMORE,10,24.6,76.1,MEDIUM,SYNTHETIC_GENERATOR_V1,SYNTHETIC
PA_002622,2025-03-04,BALTIMORE,10,31.6,85.9,MEDIUM,SYNTHETIC_GENERATOR_V1,SYNTHETIC
PA_002623,2025-03-05,BALTIMORE,5,7.1,60.5,LOW,SYNTHETIC_GENERATOR_V1,SYNTHETIC
PA_002624,2025-03-06,BALTIMORE,4,13.9,68.2,LOW,SYNTHETIC_GENERATOR_V1,SYNTHETIC
PA_002625,2025-03-07,BALTIMORE,7,14.8,69.4,LOW,SYNTHETIC_GENERATOR_V1,SYNTHETIC
PA_002626,2025-03-08,BALTIMORE,8,28.3,78.8,MEDIUM,SYNTHETIC_GENERATOR_V1,SYNTHETIC
PA_002627,2025-03-09,BALTIMORE,8,28.0,76.2,MEDIUM,SYNTHETIC_GENERATOR_V1,SYNTHETIC
PA_002628,2025-03-10,BALTIMORE,9,26.9,79.0,MEDIUM,SYNTHETIC_GENERATOR_V1,SYNTHETIC
PA_002629,2025-03-11,BALTIMORE,6,11.3,60.2,LOW,SYNTHETIC_GENERATOR_V1,SYNTHETIC
PA_002630,2025-03-12,BALTIMORE,1,2.9,49.5,LOW,SYNTHETIC_GENERATOR_V1,SYNTHETIC
PA_002631,2025-03-13,BALTIMORE,9,21.0,74.3,LOW,SYNTHETIC_GENERATOR_V1,SYNTHETIC
PA_002632,2025-03-14,BALTIMORE,9,30.0,78.8,MEDIUM,SYNTHETIC_GENERATOR_V1,SYNTHETIC
PA_002633,2025-03-15,BALTIMORE,10,33.7,86.6,MEDIUM,SYNTHETIC_GENERATOR_V1,SYNTHETIC
PA_002634,2025-03-16,BALTIMORE,6,12.3,60.4,LOW,SYNTHETIC_GENERATOR_V1,SYNTHETIC
PA_002635,2025-03-17,BALTIMORE,6,12.0,61.7,LOW,SYNTHETIC_GENERATOR_V1,SYNTHETIC
PA_002636,2025-03-18,BALTIMORE,3,2.2,54.4,LOW,SYNTHETIC_GENERATOR_V1,SYNTHETIC
PA_002637,2025-03-19,BALTIMORE,10,32.0,85.7,MEDIUM,SYNTHETIC_GENERATOR_V1,SYNTHETIC
PA_002638,2025-03-20,BALTIMORE,6,13.4,59.9,LOW,SYNTHETIC_GENERATOR_V1,SYNTHETIC
PA_002639,2025-03-21,BALTIMORE,2,1.9,51.8,LOW,SYNTHETIC_GENERATOR_V1,SYNTHETIC
PA_002640,2025-03-22,BALTIMORE,12,40.8,90.9,MEDIUM,SYNTHETIC_GENERATOR_V1,SYNTHETIC
PA_002641,2025-03-23,BALTIMORE,12,40.8,90.9,MEDIUM,SYNTHETIC_GENERATOR_V1,SYNTHETIC
PA_002642,2025-03-24,BALTIMORE,8,24.3,76.1,MEDIUM,SYNTHETIC_GENERATOR_V1,SYNTHETIC
PA_002643,2025-03-25,BALTIMORE,14,50.4,96.7,MEDIUM,SYNTHETIC_GENERATOR_V1,SYNTHETIC
PA_002644,2025-03-26,BALTIMORE,7,22.1,69.6,LOW,SYNTHETIC_GENERATOR_V1,SYNTHETIC
PA_002645,2025-03-27,BALTIMORE,6,14.6,63.4,LOW,SYNTHETIC_GENERATOR_V1,SYNTHETIC
PA_002646,2025-03-28,BALTIMORE,9,24.0,69.6,MEDIUM,SYNTHETIC_GENERATOR_V1,SYNTHETIC
PA_002647,2025-03-29,BALTIMORE,7,23.4,67.6,LOW,SYNTHETIC_GENERATOR_V1,SYNTHETIC
PA_002648,2025-03-30,BALTIMORE,7,18.0,66.8,LOW,SYNTHETIC_GENERATOR_V1,SYNTHETIC
PA_002649,2025-03-31,BALTIMORE,10,26.4,79.9,MEDIUM,SYNTHETIC_GENERATOR_V1,SYNTHETIC
PA_002650,2025-04-01,BALTIMORE,7,21.6,66.6,LOW,SYNTHETIC_GENERATOR_V1,SYNTHETIC
PA_002651,2025-04-02,BALTIMORE,5,8.0,61.6,LOW,SYNTHETIC_GENERATOR_V1,SYNTHETIC
PA_002652,2025-04-03,BALTIMORE,7,19.9,72.9,LOW,SYNTHETIC_GENERATOR_V1,SYNTHETIC
PA_002653,2025-04-04,BALTIMORE,8,23.0,74.4,LOW,SYNTHETIC_GENERATOR_V1,SYNTHETIC
PA_002654,2025-04-05,BALTIMORE,9,20.6,68.9,LOW,SYNTHETIC_GENERATOR_V1,SYNTHETIC
PA_002655,2025-04-06,BALTIMORE,10,26.0,76.1,MEDIUM,SYNTHETIC_GENERATOR_V1,SYNTHETIC
PA_002656,2025-04-07,BALTIMORE,7,20.1,75.1,LOW,SYNTHETIC_GENERATOR_V1,SYNTHETIC
PA_002657,2025-04-08,BALTIMORE,6,9.8,53.0,LOW,SYNTHETIC_GENERATOR_V1,SYNTHETIC
PA_002658,2025-04-09,BALTIMORE,6,6.6,60.8,LOW,SYNTHETIC_GENERATOR_V1,SYNTHETIC
PA_002659,2025-04-10,BALTIMORE,10,25.6,76.1,MEDIUM,SYNTHETIC_GENERATOR_V1,SYNTHETIC
PA_002660,2025-04-11,BALTIMORE,7,20.2,71.8,LOW,SYNTHETIC_GENERATOR_V1,SYNTHETIC
PA_002661,2025-04-12,BALTIMORE,4,10.1,57.3,LOW,SYNTHETIC_GENERATOR_V1,SYNTHETIC
PA_002662,2025-04-13,BALTIMORE,8,19.7,73.5,LOW,SYNTHETIC_GENERATOR_V1,SYNTHETIC
PA_002663,2025-04-14,BALTIMORE,11,30.5,78.0,MEDIUM,SYNTHETIC_GENERATOR_V1,SYNTHETIC
PA_002664,2025-04-15,BALTIMORE,7,23.3,69.6,LOW,SYNTHETIC_GENERATOR_V1,SYNTHETIC
PA_002665,2025-04-16,BALTIMORE,10,28.7,74.2,MEDIUM,SYNTHETIC_GENERATOR_V1,SYNTHETIC
PA_002666,2025-04-17,BALTIMORE,10,29.2,83.8,MEDIUM,SYNTHETIC_GENERATOR_V1,SYNTHETIC
PA_002667,2025-04-18,BALTIMORE,9,28.4,74.7,MEDIUM,SYNTHETIC_GENERATOR_V1,SYNTHETIC
PA_002668,2025-04-19,BALTIMORE,2,0.7,55.2,LOW,SYNTHETIC_GENERATOR_V1,SYNTHETIC
PA_002669,2025-04-20,BALTIMORE,7,21.7,70.6,LOW,SYNTHETIC_GENERATOR_V1,SYNTHETIC
PA_002670,2025-04-21,BALTIMORE,15,54.4,104.6,MEDIUM,SYNTHETIC_GENERATOR_V1,SYNTHETIC
PA_002671,2025-04-22,BALTIMORE,12,30.1,72.8,MEDIUM,SYNTHETIC_GENERATOR_V1,SYNTHETIC
PA_002672,2025-04-23,BALTIMORE,8,25.6,68.2,MEDIUM,SYNTHETIC_GENERATOR_V1,SYNTHETIC
PA_002673,2025-04-24,BALTIMORE,8,20.5,65.9,LOW,SYNTHETIC_GENERATOR_V1,SYNTHETIC
PA_002674,2025-04-25,BALTIMORE,7,19.4,62.0,LOW,SYNTHETIC_GENERATOR_V1,SYNTHETIC
PA_002675,2025-04-26,BALTIMORE,6,14.6,72.5,LOW,SYNTHETIC_GENERATOR_V1,SYNTHETIC
PA_002676,2025-04-27,BALTIMORE,17,71.9,123.9,HIGH,SYNTHETIC_GENERATOR_V1,SYNTHETIC
PA_002677,2025-04-28,BALTIMORE,7,16.2,65.4,LOW,SYNTHETIC_GENERATOR_V1,SYNTHETIC
PA_002678,2025-04-29,BALTIMORE,6,15.6,65.6,LOW,SYNTHETIC_GENERATOR_V1,SYNTHETIC
PA_002679,2025-04-30,BALTIMORE,11,35.3,85.2,MEDIUM,SYNTHETIC_GENERATOR_V1,SYNTHETIC
PA_002680,2025-05-01,BALTIMORE,9,31.8,81.5,MEDIUM,SYNTHETIC_GENERATOR_V1,SYNTHETIC
PA_002681,2025-05-02,BALTIMORE,5,21.7,72.7,LOW,SYNTHETIC_GENERATOR_V1,SYNTHETIC
PA_002682,2025-05-03,BALTIMORE,10,30.1,82.1,MEDIUM,SYNTHETIC_GENERATOR_V1,SYNTHETIC
PA_002683,2025-05-04,BALTIMORE,6,15.6,67.5,LOW,SYNTHETIC_GENERATOR_V1,SYNTHETIC
PA_002684,2025-05-05,BALTIMORE,3,8.1,58.7,LOW,SYNTHETIC_GENERATOR_V1,SYNTHETIC
PA_002685,2025-05-06,BALTIMORE,4,13.2,65.7,LOW,SYNTHETIC_GENERATOR_V1,SYNTHETIC
PA_002686,2025-05-07,BALTIMORE,7,10.2,62.9,LOW,SYNTHETIC_GENERATOR_V1,SYNTHETIC
PA_002687,2025-05-08,BALTIMORE,9,31.4,87.3,MEDIUM,SYNTHETIC_GENERATOR_V1,SYNTHETIC
PA_002688,2025-05-09,BALTIMORE,5,9.2,57.6,LOW,SYNTHETIC_GENERATOR_V1,SYNTHETIC
PA_002689,2025-05-10,BALTIMORE,5,15.2,71.3,LOW,SYNTHETIC_GENERATOR_V1,SYNTHETIC
PA_002690,2025-05-11,BALTIMORE,13,47.6,100.7,MEDIUM,SYNTHETIC_GENERATOR_V1,SYNTHETIC
PA_002691,2025-05-12,BALTIMORE,8,22.7,65.8,LOW,SYNTHETIC_GENERATOR_V1,SYNTHETIC
PA_002692,2025-05-13,BALTIMORE,7,19.5,68.9,LOW,SYNTHETIC_GENERATOR_V1,SYNTHETIC
PA_002693,2025-05-14,BALTIMORE,9,28.1,75.0,MEDIUM,SYNTHETIC_GENERATOR_V1,SYNTHETIC
PA_002694,2025-05-15,BALTIMORE,12,44.3,92.8,MEDIUM,SYNTHETIC_GENERATOR_V1,SYNTHETIC
PA_002695,2025-05-16,BALTIMORE,3,1.2,48.0,LOW,SYNTHETIC_GENERATOR_V1,SYNTHETIC
PA_002696,2025-05-17,BALTIMORE,5,8.9,62.6,LOW,SYNTHETIC_GENERATOR_V1,SYNTHETIC
PA_002697,2025-05-18,BALTIMORE,4,3.2,51.2,LOW,SYNTHETIC_GENERATOR_V1,SYNTHETIC
PA_002698,2025-05-19,BALTIMORE,12,39.6,97.3,MEDIUM,SYNTHETIC_GENERATOR_V1,SYNTHETIC
PA_002699,2025-05-20,BALTIMORE,7,18.0,68.0,LOW,SYNTHETIC_GENERATOR_V1,SYNTHETIC
PA_002700,2025-05-21,BALTIMORE,14,55.0,105.3,MEDIUM,SYNTHETIC_GENERATOR_V1,SYNTHETIC
PA_002701,2025-05-22,BALTIMORE,5,15.9,67.8,LOW,SYNTHETIC_GENERATOR_V1,SYNTHETIC
PA_002702,2025-05-23,BALTIMORE,2,3.7,55.0,LOW,SYNTHETIC_GENERATOR_V1,SYNTHETIC
PA_002703,2025-05-24,BALTIMORE,6,11.6,60.7,LOW,SYNTHETIC_GENERATOR_V1,SYNTHETIC
PA_002704,2025-05-25,BALTIMORE,5,20.1,70.2,LOW,SYNTHETIC_GENERATOR_V1,SYNTHETIC
PA_002705,2025-05-26,BALTIMORE,11,31.4,82.4,MEDIUM,SYNTHETIC_GENERATOR_V1,SYNTHETIC
PA_002706,2025-05-27,BALTIMORE,9,20.0,69.2,LOW,SYNTHETIC_GENERATOR_V1,SYNTHETIC
PA_002707,2025-05-28,BALTIMORE,5,12.2,59.3,LOW,SYNTHETIC_GENERATOR_V1,SYNTHETIC
PA_002708,2025-05-29,BALTIMORE,5,11.8,59.1,LOW,SYNTHETIC_GENERATOR_V1,SYNTHETIC
PA_002709,2025-05-30,BALTIMORE,7,17.2,78.6,LOW,SYNTHETIC_GENERATOR_V1,SYNTHETIC
PA_002710,2025-05-31,BALTIMORE,9,25.4,71.1,MEDIUM,SYNTHETIC_GENERATOR_V1,SYNTHETIC
PA_002711,2025-06-01,BALTIMORE,8,21.5,74.4,LOW,SYNTHETIC_GENERATOR_V1,SYNTHETIC
PA_002712,2025-06-02,BALTIMORE,9,29.9,79.5,MEDIUM,SYNTHETIC_GENERATOR_V1,SYNTHETIC
PA_002713,2025-06-03,BALTIMORE,8,22.9,73.0,LOW,SYNTHETIC_GENERATOR_V1,SYNTHETIC
PA_002714,2025-06-04,BALTIMORE,11,40.8,85.3,MEDIUM,SYNTHETIC_GENERATOR_V1,SYNTHETIC
PA_002715,2025-06-05,BALTIMORE,10,33.6,83.7,MEDIUM,SYNTHETIC_GENERATOR_V1,SYNTHETIC
PA_002716,2025-06-06,BALTIMORE,8,16.9,62.4,LOW,SYNTHETIC_GENERATOR_V1,SYNTHETIC
PA_002717,2025-06-07,BALTIMORE,5,11.6,64.6,LOW,SYNTHETIC_GENERATOR_V1,SYNTHETIC
PA_002718,2025-06-08,BALTIMORE,7,19.6,69.1,LOW,SYNTHETIC_GENERATOR_V1,SYNTHETIC
PA_002719,2025-06-09,BALTIMORE,5,6.7,55.7,LOW,SYNTHETIC_GENERATOR_V1,SYNTHETIC
PA_002720,2025-06-10,BALTIMORE,3,1.5,55.0,LOW,SYNTHETIC_GENERATOR_V1,SYNTHETIC
PA_002721,2025-06-11,BALTIMORE,12,39.4,91.6,MEDIUM,SYNTHETIC_GENERATOR_V1,SYNTHETIC
PA_002722,2025-06-12,BALTIMORE,5,10.1,70.5,LOW,SYNTHETIC_GENERATOR_V1,SYNTHETIC
PA_002723,2025-06-13,BALTIMORE,9,28.7,77.8,MEDIUM,SYNTHETIC_GENERATOR_V1,SYNTHETIC
PA_002724,2025-06-14,BALTIMORE,5,12.5,59.3,LOW,SYNTHETIC_GENERATOR_V1,SYNTHETIC
PA_002725,2025-06-15,BALTIMORE,8,22.4,71.1,LOW,SYNTHETIC_GENERATOR_V1,SYNTHETIC
PA_002726,2025-06-16,BALTIMORE,7,16.9,63.1,LOW,SYNTHETIC_GENERATOR_V1,SYNTHETIC
PA_002727,2025-06-17,BALTIMORE,7,20.8,72.2,LOW,SYNTHETIC_GENERATOR_V1,SYNTHETIC
PA_002728,2025-06-18,BALTIMORE,6,16.3,70.4,LOW,SYNTHETIC_GENERATOR_V1,SYNTHETIC
PA_002729,2025-06-19,BALTIMORE,8,22.1,74.8,LOW,SYNTHETIC_GENERATOR_V1,SYNTHETIC
PA_002730,2025-06-20,BALTIMORE,6,15.7,66.3,LOW,SYNTHETIC_GENERATOR_V1,SYNTHETIC
PA_002731,2025-06-21,BALTIMORE,9,21.1,66.0,LOW,SYNTHETIC_GENERATOR_V1,SYNTHETIC
PA_002732,2025-06-22,BALTIMORE,10,29.9,75.5,MEDIUM,SYNTHETIC_GENERATOR_V1,SYNTHETIC
PA_002733,2025-06-23,BALTIMORE,11,32.2,86.5,MEDIUM,SYNTHETIC_GENERATOR_V1,SYNTHETIC
PA_002734,2025-06-24,BALTIMORE,4,7.3,54.0,LOW,SYNTHETIC_GENERATOR_V1,SYNTHETIC
PA_002735,2025-06-25,BALTIMORE,11,43.6,99.2,MEDIUM,SYNTHETIC_GENERATOR_V1,SYNTHETIC
PA_002736,2025-06-26,BALTIMORE,4,10.2,73.3,LOW,SYNTHETIC_GENERATOR_V1,SYNTHETIC
PA_002737,2025-06-27,BALTIMORE,9,27.4,76.0,MEDIUM,SYNTHETIC_GENERATOR_V1,SYNTHETIC
PA_002738,2025-06-28,BALTIMORE,5,8.0,52.9,LOW,SYNTHETIC_GENERATOR_V1,SYNTHETIC
PA_002739,2025-06-29,BALTIMORE,8,24.1,72.7,MEDIUM,SYNTHETIC_GENERATOR_V1,SYNTHETIC
PA_002740,2025-06-30,BALTIMORE,8,17.0,67.9,LOW,SYNTHETIC_GENERATOR_V1,SYNTHETIC
PA_002741,2025-07-01,BALTIMORE,10,31.1,78.0,MEDIUM,SYNTHETIC_GENERATOR_V1,SYNTHETIC
PA_002742,2025-07-02,BALTIMORE,9,26.5,76.0,MEDIUM,SYNTHETIC_GENERATOR_V1,SYNTHETIC
PA_002743,2025-07-03,BALTIMORE,8,26.1,71.4,MEDIUM,SYNTHETIC_GENERATOR_V1,SYNTHETIC
PA_002744,2025-07-04,BALTIMORE,2,3.2,55.7,LOW,SYNTHETIC_GENERATOR_V1,SYNTHETIC
PA_002745,2025-07-05,BALTIMORE,6,12.4,67.1,LOW,SYNTHETIC_GENERATOR_V1,SYNTHETIC
PA_002746,2025-07-06,BALTIMORE,5,11.2,61.8,LOW,SYNTHETIC_GENERATOR_V1,SYNTHETIC
PA_002747,2025-07-07,BALTIMORE,7,16.8,70.2,LOW,SYNTHETIC_GENERATOR_V1,SYNTHETIC
PA_002748,2025-07-08,BALTIMORE,8,16.1,65.5,LOW,SYNTHETIC_GENERATOR_V1,SYNTHETIC
PA_002749,2025-07-09,BALTIMORE,13,50.3,98.1,MEDIUM,SYNTHETIC_GENERATOR_V1,SYNTHETIC
PA_002750,2025-07-10,BALTIMORE,6,16.0,72.3,LOW,SYNTHETIC_GENERATOR_V1,SYNTHETIC
PA_002751,2025-07-11,BALTIMORE,14,48.6,96.5,MEDIUM,SYNTHETIC_GENERATOR_V1,SYNTHETIC
PA_002752,2025-07-12,BALTIMORE,10,29.5,77.2,MEDIUM,SYNTHETIC_GENERATOR_V1,SYNTHETIC
PA_002753,2025-07-13,BALTIMORE,12,38.8,93.7,MEDIUM,SYNTHETIC_GENERATOR_V1,SYNTHETIC
PA_002754,2025-07-14,BALTIMORE,9,27.9,76.8,MEDIUM,SYNTHETIC_GENERATOR_V1,SYNTHETIC
PA_002755,2025-07-15,BALTIMORE,9,30.3,76.4,MEDIUM,SYNTHETIC_GENERATOR_V1,SYNTHETIC
PA_002756,2025-07-16,BALTIMORE,7,28.2,80.3,MEDIUM,SYNTHETIC_GENERATOR_V1,SYNTHETIC
PA_002757,2025-07-17,BALTIMORE,6,12.0,60.7,LOW,SYNTHETIC_GENERATOR_V1,SYNTHETIC
PA_002758,2025-07-18,BALTIMORE,4,5.3,53.0,LOW,SYNTHETIC_GENERATOR_V1,SYNTHETIC
PA_002759,2025-07-19,BALTIMORE,8,27.1,80.4,MEDIUM,SYNTHETIC_GENERATOR_V1,SYNTHETIC
PA_002760,2025-07-20,BALTIMORE,9,25.8,76.4,MEDIUM,SYNTHETIC_GENERATOR_V1,SYNTHETIC
PA_002761,2025-07-21,BALTIMORE,9,21.8,69.4,LOW,SYNTHETIC_GENERATOR_V1,SYNTHETIC
PA_002762,2025-07-22,BALTIMORE,9,27.4,79.3,MEDIUM,SYNTHETIC_GENERATOR_V1,SYNTHETIC
PA_002763,2025-07-23,BALTIMORE,7,19.1,72.5,LOW,SYNTHETIC_GENERATOR_V1,SYNTHETIC
PA_002764,2025-07-24,BALTIMORE,6,9.0,56.0,LOW,SYNTHETIC_GENERATOR_V1,SYNTHETIC
PA_002765,2025-07-25,BALTIMORE,11,33.4,86.9,MEDIUM,SYNTHETIC_GENERATOR_V1,SYNTHETIC
PA_002766,2025-07-26,BALTIMORE,6,11.8,58.3,LOW,SYNTHETIC_GENERATOR_V1,SYNTHETIC
PA_002767,2025-07-27,BALTIMORE,10,33.2,85.1,MEDIUM,SYNTHETIC_GENERATOR_V1,SYNTHETIC
PA_002768,2025-07-28,BALTIMORE,5,11.8,58.6,LOW,SYNTHETIC_GENERATOR_V1,SYNTHETIC
PA_002769,2025-07-29,BALTIMORE,4,2.7,61.0,LOW,SYNTHETIC_GENERATOR_V1,SYNTHETIC
PA_002770,2025-07-30,BALTIMORE,5,11.4,63.5,LOW,SYNTHETIC_GENERATOR_V1,SYNTHETIC
PA_002771,2025-07-31,BALTIMORE,6,15.3,68.5,LOW,SYNTHETIC_GENERATOR_V1,SYNTHETIC
PA_002772,2025-08-01,BALTIMORE,5,9.4,57.1,LOW,SYNTHETIC_GENERATOR_V1,SYNTHETIC
PA_002773,2025-08-02,BALTIMORE,12,38.8,87.8,MEDIUM,SYNTHETIC_GENERATOR_V1,SYNTHETIC
PA_002774,2025-08-03,BALTIMORE,10,22.9,68.5,LOW,SYNTHETIC_GENERATOR_V1,SYNTHETIC
PA_002775,2025-08-04,BALTIMORE,9,28.5,70.3,MEDIUM,SYNTHETIC_GENERATOR_V1,SYNTHETIC
PA_002776,2025-08-05,BALTIMORE,9,20.4,71.6,LOW,SYNTHETIC_GENERATOR_V1,SYNTHETIC
PA_002777,2025-08-06,BALTIMORE,6,12.3,61.6,LOW,SYNTHETIC_GENERATOR_V1,SYNTHETIC
PA_002778,2025-08-07,BALTIMORE,8,19.7,75.6,LOW,SYNTHETIC_GENERATOR_V1,SYNTHETIC
PA_002779,2025-08-08,BALTIMORE,9,30.9,81.7,MEDIUM,SYNTHETIC_GENERATOR_V1,SYNTHETIC
PA_002780,2025-08-09,BALTIMORE,12,37.8,88.1,MEDIUM,SYNTHETIC_GENERATOR_V1,SYNTHETIC
PA_002781,2025-08-10,BALTIMORE,4,8.5,61.9,LOW,SYNTHETIC_GENERATOR_V1,SYNTHETIC
PA_002782,2025-08-11,BALTIMORE,9,23.9,74.0,LOW,SYNTHETIC_GENERATOR_V1,SYNTHETIC
PA_002783,2025-08-12,BALTIMORE,5,10.8,64.0,LOW,SYNTHETIC_GENERATOR_V1,SYNTHETIC
PA_002784,2025-08-13,BALTIMORE,8,24.6,69.6,MEDIUM,SYNTHETIC_GENERATOR_V1,SYNTHETIC
PA_002785,2025-08-14,BALTIMORE,12,42.4,90.9,MEDIUM,SYNTHETIC_GENERATOR_V1,SYNTHETIC
PA_002786,2025-08-15,BALTIMORE,4,3.3,52.6,LOW,SYNTHETIC_GENERATOR_V1,SYNTHETIC
PA_002787,2025-08-16,BALTIMORE,10,29.1,74.4,MEDIUM,SYNTHETIC_GENERATOR_V1,SYNTHETIC
PA_002788,2025-08-17,BALTIMORE,5,9.0,59.9,LOW,SYNTHETIC_GENERATOR_V1,SYNTHETIC
PA_002789,2025-08-18,BALTIMORE,10,36.7,86.0,MEDIUM,SYNTHETIC_GENERATOR_V1,SYNTHETIC
PA_002790,2025-08-19,BALTIMORE,4,6.8,55.0,LOW,SYNTHETIC_GENERATOR_V1,SYNTHETIC
PA_002791,2025-08-20,BALTIMORE,10,35.6,81.6,MEDIUM,SYNTHETIC_GENERATOR_V1,SYNTHETIC
PA_002792,2025-08-21,BALTIMORE,6,12.1,62.7,LOW,SYNTHETIC_GENERATOR_V1,SYNTHETIC
PA_002793,2025-08-22,BALTIMORE,10,29.7,78.5,MEDIUM,SYNTHETIC_GENERATOR_V1,SYNTHETIC
PA_002794,2025-08-23,BALTIMORE,7,20.4,79.6,LOW,SYNTHETIC_GENERATOR_V1,SYNTHETIC
PA_002795,2025-08-24,BALTIMORE,12,37.1,87.5,MEDIUM,SYNTHETIC_GENERATOR_V1,SYNTHETIC
PA_002796,2025-08-25,BALTIMORE,10,28.1,79.3,MEDIUM,SYNTHETIC_GENERATOR_V1,SYNTHETIC
PA_002797,2025-08-26,BALTIMORE,9,24.1,75.1,MEDIUM,SYNTHETIC_GENERATOR_V1,SYNTHETIC
PA_002798,2025-08-27,BALTIMORE,9,34.3,85.8,MEDIUM,SYNTHETIC_GENERATOR_V1,SYNTHETIC
PA_002799,2025-08-28,BALTIMORE,13,50.3,103.1,MEDIUM,SYNTHETIC_GENERATOR_V1,SYNTHETIC
PA_002800,2025-08-29,BALTIMORE,11,32.2,81.2,MEDIUM,SYNTHETIC_GENERATOR_V1,SYNTHETIC
PA_002801,2025-08-30,BALTIMORE,9,23.4,74.7,LOW,SYNTHETIC_GENERATOR_V1,SYNTHETIC
PA_002802,2025-08-31,BALTIMORE,10,29.0,76.1,MEDIUM,SYNTHETIC_GENERATOR_V1,SYNTHETIC
PA_002803,2025-09-01,BALTIMORE,9,20.5,70.4,LOW,SYNTHETIC_GENERATOR_V1,SYNTHETIC
PA_002804,2025-09-02,BALTIMORE,4,6.9,64.2,LOW,SYNTHETIC_GENERATOR_V1,SYNTHETIC
PA_002805,2025-09-03,BALTIMORE,8,22.3,68.0,LOW,SYNTHETIC_GENERATOR_V1,SYNTHETIC
PA_002806,2025-09-04,BALTIMORE,8,22.6,68.6,LOW,SYNTHETIC_GENERATOR_V1,SYNTHETIC
PA_002807,2025-09-05,BALTIMORE,9,29.4,76.8,MEDIUM,SYNTHETIC_GENERATOR_V1,SYNTHETIC
PA_002808,2025-09-06,BALTIMORE,7,16.9,65.0,LOW,SYNTHETIC_GENERATOR_V1,SYNTHETIC
PA_002809,2025-09-07,BALTIMORE,7,17.1,67.2,LOW,SYNTHETIC_GENERATOR_V1,SYNTHETIC
PA_002810,2025-09-08,BALTIMORE,4,12.8,57.8,LOW,SYNTHETIC_GENERATOR_V1,SYNTHETIC
PA_002811,2025-09-09,BALTIMORE,10,32.3,83.2,MEDIUM,SYNTHETIC_GENERATOR_V1,SYNTHETIC
PA_002812,2025-09-10,BALTIMORE,9,26.9,78.7,MEDIUM,SYNTHETIC_GENERATOR_V1,SYNTHETIC
PA_002813,2025-09-11,BALTIMORE,9,23.1,75.2,LOW,SYNTHETIC_GENERATOR_V1,SYNTHETIC
PA_002814,2025-09-12,BALTIMORE,7,15.4,59.9,LOW,SYNTHETIC_GENERATOR_V1,SYNTHETIC
PA_002815,2025-09-13,BALTIMORE,5,13.6,58.9,LOW,SYNTHETIC_GENERATOR_V1,SYNTHETIC
PA_002816,2025-09-14,BALTIMORE,11,34.4,80.9,MEDIUM,SYNTHETIC_GENERATOR_V1,SYNTHETIC
PA_002817,2025-09-15,BALTIMORE,9,22.8,67.0,LOW,SYNTHETIC_GENERATOR_V1,SYNTHETIC
PA_002818,2025-09-16,BALTIMORE,9,25.5,83.2,MEDIUM,SYNTHETIC_GENERATOR_V1,SYNTHETIC
PA_002819,2025-09-17,BALTIMORE,15,60.7,116.0,HIGH,SYNTHETIC_GENERATOR_V1,SYNTHETIC
PA_002820,2025-09-18,BALTIMORE,11,31.9,88.0,MEDIUM,SYNTHETIC_GENERATOR_V1,SYNTHETIC
PA_002821,2025-09-19,BALTIMORE,6,18.1,69.0,LOW,SYNTHETIC_GENERATOR_V1,SYNTHETIC
PA_002822,2025-09-20,BALTIMORE,6,10.6,65.2,LOW,SYNTHETIC_GENERATOR_V1,SYNTHETIC
PA_002823,2025-09-21,BALTIMORE,7,20.0,70.5,LOW,SYNTHETIC_GENERATOR_V1,SYNTHETIC
PA_002824,2025-09-22,BALTIMORE,11,34.0,80.9,MEDIUM,SYNTHETIC_GENERATOR_V1,SYNTHETIC
PA_002825,2025-09-23,BALTIMORE,8,22.2,70.9,LOW,SYNTHETIC_GENERATOR_V1,SYNTHETIC
PA_002826,2025-09-24,BALTIMORE,5,9.0,58.3,LOW,SYNTHETIC_GENERATOR_V1,SYNTHETIC
PA_002827,2025-09-25,BALTIMORE,13,49.2,104.6,MEDIUM,SYNTHETIC_GENERATOR_V1,SYNTHETIC
PA_002828,2025-09-26,BALTIMORE,8,27.8,84.4,MEDIUM,SYNTHETIC_GENERATOR_V1,SYNTHETIC
PA_002829,2025-09-27,BALTIMORE,8,24.3,75.5,MEDIUM,SYNTHETIC_GENERATOR_V1,SYNTHETIC
PA_002830,2025-09-28,BALTIMORE,6,12.9,67.3,LOW,SYNTHETIC_GENERATOR_V1,SYNTHETIC
PA_002831,2025-09-29,BALTIMORE,10,34.3,79.3,MEDIUM,SYNTHETIC_GENERATOR_V1,SYNTHETIC
PA_002832,2025-09-30,BALTIMORE,5,10.7,62.2,LOW,SYNTHETIC_GENERATOR_V1,SYNTHETIC
PA_002833,2025-10-01,BALTIMORE,6,11.6,66.5,LOW,SYNTHETIC_GENERATOR_V1,SYNTHETIC
PA_002834,2025-10-02,BALTIMORE,5,5.9,53.4,LOW,SYNTHETIC_GENERATOR_V1,SYNTHETIC
PA_002835,2025-10-03,BALTIMORE,7,20.8,71.3,LOW,SYNTHETIC_GENERATOR_V1,SYNTHETIC
PA_002836,2025-10-04,BALTIMORE,4,7.6,56.4,LOW,SYNTHETIC_GENERATOR_V1,SYNTHETIC
PA_002837,2025-10-05,BALTIMORE,6,11.3,68.1,LOW,SYNTHETIC_GENERATOR_V1,SYNTHETIC
PA_002838,2025-10-06,BALTIMORE,12,37.4,91.5,MEDIUM,SYNTHETIC_GENERATOR_V1,SYNTHETIC
PA_002839,2025-10-07,BALTIMORE,10,29.6,72.5,MEDIUM,SYNTHETIC_GENERATOR_V1,SYNTHETIC
PA_002840,2025-10-08,BALTIMORE,5,5.3,54.9,LOW,SYNTHETIC_GENERATOR_V1,SYNTHETIC
PA_002841,2025-10-09,BALTIMORE,8,23.6,76.5,LOW,SYNTHETIC_GENERATOR_V1,SYNTHETIC
PA_002842,2025-10-10,BALTIMORE,7,19.4,66.9,LOW,SYNTHETIC_GENERATOR_V1,SYNTHETIC
PA_002843,2025-10-11,BALTIMORE,4,11.4,61.0,LOW,SYNTHETIC_GENERATOR_V1,SYNTHETIC
PA_002844,2025-10-12,BALTIMORE,12,40.0,94.8,MEDIUM,SYNTHETIC_GENERATOR_V1,SYNTHETIC
PA_002845,2025-10-13,BALTIMORE,13,44.7,88.0,MEDIUM,SYNTHETIC_GENERATOR_V1,SYNTHETIC
PA_002846,2025-10-14,BALTIMORE,12,39.6,88.3,MEDIUM,SYNTHETIC_GENERATOR_V1,SYNTHETIC
PA_002847,2025-10-15,BALTIMORE,3,2.7,51.8,LOW,SYNTHETIC_GENERATOR_V1,SYNTHETIC
PA_002848,2025-10-16,BALTIMORE,6,11.9,58.8,LOW,SYNTHETIC_GENERATOR_V1,SYNTHETIC
PA_002849,2025-10-17,BALTIMORE,7,14.9,68.8,LOW,SYNTHETIC_GENERATOR_V1,SYNTHETIC
PA_002850,2025-10-18,BALTIMORE,6,15.1,64.7,LOW,SYNTHETIC_GENERATOR_V1,SYNTHETIC
PA_002851,2025-10-19,BALTIMORE,12,44.1,105.0,MEDIUM,SYNTHETIC_GENERATOR_V1,SYNTHETIC
PA_002852,2025-10-20,BALTIMORE,11,32.4,79.8,MEDIUM,SYNTHETIC_GENERATOR_V1,SYNTHETIC
PA_002853,2025-10-21,BALTIMORE,9,22.9,64.2,LOW,SYNTHETIC_GENERATOR_V1,SYNTHETIC
PA_002854,2025-10-22,BALTIMORE,6,11.5,66.3,LOW,SYNTHETIC_GENERATOR_V1,SYNTHETIC
PA_002855,2025-10-23,BALTIMORE,12,42.9,88.2,MEDIUM,SYNTHETIC_GENERATOR_V1,SYNTHETIC
PA_002856,2025-10-24,BALTIMORE,5,12.6,62.7,LOW,SYNTHETIC_GENERATOR_V1,SYNTHETIC
PA_002857,2025-10-25,BALTIMORE,7,22.1,68.8,LOW,SYNTHETIC_GENERATOR_V1,SYNTHETIC
PA_002858,2025-10-26,BALTIMORE,9,21.7,74.3,LOW,SYNTHETIC_GENERATOR_V1,SYNTHETIC
PA_002859,2025-10-27,BALTIMORE,6,13.9,65.8,LOW,SYNTHETIC_GENERATOR_V1,SYNTHETIC
PA_002860,2025-10-28,BALTIMORE,6,15.1,63.3,LOW,SYNTHETIC_GENERATOR_V1,SYNTHETIC
PA_002861,2025-10-29,BALTIMORE,10,28.7,77.5,MEDIUM,SYNTHETIC_GENERATOR_V1,SYNTHETIC
PA_002862,2025-10-30,BALTIMORE,6,22.0,67.5,LOW,SYNTHETIC_GENERATOR_V1,SYNTHETIC
PA_002863,2025-10-31,BALTIMORE,7,18.5,62.8,LOW,SYNTHETIC_GENERATOR_V1,SYNTHETIC
PA_002864,2025-11-01,BALTIMORE,12,42.4,92.7,MEDIUM,SYNTHETIC_GENERATOR_V1,SYNTHETIC
PA_002865,2025-11-02,BALTIMORE,8,17.8,68.9,LOW,SYNTHETIC_GENERATOR_V1,SYNTHETIC
PA_002866,2025-11-03,BALTIMORE,4,5.3,55.1,LOW,SYNTHETIC_GENERATOR_V1,SYNTHETIC
PA_002867,2025-11-04,BALTIMORE,5,10.0,63.3,LOW,SYNTHETIC_GENERATOR_V1,SYNTHETIC
PA_002868,2025-11-05,BALTIMORE,12,43.6,92.4,MEDIUM,SYNTHETIC_GENERATOR_V1,SYNTHETIC
PA_002869,2025-11-06,BALTIMORE,10,30.4,87.7,MEDIUM,SYNTHETIC_GENERATOR_V1,SYNTHETIC
PA_002870,2025-11-07,BALTIMORE,9,21.8,68.8,LOW,SYNTHETIC_GENERATOR_V1,SYNTHETIC
PA_002871,2025-11-08,BALTIMORE,7,18.0,69.9,LOW,SYNTHETIC_GENERATOR_V1,SYNTHETIC
PA_002872,2025-11-09,BALTIMORE,10,31.5,83.7,MEDIUM,SYNTHETIC_GENERATOR_V1,SYNTHETIC
PA_002873,2025-11-10,BALTIMORE,9,25.8,76.0,MEDIUM,SYNTHETIC_GENERATOR_V1,SYNTHETIC
PA_002874,2025-11-11,BALTIMORE,8,21.4,70.5,LOW,SYNTHETIC_GENERATOR_V1,SYNTHETIC
PA_002875,2025-11-12,BALTIMORE,8,19.6,71.4,LOW,SYNTHETIC_GENERATOR_V1,SYNTHETIC
PA_002876,2025-11-13,BALTIMORE,8,21.0,72.4,LOW,SYNTHETIC_GENERATOR_V1,SYNTHETIC
PA_002877,2025-11-14,BALTIMORE,6,14.6,60.1,LOW,SYNTHETIC_GENERATOR_V1,SYNTHETIC
PA_002878,2025-11-15,BALTIMORE,11,27.5,74.8,MEDIUM,SYNTHETIC_GENERATOR_V1,SYNTHETIC
PA_002879,2025-11-16,BALTIMORE,5,7.2,55.9,LOW,SYNTHETIC_GENERATOR_V1,SYNTHETIC
PA_002880,2025-11-17,BALTIMORE,14,55.8,109.5,MEDIUM,SYNTHETIC_GENERATOR_V1,SYNTHETIC
PA_002881,2025-11-18,BALTIMORE,9,23.5,76.6,LOW,SYNTHETIC_GENERATOR_V1,SYNTHETIC
PA_002882,2025-11-19,BALTIMORE,5,5.2,52.4,LOW,SYNTHETIC_GENERATOR_V1,SYNTHETIC
PA_002883,2025-11-20,BALTIMORE,6,9.2,62.9,LOW,SYNTHETIC_GENERATOR_V1,SYNTHETIC
PA_002884,2025-11-21,BALTIMORE,7,19.4,71.0,LOW,SYNTHETIC_GENERATOR_V1,SYNTHETIC
PA_002885,2025-11-22,BALTIMORE,6,17.6,73.2,LOW,SYNTHETIC_GENERATOR_V1,SYNTHETIC
PA_002886,2025-11-23,BALTIMORE,7,21.4,69.9,LOW,SYNTHETIC_GENERATOR_V1,SYNTHETIC
PA_002887,2025-11-24,BALTIMORE,7,20.0,68.2,LOW,SYNTHETIC_GENERATOR_V1,SYNTHETIC
PA_002888,2025-11-25,BALTIMORE,3,3.0,57.1,LOW,SYNTHETIC_GENERATOR_V1,SYNTHETIC
PA_002889,2025-11-26,BALTIMORE,6,11.6,59.9,LOW,SYNTHETIC_GENERATOR_V1,SYNTHETIC
PA_002890,2025-11-27,BALTIMORE,4,3.3,62.0,LOW,SYNTHETIC_GENERATOR_V1,SYNTHETIC
PA_002891,2025-11-28,BALTIMORE,10,31.4,83.0,MEDIUM,SYNTHETIC_GENERATOR_V1,SYNTHETIC
PA_002892,2025-11-29,BALTIMORE,8,22.9,75.6,LOW,SYNTHETIC_GENERATOR_V1,SYNTHETIC
PA_002893,2025-11-30,BALTIMORE,12,40.0,85.7,MEDIUM,SYNTHETIC_GENERATOR_V1,SYNTHETIC
PA_002894,2025-12-01,BALTIMORE,12,43.6,87.7,MEDIUM,SYNTHETIC_GENERATOR_V1,SYNTHETIC
PA_002895,2025-12-02,BALTIMORE,3,3.4,58.0,LOW,SYNTHETIC_GENERATOR_V1,SYNTHETIC
PA_002896,2025-12-03,BALTIMORE,9,27.5,76.2,MEDIUM,SYNTHETIC_GENERATOR_V1,SYNTHETIC
PA_002897,2025-12-04,BALTIMORE,8,27.9,78.3,MEDIUM,SYNTHETIC_GENERATOR_V1,SYNTHETIC
PA_002898,2025-12-05,BALTIMORE,9,24.5,75.6,MEDIUM,SYNTHETIC_GENERATOR_V1,SYNTHETIC
PA_002899,2025-12-06,BALTIMORE,10,27.5,75.8,MEDIUM,SYNTHETIC_GENERATOR_V1,SYNTHETIC
PA_002900,2025-12-07,BALTIMORE,11,31.1,76.9,MEDIUM,SYNTHETIC_GENERATOR_V1,SYNTHETIC
PA_002901,2025-12-08,BALTIMORE,6,15.7,61.5,LOW,SYNTHETIC_GENERATOR_V1,SYNTHETIC
PA_002902,2025-12-09,BALTIMORE,7,16.8,57.9,LOW,SYNTHETIC_GENERATOR_V1,SYNTHETIC
PA_002903,2025-12-10,BALTIMORE,4,13.2,62.1,LOW,SYNTHETIC_GENERATOR_V1,SYNTHETIC
PA_002904,2025-12-11,BALTIMORE,7,17.2,60.9,LOW,SYNTHETIC_GENERATOR_V1,SYNTHETIC
PA_002905,2025-12-12,BALTIMORE,7,18.5,65.7,LOW,SYNTHETIC_GENERATOR_V1,SYNTHETIC
PA_002906,2025-12-13,BALTIMORE,12,37.3,88.0,MEDIUM,SYNTHETIC_GENERATOR_V1,SYNTHETIC
PA_002907,2025-12-14,BALTIMORE,9,17.2,73.7,LOW,SYNTHETIC_GENERATOR_V1,SYNTHETIC
PA_002908,2025-12-15,BALTIMORE,11,33.6,78.8,MEDIUM,SYNTHETIC_GENERATOR_V1,SYNTHETIC
PA_002909,2025-12-16,BALTIMORE,6,18.9,76.9,LOW,SYNTHETIC_GENERATOR_V1,SYNTHETIC
PA_002910,2025-12-17,BALTIMORE,8,18.3,71.4,LOW,SYNTHETIC_GENERATOR_V1,SYNTHETIC
PA_002911,2025-12-18,BALTIMORE,13,49.4,95.6,MEDIUM,SYNTHETIC_GENERATOR_V1,SYNTHETIC
PA_002912,2025-12-19,BALTIMORE,8,24.1,79.4,MEDIUM,SYNTHETIC_GENERATOR_V1,SYNTHETIC
PA_002913,2025-12-20,BALTIMORE,10,33.5,83.3,MEDIUM,SYNTHETIC_GENERATOR_V1,SYNTHETIC
PA_002914,2025-12-21,BALTIMORE,7,13.2,60.4,LOW,SYNTHETIC_GENERATOR_V1,SYNTHETIC
PA_002915,2025-12-22,BALTIMORE,4,4.2,55.9,LOW,SYNTHETIC_GENERATOR_V1,SYNTHETIC
PA_002916,2025-12-23,BALTIMORE,14,51.1,101.9,MEDIUM,SYNTHETIC_GENERATOR_V1,SYNTHETIC
PA_002917,2025-12-24,BALTIMORE,8,21.3,66.9,LOW,SYNTHETIC_GENERATOR_V1,SYNTHETIC
PA_002918,2025-12-25,BALTIMORE,7,18.3,70.7,LOW,SYNTHETIC_GENERATOR_V1,SYNTHETIC
PA_002919,2025-12-26,BALTIMORE,5,5.9,58.4,LOW,SYNTHETIC_GENERATOR_V1,SYNTHETIC
PA_002920,2025-12-27,BALTIMORE,12,37.3,87.3,MEDIUM,SYNTHETIC_GENERATOR_V1,SYNTHETIC
PA_002921,2025-12-28,BALTIMORE,10,29.0,77.7,MEDIUM,SYNTHETIC_GENERATOR_V1,SYNTHETIC
PA_002922,2025-12-29,BALTIMORE,9,25.1,72.5,MEDIUM,SYNTHETIC_GENERATOR_V1,SYNTHETIC
PA_002923,2025-12-30,BALTIMORE,9,26.5,76.0,MEDIUM,SYNTHETIC_GENERATOR_V1,SYNTHETIC
PA_002924,2025-12-31,BALTIMORE,6,14.6,66.2,LOW,SYNTHETIC_GENERATOR_V1,SYNTHETIC
PA_002925,2024-01-01,MAPUTO,6,24.7,85.3,MEDIUM,SYNTHETIC_GENERATOR_V1,SYNTHETIC
PA_002926,2024-01-02,MAPUTO,11,63.2,118.9,HIGH,SYNTHETIC_GENERATOR_V1,SYNTHETIC
PA_002927,2024-01-03,MAPUTO,6,29.5,86.1,MEDIUM,SYNTHETIC_GENERATOR_V1,SYNTHETIC
PA_002928,2024-01-04,MAPUTO,5,21.5,71.5,LOW,SYNTHETIC_GENERATOR_V1,SYNTHETIC
PA_002929,2024-01-05,MAPUTO,1,4.7,67.1,LOW,SYNTHETIC_GENERATOR_V1,SYNTHETIC
PA_002930,2024-01-06,MAPUTO,8,47.6,110.1,MEDIUM,SYNTHETIC_GENERATOR_V1,SYNTHETIC
PA_002931,2024-01-07,MAPUTO,4,12.8,69.0,LOW,SYNTHETIC_GENERATOR_V1,SYNTHETIC
PA_002932,2024-01-08,MAPUTO,2,2.6,59.7,LOW,SYNTHETIC_GENERATOR_V1,SYNTHETIC
PA_002933,2024-01-09,MAPUTO,6,26.9,85.1,MEDIUM,SYNTHETIC_GENERATOR_V1,SYNTHETIC
PA_002934,2024-01-10,MAPUTO,6,29.3,86.3,MEDIUM,SYNTHETIC_GENERATOR_V1,SYNTHETIC
PA_002935,2024-01-11,MAPUTO,4,14.4,63.3,LOW,SYNTHETIC_GENERATOR_V1,SYNTHETIC
PA_002936,2024-01-12,MAPUTO,7,35.9,90.2,MEDIUM,SYNTHETIC_GENERATOR_V1,SYNTHETIC
PA_002937,2024-01-13,MAPUTO,5,25.9,80.1,MEDIUM,SYNTHETIC_GENERATOR_V1,SYNTHETIC
PA_002938,2024-01-14,MAPUTO,5,21.9,89.0,LOW,SYNTHETIC_GENERATOR_V1,SYNTHETIC
PA_002939,2024-01-15,MAPUTO,9,54.8,109.3,MEDIUM,SYNTHETIC_GENERATOR_V1,SYNTHETIC
PA_002940,2024-01-16,MAPUTO,4,10.0,63.8,LOW,SYNTHETIC_GENERATOR_V1,SYNTHETIC
PA_002941,2024-01-17,MAPUTO,10,66.1,117.2,HIGH,SYNTHETIC_GENERATOR_V1,SYNTHETIC
PA_002942,2024-01-18,MAPUTO,4,14.5,69.3,LOW,SYNTHETIC_GENERATOR_V1,SYNTHETIC
PA_002943,2024-01-19,MAPUTO,8,41.4,93.4,MEDIUM,SYNTHETIC_GENERATOR_V1,SYNTHETIC
PA_002944,2024-01-20,MAPUTO,6,30.2,87.3,MEDIUM,SYNTHETIC_GENERATOR_V1,SYNTHETIC
PA_002945,2024-01-21,MAPUTO,3,19.0,70.9,LOW,SYNTHETIC_GENERATOR_V1,SYNTHETIC
PA_002946,2024-01-22,MAPUTO,5,18.9,70.5,LOW,SYNTHETIC_GENERATOR_V1,SYNTHETIC
PA_002947,2024-01-23,MAPUTO,3,9.0,63.5,LOW,SYNTHETIC_GENERATOR_V1,SYNTHETIC
PA_002948,2024-01-24,MAPUTO,9,53.2,122.0,MEDIUM,SYNTHETIC_GENERATOR_V1,SYNTHETIC
PA_002949,2024-01-25,MAPUTO,6,30.8,82.6,MEDIUM,SYNTHETIC_GENERATOR_V1,SYNTHETIC
PA_002950,2024-01-26,MAPUTO,8,44.7,94.7,MEDIUM,SYNTHETIC_GENERATOR_V1,SYNTHETIC
PA_002951,2024-01-27,MAPUTO,5,24.5,82.4,MEDIUM,SYNTHETIC_GENERATOR_V1,SYNTHETIC
PA_002952,2024-01-28,MAPUTO,5,22.7,75.6,LOW,SYNTHETIC_GENERATOR_V1,SYNTHETIC
PA_002953,2024-01-29,MAPUTO,6,25.3,81.0,MEDIUM,SYNTHETIC_GENERATOR_V1,SYNTHETIC
PA_002954,2024-01-30,MAPUTO,6,30.9,85.5,MEDIUM,SYNTHETIC_GENERATOR_V1,SYNTHETIC
PA_002955,2024-01-31,MAPUTO,5,21.3,80.7,LOW,SYNTHETIC_GENERATOR_V1,SYNTHETIC
PA_002956,2024-02-01,MAPUTO,5,27.3,85.7,MEDIUM,SYNTHETIC_GENERATOR_V1,SYNTHETIC
PA_002957,2024-02-02,MAPUTO,3,8.8,59.2,LOW,SYNTHETIC_GENERATOR_V1,SYNTHETIC
PA_002958,2024-02-03,MAPUTO,4,15.2,71.7,LOW,SYNTHETIC_GENERATOR_V1,SYNTHETIC
PA_002959,2024-02-04,MAPUTO,6,32.6,94.7,MEDIUM,SYNTHETIC_GENERATOR_V1,SYNTHETIC
PA_002960,2024-02-05,MAPUTO,9,49.9,109.6,MEDIUM,SYNTHETIC_GENERATOR_V1,SYNTHETIC
PA_002961,2024-02-06,MAPUTO,8,38.5,87.3,MEDIUM,SYNTHETIC_GENERATOR_V1,SYNTHETIC
PA_002962,2024-02-07,MAPUTO,7,34.7,90.4,MEDIUM,SYNTHETIC_GENERATOR_V1,SYNTHETIC
PA_002963,2024-02-08,MAPUTO,3,8.2,65.5,LOW,SYNTHETIC_GENERATOR_V1,SYNTHETIC
PA_002964,2024-02-09,MAPUTO,5,23.1,74.8,LOW,SYNTHETIC_GENERATOR_V1,SYNTHETIC
PA_002965,2024-02-10,MAPUTO,5,22.3,79.2,LOW,SYNTHETIC_GENERATOR_V1,SYNTHETIC
PA_002966,2024-02-11,MAPUTO,8,34.1,96.3,MEDIUM,SYNTHETIC_GENERATOR_V1,SYNTHETIC
PA_002967,2024-02-12,MAPUTO,4,15.1,66.7,LOW,SYNTHETIC_GENERATOR_V1,SYNTHETIC
PA_002968,2024-02-13,MAPUTO,5,24.7,77.0,MEDIUM,SYNTHETIC_GENERATOR_V1,SYNTHETIC
PA_002969,2024-02-14,MAPUTO,10,63.4,120.0,HIGH,SYNTHETIC_GENERATOR_V1,SYNTHETIC
PA_002970,2024-02-15,MAPUTO,5,11.4,67.4,LOW,SYNTHETIC_GENERATOR_V1,SYNTHETIC
PA_002971,2024-02-16,MAPUTO,2,4.6,62.1,LOW,SYNTHETIC_GENERATOR_V1,SYNTHETIC
PA_002972,2024-02-17,MAPUTO,3,8.6,67.3,LOW,SYNTHETIC_GENERATOR_V1,SYNTHETIC
PA_002973,2024-02-18,MAPUTO,9,47.0,105.0,MEDIUM,SYNTHETIC_GENERATOR_V1,SYNTHETIC
PA_002974,2024-02-19,MAPUTO,10,60.6,114.1,HIGH,SYNTHETIC_GENERATOR_V1,SYNTHETIC
PA_002975,2024-02-20,MAPUTO,8,43.5,94.2,MEDIUM,SYNTHETIC_GENERATOR_V1,SYNTHETIC
PA_002976,2024-02-21,MAPUTO,10,55.5,105.1,MEDIUM,SYNTHETIC_GENERATOR_V1,SYNTHETIC
PA_002977,2024-02-22,MAPUTO,2,7.6,63.1,LOW,SYNTHETIC_GENERATOR_V1,SYNTHETIC
PA_002978,2024-02-23,MAPUTO,3,13.5,71.5,LOW,SYNTHETIC_GENERATOR_V1,SYNTHETIC
PA_002979,2024-02-24,MAPUTO,6,27.9,88.4,MEDIUM,SYNTHETIC_GENERATOR_V1,SYNTHETIC
PA_002980,2024-02-25,MAPUTO,3,9.2,72.3,LOW,SYNTHETIC_GENERATOR_V1,SYNTHETIC
PA_002981,2024-02-26,MAPUTO,5,22.7,81.3,LOW,SYNTHETIC_GENERATOR_V1,SYNTHETIC
PA_002982,2024-02-27,MAPUTO,4,19.7,78.7,LOW,SYNTHETIC_GENERATOR_V1,SYNTHETIC
PA_002983,2024-02-28,MAPUTO,8,46.9,104.9,MEDIUM,SYNTHETIC_GENERATOR_V1,SYNTHETIC
PA_002984,2024-02-29,MAPUTO,3,10.4,66.0,LOW,SYNTHETIC_GENERATOR_V1,SYNTHETIC
PA_002985,2024-03-01,MAPUTO,6,31.3,82.6,MEDIUM,SYNTHETIC_GENERATOR_V1,SYNTHETIC
PA_002986,2024-03-02,MAPUTO,6,26.6,83.5,MEDIUM,SYNTHETIC_GENERATOR_V1,SYNTHETIC
PA_002987,2024-03-03,MAPUTO,10,59.4,114.5,MEDIUM,SYNTHETIC_GENERATOR_V1,SYNTHETIC
PA_002988,2024-03-04,MAPUTO,7,32.6,86.5,MEDIUM,SYNTHETIC_GENERATOR_V1,SYNTHETIC
PA_002989,2024-03-05,MAPUTO,7,36.9,89.6,MEDIUM,SYNTHETIC_GENERATOR_V1,SYNTHETIC
PA_002990,2024-03-06,MAPUTO,4,19.2,73.2,LOW,SYNTHETIC_GENERATOR_V1,SYNTHETIC
PA_002991,2024-03-07,MAPUTO,4,16.2,76.4,LOW,SYNTHETIC_GENERATOR_V1,SYNTHETIC
PA_002992,2024-03-08,MAPUTO,3,1.3,58.6,LOW,SYNTHETIC_GENERATOR_V1,SYNTHETIC
PA_002993,2024-03-09,MAPUTO,7,39.3,99.8,MEDIUM,SYNTHETIC_GENERATOR_V1,SYNTHETIC
PA_002994,2024-03-10,MAPUTO,10,61.8,122.2,HIGH,SYNTHETIC_GENERATOR_V1,SYNTHETIC
PA_002995,2024-03-11,MAPUTO,8,38.4,99.2,MEDIUM,SYNTHETIC_GENERATOR_V1,SYNTHETIC
PA_002996,2024-03-12,MAPUTO,6,23.6,81.5,LOW,SYNTHETIC_GENERATOR_V1,SYNTHETIC
PA_002997,2024-03-13,MAPUTO,8,40.8,104.4,MEDIUM,SYNTHETIC_GENERATOR_V1,SYNTHETIC
PA_002998,2024-03-14,MAPUTO,7,39.5,88.2,MEDIUM,SYNTHETIC_GENERATOR_V1,SYNTHETIC
PA_002999,2024-03-15,MAPUTO,6,33.0,91.8,MEDIUM,SYNTHETIC_GENERATOR_V1,SYNTHETIC
PA_003000,2024-03-16,MAPUTO,8,41.0,90.6,MEDIUM,SYNTHETIC_GENERATOR_V1,SYNTHETIC
PA_003001,2024-03-17,MAPUTO,8,39.6,94.3,MEDIUM,SYNTHETIC_GENERATOR_V1,SYNTHETIC
PA_003002,2024-03-18,MAPUTO,8,41.5,102.1,MEDIUM,SYNTHETIC_GENERATOR_V1,SYNTHETIC
PA_003003,2024-03-19,MAPUTO,5,22.4,81.6,LOW,SYNTHETIC_GENERATOR_V1,SYNTHETIC
PA_003004,2024-03-20,MAPUTO,5,23.7,87.5,LOW,SYNTHETIC_GENERATOR_V1,SYNTHETIC
PA_003005,2024-03-21,MAPUTO,7,36.1,99.0,MEDIUM,SYNTHETIC_GENERATOR_V1,SYNTHETIC
PA_003006,2024-03-22,MAPUTO,4,8.2,60.1,LOW,SYNTHETIC_GENERATOR_V1,SYNTHETIC
PA_003007,2024-03-23,MAPUTO,3,14.2,73.3,LOW,SYNTHETIC_GENERATOR_V1,SYNTHETIC
PA_003008,2024-03-24,MAPUTO,6,26.4,81.1,MEDIUM,SYNTHETIC_GENERATOR_V1,SYNTHETIC
PA_003009,2024-03-25,MAPUTO,5,28.1,83.9,MEDIUM,SYNTHETIC_GENERATOR_V1,SYNTHETIC
PA_003010,2024-03-26,MAPUTO,3,13.7,76.5,LOW,SYNTHETIC_GENERATOR_V1,SYNTHETIC
PA_003011,2024-03-27,MAPUTO,4,14.2,66.8,LOW,SYNTHETIC_GENERATOR_V1,SYNTHETIC
PA_003012,2024-03-28,MAPUTO,12,79.4,129.6,HIGH,SYNTHETIC_GENERATOR_V1,SYNTHETIC
PA_003013,2024-03-29,MAPUTO,2,1.2,60.6,LOW,SYNTHETIC_GENERATOR_V1,SYNTHETIC
PA_003014,2024-03-30,MAPUTO,7,43.0,96.0,MEDIUM,SYNTHETIC_GENERATOR_V1,SYNTHETIC
PA_003015,2024-03-31,MAPUTO,4,21.7,74.0,LOW,SYNTHETIC_GENERATOR_V1,SYNTHETIC
PA_003016,2024-04-01,MAPUTO,9,48.8,111.8,MEDIUM,SYNTHETIC_GENERATOR_V1,SYNTHETIC
PA_003017,2024-04-02,MAPUTO,5,21.4,76.7,LOW,SYNTHETIC_GENERATOR_V1,SYNTHETIC
PA_003018,2024-04-03,MAPUTO,5,20.5,78.9,LOW,SYNTHETIC_GENERATOR_V1,SYNTHETIC
PA_003019,2024-04-04,MAPUTO,10,59.0,116.6,MEDIUM,SYNTHETIC_GENERATOR_V1,SYNTHETIC
PA_003020,2024-04-05,MAPUTO,8,39.0,94.1,MEDIUM,SYNTHETIC_GENERATOR_V1,SYNTHETIC
PA_003021,2024-04-06,MAPUTO,3,8.6,61.8,LOW,SYNTHETIC_GENERATOR_V1,SYNTHETIC
PA_003022,2024-04-07,MAPUTO,4,15.2,69.6,LOW,SYNTHETIC_GENERATOR_V1,SYNTHETIC
PA_003023,2024-04-08,MAPUTO,5,17.6,83.4,LOW,SYNTHETIC_GENERATOR_V1,SYNTHETIC
PA_003024,2024-04-09,MAPUTO,6,27.7,86.8,MEDIUM,SYNTHETIC_GENERATOR_V1,SYNTHETIC
PA_003025,2024-04-10,MAPUTO,8,41.9,102.3,MEDIUM,SYNTHETIC_GENERATOR_V1,SYNTHETIC
PA_003026,2024-04-11,MAPUTO,4,10.6,74.2,LOW,SYNTHETIC_GENERATOR_V1,SYNTHETIC
PA_003027,2024-04-12,MAPUTO,4,13.4,67.6,LOW,SYNTHETIC_GENERATOR_V1,SYNTHETIC
PA_003028,2024-04-13,MAPUTO,12,83.9,145.1,HIGH,SYNTHETIC_GENERATOR_V1,SYNTHETIC
PA_003029,2024-04-14,MAPUTO,6,28.0,92.1,MEDIUM,SYNTHETIC_GENERATOR_V1,SYNTHETIC
PA_003030,2024-04-15,MAPUTO,6,29.4,85.7,MEDIUM,SYNTHETIC_GENERATOR_V1,SYNTHETIC
PA_003031,2024-04-16,MAPUTO,5,22.5,75.1,LOW,SYNTHETIC_GENERATOR_V1,SYNTHETIC
PA_003032,2024-04-17,MAPUTO,8,41.8,105.5,MEDIUM,SYNTHETIC_GENERATOR_V1,SYNTHETIC
PA_003033,2024-04-18,MAPUTO,6,29.6,86.7,MEDIUM,SYNTHETIC_GENERATOR_V1,SYNTHETIC
PA_003034,2024-04-19,MAPUTO,7,38.1,103.8,MEDIUM,SYNTHETIC_GENERATOR_V1,SYNTHETIC
PA_003035,2024-04-20,MAPUTO,8,48.3,107.0,MEDIUM,SYNTHETIC_GENERATOR_V1,SYNTHETIC
PA_003036,2024-04-21,MAPUTO,5,27.0,77.3,MEDIUM,SYNTHETIC_GENERATOR_V1,SYNTHETIC
PA_003037,2024-04-22,MAPUTO,9,51.9,105.8,MEDIUM,SYNTHETIC_GENERATOR_V1,SYNTHETIC
PA_003038,2024-04-23,MAPUTO,7,32.1,79.7,MEDIUM,SYNTHETIC_GENERATOR_V1,SYNTHETIC
PA_003039,2024-04-24,MAPUTO,5,17.6,78.4,LOW,SYNTHETIC_GENERATOR_V1,SYNTHETIC
PA_003040,2024-04-25,MAPUTO,6,27.2,83.7,MEDIUM,SYNTHETIC_GENERATOR_V1,SYNTHETIC
PA_003041,2024-04-26,MAPUTO,4,17.8,69.2,LOW,SYNTHETIC_GENERATOR_V1,SYNTHETIC
PA_003042,2024-04-27,MAPUTO,9,45.4,97.2,MEDIUM,SYNTHETIC_GENERATOR_V1,SYNTHETIC
PA_003043,2024-04-28,MAPUTO,4,14.0,71.4,LOW,SYNTHETIC_GENERATOR_V1,SYNTHETIC
PA_003044,2024-04-29,MAPUTO,5,18.9,77.6,LOW,SYNTHETIC_GENERATOR_V1,SYNTHETIC
PA_003045,2024-04-30,MAPUTO,7,28.5,84.5,MEDIUM,SYNTHETIC_GENERATOR_V1,SYNTHETIC
PA_003046,2024-05-01,MAPUTO,3,7.8,70.1,LOW,SYNTHETIC_GENERATOR_V1,SYNTHETIC
PA_003047,2024-05-02,MAPUTO,7,31.7,88.2,MEDIUM,SYNTHETIC_GENERATOR_V1,SYNTHETIC
PA_003048,2024-05-03,MAPUTO,6,31.9,85.5,MEDIUM,SYNTHETIC_GENERATOR_V1,SYNTHETIC
PA_003049,2024-05-04,MAPUTO,7,35.2,91.7,MEDIUM,SYNTHETIC_GENERATOR_V1,SYNTHETIC
PA_003050,2024-05-05,MAPUTO,7,32.3,84.4,MEDIUM,SYNTHETIC_GENERATOR_V1,SYNTHETIC
PA_003051,2024-05-06,MAPUTO,7,38.7,94.8,MEDIUM,SYNTHETIC_GENERATOR_V1,SYNTHETIC
PA_003052,2024-05-07,MAPUTO,8,44.4,100.1,MEDIUM,SYNTHETIC_GENERATOR_V1,SYNTHETIC
PA_003053,2024-05-08,MAPUTO,9,57.7,114.3,MEDIUM,SYNTHETIC_GENERATOR_V1,SYNTHETIC
PA_003054,2024-05-09,MAPUTO,8,41.9,100.8,MEDIUM,SYNTHETIC_GENERATOR_V1,SYNTHETIC
PA_003055,2024-05-10,MAPUTO,2,2.8,59.8,LOW,SYNTHETIC_GENERATOR_V1,SYNTHETIC
PA_003056,2024-05-11,MAPUTO,4,16.4,72.8,LOW,SYNTHETIC_GENERATOR_V1,SYNTHETIC
PA_003057,2024-05-12,MAPUTO,10,62.8,118.6,HIGH,SYNTHETIC_GENERATOR_V1,SYNTHETIC
PA_003058,2024-05-13,MAPUTO,9,52.1,107.8,MEDIUM,SYNTHETIC_GENERATOR_V1,SYNTHETIC
PA_003059,2024-05-14,MAPUTO,5,21.7,83.9,LOW,SYNTHETIC_GENERATOR_V1,SYNTHETIC
PA_003060,2024-05-15,MAPUTO,3,8.5,69.4,LOW,SYNTHETIC_GENERATOR_V1,SYNTHETIC
PA_003061,2024-05-16,MAPUTO,3,8.8,59.3,LOW,SYNTHETIC_GENERATOR_V1,SYNTHETIC
PA_003062,2024-05-17,MAPUTO,5,24.4,81.5,MEDIUM,SYNTHETIC_GENERATOR_V1,SYNTHETIC
PA_003063,2024-05-18,MAPUTO,7,34.8,88.4,MEDIUM,SYNTHETIC_GENERATOR_V1,SYNTHETIC
PA_003064,2024-05-19,MAPUTO,7,35.3,92.6,MEDIUM,SYNTHETIC_GENERATOR_V1,SYNTHETIC
PA_003065,2024-05-20,MAPUTO,8,38.7,94.8,MEDIUM,SYNTHETIC_GENERATOR_V1,SYNTHETIC
PA_003066,2024-05-21,MAPUTO,6,30.0,89.2,MEDIUM,SYNTHETIC_GENERATOR_V1,SYNTHETIC
PA_003067,2024-05-22,MAPUTO,6,30.2,76.7,MEDIUM,SYNTHETIC_GENERATOR_V1,SYNTHETIC
PA_003068,2024-05-23,MAPUTO,6,31.4,96.1,MEDIUM,SYNTHETIC_GENERATOR_V1,SYNTHETIC
PA_003069,2024-05-24,MAPUTO,6,31.5,84.8,MEDIUM,SYNTHETIC_GENERATOR_V1,SYNTHETIC
PA_003070,2024-05-25,MAPUTO,9,51.1,105.3,MEDIUM,SYNTHETIC_GENERATOR_V1,SYNTHETIC
PA_003071,2024-05-26,MAPUTO,3,9.7,65.8,LOW,SYNTHETIC_GENERATOR_V1,SYNTHETIC
PA_003072,2024-05-27,MAPUTO,6,29.7,83.9,MEDIUM,SYNTHETIC_GENERATOR_V1,SYNTHETIC
PA_003073,2024-05-28,MAPUTO,9,50.8,102.1,MEDIUM,SYNTHETIC_GENERATOR_V1,SYNTHETIC
PA_003074,2024-05-29,MAPUTO,4,19.2,66.2,LOW,SYNTHETIC_GENERATOR_V1,SYNTHETIC
PA_003075,2024-05-30,MAPUTO,7,35.9,86.8,MEDIUM,SYNTHETIC_GENERATOR_V1,SYNTHETIC
PA_003076,2024-05-31,MAPUTO,3,8.7,63.7,LOW,SYNTHETIC_GENERATOR_V1,SYNTHETIC
PA_003077,2024-06-01,MAPUTO,7,31.6,82.0,MEDIUM,SYNTHETIC_GENERATOR_V1,SYNTHETIC
PA_003078,2024-06-02,MAPUTO,3,9.6,66.6,LOW,SYNTHETIC_GENERATOR_V1,SYNTHETIC
PA_003079,2024-06-03,MAPUTO,5,22.5,84.8,LOW,SYNTHETIC_GENERATOR_V1,SYNTHETIC
PA_003080,2024-06-04,MAPUTO,3,13.7,75.1,LOW,SYNTHETIC_GENERATOR_V1,SYNTHETIC
PA_003081,2024-06-05,MAPUTO,6,29.8,82.4,MEDIUM,SYNTHETIC_GENERATOR_V1,SYNTHETIC
PA_003082,2024-06-06,MAPUTO,6,22.5,86.0,LOW,SYNTHETIC_GENERATOR_V1,SYNTHETIC
PA_003083,2024-06-07,MAPUTO,9,50.7,114.2,MEDIUM,SYNTHETIC_GENERATOR_V1,SYNTHETIC
PA_003084,2024-06-08,MAPUTO,12,76.9,135.4,HIGH,SYNTHETIC_GENERATOR_V1,SYNTHETIC
PA_003085,2024-06-09,MAPUTO,7,29.5,88.2,MEDIUM,SYNTHETIC_GENERATOR_V1,SYNTHETIC
PA_003086,2024-06-10,MAPUTO,6,24.6,82.5,MEDIUM,SYNTHETIC_GENERATOR_V1,SYNTHETIC
PA_003087,2024-06-11,MAPUTO,3,13.2,74.7,LOW,SYNTHETIC_GENERATOR_V1,SYNTHETIC
PA_003088,2024-06-12,MAPUTO,3,14.2,73.2,LOW,SYNTHETIC_GENERATOR_V1,SYNTHETIC
PA_003089,2024-06-13,MAPUTO,4,14.7,63.4,LOW,SYNTHETIC_GENERATOR_V1,SYNTHETIC
PA_003090,2024-06-14,MAPUTO,6,27.3,79.0,MEDIUM,SYNTHETIC_GENERATOR_V1,SYNTHETIC
PA_003091,2024-06-15,MAPUTO,3,13.9,67.9,LOW,SYNTHETIC_GENERATOR_V1,SYNTHETIC
PA_003092,2024-06-16,MAPUTO,6,22.3,74.2,LOW,SYNTHETIC_GENERATOR_V1,SYNTHETIC
PA_003093,2024-06-17,MAPUTO,10,60.7,108.7,HIGH,SYNTHETIC_GENERATOR_V1,SYNTHETIC
PA_003094,2024-06-18,MAPUTO,4,16.3,64.9,LOW,SYNTHETIC_GENERATOR_V1,SYNTHETIC
PA_003095,2024-06-19,MAPUTO,5,20.0,77.7,LOW,SYNTHETIC_GENERATOR_V1,SYNTHETIC
PA_003096,2024-06-20,MAPUTO,8,44.3,101.2,MEDIUM,SYNTHETIC_GENERATOR_V1,SYNTHETIC
PA_003097,2024-06-21,MAPUTO,4,17.5,66.4,LOW,SYNTHETIC_GENERATOR_V1,SYNTHETIC
PA_003098,2024-06-22,MAPUTO,10,68.5,121.8,HIGH,SYNTHETIC_GENERATOR_V1,SYNTHETIC
PA_003099,2024-06-23,MAPUTO,5,21.0,74.4,LOW,SYNTHETIC_GENERATOR_V1,SYNTHETIC
PA_003100,2024-06-24,MAPUTO,8,46.8,96.2,MEDIUM,SYNTHETIC_GENERATOR_V1,SYNTHETIC
PA_003101,2024-06-25,MAPUTO,7,31.0,87.6,MEDIUM,SYNTHETIC_GENERATOR_V1,SYNTHETIC
PA_003102,2024-06-26,MAPUTO,5,17.1,74.0,LOW,SYNTHETIC_GENERATOR_V1,SYNTHETIC
PA_003103,2024-06-27,MAPUTO,5,20.7,76.4,LOW,SYNTHETIC_GENERATOR_V1,SYNTHETIC
PA_003104,2024-06-28,MAPUTO,8,41.7,101.7,MEDIUM,SYNTHETIC_GENERATOR_V1,SYNTHETIC
PA_003105,2024-06-29,MAPUTO,5,14.1,69.1,LOW,SYNTHETIC_GENERATOR_V1,SYNTHETIC
PA_003106,2024-06-30,MAPUTO,4,15.2,76.5,LOW,SYNTHETIC_GENERATOR_V1,SYNTHETIC
PA_003107,2024-07-01,MAPUTO,5,25.4,79.7,MEDIUM,SYNTHETIC_GENERATOR_V1,SYNTHETIC
PA_003108,2024-07-02,MAPUTO,9,50.0,99.6,MEDIUM,SYNTHETIC_GENERATOR_V1,SYNTHETIC
PA_003109,2024-07-03,MAPUTO,8,43.9,101.2,MEDIUM,SYNTHETIC_GENERATOR_V1,SYNTHETIC
PA_003110,2024-07-04,MAPUTO,14,98.3,155.0,HIGH,SYNTHETIC_GENERATOR_V1,SYNTHETIC
PA_003111,2024-07-05,MAPUTO,6,24.8,83.3,MEDIUM,SYNTHETIC_GENERATOR_V1,SYNTHETIC
PA_003112,2024-07-06,MAPUTO,6,23.7,85.6,LOW,SYNTHETIC_GENERATOR_V1,SYNTHETIC
PA_003113,2024-07-07,MAPUTO,7,31.9,90.1,MEDIUM,SYNTHETIC_GENERATOR_V1,SYNTHETIC
PA_003114,2024-07-08,MAPUTO,9,56.1,106.4,MEDIUM,SYNTHETIC_GENERATOR_V1,SYNTHETIC
PA_003115,2024-07-09,MAPUTO,4,10.8,67.5,LOW,SYNTHETIC_GENERATOR_V1,SYNTHETIC
PA_003116,2024-07-10,MAPUTO,6,34.3,89.1,MEDIUM,SYNTHETIC_GENERATOR_V1,SYNTHETIC
PA_003117,2024-07-11,MAPUTO,5,21.5,81.8,LOW,SYNTHETIC_GENERATOR_V1,SYNTHETIC
PA_003118,2024-07-12,MAPUTO,4,13.2,74.9,LOW,SYNTHETIC_GENERATOR_V1,SYNTHETIC
PA_003119,2024-07-13,MAPUTO,6,25.8,84.5,MEDIUM,SYNTHETIC_GENERATOR_V1,SYNTHETIC
PA_003120,2024-07-14,MAPUTO,8,42.1,95.8,MEDIUM,SYNTHETIC_GENERATOR_V1,SYNTHETIC
PA_003121,2024-07-15,MAPUTO,3,11.9,69.6,LOW,SYNTHETIC_GENERATOR_V1,SYNTHETIC
PA_003122,2024-07-16,MAPUTO,7,35.1,96.2,MEDIUM,SYNTHETIC_GENERATOR_V1,SYNTHETIC
PA_003123,2024-07-17,MAPUTO,4,16.2,72.0,LOW,SYNTHETIC_GENERATOR_V1,SYNTHETIC
PA_003124,2024-07-18,MAPUTO,4,21.3,74.1,LOW,SYNTHETIC_GENERATOR_V1,SYNTHETIC
PA_003125,2024-07-19,MAPUTO,6,27.6,83.1,MEDIUM,SYNTHETIC_GENERATOR_V1,SYNTHETIC
PA_003126,2024-07-20,MAPUTO,5,17.0,70.7,LOW,SYNTHETIC_GENERATOR_V1,SYNTHETIC
PA_003127,2024-07-21,MAPUTO,4,14.2,61.2,LOW,SYNTHETIC_GENERATOR_V1,SYNTHETIC
PA_003128,2024-07-22,MAPUTO,9,53.2,103.8,MEDIUM,SYNTHETIC_GENERATOR_V1,SYNTHETIC
PA_003129,2024-07-23,MAPUTO,5,19.6,76.9,LOW,SYNTHETIC_GENERATOR_V1,SYNTHETIC
PA_003130,2024-07-24,MAPUTO,5,17.5,68.2,LOW,SYNTHETIC_GENERATOR_V1,SYNTHETIC
PA_003131,2024-07-25,MAPUTO,5,20.9,69.1,LOW,SYNTHETIC_GENERATOR_V1,SYNTHETIC
PA_003132,2024-07-26,MAPUTO,7,29.1,95.2,MEDIUM,SYNTHETIC_GENERATOR_V1,SYNTHETIC
PA_003133,2024-07-27,MAPUTO,6,24.8,80.5,MEDIUM,SYNTHETIC_GENERATOR_V1,SYNTHETIC
PA_003134,2024-07-28,MAPUTO,7,34.5,87.5,MEDIUM,SYNTHETIC_GENERATOR_V1,SYNTHETIC
PA_003135,2024-07-29,MAPUTO,6,23.6,78.0,LOW,SYNTHETIC_GENERATOR_V1,SYNTHETIC
PA_003136,2024-07-30,MAPUTO,6,33.0,88.2,MEDIUM,SYNTHETIC_GENERATOR_V1,SYNTHETIC
PA_003137,2024-07-31,MAPUTO,8,41.4,93.7,MEDIUM,SYNTHETIC_GENERATOR_V1,SYNTHETIC
PA_003138,2024-08-01,MAPUTO,6,31.2,87.5,MEDIUM,SYNTHETIC_GENERATOR_V1,SYNTHETIC
PA_003139,2024-08-02,MAPUTO,5,22.9,87.9,LOW,SYNTHETIC_GENERATOR_V1,SYNTHETIC
PA_003140,2024-08-03,MAPUTO,7,36.5,90.6,MEDIUM,SYNTHETIC_GENERATOR_V1,SYNTHETIC
PA_003141,2024-08-04,MAPUTO,4,8.5,59.9,LOW,SYNTHETIC_GENERATOR_V1,SYNTHETIC
PA_003142,2024-08-05,MAPUTO,4,12.9,70.7,LOW,SYNTHETIC_GENERATOR_V1,SYNTHETIC
PA_003143,2024-08-06,MAPUTO,9,49.9,109.9,MEDIUM,SYNTHETIC_GENERATOR_V1,SYNTHETIC
PA_003144,2024-08-07,MAPUTO,8,47.4,102.0,MEDIUM,SYNTHETIC_GENERATOR_V1,SYNTHETIC
PA_003145,2024-08-08,MAPUTO,3,14.7,73.4,LOW,SYNTHETIC_GENERATOR_V1,SYNTHETIC
PA_003146,2024-08-09,MAPUTO,6,30.0,81.6,MEDIUM,SYNTHETIC_GENERATOR_V1,SYNTHETIC
PA_003147,2024-08-10,MAPUTO,5,19.4,69.7,LOW,SYNTHETIC_GENERATOR_V1,SYNTHETIC
PA_003148,2024-08-11,MAPUTO,10,59.8,112.1,MEDIUM,SYNTHETIC_GENERATOR_V1,SYNTHETIC
PA_003149,2024-08-12,MAPUTO,3,3.6,56.6,LOW,SYNTHETIC_GENERATOR_V1,SYNTHETIC
PA_003150,2024-08-13,MAPUTO,5,26.4,83.8,MEDIUM,SYNTHETIC_GENERATOR_V1,SYNTHETIC
PA_003151,2024-08-14,MAPUTO,5,19.6,81.4,LOW,SYNTHETIC_GENERATOR_V1,SYNTHETIC
PA_003152,2024-08-15,MAPUTO,5,19.1,73.1,LOW,SYNTHETIC_GENERATOR_V1,SYNTHETIC
PA_003153,2024-08-16,MAPUTO,9,54.3,106.7,MEDIUM,SYNTHETIC_GENERATOR_V1,SYNTHETIC
PA_003154,2024-08-17,MAPUTO,7,36.6,92.6,MEDIUM,SYNTHETIC_GENERATOR_V1,SYNTHETIC
PA_003155,2024-08-18,MAPUTO,12,76.1,134.5,HIGH,SYNTHETIC_GENERATOR_V1,SYNTHETIC
PA_003156,2024-08-19,MAPUTO,5,21.2,80.6,LOW,SYNTHETIC_GENERATOR_V1,SYNTHETIC
PA_003157,2024-08-20,MAPUTO,2,8.9,66.0,LOW,SYNTHETIC_GENERATOR_V1,SYNTHETIC
PA_003158,2024-08-21,MAPUTO,5,26.1,77.0,MEDIUM,SYNTHETIC_GENERATOR_V1,SYNTHETIC
PA_003159,2024-08-22,MAPUTO,5,24.6,79.5,MEDIUM,SYNTHETIC_GENERATOR_V1,SYNTHETIC
PA_003160,2024-08-23,MAPUTO,4,7.2,68.6,LOW,SYNTHETIC_GENERATOR_V1,SYNTHETIC
PA_003161,2024-08-24,MAPUTO,6,32.3,83.0,MEDIUM,SYNTHETIC_GENERATOR_V1,SYNTHETIC
PA_003162,2024-08-25,MAPUTO,4,19.3,72.8,LOW,SYNTHETIC_GENERATOR_V1,SYNTHETIC
PA_003163,2024-08-26,MAPUTO,6,35.2,82.3,MEDIUM,SYNTHETIC_GENERATOR_V1,SYNTHETIC
PA_003164,2024-08-27,MAPUTO,6,21.1,74.9,LOW,SYNTHETIC_GENERATOR_V1,SYNTHETIC
PA_003165,2024-08-28,MAPUTO,8,43.7,96.1,MEDIUM,SYNTHETIC_GENERATOR_V1,SYNTHETIC
PA_003166,2024-08-29,MAPUTO,8,41.6,105.3,MEDIUM,SYNTHETIC_GENERATOR_V1,SYNTHETIC
PA_003167,2024-08-30,MAPUTO,5,17.9,71.9,LOW,SYNTHETIC_GENERATOR_V1,SYNTHETIC
PA_003168,2024-08-31,MAPUTO,6,27.7,91.5,MEDIUM,SYNTHETIC_GENERATOR_V1,SYNTHETIC
PA_003169,2024-09-01,MAPUTO,7,34.0,93.7,MEDIUM,SYNTHETIC_GENERATOR_V1,SYNTHETIC
PA_003170,2024-09-02,MAPUTO,4,11.2,71.8,LOW,SYNTHETIC_GENERATOR_V1,SYNTHETIC
PA_003171,2024-09-03,MAPUTO,8,41.0,95.5,MEDIUM,SYNTHETIC_GENERATOR_V1,SYNTHETIC
PA_003172,2024-09-04,MAPUTO,4,17.8,70.6,LOW,SYNTHETIC_GENERATOR_V1,SYNTHETIC
PA_003173,2024-09-05,MAPUTO,8,43.2,107.3,MEDIUM,SYNTHETIC_GENERATOR_V1,SYNTHETIC
PA_003174,2024-09-06,MAPUTO,12,79.2,136.0,HIGH,SYNTHETIC_GENERATOR_V1,SYNTHETIC
PA_003175,2024-09-07,MAPUTO,9,51.4,100.1,MEDIUM,SYNTHETIC_GENERATOR_V1,SYNTHETIC
PA_003176,2024-09-08,MAPUTO,8,42.6,102.0,MEDIUM,SYNTHETIC_GENERATOR_V1,SYNTHETIC
PA_003177,2024-09-09,MAPUTO,4,16.8,71.4,LOW,SYNTHETIC_GENERATOR_V1,SYNTHETIC
PA_003178,2024-09-10,MAPUTO,5,20.5,74.2,LOW,SYNTHETIC_GENERATOR_V1,SYNTHETIC
PA_003179,2024-09-11,MAPUTO,4,18.1,74.3,LOW,SYNTHETIC_GENERATOR_V1,SYNTHETIC
PA_003180,2024-09-12,MAPUTO,4,15.3,71.0,LOW,SYNTHETIC_GENERATOR_V1,SYNTHETIC
PA_003181,2024-09-13,MAPUTO,4,18.4,76.5,LOW,SYNTHETIC_GENERATOR_V1,SYNTHETIC
PA_003182,2024-09-14,MAPUTO,6,25.8,82.7,MEDIUM,SYNTHETIC_GENERATOR_V1,SYNTHETIC
PA_003183,2024-09-15,MAPUTO,3,13.1,67.4,LOW,SYNTHETIC_GENERATOR_V1,SYNTHETIC
PA_003184,2024-09-16,MAPUTO,6,28.1,79.5,MEDIUM,SYNTHETIC_GENERATOR_V1,SYNTHETIC
PA_003185,2024-09-17,MAPUTO,9,50.7,107.6,MEDIUM,SYNTHETIC_GENERATOR_V1,SYNTHETIC
PA_003186,2024-09-18,MAPUTO,4,10.3,66.6,LOW,SYNTHETIC_GENERATOR_V1,SYNTHETIC
PA_003187,2024-09-19,MAPUTO,4,21.0,78.6,LOW,SYNTHETIC_GENERATOR_V1,SYNTHETIC
PA_003188,2024-09-20,MAPUTO,5,14.0,74.2,LOW,SYNTHETIC_GENERATOR_V1,SYNTHETIC
PA_003189,2024-09-21,MAPUTO,6,22.3,76.0,LOW,SYNTHETIC_GENERATOR_V1,SYNTHETIC
PA_003190,2024-09-22,MAPUTO,10,59.7,112.6,MEDIUM,SYNTHETIC_GENERATOR_V1,SYNTHETIC
PA_003191,2024-09-23,MAPUTO,3,7.9,63.5,LOW,SYNTHETIC_GENERATOR_V1,SYNTHETIC
PA_003192,2024-09-24,MAPUTO,7,36.6,97.5,MEDIUM,SYNTHETIC_GENERATOR_V1,SYNTHETIC
PA_003193,2024-09-25,MAPUTO,9,54.0,101.4,MEDIUM,SYNTHETIC_GENERATOR_V1,SYNTHETIC
PA_003194,2024-09-26,MAPUTO,5,23.5,80.7,LOW,SYNTHETIC_GENERATOR_V1,SYNTHETIC
PA_003195,2024-09-27,MAPUTO,10,64.5,120.7,HIGH,SYNTHETIC_GENERATOR_V1,SYNTHETIC
PA_003196,2024-09-28,MAPUTO,8,40.5,101.3,MEDIUM,SYNTHETIC_GENERATOR_V1,SYNTHETIC
PA_003197,2024-09-29,MAPUTO,5,16.0,73.5,LOW,SYNTHETIC_GENERATOR_V1,SYNTHETIC
PA_003198,2024-09-30,MAPUTO,4,14.1,69.8,LOW,SYNTHETIC_GENERATOR_V1,SYNTHETIC
PA_003199,2024-10-01,MAPUTO,9,52.6,110.8,MEDIUM,SYNTHETIC_GENERATOR_V1,SYNTHETIC
PA_003200,2024-10-02,MAPUTO,5,18.8,79.3,LOW,SYNTHETIC_GENERATOR_V1,SYNTHETIC
PA_003201,2024-10-03,MAPUTO,6,29.0,88.9,MEDIUM,SYNTHETIC_GENERATOR_V1,SYNTHETIC
PA_003202,2024-10-04,MAPUTO,10,65.1,118.5,HIGH,SYNTHETIC_GENERATOR_V1,SYNTHETIC
PA_003203,2024-10-05,MAPUTO,5,23.2,76.4,LOW,SYNTHETIC_GENERATOR_V1,SYNTHETIC
PA_003204,2024-10-06,MAPUTO,6,23.1,80.5,LOW,SYNTHETIC_GENERATOR_V1,SYNTHETIC
PA_003205,2024-10-07,MAPUTO,7,43.4,100.2,MEDIUM,SYNTHETIC_GENERATOR_V1,SYNTHETIC
PA_003206,2024-10-08,MAPUTO,9,51.0,107.9,MEDIUM,SYNTHETIC_GENERATOR_V1,SYNTHETIC
PA_003207,2024-10-09,MAPUTO,6,27.0,80.6,MEDIUM,SYNTHETIC_GENERATOR_V1,SYNTHETIC
PA_003208,2024-10-10,MAPUTO,3,9.3,71.2,LOW,SYNTHETIC_GENERATOR_V1,SYNTHETIC
PA_003209,2024-10-11,MAPUTO,5,22.6,83.2,LOW,SYNTHETIC_GENERATOR_V1,SYNTHETIC
PA_003210,2024-10-12,MAPUTO,9,55.0,115.1,MEDIUM,SYNTHETIC_GENERATOR_V1,SYNTHETIC
PA_003211,2024-10-13,MAPUTO,10,61.4,122.4,HIGH,SYNTHETIC_GENERATOR_V1,SYNTHETIC
PA_003212,2024-10-14,MAPUTO,8,46.6,104.5,MEDIUM,SYNTHETIC_GENERATOR_V1,SYNTHETIC
PA_003213,2024-10-15,MAPUTO,5,28.2,78.9,MEDIUM,SYNTHETIC_GENERATOR_V1,SYNTHETIC
PA_003214,2024-10-16,MAPUTO,4,9.6,61.1,LOW,SYNTHETIC_GENERATOR_V1,SYNTHETIC
PA_003215,2024-10-17,MAPUTO,3,10.6,62.1,LOW,SYNTHETIC_GENERATOR_V1,SYNTHETIC
PA_003216,2024-10-18,MAPUTO,6,28.2,87.0,MEDIUM,SYNTHETIC_GENERATOR_V1,SYNTHETIC
PA_003217,2024-10-19,MAPUTO,4,15.4,76.0,LOW,SYNTHETIC_GENERATOR_V1,SYNTHETIC
PA_003218,2024-10-20,MAPUTO,6,30.0,86.2,MEDIUM,SYNTHETIC_GENERATOR_V1,SYNTHETIC
PA_003219,2024-10-21,MAPUTO,7,35.3,95.8,MEDIUM,SYNTHETIC_GENERATOR_V1,SYNTHETIC
PA_003220,2024-10-22,MAPUTO,8,41.8,98.2,MEDIUM,SYNTHETIC_GENERATOR_V1,SYNTHETIC
PA_003221,2024-10-23,MAPUTO,11,65.7,124.4,HIGH,SYNTHETIC_GENERATOR_V1,SYNTHETIC
PA_003222,2024-10-24,MAPUTO,6,25.4,78.8,MEDIUM,SYNTHETIC_GENERATOR_V1,SYNTHETIC
PA_003223,2024-10-25,MAPUTO,4,12.3,68.9,LOW,SYNTHETIC_GENERATOR_V1,SYNTHETIC
PA_003224,2024-10-26,MAPUTO,9,49.6,104.0,MEDIUM,SYNTHETIC_GENERATOR_V1,SYNTHETIC
PA_003225,2024-10-27,MAPUTO,8,47.6,107.8,MEDIUM,SYNTHETIC_GENERATOR_V1,SYNTHETIC
PA_003226,2024-10-28,MAPUTO,3,12.0,66.5,LOW,SYNTHETIC_GENERATOR_V1,SYNTHETIC
PA_003227,2024-10-29,MAPUTO,8,45.1,97.8,MEDIUM,SYNTHETIC_GENERATOR_V1,SYNTHETIC
PA_003228,2024-10-30,MAPUTO,2,5.2,62.4,LOW,SYNTHETIC_GENERATOR_V1,SYNTHETIC
PA_003229,2024-10-31,MAPUTO,9,53.8,109.0,MEDIUM,SYNTHETIC_GENERATOR_V1,SYNTHETIC
PA_003230,2024-11-01,MAPUTO,5,24.1,75.6,MEDIUM,SYNTHETIC_GENERATOR_V1,SYNTHETIC
PA_003231,2024-11-02,MAPUTO,4,14.7,67.8,LOW,SYNTHETIC_GENERATOR_V1,SYNTHETIC
PA_003232,2024-11-03,MAPUTO,5,22.2,72.1,LOW,SYNTHETIC_GENERATOR_V1,SYNTHETIC
PA_003233,2024-11-04,MAPUTO,8,46.4,98.4,MEDIUM,SYNTHETIC_GENERATOR_V1,SYNTHETIC
PA_003234,2024-11-05,MAPUTO,2,6.7,61.9,LOW,SYNTHETIC_GENERATOR_V1,SYNTHETIC
PA_003235,2024-11-06,MAPUTO,7,33.5,95.4,MEDIUM,SYNTHETIC_GENERATOR_V1,SYNTHETIC
PA_003236,2024-11-07,MAPUTO,5,18.5,80.7,LOW,SYNTHETIC_GENERATOR_V1,SYNTHETIC
PA_003237,2024-11-08,MAPUTO,6,23.6,88.8,LOW,SYNTHETIC_GENERATOR_V1,SYNTHETIC
PA_003238,2024-11-09,MAPUTO,3,12.3,72.1,LOW,SYNTHETIC_GENERATOR_V1,SYNTHETIC
PA_003239,2024-11-10,MAPUTO,4,13.2,81.0,LOW,SYNTHETIC_GENERATOR_V1,SYNTHETIC
PA_003240,2024-11-11,MAPUTO,8,44.8,90.9,MEDIUM,SYNTHETIC_GENERATOR_V1,SYNTHETIC
PA_003241,2024-11-12,MAPUTO,6,27.0,86.0,MEDIUM,SYNTHETIC_GENERATOR_V1,SYNTHETIC
PA_003242,2024-11-13,MAPUTO,2,6.3,64.5,LOW,SYNTHETIC_GENERATOR_V1,SYNTHETIC
PA_003243,2024-11-14,MAPUTO,12,80.1,132.3,HIGH,SYNTHETIC_GENERATOR_V1,SYNTHETIC
PA_003244,2024-11-15,MAPUTO,9,45.2,99.3,MEDIUM,SYNTHETIC_GENERATOR_V1,SYNTHETIC
PA_003245,2024-11-16,MAPUTO,5,17.7,74.6,LOW,SYNTHETIC_GENERATOR_V1,SYNTHETIC
PA_003246,2024-11-17,MAPUTO,6,24.2,69.8,MEDIUM,SYNTHETIC_GENERATOR_V1,SYNTHETIC
PA_003247,2024-11-18,MAPUTO,4,15.8,73.8,LOW,SYNTHETIC_GENERATOR_V1,SYNTHETIC
PA_003248,2024-11-19,MAPUTO,7,33.6,88.5,MEDIUM,SYNTHETIC_GENERATOR_V1,SYNTHETIC
PA_003249,2024-11-20,MAPUTO,2,6.2,60.2,LOW,SYNTHETIC_GENERATOR_V1,SYNTHETIC
PA_003250,2024-11-21,MAPUTO,6,32.7,88.2,MEDIUM,SYNTHETIC_GENERATOR_V1,SYNTHETIC
PA_003251,2024-11-22,MAPUTO,3,11.5,66.5,LOW,SYNTHETIC_GENERATOR_V1,SYNTHETIC
PA_003252,2024-11-23,MAPUTO,5,22.3,75.7,LOW,SYNTHETIC_GENERATOR_V1,SYNTHETIC
PA_003253,2024-11-24,MAPUTO,7,39.8,83.9,MEDIUM,SYNTHETIC_GENERATOR_V1,SYNTHETIC
PA_003254,2024-11-25,MAPUTO,5,19.9,78.5,LOW,SYNTHETIC_GENERATOR_V1,SYNTHETIC
PA_003255,2024-11-26,MAPUTO,4,9.8,70.3,LOW,SYNTHETIC_GENERATOR_V1,SYNTHETIC
PA_003256,2024-11-27,MAPUTO,4,13.2,77.9,LOW,SYNTHETIC_GENERATOR_V1,SYNTHETIC
PA_003257,2024-11-28,MAPUTO,5,22.3,81.7,LOW,SYNTHETIC_GENERATOR_V1,SYNTHETIC
PA_003258,2024-11-29,MAPUTO,8,44.6,106.8,MEDIUM,SYNTHETIC_GENERATOR_V1,SYNTHETIC
PA_003259,2024-11-30,MAPUTO,4,15.9,76.0,LOW,SYNTHETIC_GENERATOR_V1,SYNTHETIC
PA_003260,2024-12-01,MAPUTO,10,57.0,110.6,MEDIUM,SYNTHETIC_GENERATOR_V1,SYNTHETIC
PA_003261,2024-12-02,MAPUTO,8,39.5,91.5,MEDIUM,SYNTHETIC_GENERATOR_V1,SYNTHETIC
PA_003262,2024-12-03,MAPUTO,7,29.6,81.9,MEDIUM,SYNTHETIC_GENERATOR_V1,SYNTHETIC
PA_003263,2024-12-04,MAPUTO,3,9.4,74.5,LOW,SYNTHETIC_GENERATOR_V1,SYNTHETIC
PA_003264,2024-12-05,MAPUTO,8,49.6,95.4,MEDIUM,SYNTHETIC_GENERATOR_V1,SYNTHETIC
PA_003265,2024-12-06,MAPUTO,9,42.4,95.5,MEDIUM,SYNTHETIC_GENERATOR_V1,SYNTHETIC
PA_003266,2024-12-07,MAPUTO,10,57.5,113.0,MEDIUM,SYNTHETIC_GENERATOR_V1,SYNTHETIC
PA_003267,2024-12-08,MAPUTO,6,26.7,85.0,MEDIUM,SYNTHETIC_GENERATOR_V1,SYNTHETIC
PA_003268,2024-12-09,MAPUTO,5,19.5,77.7,LOW,SYNTHETIC_GENERATOR_V1,SYNTHETIC
PA_003269,2024-12-10,MAPUTO,3,10.6,61.6,LOW,SYNTHETIC_GENERATOR_V1,SYNTHETIC
PA_003270,2024-12-11,MAPUTO,7,35.1,94.4,MEDIUM,SYNTHETIC_GENERATOR_V1,SYNTHETIC
PA_003271,2024-12-12,MAPUTO,8,44.5,101.6,MEDIUM,SYNTHETIC_GENERATOR_V1,SYNTHETIC
PA_003272,2024-12-13,MAPUTO,11,69.8,127.7,HIGH,SYNTHETIC_GENERATOR_V1,SYNTHETIC
PA_003273,2024-12-14,MAPUTO,4,17.3,77.6,LOW,SYNTHETIC_GENERATOR_V1,SYNTHETIC
PA_003274,2024-12-15,MAPUTO,12,78.3,134.9,HIGH,SYNTHETIC_GENERATOR_V1,SYNTHETIC
PA_003275,2024-12-16,MAPUTO,5,24.8,84.4,MEDIUM,SYNTHETIC_GENERATOR_V1,SYNTHETIC
PA_003276,2024-12-17,MAPUTO,7,32.4,84.8,MEDIUM,SYNTHETIC_GENERATOR_V1,SYNTHETIC
PA_003277,2024-12-18,MAPUTO,4,15.3,74.1,LOW,SYNTHETIC_GENERATOR_V1,SYNTHETIC
PA_003278,2024-12-19,MAPUTO,3,12.8,67.1,LOW,SYNTHETIC_GENERATOR_V1,SYNTHETIC
PA_003279,2024-12-20,MAPUTO,11,73.2,133.8,HIGH,SYNTHETIC_GENERATOR_V1,SYNTHETIC
PA_003280,2024-12-21,MAPUTO,4,20.0,73.6,LOW,SYNTHETIC_GENERATOR_V1,SYNTHETIC
PA_003281,2024-12-22,MAPUTO,5,20.3,77.1,LOW,SYNTHETIC_GENERATOR_V1,SYNTHETIC
PA_003282,2024-12-23,MAPUTO,10,63.6,117.7,HIGH,SYNTHETIC_GENERATOR_V1,SYNTHETIC
PA_003283,2024-12-24,MAPUTO,7,36.2,91.9,MEDIUM,SYNTHETIC_GENERATOR_V1,SYNTHETIC
PA_003284,2024-12-25,MAPUTO,4,15.8,71.4,LOW,SYNTHETIC_GENERATOR_V1,SYNTHETIC
PA_003285,2024-12-26,MAPUTO,9,56.1,106.5,MEDIUM,SYNTHETIC_GENERATOR_V1,SYNTHETIC
PA_003286,2024-12-27,MAPUTO,9,53.7,108.7,MEDIUM,SYNTHETIC_GENERATOR_V1,SYNTHETIC
PA_003287,2024-12-28,MAPUTO,4,16.7,74.5,LOW,SYNTHETIC_GENERATOR_V1,SYNTHETIC
PA_003288,2024-12-29,MAPUTO,4,13.4,67.1,LOW,SYNTHETIC_GENERATOR_V1,SYNTHETIC
PA_003289,2024-12-30,MAPUTO,7,35.0,96.8,MEDIUM,SYNTHETIC_GENERATOR_V1,SYNTHETIC
PA_003290,2024-12-31,MAPUTO,2,6.9,66.6,LOW,SYNTHETIC_GENERATOR_V1,SYNTHETIC
PA_003291,2025-01-01,MAPUTO,7,37.6,93.8,MEDIUM,SYNTHETIC_GENERATOR_V1,SYNTHETIC
PA_003292,2025-01-02,MAPUTO,6,27.4,86.3,MEDIUM,SYNTHETIC_GENERATOR_V1,SYNTHETIC
PA_003293,2025-01-03,MAPUTO,8,45.0,93.4,MEDIUM,SYNTHETIC_GENERATOR_V1,SYNTHETIC
PA_003294,2025-01-04,MAPUTO,4,20.6,74.5,LOW,SYNTHETIC_GENERATOR_V1,SYNTHETIC
PA_003295,2025-01-05,MAPUTO,7,33.7,88.0,MEDIUM,SYNTHETIC_GENERATOR_V1,SYNTHETIC
PA_003296,2025-01-06,MAPUTO,4,16.5,70.4,LOW,SYNTHETIC_GENERATOR_V1,SYNTHETIC
PA_003297,2025-01-07,MAPUTO,3,8.9,69.5,LOW,SYNTHETIC_GENERATOR_V1,SYNTHETIC
PA_003298,2025-01-08,MAPUTO,7,37.3,96.6,MEDIUM,SYNTHETIC_GENERATOR_V1,SYNTHETIC
PA_003299,2025-01-09,MAPUTO,6,26.6,76.8,MEDIUM,SYNTHETIC_GENERATOR_V1,SYNTHETIC
PA_003300,2025-01-10,MAPUTO,10,62.6,113.5,HIGH,SYNTHETIC_GENERATOR_V1,SYNTHETIC
PA_003301,2025-01-11,MAPUTO,6,26.2,77.1,MEDIUM,SYNTHETIC_GENERATOR_V1,SYNTHETIC
PA_003302,2025-01-12,MAPUTO,3,10.5,68.1,LOW,SYNTHETIC_GENERATOR_V1,SYNTHETIC
PA_003303,2025-01-13,MAPUTO,6,22.7,75.8,LOW,SYNTHETIC_GENERATOR_V1,SYNTHETIC
PA_003304,2025-01-14,MAPUTO,3,11.6,65.3,LOW,SYNTHETIC_GENERATOR_V1,SYNTHETIC
PA_003305,2025-01-15,MAPUTO,11,64.7,116.7,HIGH,SYNTHETIC_GENERATOR_V1,SYNTHETIC
PA_003306,2025-01-16,MAPUTO,4,18.0,77.5,LOW,SYNTHETIC_GENERATOR_V1,SYNTHETIC
PA_003307,2025-01-17,MAPUTO,5,15.1,73.7,LOW,SYNTHETIC_GENERATOR_V1,SYNTHETIC
PA_003308,2025-01-18,MAPUTO,9,52.4,108.1,MEDIUM,SYNTHETIC_GENERATOR_V1,SYNTHETIC
PA_003309,2025-01-19,MAPUTO,4,17.2,69.9,LOW,SYNTHETIC_GENERATOR_V1,SYNTHETIC
PA_003310,2025-01-20,MAPUTO,3,15.7,72.2,LOW,SYNTHETIC_GENERATOR_V1,SYNTHETIC
PA_003311,2025-01-21,MAPUTO,4,13.6,74.0,LOW,SYNTHETIC_GENERATOR_V1,SYNTHETIC
PA_003312,2025-01-22,MAPUTO,2,5.8,59.0,LOW,SYNTHETIC_GENERATOR_V1,SYNTHETIC
PA_003313,2025-01-23,MAPUTO,8,41.1,101.0,MEDIUM,SYNTHETIC_GENERATOR_V1,SYNTHETIC
PA_003314,2025-01-24,MAPUTO,3,9.5,71.2,LOW,SYNTHETIC_GENERATOR_V1,SYNTHETIC
PA_003315,2025-01-25,MAPUTO,3,14.4,69.3,LOW,SYNTHETIC_GENERATOR_V1,SYNTHETIC
PA_003316,2025-01-26,MAPUTO,13,91.9,152.1,HIGH,SYNTHETIC_GENERATOR_V1,SYNTHETIC
PA_003317,2025-01-27,MAPUTO,6,24.4,72.3,MEDIUM,SYNTHETIC_GENERATOR_V1,SYNTHETIC
PA_003318,2025-01-28,MAPUTO,6,34.6,96.4,MEDIUM,SYNTHETIC_GENERATOR_V1,SYNTHETIC
PA_003319,2025-01-29,MAPUTO,8,36.8,94.7,MEDIUM,SYNTHETIC_GENERATOR_V1,SYNTHETIC
PA_003320,2025-01-30,MAPUTO,3,5.4,64.8,LOW,SYNTHETIC_GENERATOR_V1,SYNTHETIC
PA_003321,2025-01-31,MAPUTO,11,59.8,116.6,MEDIUM,SYNTHETIC_GENERATOR_V1,SYNTHETIC
PA_003322,2025-02-01,MAPUTO,4,15.2,69.9,LOW,SYNTHETIC_GENERATOR_V1,SYNTHETIC
PA_003323,2025-02-02,MAPUTO,7,32.2,91.0,MEDIUM,SYNTHETIC_GENERATOR_V1,SYNTHETIC
PA_003324,2025-02-03,MAPUTO,6,26.9,85.3,MEDIUM,SYNTHETIC_GENERATOR_V1,SYNTHETIC
PA_003325,2025-02-04,MAPUTO,6,37.2,96.4,MEDIUM,SYNTHETIC_GENERATOR_V1,SYNTHETIC
PA_003326,2025-02-05,MAPUTO,8,40.6,93.5,MEDIUM,SYNTHETIC_GENERATOR_V1,SYNTHETIC
PA_003327,2025-02-06,MAPUTO,8,44.6,97.7,MEDIUM,SYNTHETIC_GENERATOR_V1,SYNTHETIC
PA_003328,2025-02-07,MAPUTO,7,35.0,93.8,MEDIUM,SYNTHETIC_GENERATOR_V1,SYNTHETIC
PA_003329,2025-02-08,MAPUTO,4,9.2,65.7,LOW,SYNTHETIC_GENERATOR_V1,SYNTHETIC
PA_003330,2025-02-09,MAPUTO,8,43.8,95.2,MEDIUM,SYNTHETIC_GENERATOR_V1,SYNTHETIC
PA_003331,2025-02-10,MAPUTO,5,19.4,80.9,LOW,SYNTHETIC_GENERATOR_V1,SYNTHETIC
PA_003332,2025-02-11,MAPUTO,6,29.9,86.1,MEDIUM,SYNTHETIC_GENERATOR_V1,SYNTHETIC
PA_003333,2025-02-12,MAPUTO,2,0.0,52.3,LOW,SYNTHETIC_GENERATOR_V1,SYNTHETIC
PA_003334,2025-02-13,MAPUTO,10,61.4,117.3,HIGH,SYNTHETIC_GENERATOR_V1,SYNTHETIC
PA_003335,2025-02-14,MAPUTO,8,39.5,99.4,MEDIUM,SYNTHETIC_GENERATOR_V1,SYNTHETIC
PA_003336,2025-02-15,MAPUTO,5,22.0,77.7,LOW,SYNTHETIC_GENERATOR_V1,SYNTHETIC
PA_003337,2025-02-16,MAPUTO,8,41.5,100.8,MEDIUM,SYNTHETIC_GENERATOR_V1,SYNTHETIC
PA_003338,2025-02-17,MAPUTO,7,36.4,93.6,MEDIUM,SYNTHETIC_GENERATOR_V1,SYNTHETIC
PA_003339,2025-02-18,MAPUTO,5,25.8,81.0,MEDIUM,SYNTHETIC_GENERATOR_V1,SYNTHETIC
PA_003340,2025-02-19,MAPUTO,11,76.4,131.1,HIGH,SYNTHETIC_GENERATOR_V1,SYNTHETIC
PA_003341,2025-02-20,MAPUTO,7,37.1,91.5,MEDIUM,SYNTHETIC_GENERATOR_V1,SYNTHETIC
PA_003342,2025-02-21,MAPUTO,9,44.2,103.9,MEDIUM,SYNTHETIC_GENERATOR_V1,SYNTHETIC
PA_003343,2025-02-22,MAPUTO,4,14.3,67.0,LOW,SYNTHETIC_GENERATOR_V1,SYNTHETIC
PA_003344,2025-02-23,MAPUTO,5,24.5,78.3,MEDIUM,SYNTHETIC_GENERATOR_V1,SYNTHETIC
PA_003345,2025-02-24,MAPUTO,4,10.2,63.4,LOW,SYNTHETIC_GENERATOR_V1,SYNTHETIC
PA_003346,2025-02-25,MAPUTO,5,23.5,78.0,LOW,SYNTHETIC_GENERATOR_V1,SYNTHETIC
PA_003347,2025-02-26,MAPUTO,7,40.3,102.5,MEDIUM,SYNTHETIC_GENERATOR_V1,SYNTHETIC
PA_003348,2025-02-27,MAPUTO,7,38.1,96.0,MEDIUM,SYNTHETIC_GENERATOR_V1,SYNTHETIC
PA_003349,2025-02-28,MAPUTO,5,23.1,74.1,LOW,SYNTHETIC_GENERATOR_V1,SYNTHETIC
PA_003350,2025-03-01,MAPUTO,5,24.6,70.4,MEDIUM,SYNTHETIC_GENERATOR_V1,SYNTHETIC
PA_003351,2025-03-02,MAPUTO,9,54.7,119.1,MEDIUM,SYNTHETIC_GENERATOR_V1,SYNTHETIC
PA_003352,2025-03-03,MAPUTO,8,48.6,92.1,MEDIUM,SYNTHETIC_GENERATOR_V1,SYNTHETIC
PA_003353,2025-03-04,MAPUTO,3,3.7,56.1,LOW,SYNTHETIC_GENERATOR_V1,SYNTHETIC
PA_003354,2025-03-05,MAPUTO,11,73.9,135.1,HIGH,SYNTHETIC_GENERATOR_V1,SYNTHETIC
PA_003355,2025-03-06,MAPUTO,5,20.8,78.4,LOW,SYNTHETIC_GENERATOR_V1,SYNTHETIC
PA_003356,2025-03-07,MAPUTO,5,25.0,85.7,MEDIUM,SYNTHETIC_GENERATOR_V1,SYNTHETIC
PA_003357,2025-03-08,MAPUTO,3,6.3,64.6,LOW,SYNTHETIC_GENERATOR_V1,SYNTHETIC
PA_003358,2025-03-09,MAPUTO,9,56.8,108.8,MEDIUM,SYNTHETIC_GENERATOR_V1,SYNTHETIC
PA_003359,2025-03-10,MAPUTO,3,5.9,64.1,LOW,SYNTHETIC_GENERATOR_V1,SYNTHETIC
PA_003360,2025-03-11,MAPUTO,4,18.2,67.2,LOW,SYNTHETIC_GENERATOR_V1,SYNTHETIC
PA_003361,2025-03-12,MAPUTO,4,12.5,63.5,LOW,SYNTHETIC_GENERATOR_V1,SYNTHETIC
PA_003362,2025-03-13,MAPUTO,6,25.6,80.2,MEDIUM,SYNTHETIC_GENERATOR_V1,SYNTHETIC
PA_003363,2025-03-14,MAPUTO,9,50.0,108.8,MEDIUM,SYNTHETIC_GENERATOR_V1,SYNTHETIC
PA_003364,2025-03-15,MAPUTO,8,42.2,101.6,MEDIUM,SYNTHETIC_GENERATOR_V1,SYNTHETIC
PA_003365,2025-03-16,MAPUTO,9,54.4,109.8,MEDIUM,SYNTHETIC_GENERATOR_V1,SYNTHETIC
PA_003366,2025-03-17,MAPUTO,8,39.4,91.8,MEDIUM,SYNTHETIC_GENERATOR_V1,SYNTHETIC
PA_003367,2025-03-18,MAPUTO,5,27.8,88.2,MEDIUM,SYNTHETIC_GENERATOR_V1,SYNTHETIC
PA_003368,2025-03-19,MAPUTO,7,34.9,94.2,MEDIUM,SYNTHETIC_GENERATOR_V1,SYNTHETIC
PA_003369,2025-03-20,MAPUTO,7,34.0,97.2,MEDIUM,SYNTHETIC_GENERATOR_V1,SYNTHETIC
PA_003370,2025-03-21,MAPUTO,8,46.4,96.7,MEDIUM,SYNTHETIC_GENERATOR_V1,SYNTHETIC
PA_003371,2025-03-22,MAPUTO,5,17.3,64.7,LOW,SYNTHETIC_GENERATOR_V1,SYNTHETIC
PA_003372,2025-03-23,MAPUTO,7,29.1,86.3,MEDIUM,SYNTHETIC_GENERATOR_V1,SYNTHETIC
PA_003373,2025-03-24,MAPUTO,5,10.7,67.3,LOW,SYNTHETIC_GENERATOR_V1,SYNTHETIC
PA_003374,2025-03-25,MAPUTO,6,21.7,70.5,LOW,SYNTHETIC_GENERATOR_V1,SYNTHETIC
PA_003375,2025-03-26,MAPUTO,3,8.6,68.2,LOW,SYNTHETIC_GENERATOR_V1,SYNTHETIC
PA_003376,2025-03-27,MAPUTO,5,20.2,78.9,LOW,SYNTHETIC_GENERATOR_V1,SYNTHETIC
PA_003377,2025-03-28,MAPUTO,5,19.3,71.9,LOW,SYNTHETIC_GENERATOR_V1,SYNTHETIC
PA_003378,2025-03-29,MAPUTO,5,26.2,75.8,MEDIUM,SYNTHETIC_GENERATOR_V1,SYNTHETIC
PA_003379,2025-03-30,MAPUTO,4,13.7,68.0,LOW,SYNTHETIC_GENERATOR_V1,SYNTHETIC
PA_003380,2025-03-31,MAPUTO,8,48.2,110.3,MEDIUM,SYNTHETIC_GENERATOR_V1,SYNTHETIC
PA_003381,2025-04-01,MAPUTO,4,19.4,77.2,LOW,SYNTHETIC_GENERATOR_V1,SYNTHETIC
PA_003382,2025-04-02,MAPUTO,4,18.0,73.3,LOW,SYNTHETIC_GENERATOR_V1,SYNTHETIC
PA_003383,2025-04-03,MAPUTO,7,28.9,89.8,MEDIUM,SYNTHETIC_GENERATOR_V1,SYNTHETIC
PA_003384,2025-04-04,MAPUTO,7,36.3,87.6,MEDIUM,SYNTHETIC_GENERATOR_V1,SYNTHETIC
PA_003385,2025-04-05,MAPUTO,4,18.2,80.0,LOW,SYNTHETIC_GENERATOR_V1,SYNTHETIC
PA_003386,2025-04-06,MAPUTO,6,29.1,83.3,MEDIUM,SYNTHETIC_GENERATOR_V1,SYNTHETIC
PA_003387,2025-04-07,MAPUTO,7,36.9,92.4,MEDIUM,SYNTHETIC_GENERATOR_V1,SYNTHETIC
PA_003388,2025-04-08,MAPUTO,2,0.2,54.5,LOW,SYNTHETIC_GENERATOR_V1,SYNTHETIC
PA_003389,2025-04-09,MAPUTO,3,15.3,73.7,LOW,SYNTHETIC_GENERATOR_V1,SYNTHETIC
PA_003390,2025-04-10,MAPUTO,12,75.9,134.6,HIGH,SYNTHETIC_GENERATOR_V1,SYNTHETIC
PA_003391,2025-04-11,MAPUTO,13,89.0,146.5,HIGH,SYNTHETIC_GENERATOR_V1,SYNTHETIC
PA_003392,2025-04-12,MAPUTO,5,24.5,79.6,MEDIUM,SYNTHETIC_GENERATOR_V1,SYNTHETIC
PA_003393,2025-04-13,MAPUTO,9,56.2,117.8,MEDIUM,SYNTHETIC_GENERATOR_V1,SYNTHETIC
PA_003394,2025-04-14,MAPUTO,3,7.0,62.3,LOW,SYNTHETIC_GENERATOR_V1,SYNTHETIC
PA_003395,2025-04-15,MAPUTO,10,62.1,113.5,HIGH,SYNTHETIC_GENERATOR_V1,SYNTHETIC
PA_003396,2025-04-16,MAPUTO,9,55.9,107.4,MEDIUM,SYNTHETIC_GENERATOR_V1,SYNTHETIC
PA_003397,2025-04-17,MAPUTO,11,65.2,117.5,HIGH,SYNTHETIC_GENERATOR_V1,SYNTHETIC
PA_003398,2025-04-18,MAPUTO,10,61.1,121.0,HIGH,SYNTHETIC_GENERATOR_V1,SYNTHETIC
PA_003399,2025-04-19,MAPUTO,5,25.0,81.3,MEDIUM,SYNTHETIC_GENERATOR_V1,SYNTHETIC
PA_003400,2025-04-20,MAPUTO,7,37.1,93.4,MEDIUM,SYNTHETIC_GENERATOR_V1,SYNTHETIC
PA_003401,2025-04-21,MAPUTO,1,2.4,62.4,LOW,SYNTHETIC_GENERATOR_V1,SYNTHETIC
PA_003402,2025-04-22,MAPUTO,7,34.2,89.1,MEDIUM,SYNTHETIC_GENERATOR_V1,SYNTHETIC
PA_003403,2025-04-23,MAPUTO,15,109.5,166.1,HIGH,SYNTHETIC_GENERATOR_V1,SYNTHETIC
PA_003404,2025-04-24,MAPUTO,2,2.4,53.3,LOW,SYNTHETIC_GENERATOR_V1,SYNTHETIC
PA_003405,2025-04-25,MAPUTO,9,47.2,104.4,MEDIUM,SYNTHETIC_GENERATOR_V1,SYNTHETIC
PA_003406,2025-04-26,MAPUTO,2,7.5,58.6,LOW,SYNTHETIC_GENERATOR_V1,SYNTHETIC
PA_003407,2025-04-27,MAPUTO,3,11.8,64.3,LOW,SYNTHETIC_GENERATOR_V1,SYNTHETIC
PA_003408,2025-04-28,MAPUTO,1,7.8,62.2,LOW,SYNTHETIC_GENERATOR_V1,SYNTHETIC
PA_003409,2025-04-29,MAPUTO,7,33.7,88.9,MEDIUM,SYNTHETIC_GENERATOR_V1,SYNTHETIC
PA_003410,2025-04-30,MAPUTO,5,19.3,67.5,LOW,SYNTHETIC_GENERATOR_V1,SYNTHETIC
PA_003411,2025-05-01,MAPUTO,3,7.8,66.0,LOW,SYNTHETIC_GENERATOR_V1,SYNTHETIC
PA_003412,2025-05-02,MAPUTO,3,12.3,63.4,LOW,SYNTHETIC_GENERATOR_V1,SYNTHETIC
PA_003413,2025-05-03,MAPUTO,8,45.7,97.8,MEDIUM,SYNTHETIC_GENERATOR_V1,SYNTHETIC
PA_003414,2025-05-04,MAPUTO,3,8.9,66.1,LOW,SYNTHETIC_GENERATOR_V1,SYNTHETIC
PA_003415,2025-05-05,MAPUTO,6,21.3,80.2,LOW,SYNTHETIC_GENERATOR_V1,SYNTHETIC
PA_003416,2025-05-06,MAPUTO,9,58.0,104.7,MEDIUM,SYNTHETIC_GENERATOR_V1,SYNTHETIC
PA_003417,2025-05-07,MAPUTO,5,19.5,73.2,LOW,SYNTHETIC_GENERATOR_V1,SYNTHETIC
PA_003418,2025-05-08,MAPUTO,10,57.7,111.9,MEDIUM,SYNTHETIC_GENERATOR_V1,SYNTHETIC
PA_003419,2025-05-09,MAPUTO,10,57.7,119.0,MEDIUM,SYNTHETIC_GENERATOR_V1,SYNTHETIC
PA_003420,2025-05-10,MAPUTO,4,12.5,70.1,LOW,SYNTHETIC_GENERATOR_V1,SYNTHETIC
PA_003421,2025-05-11,MAPUTO,6,30.5,84.8,MEDIUM,SYNTHETIC_GENERATOR_V1,SYNTHETIC
PA_003422,2025-05-12,MAPUTO,6,26.9,79.9,MEDIUM,SYNTHETIC_GENERATOR_V1,SYNTHETIC
PA_003423,2025-05-13,MAPUTO,6,20.2,72.4,LOW,SYNTHETIC_GENERATOR_V1,SYNTHETIC
PA_003424,2025-05-14,MAPUTO,9,54.3,110.8,MEDIUM,SYNTHETIC_GENERATOR_V1,SYNTHETIC
PA_003425,2025-05-15,MAPUTO,4,16.0,74.5,LOW,SYNTHETIC_GENERATOR_V1,SYNTHETIC
PA_003426,2025-05-16,MAPUTO,5,21.1,73.7,LOW,SYNTHETIC_GENERATOR_V1,SYNTHETIC
PA_003427,2025-05-17,MAPUTO,4,13.0,73.0,LOW,SYNTHETIC_GENERATOR_V1,SYNTHETIC
PA_003428,2025-05-18,MAPUTO,6,31.6,89.0,MEDIUM,SYNTHETIC_GENERATOR_V1,SYNTHETIC
PA_003429,2025-05-19,MAPUTO,4,11.6,68.4,LOW,SYNTHETIC_GENERATOR_V1,SYNTHETIC
PA_003430,2025-05-20,MAPUTO,5,18.0,81.5,LOW,SYNTHETIC_GENERATOR_V1,SYNTHETIC
PA_003431,2025-05-21,MAPUTO,9,52.7,111.0,MEDIUM,SYNTHETIC_GENERATOR_V1,SYNTHETIC
PA_003432,2025-05-22,MAPUTO,1,0.0,54.3,LOW,SYNTHETIC_GENERATOR_V1,SYNTHETIC
PA_003433,2025-05-23,MAPUTO,5,16.5,74.5,LOW,SYNTHETIC_GENERATOR_V1,SYNTHETIC
PA_003434,2025-05-24,MAPUTO,5,22.7,78.3,LOW,SYNTHETIC_GENERATOR_V1,SYNTHETIC
PA_003435,2025-05-25,MAPUTO,2,1.8,64.9,LOW,SYNTHETIC_GENERATOR_V1,SYNTHETIC
PA_003436,2025-05-26,MAPUTO,5,18.1,77.0,LOW,SYNTHETIC_GENERATOR_V1,SYNTHETIC
PA_003437,2025-05-27,MAPUTO,8,39.8,97.8,MEDIUM,SYNTHETIC_GENERATOR_V1,SYNTHETIC
PA_003438,2025-05-28,MAPUTO,7,41.8,104.0,MEDIUM,SYNTHETIC_GENERATOR_V1,SYNTHETIC
PA_003439,2025-05-29,MAPUTO,10,56.8,116.4,MEDIUM,SYNTHETIC_GENERATOR_V1,SYNTHETIC
PA_003440,2025-05-30,MAPUTO,7,35.5,89.2,MEDIUM,SYNTHETIC_GENERATOR_V1,SYNTHETIC
PA_003441,2025-05-31,MAPUTO,4,15.1,67.3,LOW,SYNTHETIC_GENERATOR_V1,SYNTHETIC
PA_003442,2025-06-01,MAPUTO,3,10.3,74.1,LOW,SYNTHETIC_GENERATOR_V1,SYNTHETIC
PA_003443,2025-06-02,MAPUTO,9,54.8,113.4,MEDIUM,SYNTHETIC_GENERATOR_V1,SYNTHETIC
PA_003444,2025-06-03,MAPUTO,5,20.7,74.8,LOW,SYNTHETIC_GENERATOR_V1,SYNTHETIC
PA_003445,2025-06-04,MAPUTO,7,41.0,105.1,MEDIUM,SYNTHETIC_GENERATOR_V1,SYNTHETIC
PA_003446,2025-06-05,MAPUTO,5,21.5,77.8,LOW,SYNTHETIC_GENERATOR_V1,SYNTHETIC
PA_003447,2025-06-06,MAPUTO,6,23.7,79.6,LOW,SYNTHETIC_GENERATOR_V1,SYNTHETIC
PA_003448,2025-06-07,MAPUTO,9,47.3,106.3,MEDIUM,SYNTHETIC_GENERATOR_V1,SYNTHETIC
PA_003449,2025-06-08,MAPUTO,4,14.8,71.0,LOW,SYNTHETIC_GENERATOR_V1,SYNTHETIC
PA_003450,2025-06-09,MAPUTO,8,35.4,91.5,MEDIUM,SYNTHETIC_GENERATOR_V1,SYNTHETIC
PA_003451,2025-06-10,MAPUTO,9,53.4,104.8,MEDIUM,SYNTHETIC_GENERATOR_V1,SYNTHETIC
PA_003452,2025-06-11,MAPUTO,6,31.6,84.4,MEDIUM,SYNTHETIC_GENERATOR_V1,SYNTHETIC
PA_003453,2025-06-12,MAPUTO,7,30.4,87.2,MEDIUM,SYNTHETIC_GENERATOR_V1,SYNTHETIC
PA_003454,2025-06-13,MAPUTO,2,8.3,63.5,LOW,SYNTHETIC_GENERATOR_V1,SYNTHETIC
PA_003455,2025-06-14,MAPUTO,8,41.6,92.2,MEDIUM,SYNTHETIC_GENERATOR_V1,SYNTHETIC
PA_003456,2025-06-15,MAPUTO,5,22.0,82.4,LOW,SYNTHETIC_GENERATOR_V1,SYNTHETIC
PA_003457,2025-06-16,MAPUTO,8,39.3,99.1,MEDIUM,SYNTHETIC_GENERATOR_V1,SYNTHETIC
PA_003458,2025-06-17,MAPUTO,9,47.0,103.7,MEDIUM,SYNTHETIC_GENERATOR_V1,SYNTHETIC
PA_003459,2025-06-18,MAPUTO,6,26.6,83.1,MEDIUM,SYNTHETIC_GENERATOR_V1,SYNTHETIC
PA_003460,2025-06-19,MAPUTO,10,62.7,117.1,HIGH,SYNTHETIC_GENERATOR_V1,SYNTHETIC
PA_003461,2025-06-20,MAPUTO,8,41.9,98.5,MEDIUM,SYNTHETIC_GENERATOR_V1,SYNTHETIC
PA_003462,2025-06-21,MAPUTO,6,30.7,87.5,MEDIUM,SYNTHETIC_GENERATOR_V1,SYNTHETIC
PA_003463,2025-06-22,MAPUTO,8,43.3,95.9,MEDIUM,SYNTHETIC_GENERATOR_V1,SYNTHETIC
PA_003464,2025-06-23,MAPUTO,5,25.9,74.5,MEDIUM,SYNTHETIC_GENERATOR_V1,SYNTHETIC
PA_003465,2025-06-24,MAPUTO,4,11.9,67.5,LOW,SYNTHETIC_GENERATOR_V1,SYNTHETIC
PA_003466,2025-06-25,MAPUTO,9,47.5,98.5,MEDIUM,SYNTHETIC_GENERATOR_V1,SYNTHETIC
PA_003467,2025-06-26,MAPUTO,8,45.2,96.4,MEDIUM,SYNTHETIC_GENERATOR_V1,SYNTHETIC
PA_003468,2025-06-27,MAPUTO,3,7.3,62.6,LOW,SYNTHETIC_GENERATOR_V1,SYNTHETIC
PA_003469,2025-06-28,MAPUTO,6,27.1,84.5,MEDIUM,SYNTHETIC_GENERATOR_V1,SYNTHETIC
PA_003470,2025-06-29,MAPUTO,5,20.9,75.2,LOW,SYNTHETIC_GENERATOR_V1,SYNTHETIC
PA_003471,2025-06-30,MAPUTO,5,17.5,67.7,LOW,SYNTHETIC_GENERATOR_V1,SYNTHETIC
PA_003472,2025-07-01,MAPUTO,7,35.1,97.0,MEDIUM,SYNTHETIC_GENERATOR_V1,SYNTHETIC
PA_003473,2025-07-02,MAPUTO,3,14.8,62.8,LOW,SYNTHETIC_GENERATOR_V1,SYNTHETIC
PA_003474,2025-07-03,MAPUTO,5,18.2,65.9,LOW,SYNTHETIC_GENERATOR_V1,SYNTHETIC
PA_003475,2025-07-04,MAPUTO,4,16.3,75.5,LOW,SYNTHETIC_GENERATOR_V1,SYNTHETIC
PA_003476,2025-07-05,MAPUTO,4,17.3,81.1,LOW,SYNTHETIC_GENERATOR_V1,SYNTHETIC
PA_003477,2025-07-06,MAPUTO,5,21.1,76.3,LOW,SYNTHETIC_GENERATOR_V1,SYNTHETIC
PA_003478,2025-07-07,MAPUTO,3,10.0,62.8,LOW,SYNTHETIC_GENERATOR_V1,SYNTHETIC
PA_003479,2025-07-08,MAPUTO,7,36.2,100.9,MEDIUM,SYNTHETIC_GENERATOR_V1,SYNTHETIC
PA_003480,2025-07-09,MAPUTO,3,15.7,73.9,LOW,SYNTHETIC_GENERATOR_V1,SYNTHETIC
PA_003481,2025-07-10,MAPUTO,5,24.6,79.6,MEDIUM,SYNTHETIC_GENERATOR_V1,SYNTHETIC
PA_003482,2025-07-11,MAPUTO,8,40.0,97.7,MEDIUM,SYNTHETIC_GENERATOR_V1,SYNTHETIC
PA_003483,2025-07-12,MAPUTO,5,21.7,73.7,LOW,SYNTHETIC_GENERATOR_V1,SYNTHETIC
PA_003484,2025-07-13,MAPUTO,8,43.4,97.6,MEDIUM,SYNTHETIC_GENERATOR_V1,SYNTHETIC
PA_003485,2025-07-14,MAPUTO,7,30.7,78.9,MEDIUM,SYNTHETIC_GENERATOR_V1,SYNTHETIC
PA_003486,2025-07-15,MAPUTO,7,34.7,94.2,MEDIUM,SYNTHETIC_GENERATOR_V1,SYNTHETIC
PA_003487,2025-07-16,MAPUTO,4,19.3,79.1,LOW,SYNTHETIC_GENERATOR_V1,SYNTHETIC
PA_003488,2025-07-17,MAPUTO,8,43.0,108.0,MEDIUM,SYNTHETIC_GENERATOR_V1,SYNTHETIC
PA_003489,2025-07-18,MAPUTO,4,19.2,70.2,LOW,SYNTHETIC_GENERATOR_V1,SYNTHETIC
PA_003490,2025-07-19,MAPUTO,11,68.7,117.3,HIGH,SYNTHETIC_GENERATOR_V1,SYNTHETIC
PA_003491,2025-07-20,MAPUTO,9,53.8,107.7,MEDIUM,SYNTHETIC_GENERATOR_V1,SYNTHETIC
PA_003492,2025-07-21,MAPUTO,8,42.3,97.1,MEDIUM,SYNTHETIC_GENERATOR_V1,SYNTHETIC
PA_003493,2025-07-22,MAPUTO,6,29.6,76.1,MEDIUM,SYNTHETIC_GENERATOR_V1,SYNTHETIC
PA_003494,2025-07-23,MAPUTO,11,68.1,122.1,HIGH,SYNTHETIC_GENERATOR_V1,SYNTHETIC
PA_003495,2025-07-24,MAPUTO,5,22.0,75.4,LOW,SYNTHETIC_GENERATOR_V1,SYNTHETIC
PA_003496,2025-07-25,MAPUTO,6,30.4,88.9,MEDIUM,SYNTHETIC_GENERATOR_V1,SYNTHETIC
PA_003497,2025-07-26,MAPUTO,5,18.9,72.6,LOW,SYNTHETIC_GENERATOR_V1,SYNTHETIC
PA_003498,2025-07-27,MAPUTO,10,58.9,115.3,MEDIUM,SYNTHETIC_GENERATOR_V1,SYNTHETIC
PA_003499,2025-07-28,MAPUTO,7,39.3,92.2,MEDIUM,SYNTHETIC_GENERATOR_V1,SYNTHETIC
PA_003500,2025-07-29,MAPUTO,8,44.5,96.1,MEDIUM,SYNTHETIC_GENERATOR_V1,SYNTHETIC
PA_003501,2025-07-30,MAPUTO,7,33.2,89.4,MEDIUM,SYNTHETIC_GENERATOR_V1,SYNTHETIC
PA_003502,2025-07-31,MAPUTO,3,2.0,55.7,LOW,SYNTHETIC_GENERATOR_V1,SYNTHETIC
PA_003503,2025-08-01,MAPUTO,9,48.6,97.1,MEDIUM,SYNTHETIC_GENERATOR_V1,SYNTHETIC
PA_003504,2025-08-02,MAPUTO,5,27.2,83.2,MEDIUM,SYNTHETIC_GENERATOR_V1,SYNTHETIC
PA_003505,2025-08-03,MAPUTO,6,34.3,99.2,MEDIUM,SYNTHETIC_GENERATOR_V1,SYNTHETIC
PA_003506,2025-08-04,MAPUTO,5,19.3,71.9,LOW,SYNTHETIC_GENERATOR_V1,SYNTHETIC
PA_003507,2025-08-05,MAPUTO,3,10.6,65.6,LOW,SYNTHETIC_GENERATOR_V1,SYNTHETIC
PA_003508,2025-08-06,MAPUTO,3,5.8,63.4,LOW,SYNTHETIC_GENERATOR_V1,SYNTHETIC
PA_003509,2025-08-07,MAPUTO,6,26.4,82.1,MEDIUM,SYNTHETIC_GENERATOR_V1,SYNTHETIC
PA_003510,2025-08-08,MAPUTO,6,28.2,90.3,MEDIUM,SYNTHETIC_GENERATOR_V1,SYNTHETIC
PA_003511,2025-08-09,MAPUTO,9,48.2,105.7,MEDIUM,SYNTHETIC_GENERATOR_V1,SYNTHETIC
PA_003512,2025-08-10,MAPUTO,7,39.1,96.3,MEDIUM,SYNTHETIC_GENERATOR_V1,SYNTHETIC
PA_003513,2025-08-11,MAPUTO,3,12.7,64.9,LOW,SYNTHETIC_GENERATOR_V1,SYNTHETIC
PA_003514,2025-08-12,MAPUTO,5,17.5,82.0,LOW,SYNTHETIC_GENERATOR_V1,SYNTHETIC
PA_003515,2025-08-13,MAPUTO,7,31.2,90.1,MEDIUM,SYNTHETIC_GENERATOR_V1,SYNTHETIC
PA_003516,2025-08-14,MAPUTO,2,5.8,59.7,LOW,SYNTHETIC_GENERATOR_V1,SYNTHETIC
PA_003517,2025-08-15,MAPUTO,8,44.8,100.2,MEDIUM,SYNTHETIC_GENERATOR_V1,SYNTHETIC
PA_003518,2025-08-16,MAPUTO,9,50.2,108.9,MEDIUM,SYNTHETIC_GENERATOR_V1,SYNTHETIC
PA_003519,2025-08-17,MAPUTO,7,29.8,87.5,MEDIUM,SYNTHETIC_GENERATOR_V1,SYNTHETIC
PA_003520,2025-08-18,MAPUTO,7,36.5,84.0,MEDIUM,SYNTHETIC_GENERATOR_V1,SYNTHETIC
PA_003521,2025-08-19,MAPUTO,3,11.1,67.4,LOW,SYNTHETIC_GENERATOR_V1,SYNTHETIC
PA_003522,2025-08-20,MAPUTO,4,20.8,71.1,LOW,SYNTHETIC_GENERATOR_V1,SYNTHETIC
PA_003523,2025-08-21,MAPUTO,4,15.3,66.2,LOW,SYNTHETIC_GENERATOR_V1,SYNTHETIC
PA_003524,2025-08-22,MAPUTO,4,13.4,71.4,LOW,SYNTHETIC_GENERATOR_V1,SYNTHETIC
PA_003525,2025-08-23,MAPUTO,11,68.4,119.2,HIGH,SYNTHETIC_GENERATOR_V1,SYNTHETIC
PA_003526,2025-08-24,MAPUTO,16,117.1,177.7,HIGH,SYNTHETIC_GENERATOR_V1,SYNTHETIC
PA_003527,2025-08-25,MAPUTO,7,40.4,100.3,MEDIUM,SYNTHETIC_GENERATOR_V1,SYNTHETIC
PA_003528,2025-08-26,MAPUTO,3,9.6,64.0,LOW,SYNTHETIC_GENERATOR_V1,SYNTHETIC
PA_003529,2025-08-27,MAPUTO,6,22.2,81.2,LOW,SYNTHETIC_GENERATOR_V1,SYNTHETIC
PA_003530,2025-08-28,MAPUTO,4,22.0,77.6,LOW,SYNTHETIC_GENERATOR_V1,SYNTHETIC
PA_003531,2025-08-29,MAPUTO,11,69.3,124.8,HIGH,SYNTHETIC_GENERATOR_V1,SYNTHETIC
PA_003532,2025-08-30,MAPUTO,5,22.6,84.3,LOW,SYNTHETIC_GENERATOR_V1,SYNTHETIC
PA_003533,2025-08-31,MAPUTO,8,42.6,94.2,MEDIUM,SYNTHETIC_GENERATOR_V1,SYNTHETIC
PA_003534,2025-09-01,MAPUTO,2,5.3,63.5,LOW,SYNTHETIC_GENERATOR_V1,SYNTHETIC
PA_003535,2025-09-02,MAPUTO,4,14.4,57.1,LOW,SYNTHETIC_GENERATOR_V1,SYNTHETIC
PA_003536,2025-09-03,MAPUTO,9,46.7,103.3,MEDIUM,SYNTHETIC_GENERATOR_V1,SYNTHETIC
PA_003537,2025-09-04,MAPUTO,5,20.3,75.0,LOW,SYNTHETIC_GENERATOR_V1,SYNTHETIC
PA_003538,2025-09-05,MAPUTO,8,49.1,98.0,MEDIUM,SYNTHETIC_GENERATOR_V1,SYNTHETIC
PA_003539,2025-09-06,MAPUTO,7,38.9,90.5,MEDIUM,SYNTHETIC_GENERATOR_V1,SYNTHETIC
PA_003540,2025-09-07,MAPUTO,9,51.5,113.6,MEDIUM,SYNTHETIC_GENERATOR_V1,SYNTHETIC
PA_003541,2025-09-08,MAPUTO,8,42.5,104.2,MEDIUM,SYNTHETIC_GENERATOR_V1,SYNTHETIC
PA_003542,2025-09-09,MAPUTO,7,27.1,81.6,MEDIUM,SYNTHETIC_GENERATOR_V1,SYNTHETIC
PA_003543,2025-09-10,MAPUTO,6,29.3,88.1,MEDIUM,SYNTHETIC_GENERATOR_V1,SYNTHETIC
PA_003544,2025-09-11,MAPUTO,7,38.5,98.1,MEDIUM,SYNTHETIC_GENERATOR_V1,SYNTHETIC
PA_003545,2025-09-12,MAPUTO,2,5.7,65.2,LOW,SYNTHETIC_GENERATOR_V1,SYNTHETIC
PA_003546,2025-09-13,MAPUTO,12,78.7,131.8,HIGH,SYNTHETIC_GENERATOR_V1,SYNTHETIC
PA_003547,2025-09-14,MAPUTO,5,24.1,85.6,MEDIUM,SYNTHETIC_GENERATOR_V1,SYNTHETIC
PA_003548,2025-09-15,MAPUTO,3,11.7,62.1,LOW,SYNTHETIC_GENERATOR_V1,SYNTHETIC
PA_003549,2025-09-16,MAPUTO,8,46.5,102.1,MEDIUM,SYNTHETIC_GENERATOR_V1,SYNTHETIC
PA_003550,2025-09-17,MAPUTO,4,18.2,76.7,LOW,SYNTHETIC_GENERATOR_V1,SYNTHETIC
PA_003551,2025-09-18,MAPUTO,10,60.1,117.0,HIGH,SYNTHETIC_GENERATOR_V1,SYNTHETIC
PA_003552,2025-09-19,MAPUTO,9,46.6,102.5,MEDIUM,SYNTHETIC_GENERATOR_V1,SYNTHETIC
PA_003553,2025-09-20,MAPUTO,5,21.7,76.2,LOW,SYNTHETIC_GENERATOR_V1,SYNTHETIC
PA_003554,2025-09-21,MAPUTO,4,16.9,71.2,LOW,SYNTHETIC_GENERATOR_V1,SYNTHETIC
PA_003555,2025-09-22,MAPUTO,7,36.0,89.2,MEDIUM,SYNTHETIC_GENERATOR_V1,SYNTHETIC
PA_003556,2025-09-23,MAPUTO,8,41.7,98.7,MEDIUM,SYNTHETIC_GENERATOR_V1,SYNTHETIC
PA_003557,2025-09-24,MAPUTO,6,29.4,83.7,MEDIUM,SYNTHETIC_GENERATOR_V1,SYNTHETIC
PA_003558,2025-09-25,MAPUTO,5,23.4,78.0,LOW,SYNTHETIC_GENERATOR_V1,SYNTHETIC
PA_003559,2025-09-26,MAPUTO,4,10.2,66.2,LOW,SYNTHETIC_GENERATOR_V1,SYNTHETIC
PA_003560,2025-09-27,MAPUTO,7,39.9,97.7,MEDIUM,SYNTHETIC_GENERATOR_V1,SYNTHETIC
PA_003561,2025-09-28,MAPUTO,6,29.0,81.4,MEDIUM,SYNTHETIC_GENERATOR_V1,SYNTHETIC
PA_003562,2025-09-29,MAPUTO,4,15.5,70.2,LOW,SYNTHETIC_GENERATOR_V1,SYNTHETIC
PA_003563,2025-09-30,MAPUTO,5,19.2,78.9,LOW,SYNTHETIC_GENERATOR_V1,SYNTHETIC
PA_003564,2025-10-01,MAPUTO,2,0.0,54.2,LOW,SYNTHETIC_GENERATOR_V1,SYNTHETIC
PA_003565,2025-10-02,MAPUTO,4,19.5,71.6,LOW,SYNTHETIC_GENERATOR_V1,SYNTHETIC
PA_003566,2025-10-03,MAPUTO,1,5.8,69.1,LOW,SYNTHETIC_GENERATOR_V1,SYNTHETIC
PA_003567,2025-10-04,MAPUTO,5,22.4,77.5,LOW,SYNTHETIC_GENERATOR_V1,SYNTHETIC
PA_003568,2025-10-05,MAPUTO,6,27.3,85.3,MEDIUM,SYNTHETIC_GENERATOR_V1,SYNTHETIC
PA_003569,2025-10-06,MAPUTO,3,9.7,63.1,LOW,SYNTHETIC_GENERATOR_V1,SYNTHETIC
PA_003570,2025-10-07,MAPUTO,1,3.9,57.1,LOW,SYNTHETIC_GENERATOR_V1,SYNTHETIC
PA_003571,2025-10-08,MAPUTO,5,22.4,73.4,LOW,SYNTHETIC_GENERATOR_V1,SYNTHETIC
PA_003572,2025-10-09,MAPUTO,7,34.4,91.8,MEDIUM,SYNTHETIC_GENERATOR_V1,SYNTHETIC
PA_003573,2025-10-10,MAPUTO,6,29.6,83.1,MEDIUM,SYNTHETIC_GENERATOR_V1,SYNTHETIC
PA_003574,2025-10-11,MAPUTO,6,30.0,83.0,MEDIUM,SYNTHETIC_GENERATOR_V1,SYNTHETIC
PA_003575,2025-10-12,MAPUTO,4,19.9,76.8,LOW,SYNTHETIC_GENERATOR_V1,SYNTHETIC
PA_003576,2025-10-13,MAPUTO,4,19.2,73.4,LOW,SYNTHETIC_GENERATOR_V1,SYNTHETIC
PA_003577,2025-10-14,MAPUTO,6,27.0,81.0,MEDIUM,SYNTHETIC_GENERATOR_V1,SYNTHETIC
PA_003578,2025-10-15,MAPUTO,4,17.1,74.6,LOW,SYNTHETIC_GENERATOR_V1,SYNTHETIC
PA_003579,2025-10-16,MAPUTO,4,13.9,67.8,LOW,SYNTHETIC_GENERATOR_V1,SYNTHETIC
PA_003580,2025-10-17,MAPUTO,7,33.3,93.0,MEDIUM,SYNTHETIC_GENERATOR_V1,SYNTHETIC
PA_003581,2025-10-18,MAPUTO,4,9.7,67.8,LOW,SYNTHETIC_GENERATOR_V1,SYNTHETIC
PA_003582,2025-10-19,MAPUTO,10,53.2,107.3,MEDIUM,SYNTHETIC_GENERATOR_V1,SYNTHETIC
PA_003583,2025-10-20,MAPUTO,6,24.0,82.2,MEDIUM,SYNTHETIC_GENERATOR_V1,SYNTHETIC
PA_003584,2025-10-21,MAPUTO,5,20.4,69.3,LOW,SYNTHETIC_GENERATOR_V1,SYNTHETIC
PA_003585,2025-10-22,MAPUTO,9,50.4,107.6,MEDIUM,SYNTHETIC_GENERATOR_V1,SYNTHETIC
PA_003586,2025-10-23,MAPUTO,5,17.4,79.9,LOW,SYNTHETIC_GENERATOR_V1,SYNTHETIC
PA_003587,2025-10-24,MAPUTO,6,24.3,78.9,MEDIUM,SYNTHETIC_GENERATOR_V1,SYNTHETIC
PA_003588,2025-10-25,MAPUTO,8,41.4,103.0,MEDIUM,SYNTHETIC_GENERATOR_V1,SYNTHETIC
PA_003589,2025-10-26,MAPUTO,4,17.9,67.9,LOW,SYNTHETIC_GENERATOR_V1,SYNTHETIC
PA_003590,2025-10-27,MAPUTO,7,38.3,94.7,MEDIUM,SYNTHETIC_GENERATOR_V1,SYNTHETIC
PA_003591,2025-10-28,MAPUTO,6,24.1,80.4,MEDIUM,SYNTHETIC_GENERATOR_V1,SYNTHETIC
PA_003592,2025-10-29,MAPUTO,5,23.3,86.0,LOW,SYNTHETIC_GENERATOR_V1,SYNTHETIC
PA_003593,2025-10-30,MAPUTO,3,11.5,70.3,LOW,SYNTHETIC_GENERATOR_V1,SYNTHETIC
PA_003594,2025-10-31,MAPUTO,9,49.7,103.1,MEDIUM,SYNTHETIC_GENERATOR_V1,SYNTHETIC
PA_003595,2025-11-01,MAPUTO,6,29.9,82.9,MEDIUM,SYNTHETIC_GENERATOR_V1,SYNTHETIC
PA_003596,2025-11-02,MAPUTO,5,16.1,76.4,LOW,SYNTHETIC_GENERATOR_V1,SYNTHETIC
PA_003597,2025-11-03,MAPUTO,6,31.9,83.7,MEDIUM,SYNTHETIC_GENERATOR_V1,SYNTHETIC
PA_003598,2025-11-04,MAPUTO,9,54.5,110.4,MEDIUM,SYNTHETIC_GENERATOR_V1,SYNTHETIC
PA_003599,2025-11-05,MAPUTO,4,13.9,63.0,LOW,SYNTHETIC_GENERATOR_V1,SYNTHETIC
PA_003600,2025-11-06,MAPUTO,7,35.2,91.6,MEDIUM,SYNTHETIC_GENERATOR_V1,SYNTHETIC
PA_003601,2025-11-07,MAPUTO,5,19.9,79.5,LOW,SYNTHETIC_GENERATOR_V1,SYNTHETIC
PA_003602,2025-11-08,MAPUTO,6,31.0,82.0,MEDIUM,SYNTHETIC_GENERATOR_V1,SYNTHETIC
PA_003603,2025-11-09,MAPUTO,6,28.0,80.8,MEDIUM,SYNTHETIC_GENERATOR_V1,SYNTHETIC
PA_003604,2025-11-10,MAPUTO,8,46.2,102.8,MEDIUM,SYNTHETIC_GENERATOR_V1,SYNTHETIC
PA_003605,2025-11-11,MAPUTO,11,68.0,121.8,HIGH,SYNTHETIC_GENERATOR_V1,SYNTHETIC
PA_003606,2025-11-12,MAPUTO,5,20.1,71.3,LOW,SYNTHETIC_GENERATOR_V1,SYNTHETIC
PA_003607,2025-11-13,MAPUTO,5,16.2,76.6,LOW,SYNTHETIC_GENERATOR_V1,SYNTHETIC
PA_003608,2025-11-14,MAPUTO,11,73.6,124.8,HIGH,SYNTHETIC_GENERATOR_V1,SYNTHETIC
PA_003609,2025-11-15,MAPUTO,6,32.1,92.5,MEDIUM,SYNTHETIC_GENERATOR_V1,SYNTHETIC
PA_003610,2025-11-16,MAPUTO,6,29.8,83.8,MEDIUM,SYNTHETIC_GENERATOR_V1,SYNTHETIC
PA_003611,2025-11-17,MAPUTO,10,63.3,116.8,HIGH,SYNTHETIC_GENERATOR_V1,SYNTHETIC
PA_003612,2025-11-18,MAPUTO,8,36.5,94.1,MEDIUM,SYNTHETIC_GENERATOR_V1,SYNTHETIC
PA_003613,2025-11-19,MAPUTO,4,16.3,71.3,LOW,SYNTHETIC_GENERATOR_V1,SYNTHETIC
PA_003614,2025-11-20,MAPUTO,7,35.6,95.0,MEDIUM,SYNTHETIC_GENERATOR_V1,SYNTHETIC
PA_003615,2025-11-21,MAPUTO,6,29.6,88.4,MEDIUM,SYNTHETIC_GENERATOR_V1,SYNTHETIC
PA_003616,2025-11-22,MAPUTO,10,55.7,111.1,MEDIUM,SYNTHETIC_GENERATOR_V1,SYNTHETIC
PA_003617,2025-11-23,MAPUTO,3,12.8,69.2,LOW,SYNTHETIC_GENERATOR_V1,SYNTHETIC
PA_003618,2025-11-24,MAPUTO,6,29.0,84.5,MEDIUM,SYNTHETIC_GENERATOR_V1,SYNTHETIC
PA_003619,2025-11-25,MAPUTO,3,4.1,56.5,LOW,SYNTHETIC_GENERATOR_V1,SYNTHETIC
PA_003620,2025-11-26,MAPUTO,7,40.4,95.0,MEDIUM,SYNTHETIC_GENERATOR_V1,SYNTHETIC
PA_003621,2025-11-27,MAPUTO,9,53.5,111.0,MEDIUM,SYNTHETIC_GENERATOR_V1,SYNTHETIC
PA_003622,2025-11-28,MAPUTO,9,54.9,111.2,MEDIUM,SYNTHETIC_GENERATOR_V1,SYNTHETIC
PA_003623,2025-11-29,MAPUTO,5,15.5,71.6,LOW,SYNTHETIC_GENERATOR_V1,SYNTHETIC
PA_003624,2025-11-30,MAPUTO,7,31.3,88.6,MEDIUM,SYNTHETIC_GENERATOR_V1,SYNTHETIC
PA_003625,2025-12-01,MAPUTO,6,32.0,83.6,MEDIUM,SYNTHETIC_GENERATOR_V1,SYNTHETIC
PA_003626,2025-12-02,MAPUTO,8,40.0,93.2,MEDIUM,SYNTHETIC_GENERATOR_V1,SYNTHETIC
PA_003627,2025-12-03,MAPUTO,10,62.3,115.8,HIGH,SYNTHETIC_GENERATOR_V1,SYNTHETIC
PA_003628,2025-12-04,MAPUTO,4,14.0,67.3,LOW,SYNTHETIC_GENERATOR_V1,SYNTHETIC
PA_003629,2025-12-05,MAPUTO,5,28.1,83.4,MEDIUM,SYNTHETIC_GENERATOR_V1,SYNTHETIC
PA_003630,2025-12-06,MAPUTO,6,25.3,83.3,MEDIUM,SYNTHETIC_GENERATOR_V1,SYNTHETIC
PA_003631,2025-12-07,MAPUTO,4,23.1,79.1,LOW,SYNTHETIC_GENERATOR_V1,SYNTHETIC
PA_003632,2025-12-08,MAPUTO,7,36.5,95.1,MEDIUM,SYNTHETIC_GENERATOR_V1,SYNTHETIC
PA_003633,2025-12-09,MAPUTO,5,10.4,70.4,LOW,SYNTHETIC_GENERATOR_V1,SYNTHETIC
PA_003634,2025-12-10,MAPUTO,4,10.0,66.6,LOW,SYNTHETIC_GENERATOR_V1,SYNTHETIC
PA_003635,2025-12-11,MAPUTO,3,9.2,63.4,LOW,SYNTHETIC_GENERATOR_V1,SYNTHETIC
PA_003636,2025-12-12,MAPUTO,6,28.8,88.5,MEDIUM,SYNTHETIC_GENERATOR_V1,SYNTHETIC
PA_003637,2025-12-13,MAPUTO,5,21.6,78.8,LOW,SYNTHETIC_GENERATOR_V1,SYNTHETIC
PA_003638,2025-12-14,MAPUTO,2,4.9,56.6,LOW,SYNTHETIC_GENERATOR_V1,SYNTHETIC
PA_003639,2025-12-15,MAPUTO,6,27.1,78.5,MEDIUM,SYNTHETIC_GENERATOR_V1,SYNTHETIC
PA_003640,2025-12-16,MAPUTO,5,20.1,78.9,LOW,SYNTHETIC_GENERATOR_V1,SYNTHETIC
PA_003641,2025-12-17,MAPUTO,2,8.4,64.4,LOW,SYNTHETIC_GENERATOR_V1,SYNTHETIC
PA_003642,2025-12-18,MAPUTO,5,23.8,76.4,LOW,SYNTHETIC_GENERATOR_V1,SYNTHETIC
PA_003643,2025-12-19,MAPUTO,8,44.0,105.6,MEDIUM,SYNTHETIC_GENERATOR_V1,SYNTHETIC
PA_003644,2025-12-20,MAPUTO,4,10.0,68.0,LOW,SYNTHETIC_GENERATOR_V1,SYNTHETIC
PA_003645,2025-12-21,MAPUTO,5,19.8,75.0,LOW,SYNTHETIC_GENERATOR_V1,SYNTHETIC
PA_003646,2025-12-22,MAPUTO,4,14.7,76.4,LOW,SYNTHETIC_GENERATOR_V1,SYNTHETIC
PA_003647,2025-12-23,MAPUTO,8,39.3,95.0,MEDIUM,SYNTHETIC_GENERATOR_V1,SYNTHETIC
PA_003648,2025-12-24,MAPUTO,6,29.3,86.1,MEDIUM,SYNTHETIC_GENERATOR_V1,SYNTHETIC
PA_003649,2025-12-25,MAPUTO,5,21.3,76.3,LOW,SYNTHETIC_GENERATOR_V1,SYNTHETIC
PA_003650,2025-12-26,MAPUTO,7,32.0,82.0,MEDIUM,SYNTHETIC_GENERATOR_V1,SYNTHETIC
PA_003651,2025-12-27,MAPUTO,4,18.1,73.5,LOW,SYNTHETIC_GENERATOR_V1,SYNTHETIC
PA_003652,2025-12-28,MAPUTO,8,42.9,97.8,MEDIUM,SYNTHETIC_GENERATOR_V1,SYNTHETIC
PA_003653,2025-12-29,MAPUTO,8,42.6,105.6,MEDIUM,SYNTHETIC_GENERATOR_V1,SYNTHETIC
PA_003654,2025-12-30,MAPUTO,7,37.2,90.0,MEDIUM,SYNTHETIC_GENERATOR_V1,SYNTHETIC
PA_003655,2025-12-31,MAPUTO,5,22.0,82.4,LOW,SYNTHETIC_GENERATOR_V1,SYNTHETIC
PA_003656,2024-01-01,NACALA,8,28.3,81.0,MEDIUM,SYNTHETIC_GENERATOR_V1,SYNTHETIC
PA_003657,2024-01-02,NACALA,4,12.4,60.4,LOW,SYNTHETIC_GENERATOR_V1,SYNTHETIC
PA_003658,2024-01-03,NACALA,7,23.5,69.1,LOW,SYNTHETIC_GENERATOR_V1,SYNTHETIC
PA_003659,2024-01-04,NACALA,7,25.5,71.1,MEDIUM,SYNTHETIC_GENERATOR_V1,SYNTHETIC
PA_003660,2024-01-05,NACALA,5,16.6,68.3,LOW,SYNTHETIC_GENERATOR_V1,SYNTHETIC
PA_003661,2024-01-06,NACALA,8,25.7,69.1,MEDIUM,SYNTHETIC_GENERATOR_V1,SYNTHETIC
PA_003662,2024-01-07,NACALA,8,25.3,72.9,MEDIUM,SYNTHETIC_GENERATOR_V1,SYNTHETIC
PA_003663,2024-01-08,NACALA,6,18.0,61.0,LOW,SYNTHETIC_GENERATOR_V1,SYNTHETIC
PA_003664,2024-01-09,NACALA,10,40.9,90.5,MEDIUM,SYNTHETIC_GENERATOR_V1,SYNTHETIC
PA_003665,2024-01-10,NACALA,9,39.8,84.5,MEDIUM,SYNTHETIC_GENERATOR_V1,SYNTHETIC
PA_003666,2024-01-11,NACALA,8,30.2,82.4,MEDIUM,SYNTHETIC_GENERATOR_V1,SYNTHETIC
PA_003667,2024-01-12,NACALA,4,11.5,57.1,LOW,SYNTHETIC_GENERATOR_V1,SYNTHETIC
PA_003668,2024-01-13,NACALA,10,39.0,91.8,MEDIUM,SYNTHETIC_GENERATOR_V1,SYNTHETIC
PA_003669,2024-01-14,NACALA,8,25.4,73.9,MEDIUM,SYNTHETIC_GENERATOR_V1,SYNTHETIC
PA_003670,2024-01-15,NACALA,6,19.1,65.9,LOW,SYNTHETIC_GENERATOR_V1,SYNTHETIC
PA_003671,2024-01-16,NACALA,6,17.8,67.5,LOW,SYNTHETIC_GENERATOR_V1,SYNTHETIC
PA_003672,2024-01-17,NACALA,6,17.4,66.6,LOW,SYNTHETIC_GENERATOR_V1,SYNTHETIC
PA_003673,2024-01-18,NACALA,7,26.6,74.9,MEDIUM,SYNTHETIC_GENERATOR_V1,SYNTHETIC
PA_003674,2024-01-19,NACALA,6,17.1,72.8,LOW,SYNTHETIC_GENERATOR_V1,SYNTHETIC
PA_003675,2024-01-20,NACALA,7,23.1,70.2,LOW,SYNTHETIC_GENERATOR_V1,SYNTHETIC
PA_003676,2024-01-21,NACALA,8,24.1,70.6,MEDIUM,SYNTHETIC_GENERATOR_V1,SYNTHETIC
PA_003677,2024-01-22,NACALA,3,4.3,55.6,LOW,SYNTHETIC_GENERATOR_V1,SYNTHETIC
PA_003678,2024-01-23,NACALA,8,28.6,72.9,MEDIUM,SYNTHETIC_GENERATOR_V1,SYNTHETIC
PA_003679,2024-01-24,NACALA,10,38.3,86.1,MEDIUM,SYNTHETIC_GENERATOR_V1,SYNTHETIC
PA_003680,2024-01-25,NACALA,6,10.6,62.8,LOW,SYNTHETIC_GENERATOR_V1,SYNTHETIC
PA_003681,2024-01-26,NACALA,10,33.1,80.0,MEDIUM,SYNTHETIC_GENERATOR_V1,SYNTHETIC
PA_003682,2024-01-27,NACALA,9,31.4,79.9,MEDIUM,SYNTHETIC_GENERATOR_V1,SYNTHETIC
PA_003683,2024-01-28,NACALA,5,19.7,66.8,LOW,SYNTHETIC_GENERATOR_V1,SYNTHETIC
PA_003684,2024-01-29,NACALA,4,10.1,55.5,LOW,SYNTHETIC_GENERATOR_V1,SYNTHETIC
PA_003685,2024-01-30,NACALA,8,25.0,78.8,MEDIUM,SYNTHETIC_GENERATOR_V1,SYNTHETIC
PA_003686,2024-01-31,NACALA,7,21.0,74.0,LOW,SYNTHETIC_GENERATOR_V1,SYNTHETIC
PA_003687,2024-02-01,NACALA,5,17.4,61.7,LOW,SYNTHETIC_GENERATOR_V1,SYNTHETIC
PA_003688,2024-02-02,NACALA,2,0.0,45.1,LOW,SYNTHETIC_GENERATOR_V1,SYNTHETIC
PA_003689,2024-02-03,NACALA,9,33.8,77.2,MEDIUM,SYNTHETIC_GENERATOR_V1,SYNTHETIC
PA_003690,2024-02-04,NACALA,5,11.6,52.8,LOW,SYNTHETIC_GENERATOR_V1,SYNTHETIC
PA_003691,2024-02-05,NACALA,3,0.0,45.7,LOW,SYNTHETIC_GENERATOR_V1,SYNTHETIC
PA_003692,2024-02-06,NACALA,7,26.2,75.8,MEDIUM,SYNTHETIC_GENERATOR_V1,SYNTHETIC
PA_003693,2024-02-07,NACALA,9,30.3,78.1,MEDIUM,SYNTHETIC_GENERATOR_V1,SYNTHETIC
PA_003694,2024-02-08,NACALA,6,21.4,67.6,LOW,SYNTHETIC_GENERATOR_V1,SYNTHETIC
PA_003695,2024-02-09,NACALA,4,7.4,54.6,LOW,SYNTHETIC_GENERATOR_V1,SYNTHETIC
PA_003696,2024-02-10,NACALA,3,4.2,53.9,LOW,SYNTHETIC_GENERATOR_V1,SYNTHETIC
PA_003697,2024-02-11,NACALA,5,18.9,70.5,LOW,SYNTHETIC_GENERATOR_V1,SYNTHETIC
PA_003698,2024-02-12,NACALA,4,4.2,49.5,LOW,SYNTHETIC_GENERATOR_V1,SYNTHETIC
PA_003699,2024-02-13,NACALA,1,0.0,47.5,LOW,SYNTHETIC_GENERATOR_V1,SYNTHETIC
PA_003700,2024-02-14,NACALA,5,11.8,56.7,LOW,SYNTHETIC_GENERATOR_V1,SYNTHETIC
PA_003701,2024-02-15,NACALA,12,49.8,96.2,MEDIUM,SYNTHETIC_GENERATOR_V1,SYNTHETIC
PA_003702,2024-02-16,NACALA,6,17.4,69.0,LOW,SYNTHETIC_GENERATOR_V1,SYNTHETIC
PA_003703,2024-02-17,NACALA,7,29.2,74.9,MEDIUM,SYNTHETIC_GENERATOR_V1,SYNTHETIC
PA_003704,2024-02-18,NACALA,9,31.9,81.9,MEDIUM,SYNTHETIC_GENERATOR_V1,SYNTHETIC
PA_003705,2024-02-19,NACALA,4,12.0,60.3,LOW,SYNTHETIC_GENERATOR_V1,SYNTHETIC
PA_003706,2024-02-20,NACALA,8,26.3,74.9,MEDIUM,SYNTHETIC_GENERATOR_V1,SYNTHETIC
PA_003707,2024-02-21,NACALA,5,9.9,63.2,LOW,SYNTHETIC_GENERATOR_V1,SYNTHETIC
PA_003708,2024-02-22,NACALA,7,22.6,61.0,LOW,SYNTHETIC_GENERATOR_V1,SYNTHETIC
PA_003709,2024-02-23,NACALA,5,13.5,60.3,LOW,SYNTHETIC_GENERATOR_V1,SYNTHETIC
PA_003710,2024-02-24,NACALA,9,33.1,84.4,MEDIUM,SYNTHETIC_GENERATOR_V1,SYNTHETIC
PA_003711,2024-02-25,NACALA,11,43.1,85.2,MEDIUM,SYNTHETIC_GENERATOR_V1,SYNTHETIC
PA_003712,2024-02-26,NACALA,5,12.4,58.7,LOW,SYNTHETIC_GENERATOR_V1,SYNTHETIC
PA_003713,2024-02-27,NACALA,6,23.5,69.8,LOW,SYNTHETIC_GENERATOR_V1,SYNTHETIC
PA_003714,2024-02-28,NACALA,9,31.7,75.9,MEDIUM,SYNTHETIC_GENERATOR_V1,SYNTHETIC
PA_003715,2024-02-29,NACALA,8,31.1,77.1,MEDIUM,SYNTHETIC_GENERATOR_V1,SYNTHETIC
PA_003716,2024-03-01,NACALA,4,7.9,61.7,LOW,SYNTHETIC_GENERATOR_V1,SYNTHETIC
PA_003717,2024-03-02,NACALA,5,12.2,54.5,LOW,SYNTHETIC_GENERATOR_V1,SYNTHETIC
PA_003718,2024-03-03,NACALA,3,4.6,52.1,LOW,SYNTHETIC_GENERATOR_V1,SYNTHETIC
PA_003719,2024-03-04,NACALA,7,23.6,72.0,LOW,SYNTHETIC_GENERATOR_V1,SYNTHETIC
PA_003720,2024-03-05,NACALA,6,20.4,70.2,LOW,SYNTHETIC_GENERATOR_V1,SYNTHETIC
PA_003721,2024-03-06,NACALA,4,10.9,62.2,LOW,SYNTHETIC_GENERATOR_V1,SYNTHETIC
PA_003722,2024-03-07,NACALA,7,17.8,66.7,LOW,SYNTHETIC_GENERATOR_V1,SYNTHETIC
PA_003723,2024-03-08,NACALA,7,25.1,74.6,MEDIUM,SYNTHETIC_GENERATOR_V1,SYNTHETIC
PA_003724,2024-03-09,NACALA,9,32.3,78.2,MEDIUM,SYNTHETIC_GENERATOR_V1,SYNTHETIC
PA_003725,2024-03-10,NACALA,7,20.1,69.0,LOW,SYNTHETIC_GENERATOR_V1,SYNTHETIC
PA_003726,2024-03-11,NACALA,8,31.8,84.8,MEDIUM,SYNTHETIC_GENERATOR_V1,SYNTHETIC
PA_003727,2024-03-12,NACALA,3,6.5,64.6,LOW,SYNTHETIC_GENERATOR_V1,SYNTHETIC
PA_003728,2024-03-13,NACALA,7,23.5,70.9,LOW,SYNTHETIC_GENERATOR_V1,SYNTHETIC
PA_003729,2024-03-14,NACALA,8,23.2,73.4,LOW,SYNTHETIC_GENERATOR_V1,SYNTHETIC
PA_003730,2024-03-15,NACALA,9,32.5,79.3,MEDIUM,SYNTHETIC_GENERATOR_V1,SYNTHETIC
PA_003731,2024-03-16,NACALA,10,40.9,87.8,MEDIUM,SYNTHETIC_GENERATOR_V1,SYNTHETIC
PA_003732,2024-03-17,NACALA,11,51.3,95.6,MEDIUM,SYNTHETIC_GENERATOR_V1,SYNTHETIC
PA_003733,2024-03-18,NACALA,5,12.3,62.5,LOW,SYNTHETIC_GENERATOR_V1,SYNTHETIC
PA_003734,2024-03-19,NACALA,3,11.8,55.2,LOW,SYNTHETIC_GENERATOR_V1,SYNTHETIC
PA_003735,2024-03-20,NACALA,8,20.4,61.5,LOW,SYNTHETIC_GENERATOR_V1,SYNTHETIC
PA_003736,2024-03-21,NACALA,3,7.4,57.9,LOW,SYNTHETIC_GENERATOR_V1,SYNTHETIC
PA_003737,2024-03-22,NACALA,10,41.7,85.5,MEDIUM,SYNTHETIC_GENERATOR_V1,SYNTHETIC
PA_003738,2024-03-23,NACALA,8,30.0,85.8,MEDIUM,SYNTHETIC_GENERATOR_V1,SYNTHETIC
PA_003739,2024-03-24,NACALA,6,20.8,68.0,LOW,SYNTHETIC_GENERATOR_V1,SYNTHETIC
PA_003740,2024-03-25,NACALA,6,13.9,67.7,LOW,SYNTHETIC_GENERATOR_V1,SYNTHETIC
PA_003741,2024-03-26,NACALA,10,32.4,84.3,MEDIUM,SYNTHETIC_GENERATOR_V1,SYNTHETIC
PA_003742,2024-03-27,NACALA,5,19.9,68.1,LOW,SYNTHETIC_GENERATOR_V1,SYNTHETIC
PA_003743,2024-03-28,NACALA,7,17.8,70.5,LOW,SYNTHETIC_GENERATOR_V1,SYNTHETIC
PA_003744,2024-03-29,NACALA,11,48.7,90.3,MEDIUM,SYNTHETIC_GENERATOR_V1,SYNTHETIC
PA_003745,2024-03-30,NACALA,5,9.7,67.2,LOW,SYNTHETIC_GENERATOR_V1,SYNTHETIC
PA_003746,2024-03-31,NACALA,3,6.0,51.0,LOW,SYNTHETIC_GENERATOR_V1,SYNTHETIC
PA_003747,2024-04-01,NACALA,2,8.1,53.1,LOW,SYNTHETIC_GENERATOR_V1,SYNTHETIC
PA_003748,2024-04-02,NACALA,6,15.5,67.8,LOW,SYNTHETIC_GENERATOR_V1,SYNTHETIC
PA_003749,2024-04-03,NACALA,9,28.3,77.9,MEDIUM,SYNTHETIC_GENERATOR_V1,SYNTHETIC
PA_003750,2024-04-04,NACALA,3,2.2,47.4,LOW,SYNTHETIC_GENERATOR_V1,SYNTHETIC
PA_003751,2024-04-05,NACALA,7,21.6,67.9,LOW,SYNTHETIC_GENERATOR_V1,SYNTHETIC
PA_003752,2024-04-06,NACALA,8,28.2,86.5,MEDIUM,SYNTHETIC_GENERATOR_V1,SYNTHETIC
PA_003753,2024-04-07,NACALA,9,31.1,80.9,MEDIUM,SYNTHETIC_GENERATOR_V1,SYNTHETIC
PA_003754,2024-04-08,NACALA,7,27.7,77.3,MEDIUM,SYNTHETIC_GENERATOR_V1,SYNTHETIC
PA_003755,2024-04-09,NACALA,4,12.3,56.7,LOW,SYNTHETIC_GENERATOR_V1,SYNTHETIC
PA_003756,2024-04-10,NACALA,11,50.3,101.0,MEDIUM,SYNTHETIC_GENERATOR_V1,SYNTHETIC
PA_003757,2024-04-11,NACALA,6,22.5,73.6,LOW,SYNTHETIC_GENERATOR_V1,SYNTHETIC
PA_003758,2024-04-12,NACALA,7,19.7,66.7,LOW,SYNTHETIC_GENERATOR_V1,SYNTHETIC
PA_003759,2024-04-13,NACALA,4,13.6,60.1,LOW,SYNTHETIC_GENERATOR_V1,SYNTHETIC
PA_003760,2024-04-14,NACALA,4,15.2,57.4,LOW,SYNTHETIC_GENERATOR_V1,SYNTHETIC
PA_003761,2024-04-15,NACALA,9,37.0,84.1,MEDIUM,SYNTHETIC_GENERATOR_V1,SYNTHETIC
PA_003762,2024-04-16,NACALA,9,31.8,82.9,MEDIUM,SYNTHETIC_GENERATOR_V1,SYNTHETIC
PA_003763,2024-04-17,NACALA,2,6.1,47.8,LOW,SYNTHETIC_GENERATOR_V1,SYNTHETIC
PA_003764,2024-04-18,NACALA,7,21.8,70.6,LOW,SYNTHETIC_GENERATOR_V1,SYNTHETIC
PA_003765,2024-04-19,NACALA,12,57.0,108.3,MEDIUM,SYNTHETIC_GENERATOR_V1,SYNTHETIC
PA_003766,2024-04-20,NACALA,3,4.2,43.8,LOW,SYNTHETIC_GENERATOR_V1,SYNTHETIC
PA_003767,2024-04-21,NACALA,2,6.7,56.1,LOW,SYNTHETIC_GENERATOR_V1,SYNTHETIC
PA_003768,2024-04-22,NACALA,7,24.1,77.2,MEDIUM,SYNTHETIC_GENERATOR_V1,SYNTHETIC
PA_003769,2024-04-23,NACALA,9,29.6,78.1,MEDIUM,SYNTHETIC_GENERATOR_V1,SYNTHETIC
PA_003770,2024-04-24,NACALA,10,36.7,80.0,MEDIUM,SYNTHETIC_GENERATOR_V1,SYNTHETIC
PA_003771,2024-04-25,NACALA,5,11.2,64.1,LOW,SYNTHETIC_GENERATOR_V1,SYNTHETIC
PA_003772,2024-04-26,NACALA,4,5.7,53.7,LOW,SYNTHETIC_GENERATOR_V1,SYNTHETIC
PA_003773,2024-04-27,NACALA,4,13.3,51.9,LOW,SYNTHETIC_GENERATOR_V1,SYNTHETIC
PA_003774,2024-04-28,NACALA,6,19.6,66.2,LOW,SYNTHETIC_GENERATOR_V1,SYNTHETIC
PA_003775,2024-04-29,NACALA,10,37.4,86.3,MEDIUM,SYNTHETIC_GENERATOR_V1,SYNTHETIC
PA_003776,2024-04-30,NACALA,3,8.0,52.2,LOW,SYNTHETIC_GENERATOR_V1,SYNTHETIC
PA_003777,2024-05-01,NACALA,5,11.5,54.9,LOW,SYNTHETIC_GENERATOR_V1,SYNTHETIC
PA_003778,2024-05-02,NACALA,4,10.6,59.0,LOW,SYNTHETIC_GENERATOR_V1,SYNTHETIC
PA_003779,2024-05-03,NACALA,6,18.1,66.7,LOW,SYNTHETIC_GENERATOR_V1,SYNTHETIC
PA_003780,2024-05-04,NACALA,7,23.7,71.5,LOW,SYNTHETIC_GENERATOR_V1,SYNTHETIC
PA_003781,2024-05-05,NACALA,2,10.2,62.2,LOW,SYNTHETIC_GENERATOR_V1,SYNTHETIC
PA_003782,2024-05-06,NACALA,6,19.0,60.3,LOW,SYNTHETIC_GENERATOR_V1,SYNTHETIC
PA_003783,2024-05-07,NACALA,3,7.1,56.3,LOW,SYNTHETIC_GENERATOR_V1,SYNTHETIC
PA_003784,2024-05-08,NACALA,4,10.6,59.5,LOW,SYNTHETIC_GENERATOR_V1,SYNTHETIC
PA_003785,2024-05-09,NACALA,7,23.7,62.0,LOW,SYNTHETIC_GENERATOR_V1,SYNTHETIC
PA_003786,2024-05-10,NACALA,3,1.8,53.6,LOW,SYNTHETIC_GENERATOR_V1,SYNTHETIC
PA_003787,2024-05-11,NACALA,8,27.2,81.4,MEDIUM,SYNTHETIC_GENERATOR_V1,SYNTHETIC
PA_003788,2024-05-12,NACALA,5,16.4,62.5,LOW,SYNTHETIC_GENERATOR_V1,SYNTHETIC
PA_003789,2024-05-13,NACALA,2,0.0,47.4,LOW,SYNTHETIC_GENERATOR_V1,SYNTHETIC
PA_003790,2024-05-14,NACALA,9,34.1,84.2,MEDIUM,SYNTHETIC_GENERATOR_V1,SYNTHETIC
PA_003791,2024-05-15,NACALA,6,20.8,64.1,LOW,SYNTHETIC_GENERATOR_V1,SYNTHETIC
PA_003792,2024-05-16,NACALA,7,30.2,81.1,MEDIUM,SYNTHETIC_GENERATOR_V1,SYNTHETIC
PA_003793,2024-05-17,NACALA,9,28.1,77.6,MEDIUM,SYNTHETIC_GENERATOR_V1,SYNTHETIC
PA_003794,2024-05-18,NACALA,3,5.5,57.0,LOW,SYNTHETIC_GENERATOR_V1,SYNTHETIC
PA_003795,2024-05-19,NACALA,6,17.0,61.1,LOW,SYNTHETIC_GENERATOR_V1,SYNTHETIC
PA_003796,2024-05-20,NACALA,5,10.9,53.6,LOW,SYNTHETIC_GENERATOR_V1,SYNTHETIC
PA_003797,2024-05-21,NACALA,10,35.5,80.5,MEDIUM,SYNTHETIC_GENERATOR_V1,SYNTHETIC
PA_003798,2024-05-22,NACALA,6,11.9,62.8,LOW,SYNTHETIC_GENERATOR_V1,SYNTHETIC
PA_003799,2024-05-23,NACALA,5,12.2,63.4,LOW,SYNTHETIC_GENERATOR_V1,SYNTHETIC
PA_003800,2024-05-24,NACALA,6,14.0,58.8,LOW,SYNTHETIC_GENERATOR_V1,SYNTHETIC
PA_003801,2024-05-25,NACALA,9,31.4,85.8,MEDIUM,SYNTHETIC_GENERATOR_V1,SYNTHETIC
PA_003802,2024-05-26,NACALA,4,13.2,69.5,LOW,SYNTHETIC_GENERATOR_V1,SYNTHETIC
PA_003803,2024-05-27,NACALA,7,24.4,70.3,MEDIUM,SYNTHETIC_GENERATOR_V1,SYNTHETIC
PA_003804,2024-05-28,NACALA,10,42.3,94.2,MEDIUM,SYNTHETIC_GENERATOR_V1,SYNTHETIC
PA_003805,2024-05-29,NACALA,6,14.9,63.5,LOW,SYNTHETIC_GENERATOR_V1,SYNTHETIC
PA_003806,2024-05-30,NACALA,4,9.2,58.4,LOW,SYNTHETIC_GENERATOR_V1,SYNTHETIC
PA_003807,2024-05-31,NACALA,7,25.9,69.4,MEDIUM,SYNTHETIC_GENERATOR_V1,SYNTHETIC
PA_003808,2024-06-01,NACALA,7,27.6,80.2,MEDIUM,SYNTHETIC_GENERATOR_V1,SYNTHETIC
PA_003809,2024-06-02,NACALA,2,0.0,42.1,LOW,SYNTHETIC_GENERATOR_V1,SYNTHETIC
PA_003810,2024-06-03,NACALA,4,12.8,61.2,LOW,SYNTHETIC_GENERATOR_V1,SYNTHETIC
PA_003811,2024-06-04,NACALA,9,24.0,72.7,MEDIUM,SYNTHETIC_GENERATOR_V1,SYNTHETIC
PA_003812,2024-06-05,NACALA,9,37.0,82.3,MEDIUM,SYNTHETIC_GENERATOR_V1,SYNTHETIC
PA_003813,2024-06-06,NACALA,5,11.8,62.2,LOW,SYNTHETIC_GENERATOR_V1,SYNTHETIC
PA_003814,2024-06-07,NACALA,8,26.5,75.9,MEDIUM,SYNTHETIC_GENERATOR_V1,SYNTHETIC
PA_003815,2024-06-08,NACALA,9,30.4,79.4,MEDIUM,SYNTHETIC_GENERATOR_V1,SYNTHETIC
PA_003816,2024-06-09,NACALA,8,33.4,78.8,MEDIUM,SYNTHETIC_GENERATOR_V1,SYNTHETIC
PA_003817,2024-06-10,NACALA,7,17.8,68.4,LOW,SYNTHETIC_GENERATOR_V1,SYNTHETIC
PA_003818,2024-06-11,NACALA,5,13.9,64.6,LOW,SYNTHETIC_GENERATOR_V1,SYNTHETIC
PA_003819,2024-06-12,NACALA,6,17.6,75.5,LOW,SYNTHETIC_GENERATOR_V1,SYNTHETIC
PA_003820,2024-06-13,NACALA,5,14.1,59.9,LOW,SYNTHETIC_GENERATOR_V1,SYNTHETIC
PA_003821,2024-06-14,NACALA,3,3.9,53.0,LOW,SYNTHETIC_GENERATOR_V1,SYNTHETIC
PA_003822,2024-06-15,NACALA,4,10.3,61.0,LOW,SYNTHETIC_GENERATOR_V1,SYNTHETIC
PA_003823,2024-06-16,NACALA,6,21.6,63.8,LOW,SYNTHETIC_GENERATOR_V1,SYNTHETIC
PA_003824,2024-06-17,NACALA,9,36.7,78.2,MEDIUM,SYNTHETIC_GENERATOR_V1,SYNTHETIC
PA_003825,2024-06-18,NACALA,11,40.3,85.4,MEDIUM,SYNTHETIC_GENERATOR_V1,SYNTHETIC
PA_003826,2024-06-19,NACALA,4,9.5,62.0,LOW,SYNTHETIC_GENERATOR_V1,SYNTHETIC
PA_003827,2024-06-20,NACALA,0,4.4,52.7,LOW,SYNTHETIC_GENERATOR_V1,SYNTHETIC
PA_003828,2024-06-21,NACALA,3,13.3,63.1,LOW,SYNTHETIC_GENERATOR_V1,SYNTHETIC
PA_003829,2024-06-22,NACALA,8,34.1,81.4,MEDIUM,SYNTHETIC_GENERATOR_V1,SYNTHETIC
PA_003830,2024-06-23,NACALA,3,4.7,52.9,LOW,SYNTHETIC_GENERATOR_V1,SYNTHETIC
PA_003831,2024-06-24,NACALA,7,17.4,68.2,LOW,SYNTHETIC_GENERATOR_V1,SYNTHETIC
PA_003832,2024-06-25,NACALA,10,39.2,81.2,MEDIUM,SYNTHETIC_GENERATOR_V1,SYNTHETIC
PA_003833,2024-06-26,NACALA,9,34.7,82.4,MEDIUM,SYNTHETIC_GENERATOR_V1,SYNTHETIC
PA_003834,2024-06-27,NACALA,5,12.2,58.2,LOW,SYNTHETIC_GENERATOR_V1,SYNTHETIC
PA_003835,2024-06-28,NACALA,3,5.5,58.4,LOW,SYNTHETIC_GENERATOR_V1,SYNTHETIC
PA_003836,2024-06-29,NACALA,10,37.2,83.5,MEDIUM,SYNTHETIC_GENERATOR_V1,SYNTHETIC
PA_003837,2024-06-30,NACALA,8,25.9,75.5,MEDIUM,SYNTHETIC_GENERATOR_V1,SYNTHETIC
PA_003838,2024-07-01,NACALA,8,26.8,71.5,MEDIUM,SYNTHETIC_GENERATOR_V1,SYNTHETIC
PA_003839,2024-07-02,NACALA,5,11.1,57.0,LOW,SYNTHETIC_GENERATOR_V1,SYNTHETIC
PA_003840,2024-07-03,NACALA,6,19.2,76.2,LOW,SYNTHETIC_GENERATOR_V1,SYNTHETIC
PA_003841,2024-07-04,NACALA,8,21.5,70.0,LOW,SYNTHETIC_GENERATOR_V1,SYNTHETIC
PA_003842,2024-07-05,NACALA,5,4.6,54.6,LOW,SYNTHETIC_GENERATOR_V1,SYNTHETIC
PA_003843,2024-07-06,NACALA,3,8.6,58.1,LOW,SYNTHETIC_GENERATOR_V1,SYNTHETIC
PA_003844,2024-07-07,NACALA,5,15.7,57.7,LOW,SYNTHETIC_GENERATOR_V1,SYNTHETIC
PA_003845,2024-07-08,NACALA,5,20.2,74.6,LOW,SYNTHETIC_GENERATOR_V1,SYNTHETIC
PA_003846,2024-07-09,NACALA,4,9.1,64.2,LOW,SYNTHETIC_GENERATOR_V1,SYNTHETIC
PA_003847,2024-07-10,NACALA,6,16.2,72.9,LOW,SYNTHETIC_GENERATOR_V1,SYNTHETIC
PA_003848,2024-07-11,NACALA,5,20.2,65.0,LOW,SYNTHETIC_GENERATOR_V1,SYNTHETIC
PA_003849,2024-07-12,NACALA,5,5.8,55.5,LOW,SYNTHETIC_GENERATOR_V1,SYNTHETIC
PA_003850,2024-07-13,NACALA,2,2.3,55.4,LOW,SYNTHETIC_GENERATOR_V1,SYNTHETIC
PA_003851,2024-07-14,NACALA,4,1.1,45.8,LOW,SYNTHETIC_GENERATOR_V1,SYNTHETIC
PA_003852,2024-07-15,NACALA,5,13.7,65.1,LOW,SYNTHETIC_GENERATOR_V1,SYNTHETIC
PA_003853,2024-07-16,NACALA,5,12.3,66.9,LOW,SYNTHETIC_GENERATOR_V1,SYNTHETIC
PA_003854,2024-07-17,NACALA,11,45.6,85.0,MEDIUM,SYNTHETIC_GENERATOR_V1,SYNTHETIC
PA_003855,2024-07-18,NACALA,9,29.6,78.3,MEDIUM,SYNTHETIC_GENERATOR_V1,SYNTHETIC
PA_003856,2024-07-19,NACALA,5,18.5,67.9,LOW,SYNTHETIC_GENERATOR_V1,SYNTHETIC
PA_003857,2024-07-20,NACALA,4,11.9,57.9,LOW,SYNTHETIC_GENERATOR_V1,SYNTHETIC
PA_003858,2024-07-21,NACALA,6,16.9,68.6,LOW,SYNTHETIC_GENERATOR_V1,SYNTHETIC
PA_003859,2024-07-22,NACALA,3,10.3,63.5,LOW,SYNTHETIC_GENERATOR_V1,SYNTHETIC
PA_003860,2024-07-23,NACALA,6,17.8,64.6,LOW,SYNTHETIC_GENERATOR_V1,SYNTHETIC
PA_003861,2024-07-24,NACALA,2,0.0,44.8,LOW,SYNTHETIC_GENERATOR_V1,SYNTHETIC
PA_003862,2024-07-25,NACALA,8,28.0,75.5,MEDIUM,SYNTHETIC_GENERATOR_V1,SYNTHETIC
PA_003863,2024-07-26,NACALA,5,14.6,64.7,LOW,SYNTHETIC_GENERATOR_V1,SYNTHETIC
PA_003864,2024-07-27,NACALA,8,19.2,68.1,LOW,SYNTHETIC_GENERATOR_V1,SYNTHETIC
PA_003865,2024-07-28,NACALA,7,20.4,70.2,LOW,SYNTHETIC_GENERATOR_V1,SYNTHETIC
PA_003866,2024-07-29,NACALA,4,5.8,58.4,LOW,SYNTHETIC_GENERATOR_V1,SYNTHETIC
PA_003867,2024-07-30,NACALA,4,12.6,59.5,LOW,SYNTHETIC_GENERATOR_V1,SYNTHETIC
PA_003868,2024-07-31,NACALA,7,21.7,68.5,LOW,SYNTHETIC_GENERATOR_V1,SYNTHETIC
PA_003869,2024-08-01,NACALA,7,20.0,65.2,LOW,SYNTHETIC_GENERATOR_V1,SYNTHETIC
PA_003870,2024-08-02,NACALA,4,10.7,61.0,LOW,SYNTHETIC_GENERATOR_V1,SYNTHETIC
PA_003871,2024-08-03,NACALA,5,16.4,65.0,LOW,SYNTHETIC_GENERATOR_V1,SYNTHETIC
PA_003872,2024-08-04,NACALA,5,9.9,57.3,LOW,SYNTHETIC_GENERATOR_V1,SYNTHETIC
PA_003873,2024-08-05,NACALA,6,17.9,66.1,LOW,SYNTHETIC_GENERATOR_V1,SYNTHETIC
PA_003874,2024-08-06,NACALA,4,6.4,49.1,LOW,SYNTHETIC_GENERATOR_V1,SYNTHETIC
PA_003875,2024-08-07,NACALA,2,1.7,46.5,LOW,SYNTHETIC_GENERATOR_V1,SYNTHETIC
PA_003876,2024-08-08,NACALA,8,25.2,69.5,MEDIUM,SYNTHETIC_GENERATOR_V1,SYNTHETIC
PA_003877,2024-08-09,NACALA,12,50.2,99.1,MEDIUM,SYNTHETIC_GENERATOR_V1,SYNTHETIC
PA_003878,2024-08-10,NACALA,10,35.5,83.2,MEDIUM,SYNTHETIC_GENERATOR_V1,SYNTHETIC
PA_003879,2024-08-11,NACALA,5,15.1,66.9,LOW,SYNTHETIC_GENERATOR_V1,SYNTHETIC
PA_003880,2024-08-12,NACALA,10,39.9,92.6,MEDIUM,SYNTHETIC_GENERATOR_V1,SYNTHETIC
PA_003881,2024-08-13,NACALA,10,38.5,78.5,MEDIUM,SYNTHETIC_GENERATOR_V1,SYNTHETIC
PA_003882,2024-08-14,NACALA,4,8.5,60.7,LOW,SYNTHETIC_GENERATOR_V1,SYNTHETIC
PA_003883,2024-08-15,NACALA,8,30.2,80.0,MEDIUM,SYNTHETIC_GENERATOR_V1,SYNTHETIC
PA_003884,2024-08-16,NACALA,11,39.7,86.3,MEDIUM,SYNTHETIC_GENERATOR_V1,SYNTHETIC
PA_003885,2024-08-17,NACALA,5,11.9,56.4,LOW,SYNTHETIC_GENERATOR_V1,SYNTHETIC
PA_003886,2024-08-18,NACALA,4,11.0,63.3,LOW,SYNTHETIC_GENERATOR_V1,SYNTHETIC
PA_003887,2024-08-19,NACALA,9,27.8,82.3,MEDIUM,SYNTHETIC_GENERATOR_V1,SYNTHETIC
PA_003888,2024-08-20,NACALA,6,18.0,65.4,LOW,SYNTHETIC_GENERATOR_V1,SYNTHETIC
PA_003889,2024-08-21,NACALA,5,13.1,60.5,LOW,SYNTHETIC_GENERATOR_V1,SYNTHETIC
PA_003890,2024-08-22,NACALA,10,41.0,98.8,MEDIUM,SYNTHETIC_GENERATOR_V1,SYNTHETIC
PA_003891,2024-08-23,NACALA,3,5.9,55.8,LOW,SYNTHETIC_GENERATOR_V1,SYNTHETIC
PA_003892,2024-08-24,NACALA,4,9.6,55.4,LOW,SYNTHETIC_GENERATOR_V1,SYNTHETIC
PA_003893,2024-08-25,NACALA,7,23.0,70.1,LOW,SYNTHETIC_GENERATOR_V1,SYNTHETIC
PA_003894,2024-08-26,NACALA,4,8.1,57.9,LOW,SYNTHETIC_GENERATOR_V1,SYNTHETIC
PA_003895,2024-08-27,NACALA,7,30.7,81.0,MEDIUM,SYNTHETIC_GENERATOR_V1,SYNTHETIC
PA_003896,2024-08-28,NACALA,4,13.7,66.5,LOW,SYNTHETIC_GENERATOR_V1,SYNTHETIC
PA_003897,2024-08-29,NACALA,5,14.0,63.0,LOW,SYNTHETIC_GENERATOR_V1,SYNTHETIC
PA_003898,2024-08-30,NACALA,8,21.3,75.4,LOW,SYNTHETIC_GENERATOR_V1,SYNTHETIC
PA_003899,2024-08-31,NACALA,5,8.0,63.9,LOW,SYNTHETIC_GENERATOR_V1,SYNTHETIC
PA_003900,2024-09-01,NACALA,11,45.3,93.6,MEDIUM,SYNTHETIC_GENERATOR_V1,SYNTHETIC
PA_003901,2024-09-02,NACALA,6,17.1,64.8,LOW,SYNTHETIC_GENERATOR_V1,SYNTHETIC
PA_003902,2024-09-03,NACALA,8,30.7,79.2,MEDIUM,SYNTHETIC_GENERATOR_V1,SYNTHETIC
PA_003903,2024-09-04,NACALA,4,16.0,66.6,LOW,SYNTHETIC_GENERATOR_V1,SYNTHETIC
PA_003904,2024-09-05,NACALA,4,4.7,53.5,LOW,SYNTHETIC_GENERATOR_V1,SYNTHETIC
PA_003905,2024-09-06,NACALA,4,9.6,56.0,LOW,SYNTHETIC_GENERATOR_V1,SYNTHETIC
PA_003906,2024-09-07,NACALA,10,33.8,82.1,MEDIUM,SYNTHETIC_GENERATOR_V1,SYNTHETIC
PA_003907,2024-09-08,NACALA,9,27.5,73.9,MEDIUM,SYNTHETIC_GENERATOR_V1,SYNTHETIC
PA_003908,2024-09-09,NACALA,8,22.2,62.2,LOW,SYNTHETIC_GENERATOR_V1,SYNTHETIC
PA_003909,2024-09-10,NACALA,7,21.7,68.0,LOW,SYNTHETIC_GENERATOR_V1,SYNTHETIC
PA_003910,2024-09-11,NACALA,4,8.4,55.7,LOW,SYNTHETIC_GENERATOR_V1,SYNTHETIC
PA_003911,2024-09-12,NACALA,9,29.1,73.6,MEDIUM,SYNTHETIC_GENERATOR_V1,SYNTHETIC
PA_003912,2024-09-13,NACALA,5,17.9,70.9,LOW,SYNTHETIC_GENERATOR_V1,SYNTHETIC
PA_003913,2024-09-14,NACALA,5,17.8,70.3,LOW,SYNTHETIC_GENERATOR_V1,SYNTHETIC
PA_003914,2024-09-15,NACALA,7,19.5,61.7,LOW,SYNTHETIC_GENERATOR_V1,SYNTHETIC
PA_003915,2024-09-16,NACALA,9,28.6,73.7,MEDIUM,SYNTHETIC_GENERATOR_V1,SYNTHETIC
PA_003916,2024-09-17,NACALA,8,31.9,79.3,MEDIUM,SYNTHETIC_GENERATOR_V1,SYNTHETIC
PA_003917,2024-09-18,NACALA,5,18.6,66.1,LOW,SYNTHETIC_GENERATOR_V1,SYNTHETIC
PA_003918,2024-09-19,NACALA,2,2.4,58.6,LOW,SYNTHETIC_GENERATOR_V1,SYNTHETIC
PA_003919,2024-09-20,NACALA,8,29.1,77.1,MEDIUM,SYNTHETIC_GENERATOR_V1,SYNTHETIC
PA_003920,2024-09-21,NACALA,6,13.7,64.2,LOW,SYNTHETIC_GENERATOR_V1,SYNTHETIC
PA_003921,2024-09-22,NACALA,3,2.2,47.4,LOW,SYNTHETIC_GENERATOR_V1,SYNTHETIC
PA_003922,2024-09-23,NACALA,6,14.8,63.1,LOW,SYNTHETIC_GENERATOR_V1,SYNTHETIC
PA_003923,2024-09-24,NACALA,1,8.5,59.7,LOW,SYNTHETIC_GENERATOR_V1,SYNTHETIC
PA_003924,2024-09-25,NACALA,8,23.8,70.7,LOW,SYNTHETIC_GENERATOR_V1,SYNTHETIC
PA_003925,2024-09-26,NACALA,4,3.3,47.4,LOW,SYNTHETIC_GENERATOR_V1,SYNTHETIC
PA_003926,2024-09-27,NACALA,7,21.0,71.2,LOW,SYNTHETIC_GENERATOR_V1,SYNTHETIC
PA_003927,2024-09-28,NACALA,8,30.7,76.4,MEDIUM,SYNTHETIC_GENERATOR_V1,SYNTHETIC
PA_003928,2024-09-29,NACALA,6,15.1,62.4,LOW,SYNTHETIC_GENERATOR_V1,SYNTHETIC
PA_003929,2024-09-30,NACALA,2,10.2,54.2,LOW,SYNTHETIC_GENERATOR_V1,SYNTHETIC
PA_003930,2024-10-01,NACALA,12,51.4,106.1,MEDIUM,SYNTHETIC_GENERATOR_V1,SYNTHETIC
PA_003931,2024-10-02,NACALA,7,21.1,74.9,LOW,SYNTHETIC_GENERATOR_V1,SYNTHETIC
PA_003932,2024-10-03,NACALA,3,7.7,53.8,LOW,SYNTHETIC_GENERATOR_V1,SYNTHETIC
PA_003933,2024-10-04,NACALA,2,9.0,56.7,LOW,SYNTHETIC_GENERATOR_V1,SYNTHETIC
PA_003934,2024-10-05,NACALA,3,0.3,57.4,LOW,SYNTHETIC_GENERATOR_V1,SYNTHETIC
PA_003935,2024-10-06,NACALA,2,4.3,57.3,LOW,SYNTHETIC_GENERATOR_V1,SYNTHETIC
PA_003936,2024-10-07,NACALA,6,22.4,73.8,LOW,SYNTHETIC_GENERATOR_V1,SYNTHETIC
PA_003937,2024-10-08,NACALA,3,8.2,59.4,LOW,SYNTHETIC_GENERATOR_V1,SYNTHETIC
PA_003938,2024-10-09,NACALA,9,41.6,90.7,MEDIUM,SYNTHETIC_GENERATOR_V1,SYNTHETIC
PA_003939,2024-10-10,NACALA,13,61.7,108.3,HIGH,SYNTHETIC_GENERATOR_V1,SYNTHETIC
PA_003940,2024-10-11,NACALA,6,22.2,64.7,LOW,SYNTHETIC_GENERATOR_V1,SYNTHETIC
PA_003941,2024-10-12,NACALA,2,5.8,57.6,LOW,SYNTHETIC_GENERATOR_V1,SYNTHETIC
PA_003942,2024-10-13,NACALA,5,13.8,62.1,LOW,SYNTHETIC_GENERATOR_V1,SYNTHETIC
PA_003943,2024-10-14,NACALA,5,14.8,61.8,LOW,SYNTHETIC_GENERATOR_V1,SYNTHETIC
PA_003944,2024-10-15,NACALA,4,16.3,64.1,LOW,SYNTHETIC_GENERATOR_V1,SYNTHETIC
PA_003945,2024-10-16,NACALA,6,17.3,55.2,LOW,SYNTHETIC_GENERATOR_V1,SYNTHETIC
PA_003946,2024-10-17,NACALA,10,35.9,76.6,MEDIUM,SYNTHETIC_GENERATOR_V1,SYNTHETIC
PA_003947,2024-10-18,NACALA,3,3.0,44.6,LOW,SYNTHETIC_GENERATOR_V1,SYNTHETIC
PA_003948,2024-10-19,NACALA,7,19.1,62.8,LOW,SYNTHETIC_GENERATOR_V1,SYNTHETIC
PA_003949,2024-10-20,NACALA,7,19.9,69.9,LOW,SYNTHETIC_GENERATOR_V1,SYNTHETIC
PA_003950,2024-10-21,NACALA,0,2.7,52.0,LOW,SYNTHETIC_GENERATOR_V1,SYNTHETIC
PA_003951,2024-10-22,NACALA,1,0.0,48.4,LOW,SYNTHETIC_GENERATOR_V1,SYNTHETIC
PA_003952,2024-10-23,NACALA,8,26.1,68.1,MEDIUM,SYNTHETIC_GENERATOR_V1,SYNTHETIC
PA_003953,2024-10-24,NACALA,8,27.8,73.4,MEDIUM,SYNTHETIC_GENERATOR_V1,SYNTHETIC
PA_003954,2024-10-25,NACALA,6,13.6,60.0,LOW,SYNTHETIC_GENERATOR_V1,SYNTHETIC
PA_003955,2024-10-26,NACALA,6,20.3,66.0,LOW,SYNTHETIC_GENERATOR_V1,SYNTHETIC
PA_003956,2024-10-27,NACALA,10,48.6,93.7,MEDIUM,SYNTHETIC_GENERATOR_V1,SYNTHETIC
PA_003957,2024-10-28,NACALA,7,23.5,81.4,LOW,SYNTHETIC_GENERATOR_V1,SYNTHETIC
PA_003958,2024-10-29,NACALA,3,12.0,60.0,LOW,SYNTHETIC_GENERATOR_V1,SYNTHETIC
PA_003959,2024-10-30,NACALA,3,4.3,44.3,LOW,SYNTHETIC_GENERATOR_V1,SYNTHETIC
PA_003960,2024-10-31,NACALA,5,7.5,57.1,LOW,SYNTHETIC_GENERATOR_V1,SYNTHETIC
PA_003961,2024-11-01,NACALA,3,9.8,55.5,LOW,SYNTHETIC_GENERATOR_V1,SYNTHETIC
PA_003962,2024-11-02,NACALA,5,12.3,59.0,LOW,SYNTHETIC_GENERATOR_V1,SYNTHETIC
PA_003963,2024-11-03,NACALA,5,12.0,61.4,LOW,SYNTHETIC_GENERATOR_V1,SYNTHETIC
PA_003964,2024-11-04,NACALA,6,17.2,73.8,LOW,SYNTHETIC_GENERATOR_V1,SYNTHETIC
PA_003965,2024-11-05,NACALA,9,31.9,74.7,MEDIUM,SYNTHETIC_GENERATOR_V1,SYNTHETIC
PA_003966,2024-11-06,NACALA,8,26.8,83.6,MEDIUM,SYNTHETIC_GENERATOR_V1,SYNTHETIC
PA_003967,2024-11-07,NACALA,7,23.4,67.8,LOW,SYNTHETIC_GENERATOR_V1,SYNTHETIC
PA_003968,2024-11-08,NACALA,8,26.2,77.5,MEDIUM,SYNTHETIC_GENERATOR_V1,SYNTHETIC
PA_003969,2024-11-09,NACALA,7,29.8,74.7,MEDIUM,SYNTHETIC_GENERATOR_V1,SYNTHETIC
PA_003970,2024-11-10,NACALA,1,1.7,48.9,LOW,SYNTHETIC_GENERATOR_V1,SYNTHETIC
PA_003971,2024-11-11,NACALA,6,13.3,66.2,LOW,SYNTHETIC_GENERATOR_V1,SYNTHETIC
PA_003972,2024-11-12,NACALA,5,13.2,62.9,LOW,SYNTHETIC_GENERATOR_V1,SYNTHETIC
PA_003973,2024-11-13,NACALA,3,5.6,61.3,LOW,SYNTHETIC_GENERATOR_V1,SYNTHETIC
PA_003974,2024-11-14,NACALA,7,21.8,74.6,LOW,SYNTHETIC_GENERATOR_V1,SYNTHETIC
PA_003975,2024-11-15,NACALA,6,20.5,54.0,LOW,SYNTHETIC_GENERATOR_V1,SYNTHETIC
PA_003976,2024-11-16,NACALA,4,12.1,56.1,LOW,SYNTHETIC_GENERATOR_V1,SYNTHETIC
PA_003977,2024-11-17,NACALA,9,37.7,82.6,MEDIUM,SYNTHETIC_GENERATOR_V1,SYNTHETIC
PA_003978,2024-11-18,NACALA,7,30.8,77.7,MEDIUM,SYNTHETIC_GENERATOR_V1,SYNTHETIC
PA_003979,2024-11-19,NACALA,8,28.8,79.4,MEDIUM,SYNTHETIC_GENERATOR_V1,SYNTHETIC
PA_003980,2024-11-20,NACALA,3,3.3,44.7,LOW,SYNTHETIC_GENERATOR_V1,SYNTHETIC
PA_003981,2024-11-21,NACALA,6,25.9,78.6,MEDIUM,SYNTHETIC_GENERATOR_V1,SYNTHETIC
PA_003982,2024-11-22,NACALA,3,7.4,53.9,LOW,SYNTHETIC_GENERATOR_V1,SYNTHETIC
PA_003983,2024-11-23,NACALA,6,13.0,62.1,LOW,SYNTHETIC_GENERATOR_V1,SYNTHETIC
PA_003984,2024-11-24,NACALA,9,24.2,69.6,MEDIUM,SYNTHETIC_GENERATOR_V1,SYNTHETIC
PA_003985,2024-11-25,NACALA,7,19.6,69.6,LOW,SYNTHETIC_GENERATOR_V1,SYNTHETIC
PA_003986,2024-11-26,NACALA,8,32.7,83.8,MEDIUM,SYNTHETIC_GENERATOR_V1,SYNTHETIC
PA_003987,2024-11-27,NACALA,3,7.2,51.4,LOW,SYNTHETIC_GENERATOR_V1,SYNTHETIC
PA_003988,2024-11-28,NACALA,3,11.7,53.3,LOW,SYNTHETIC_GENERATOR_V1,SYNTHETIC
PA_003989,2024-11-29,NACALA,12,58.6,111.1,MEDIUM,SYNTHETIC_GENERATOR_V1,SYNTHETIC
PA_003990,2024-11-30,NACALA,10,35.8,82.2,MEDIUM,SYNTHETIC_GENERATOR_V1,SYNTHETIC
PA_003991,2024-12-01,NACALA,6,23.0,72.5,LOW,SYNTHETIC_GENERATOR_V1,SYNTHETIC
PA_003992,2024-12-02,NACALA,6,18.4,64.4,LOW,SYNTHETIC_GENERATOR_V1,SYNTHETIC
PA_003993,2024-12-03,NACALA,9,34.3,86.8,MEDIUM,SYNTHETIC_GENERATOR_V1,SYNTHETIC
PA_003994,2024-12-04,NACALA,7,22.2,69.5,LOW,SYNTHETIC_GENERATOR_V1,SYNTHETIC
PA_003995,2024-12-05,NACALA,8,23.7,71.8,LOW,SYNTHETIC_GENERATOR_V1,SYNTHETIC
PA_003996,2024-12-06,NACALA,6,9.8,62.8,LOW,SYNTHETIC_GENERATOR_V1,SYNTHETIC
PA_003997,2024-12-07,NACALA,6,24.0,69.0,MEDIUM,SYNTHETIC_GENERATOR_V1,SYNTHETIC
PA_003998,2024-12-08,NACALA,9,36.4,84.4,MEDIUM,SYNTHETIC_GENERATOR_V1,SYNTHETIC
PA_003999,2024-12-09,NACALA,2,0.0,44.4,LOW,SYNTHETIC_GENERATOR_V1,SYNTHETIC
PA_004000,2024-12-10,NACALA,9,33.9,83.1,MEDIUM,SYNTHETIC_GENERATOR_V1,SYNTHETIC
PA_004001,2024-12-11,NACALA,7,18.6,64.5,LOW,SYNTHETIC_GENERATOR_V1,SYNTHETIC
PA_004002,2024-12-12,NACALA,6,15.0,65.7,LOW,SYNTHETIC_GENERATOR_V1,SYNTHETIC
PA_004003,2024-12-13,NACALA,3,3.1,51.0,LOW,SYNTHETIC_GENERATOR_V1,SYNTHETIC
PA_004004,2024-12-14,NACALA,7,18.2,63.9,LOW,SYNTHETIC_GENERATOR_V1,SYNTHETIC
PA_004005,2024-12-15,NACALA,5,12.6,62.5,LOW,SYNTHETIC_GENERATOR_V1,SYNTHETIC
PA_004006,2024-12-16,NACALA,5,16.4,63.9,LOW,SYNTHETIC_GENERATOR_V1,SYNTHETIC
PA_004007,2024-12-17,NACALA,6,11.9,64.5,LOW,SYNTHETIC_GENERATOR_V1,SYNTHETIC
PA_004008,2024-12-18,NACALA,4,14.7,65.5,LOW,SYNTHETIC_GENERATOR_V1,SYNTHETIC
PA_004009,2024-12-19,NACALA,9,35.4,81.6,MEDIUM,SYNTHETIC_GENERATOR_V1,SYNTHETIC
PA_004010,2024-12-20,NACALA,5,9.3,58.1,LOW,SYNTHETIC_GENERATOR_V1,SYNTHETIC
PA_004011,2024-12-21,NACALA,8,28.6,79.6,MEDIUM,SYNTHETIC_GENERATOR_V1,SYNTHETIC
PA_004012,2024-12-22,NACALA,2,0.0,52.7,LOW,SYNTHETIC_GENERATOR_V1,SYNTHETIC
PA_004013,2024-12-23,NACALA,5,14.8,64.5,LOW,SYNTHETIC_GENERATOR_V1,SYNTHETIC
PA_004014,2024-12-24,NACALA,3,5.5,47.9,LOW,SYNTHETIC_GENERATOR_V1,SYNTHETIC
PA_004015,2024-12-25,NACALA,9,31.4,83.9,MEDIUM,SYNTHETIC_GENERATOR_V1,SYNTHETIC
PA_004016,2024-12-26,NACALA,8,26.3,79.6,MEDIUM,SYNTHETIC_GENERATOR_V1,SYNTHETIC
PA_004017,2024-12-27,NACALA,7,19.3,68.0,LOW,SYNTHETIC_GENERATOR_V1,SYNTHETIC
PA_004018,2024-12-28,NACALA,11,39.3,92.3,MEDIUM,SYNTHETIC_GENERATOR_V1,SYNTHETIC
PA_004019,2024-12-29,NACALA,6,23.5,74.6,LOW,SYNTHETIC_GENERATOR_V1,SYNTHETIC
PA_004020,2024-12-30,NACALA,3,7.1,55.1,LOW,SYNTHETIC_GENERATOR_V1,SYNTHETIC
PA_004021,2024-12-31,NACALA,5,13.9,66.9,LOW,SYNTHETIC_GENERATOR_V1,SYNTHETIC
PA_004022,2025-01-01,NACALA,5,10.7,55.7,LOW,SYNTHETIC_GENERATOR_V1,SYNTHETIC
PA_004023,2025-01-02,NACALA,5,12.4,58.9,LOW,SYNTHETIC_GENERATOR_V1,SYNTHETIC
PA_004024,2025-01-03,NACALA,6,12.6,62.1,LOW,SYNTHETIC_GENERATOR_V1,SYNTHETIC
PA_004025,2025-01-04,NACALA,0,2.4,48.1,LOW,SYNTHETIC_GENERATOR_V1,SYNTHETIC
PA_004026,2025-01-05,NACALA,8,31.6,81.9,MEDIUM,SYNTHETIC_GENERATOR_V1,SYNTHETIC
PA_004027,2025-01-06,NACALA,4,10.7,60.0,LOW,SYNTHETIC_GENERATOR_V1,SYNTHETIC
PA_004028,2025-01-07,NACALA,11,46.2,93.5,MEDIUM,SYNTHETIC_GENERATOR_V1,SYNTHETIC
PA_004029,2025-01-08,NACALA,7,19.4,63.3,LOW,SYNTHETIC_GENERATOR_V1,SYNTHETIC
PA_004030,2025-01-09,NACALA,7,29.0,80.5,MEDIUM,SYNTHETIC_GENERATOR_V1,SYNTHETIC
PA_004031,2025-01-10,NACALA,7,28.0,79.1,MEDIUM,SYNTHETIC_GENERATOR_V1,SYNTHETIC
PA_004032,2025-01-11,NACALA,8,29.3,84.9,MEDIUM,SYNTHETIC_GENERATOR_V1,SYNTHETIC
PA_004033,2025-01-12,NACALA,4,10.8,57.7,LOW,SYNTHETIC_GENERATOR_V1,SYNTHETIC
PA_004034,2025-01-13,NACALA,3,4.4,45.3,LOW,SYNTHETIC_GENERATOR_V1,SYNTHETIC
PA_004035,2025-01-14,NACALA,6,16.2,66.0,LOW,SYNTHETIC_GENERATOR_V1,SYNTHETIC
PA_004036,2025-01-15,NACALA,8,28.2,79.7,MEDIUM,SYNTHETIC_GENERATOR_V1,SYNTHETIC
PA_004037,2025-01-16,NACALA,7,25.1,72.2,MEDIUM,SYNTHETIC_GENERATOR_V1,SYNTHETIC
PA_004038,2025-01-17,NACALA,10,42.5,92.2,MEDIUM,SYNTHETIC_GENERATOR_V1,SYNTHETIC
PA_004039,2025-01-18,NACALA,5,22.5,67.8,LOW,SYNTHETIC_GENERATOR_V1,SYNTHETIC
PA_004040,2025-01-19,NACALA,4,11.4,57.3,LOW,SYNTHETIC_GENERATOR_V1,SYNTHETIC
PA_004041,2025-01-20,NACALA,5,10.0,59.5,LOW,SYNTHETIC_GENERATOR_V1,SYNTHETIC
PA_004042,2025-01-21,NACALA,7,24.0,77.6,MEDIUM,SYNTHETIC_GENERATOR_V1,SYNTHETIC
PA_004043,2025-01-22,NACALA,7,25.0,70.7,MEDIUM,SYNTHETIC_GENERATOR_V1,SYNTHETIC
PA_004044,2025-01-23,NACALA,7,22.3,70.5,LOW,SYNTHETIC_GENERATOR_V1,SYNTHETIC
PA_004045,2025-01-24,NACALA,5,14.4,66.5,LOW,SYNTHETIC_GENERATOR_V1,SYNTHETIC
PA_004046,2025-01-25,NACALA,3,6.5,60.8,LOW,SYNTHETIC_GENERATOR_V1,SYNTHETIC
PA_004047,2025-01-26,NACALA,9,36.6,83.6,MEDIUM,SYNTHETIC_GENERATOR_V1,SYNTHETIC
PA_004048,2025-01-27,NACALA,5,14.8,62.4,LOW,SYNTHETIC_GENERATOR_V1,SYNTHETIC
PA_004049,2025-01-28,NACALA,9,37.7,87.3,MEDIUM,SYNTHETIC_GENERATOR_V1,SYNTHETIC
PA_004050,2025-01-29,NACALA,8,26.5,76.2,MEDIUM,SYNTHETIC_GENERATOR_V1,SYNTHETIC
PA_004051,2025-01-30,NACALA,7,24.2,71.5,MEDIUM,SYNTHETIC_GENERATOR_V1,SYNTHETIC
PA_004052,2025-01-31,NACALA,3,4.2,50.7,LOW,SYNTHETIC_GENERATOR_V1,SYNTHETIC
PA_004053,2025-02-01,NACALA,14,56.5,108.1,MEDIUM,SYNTHETIC_GENERATOR_V1,SYNTHETIC
PA_004054,2025-02-02,NACALA,6,19.6,76.4,LOW,SYNTHETIC_GENERATOR_V1,SYNTHETIC
PA_004055,2025-02-03,NACALA,4,11.0,53.3,LOW,SYNTHETIC_GENERATOR_V1,SYNTHETIC
PA_004056,2025-02-04,NACALA,1,0.4,40.1,LOW,SYNTHETIC_GENERATOR_V1,SYNTHETIC
PA_004057,2025-02-05,NACALA,7,20.7,67.3,LOW,SYNTHETIC_GENERATOR_V1,SYNTHETIC
PA_004058,2025-02-06,NACALA,8,31.5,80.3,MEDIUM,SYNTHETIC_GENERATOR_V1,SYNTHETIC
PA_004059,2025-02-07,NACALA,3,9.8,56.4,LOW,SYNTHETIC_GENERATOR_V1,SYNTHETIC
PA_004060,2025-02-08,NACALA,8,23.1,75.0,LOW,SYNTHETIC_GENERATOR_V1,SYNTHETIC
PA_004061,2025-02-09,NACALA,4,5.4,55.0,LOW,SYNTHETIC_GENERATOR_V1,SYNTHETIC
PA_004062,2025-02-10,NACALA,8,29.5,83.3,MEDIUM,SYNTHETIC_GENERATOR_V1,SYNTHETIC
PA_004063,2025-02-11,NACALA,6,22.8,74.9,LOW,SYNTHETIC_GENERATOR_V1,SYNTHETIC
PA_004064,2025-02-12,NACALA,8,26.7,75.3,MEDIUM,SYNTHETIC_GENERATOR_V1,SYNTHETIC
PA_004065,2025-02-13,NACALA,4,16.3,64.2,LOW,SYNTHETIC_GENERATOR_V1,SYNTHETIC
PA_004066,2025-02-14,NACALA,7,26.2,71.6,MEDIUM,SYNTHETIC_GENERATOR_V1,SYNTHETIC
PA_004067,2025-02-15,NACALA,8,21.8,71.5,LOW,SYNTHETIC_GENERATOR_V1,SYNTHETIC
PA_004068,2025-02-16,NACALA,5,12.1,59.4,LOW,SYNTHETIC_GENERATOR_V1,SYNTHETIC
PA_004069,2025-02-17,NACALA,9,40.9,89.4,MEDIUM,SYNTHETIC_GENERATOR_V1,SYNTHETIC
PA_004070,2025-02-18,NACALA,11,39.9,88.8,MEDIUM,SYNTHETIC_GENERATOR_V1,SYNTHETIC
PA_004071,2025-02-19,NACALA,11,43.7,90.9,MEDIUM,SYNTHETIC_GENERATOR_V1,SYNTHETIC
PA_004072,2025-02-20,NACALA,6,18.5,69.3,LOW,SYNTHETIC_GENERATOR_V1,SYNTHETIC
PA_004073,2025-02-21,NACALA,5,20.4,59.0,LOW,SYNTHETIC_GENERATOR_V1,SYNTHETIC
PA_004074,2025-02-22,NACALA,3,6.8,53.8,LOW,SYNTHETIC_GENERATOR_V1,SYNTHETIC
PA_004075,2025-02-23,NACALA,2,0.0,49.5,LOW,SYNTHETIC_GENERATOR_V1,SYNTHETIC
PA_004076,2025-02-24,NACALA,6,12.1,61.1,LOW,SYNTHETIC_GENERATOR_V1,SYNTHETIC
PA_004077,2025-02-25,NACALA,8,25.3,65.9,MEDIUM,SYNTHETIC_GENERATOR_V1,SYNTHETIC
PA_004078,2025-02-26,NACALA,2,3.6,49.4,LOW,SYNTHETIC_GENERATOR_V1,SYNTHETIC
PA_004079,2025-02-27,NACALA,4,6.0,51.3,LOW,SYNTHETIC_GENERATOR_V1,SYNTHETIC
PA_004080,2025-02-28,NACALA,9,31.8,85.2,MEDIUM,SYNTHETIC_GENERATOR_V1,SYNTHETIC
PA_004081,2025-03-01,NACALA,6,22.1,78.1,LOW,SYNTHETIC_GENERATOR_V1,SYNTHETIC
PA_004082,2025-03-02,NACALA,4,5.8,52.0,LOW,SYNTHETIC_GENERATOR_V1,SYNTHETIC
PA_004083,2025-03-03,NACALA,7,21.1,67.0,LOW,SYNTHETIC_GENERATOR_V1,SYNTHETIC
PA_004084,2025-03-04,NACALA,3,13.7,65.5,LOW,SYNTHETIC_GENERATOR_V1,SYNTHETIC
PA_004085,2025-03-05,NACALA,6,23.3,69.6,LOW,SYNTHETIC_GENERATOR_V1,SYNTHETIC
PA_004086,2025-03-06,NACALA,5,15.0,59.1,LOW,SYNTHETIC_GENERATOR_V1,SYNTHETIC
PA_004087,2025-03-07,NACALA,11,41.6,90.7,MEDIUM,SYNTHETIC_GENERATOR_V1,SYNTHETIC
PA_004088,2025-03-08,NACALA,5,11.9,59.0,LOW,SYNTHETIC_GENERATOR_V1,SYNTHETIC
PA_004089,2025-03-09,NACALA,8,27.0,69.7,MEDIUM,SYNTHETIC_GENERATOR_V1,SYNTHETIC
PA_004090,2025-03-10,NACALA,4,4.0,53.6,LOW,SYNTHETIC_GENERATOR_V1,SYNTHETIC
PA_004091,2025-03-11,NACALA,5,10.3,61.1,LOW,SYNTHETIC_GENERATOR_V1,SYNTHETIC
PA_004092,2025-03-12,NACALA,7,16.8,59.7,LOW,SYNTHETIC_GENERATOR_V1,SYNTHETIC
PA_004093,2025-03-13,NACALA,13,53.8,99.6,MEDIUM,SYNTHETIC_GENERATOR_V1,SYNTHETIC
PA_004094,2025-03-14,NACALA,8,29.9,87.9,MEDIUM,SYNTHETIC_GENERATOR_V1,SYNTHETIC
PA_004095,2025-03-15,NACALA,12,53.6,98.2,MEDIUM,SYNTHETIC_GENERATOR_V1,SYNTHETIC
PA_004096,2025-03-16,NACALA,6,14.4,56.7,LOW,SYNTHETIC_GENERATOR_V1,SYNTHETIC
PA_004097,2025-03-17,NACALA,3,5.7,49.2,LOW,SYNTHETIC_GENERATOR_V1,SYNTHETIC
PA_004098,2025-03-18,NACALA,4,13.9,59.2,LOW,SYNTHETIC_GENERATOR_V1,SYNTHETIC
PA_004099,2025-03-19,NACALA,5,18.3,67.0,LOW,SYNTHETIC_GENERATOR_V1,SYNTHETIC
PA_004100,2025-03-20,NACALA,3,8.7,57.7,LOW,SYNTHETIC_GENERATOR_V1,SYNTHETIC
PA_004101,2025-03-21,NACALA,5,7.7,52.8,LOW,SYNTHETIC_GENERATOR_V1,SYNTHETIC
PA_004102,2025-03-22,NACALA,6,17.2,67.4,LOW,SYNTHETIC_GENERATOR_V1,SYNTHETIC
PA_004103,2025-03-23,NACALA,10,40.9,91.0,MEDIUM,SYNTHETIC_GENERATOR_V1,SYNTHETIC
PA_004104,2025-03-24,NACALA,7,19.1,66.1,LOW,SYNTHETIC_GENERATOR_V1,SYNTHETIC
PA_004105,2025-03-25,NACALA,2,2.5,45.8,LOW,SYNTHETIC_GENERATOR_V1,SYNTHETIC
PA_004106,2025-03-26,NACALA,7,21.6,69.8,LOW,SYNTHETIC_GENERATOR_V1,SYNTHETIC
PA_004107,2025-03-27,NACALA,4,5.4,56.5,LOW,SYNTHETIC_GENERATOR_V1,SYNTHETIC
PA_004108,2025-03-28,NACALA,12,59.7,112.4,MEDIUM,SYNTHETIC_GENERATOR_V1,SYNTHETIC
PA_004109,2025-03-29,NACALA,7,28.6,79.1,MEDIUM,SYNTHETIC_GENERATOR_V1,SYNTHETIC
PA_004110,2025-03-30,NACALA,11,45.2,98.8,MEDIUM,SYNTHETIC_GENERATOR_V1,SYNTHETIC
PA_004111,2025-03-31,NACALA,6,20.3,70.2,LOW,SYNTHETIC_GENERATOR_V1,SYNTHETIC
PA_004112,2025-04-01,NACALA,4,4.8,54.2,LOW,SYNTHETIC_GENERATOR_V1,SYNTHETIC
PA_004113,2025-04-02,NACALA,4,6.4,55.5,LOW,SYNTHETIC_GENERATOR_V1,SYNTHETIC
PA_004114,2025-04-03,NACALA,6,14.9,64.1,LOW,SYNTHETIC_GENERATOR_V1,SYNTHETIC
PA_004115,2025-04-04,NACALA,7,22.0,71.3,LOW,SYNTHETIC_GENERATOR_V1,SYNTHETIC
PA_004116,2025-04-05,NACALA,5,11.4,61.9,LOW,SYNTHETIC_GENERATOR_V1,SYNTHETIC
PA_004117,2025-04-06,NACALA,9,34.7,82.5,MEDIUM,SYNTHETIC_GENERATOR_V1,SYNTHETIC
PA_004118,2025-04-07,NACALA,3,11.9,60.8,LOW,SYNTHETIC_GENERATOR_V1,SYNTHETIC
PA_004119,2025-04-08,NACALA,8,24.1,74.6,MEDIUM,SYNTHETIC_GENERATOR_V1,SYNTHETIC
PA_004120,2025-04-09,NACALA,2,7.0,58.7,LOW,SYNTHETIC_GENERATOR_V1,SYNTHETIC
PA_004121,2025-04-10,NACALA,2,3.7,51.7,LOW,SYNTHETIC_GENERATOR_V1,SYNTHETIC
PA_004122,2025-04-11,NACALA,8,22.7,69.6,LOW,SYNTHETIC_GENERATOR_V1,SYNTHETIC
PA_004123,2025-04-12,NACALA,5,7.7,55.3,LOW,SYNTHETIC_GENERATOR_V1,SYNTHETIC
PA_004124,2025-04-13,NACALA,7,18.8,69.7,LOW,SYNTHETIC_GENERATOR_V1,SYNTHETIC
PA_004125,2025-04-14,NACALA,7,24.8,68.7,MEDIUM,SYNTHETIC_GENERATOR_V1,SYNTHETIC
PA_004126,2025-04-15,NACALA,6,20.4,67.5,LOW,SYNTHETIC_GENERATOR_V1,SYNTHETIC
PA_004127,2025-04-16,NACALA,5,15.8,61.2,LOW,SYNTHETIC_GENERATOR_V1,SYNTHETIC
PA_004128,2025-04-17,NACALA,8,26.0,79.2,MEDIUM,SYNTHETIC_GENERATOR_V1,SYNTHETIC
PA_004129,2025-04-18,NACALA,10,31.5,76.4,MEDIUM,SYNTHETIC_GENERATOR_V1,SYNTHETIC
PA_004130,2025-04-19,NACALA,4,5.5,54.9,LOW,SYNTHETIC_GENERATOR_V1,SYNTHETIC
PA_004131,2025-04-20,NACALA,6,17.8,71.4,LOW,SYNTHETIC_GENERATOR_V1,SYNTHETIC
PA_004132,2025-04-21,NACALA,8,22.1,72.1,LOW,SYNTHETIC_GENERATOR_V1,SYNTHETIC
PA_004133,2025-04-22,NACALA,6,17.1,64.3,LOW,SYNTHETIC_GENERATOR_V1,SYNTHETIC
PA_004134,2025-04-23,NACALA,6,20.0,70.7,LOW,SYNTHETIC_GENERATOR_V1,SYNTHETIC
PA_004135,2025-04-24,NACALA,3,6.1,55.9,LOW,SYNTHETIC_GENERATOR_V1,SYNTHETIC
PA_004136,2025-04-25,NACALA,11,42.2,86.4,MEDIUM,SYNTHETIC_GENERATOR_V1,SYNTHETIC
PA_004137,2025-04-26,NACALA,5,12.2,58.0,LOW,SYNTHETIC_GENERATOR_V1,SYNTHETIC
PA_004138,2025-04-27,NACALA,7,23.1,75.2,LOW,SYNTHETIC_GENERATOR_V1,SYNTHETIC
PA_004139,2025-04-28,NACALA,7,22.7,67.9,LOW,SYNTHETIC_GENERATOR_V1,SYNTHETIC
PA_004140,2025-04-29,NACALA,6,17.7,64.9,LOW,SYNTHETIC_GENERATOR_V1,SYNTHETIC
PA_004141,2025-04-30,NACALA,6,10.0,67.2,LOW,SYNTHETIC_GENERATOR_V1,SYNTHETIC
PA_004142,2025-05-01,NACALA,6,14.3,59.1,LOW,SYNTHETIC_GENERATOR_V1,SYNTHETIC
PA_004143,2025-05-02,NACALA,2,7.5,54.8,LOW,SYNTHETIC_GENERATOR_V1,SYNTHETIC
PA_004144,2025-05-03,NACALA,4,6.5,45.1,LOW,SYNTHETIC_GENERATOR_V1,SYNTHETIC
PA_004145,2025-05-04,NACALA,7,27.0,75.3,MEDIUM,SYNTHETIC_GENERATOR_V1,SYNTHETIC
PA_004146,2025-05-05,NACALA,6,15.4,59.7,LOW,SYNTHETIC_GENERATOR_V1,SYNTHETIC
PA_004147,2025-05-06,NACALA,4,4.7,50.4,LOW,SYNTHETIC_GENERATOR_V1,SYNTHETIC
PA_004148,2025-05-07,NACALA,8,29.3,82.9,MEDIUM,SYNTHETIC_GENERATOR_V1,SYNTHETIC
PA_004149,2025-05-08,NACALA,2,9.2,59.8,LOW,SYNTHETIC_GENERATOR_V1,SYNTHETIC
PA_004150,2025-05-09,NACALA,5,11.6,55.9,LOW,SYNTHETIC_GENERATOR_V1,SYNTHETIC
PA_004151,2025-05-10,NACALA,6,17.4,63.1,LOW,SYNTHETIC_GENERATOR_V1,SYNTHETIC
PA_004152,2025-05-11,NACALA,5,12.2,63.1,LOW,SYNTHETIC_GENERATOR_V1,SYNTHETIC
PA_004153,2025-05-12,NACALA,2,0.0,46.8,LOW,SYNTHETIC_GENERATOR_V1,SYNTHETIC
PA_004154,2025-05-13,NACALA,7,17.1,66.0,LOW,SYNTHETIC_GENERATOR_V1,SYNTHETIC
PA_004155,2025-05-14,NACALA,9,26.7,73.5,MEDIUM,SYNTHETIC_GENERATOR_V1,SYNTHETIC
PA_004156,2025-05-15,NACALA,2,4.4,47.0,LOW,SYNTHETIC_GENERATOR_V1,SYNTHETIC
PA_004157,2025-05-16,NACALA,5,11.5,71.3,LOW,SYNTHETIC_GENERATOR_V1,SYNTHETIC
PA_004158,2025-05-17,NACALA,2,2.6,47.7,LOW,SYNTHETIC_GENERATOR_V1,SYNTHETIC
PA_004159,2025-05-18,NACALA,10,40.6,82.8,MEDIUM,SYNTHETIC_GENERATOR_V1,SYNTHETIC
PA_004160,2025-05-19,NACALA,7,23.3,67.0,LOW,SYNTHETIC_GENERATOR_V1,SYNTHETIC
PA_004161,2025-05-20,NACALA,4,16.7,61.8,LOW,SYNTHETIC_GENERATOR_V1,SYNTHETIC
PA_004162,2025-05-21,NACALA,5,7.9,57.0,LOW,SYNTHETIC_GENERATOR_V1,SYNTHETIC
PA_004163,2025-05-22,NACALA,5,5.7,51.1,LOW,SYNTHETIC_GENERATOR_V1,SYNTHETIC
PA_004164,2025-05-23,NACALA,7,25.6,77.7,MEDIUM,SYNTHETIC_GENERATOR_V1,SYNTHETIC
PA_004165,2025-05-24,NACALA,4,9.9,61.9,LOW,SYNTHETIC_GENERATOR_V1,SYNTHETIC
PA_004166,2025-05-25,NACALA,2,2.2,46.6,LOW,SYNTHETIC_GENERATOR_V1,SYNTHETIC
PA_004167,2025-05-26,NACALA,5,13.9,63.9,LOW,SYNTHETIC_GENERATOR_V1,SYNTHETIC
PA_004168,2025-05-27,NACALA,8,26.9,73.5,MEDIUM,SYNTHETIC_GENERATOR_V1,SYNTHETIC
PA_004169,2025-05-28,NACALA,13,56.7,98.5,MEDIUM,SYNTHETIC_GENERATOR_V1,SYNTHETIC
PA_004170,2025-05-29,NACALA,5,20.9,68.9,LOW,SYNTHETIC_GENERATOR_V1,SYNTHETIC
PA_004171,2025-05-30,NACALA,8,33.0,87.5,MEDIUM,SYNTHETIC_GENERATOR_V1,SYNTHETIC
PA_004172,2025-05-31,NACALA,8,24.7,71.4,MEDIUM,SYNTHETIC_GENERATOR_V1,SYNTHETIC
PA_004173,2025-06-01,NACALA,11,46.5,98.2,MEDIUM,SYNTHETIC_GENERATOR_V1,SYNTHETIC
PA_004174,2025-06-02,NACALA,6,20.1,70.1,LOW,SYNTHETIC_GENERATOR_V1,SYNTHETIC
PA_004175,2025-06-03,NACALA,7,24.3,71.9,MEDIUM,SYNTHETIC_GENERATOR_V1,SYNTHETIC
PA_004176,2025-06-04,NACALA,5,11.8,57.4,LOW,SYNTHETIC_GENERATOR_V1,SYNTHETIC
PA_004177,2025-06-05,NACALA,4,5.9,53.1,LOW,SYNTHETIC_GENERATOR_V1,SYNTHETIC
PA_004178,2025-06-06,NACALA,5,9.4,55.8,LOW,SYNTHETIC_GENERATOR_V1,SYNTHETIC
PA_004179,2025-06-07,NACALA,7,21.9,67.1,LOW,SYNTHETIC_GENERATOR_V1,SYNTHETIC
PA_004180,2025-06-08,NACALA,9,33.2,86.0,MEDIUM,SYNTHETIC_GENERATOR_V1,SYNTHETIC
PA_004181,2025-06-09,NACALA,8,31.0,71.5,MEDIUM,SYNTHETIC_GENERATOR_V1,SYNTHETIC
PA_004182,2025-06-10,NACALA,4,10.9,62.8,LOW,SYNTHETIC_GENERATOR_V1,SYNTHETIC
PA_004183,2025-06-11,NACALA,9,32.3,77.7,MEDIUM,SYNTHETIC_GENERATOR_V1,SYNTHETIC
PA_004184,2025-06-12,NACALA,5,13.8,60.5,LOW,SYNTHETIC_GENERATOR_V1,SYNTHETIC
PA_004185,2025-06-13,NACALA,1,1.5,52.8,LOW,SYNTHETIC_GENERATOR_V1,SYNTHETIC
PA_004186,2025-06-14,NACALA,3,6.8,60.1,LOW,SYNTHETIC_GENERATOR_V1,SYNTHETIC
PA_004187,2025-06-15,NACALA,1,0.9,54.0,LOW,SYNTHETIC_GENERATOR_V1,SYNTHETIC
PA_004188,2025-06-16,NACALA,12,50.9,94.5,MEDIUM,SYNTHETIC_GENERATOR_V1,SYNTHETIC
PA_004189,2025-06-17,NACALA,2,3.6,43.2,LOW,SYNTHETIC_GENERATOR_V1,SYNTHETIC
PA_004190,2025-06-18,NACALA,5,9.5,54.5,LOW,SYNTHETIC_GENERATOR_V1,SYNTHETIC
PA_004191,2025-06-19,NACALA,3,6.2,51.2,LOW,SYNTHETIC_GENERATOR_V1,SYNTHETIC
PA_004192,2025-06-20,NACALA,6,19.4,73.2,LOW,SYNTHETIC_GENERATOR_V1,SYNTHETIC
PA_004193,2025-06-21,NACALA,5,5.2,48.7,LOW,SYNTHETIC_GENERATOR_V1,SYNTHETIC
PA_004194,2025-06-22,NACALA,6,22.2,71.6,LOW,SYNTHETIC_GENERATOR_V1,SYNTHETIC
PA_004195,2025-06-23,NACALA,6,22.1,71.6,LOW,SYNTHETIC_GENERATOR_V1,SYNTHETIC
PA_004196,2025-06-24,NACALA,5,14.0,63.9,LOW,SYNTHETIC_GENERATOR_V1,SYNTHETIC
PA_004197,2025-06-25,NACALA,4,5.2,56.8,LOW,SYNTHETIC_GENERATOR_V1,SYNTHETIC
PA_004198,2025-06-26,NACALA,6,16.0,68.4,LOW,SYNTHETIC_GENERATOR_V1,SYNTHETIC
PA_004199,2025-06-27,NACALA,8,29.9,77.3,MEDIUM,SYNTHETIC_GENERATOR_V1,SYNTHETIC
PA_004200,2025-06-28,NACALA,3,6.8,57.7,LOW,SYNTHETIC_GENERATOR_V1,SYNTHETIC
PA_004201,2025-06-29,NACALA,4,14.4,67.6,LOW,SYNTHETIC_GENERATOR_V1,SYNTHETIC
PA_004202,2025-06-30,NACALA,8,23.8,74.9,LOW,SYNTHETIC_GENERATOR_V1,SYNTHETIC
PA_004203,2025-07-01,NACALA,5,19.7,68.2,LOW,SYNTHETIC_GENERATOR_V1,SYNTHETIC
PA_004204,2025-07-02,NACALA,8,30.6,78.6,MEDIUM,SYNTHETIC_GENERATOR_V1,SYNTHETIC
PA_004205,2025-07-03,NACALA,8,28.0,76.5,MEDIUM,SYNTHETIC_GENERATOR_V1,SYNTHETIC
PA_004206,2025-07-04,NACALA,7,19.3,65.5,LOW,SYNTHETIC_GENERATOR_V1,SYNTHETIC
PA_004207,2025-07-05,NACALA,4,4.5,51.4,LOW,SYNTHETIC_GENERATOR_V1,SYNTHETIC
PA_004208,2025-07-06,NACALA,4,6.1,64.1,LOW,SYNTHETIC_GENERATOR_V1,SYNTHETIC
PA_004209,2025-07-07,NACALA,7,22.4,66.5,LOW,SYNTHETIC_GENERATOR_V1,SYNTHETIC
PA_004210,2025-07-08,NACALA,8,27.4,75.2,MEDIUM,SYNTHETIC_GENERATOR_V1,SYNTHETIC
PA_004211,2025-07-09,NACALA,8,34.4,78.7,MEDIUM,SYNTHETIC_GENERATOR_V1,SYNTHETIC
PA_004212,2025-07-10,NACALA,10,36.6,88.2,MEDIUM,SYNTHETIC_GENERATOR_V1,SYNTHETIC
PA_004213,2025-07-11,NACALA,4,6.7,52.4,LOW,SYNTHETIC_GENERATOR_V1,SYNTHETIC
PA_004214,2025-07-12,NACALA,5,11.1,58.3,LOW,SYNTHETIC_GENERATOR_V1,SYNTHETIC
PA_004215,2025-07-13,NACALA,4,10.2,57.4,LOW,SYNTHETIC_GENERATOR_V1,SYNTHETIC
PA_004216,2025-07-14,NACALA,7,20.9,69.8,LOW,SYNTHETIC_GENERATOR_V1,SYNTHETIC
PA_004217,2025-07-15,NACALA,7,21.1,70.1,LOW,SYNTHETIC_GENERATOR_V1,SYNTHETIC
PA_004218,2025-07-16,NACALA,4,17.1,66.0,LOW,SYNTHETIC_GENERATOR_V1,SYNTHETIC
PA_004219,2025-07-17,NACALA,3,4.2,50.7,LOW,SYNTHETIC_GENERATOR_V1,SYNTHETIC
PA_004220,2025-07-18,NACALA,6,15.7,69.4,LOW,SYNTHETIC_GENERATOR_V1,SYNTHETIC
PA_004221,2025-07-19,NACALA,6,17.7,62.8,LOW,SYNTHETIC_GENERATOR_V1,SYNTHETIC
PA_004222,2025-07-20,NACALA,6,18.3,66.5,LOW,SYNTHETIC_GENERATOR_V1,SYNTHETIC
PA_004223,2025-07-21,NACALA,4,12.3,67.0,LOW,SYNTHETIC_GENERATOR_V1,SYNTHETIC
PA_004224,2025-07-22,NACALA,4,9.4,56.7,LOW,SYNTHETIC_GENERATOR_V1,SYNTHETIC
PA_004225,2025-07-23,NACALA,2,5.2,54.4,LOW,SYNTHETIC_GENERATOR_V1,SYNTHETIC
PA_004226,2025-07-24,NACALA,5,19.7,68.9,LOW,SYNTHETIC_GENERATOR_V1,SYNTHETIC
PA_004227,2025-07-25,NACALA,12,46.8,94.9,MEDIUM,SYNTHETIC_GENERATOR_V1,SYNTHETIC
PA_004228,2025-07-26,NACALA,12,50.3,89.8,MEDIUM,SYNTHETIC_GENERATOR_V1,SYNTHETIC
PA_004229,2025-07-27,NACALA,4,9.7,54.8,LOW,SYNTHETIC_GENERATOR_V1,SYNTHETIC
PA_004230,2025-07-28,NACALA,4,13.7,63.1,LOW,SYNTHETIC_GENERATOR_V1,SYNTHETIC
PA_004231,2025-07-29,NACALA,5,10.5,62.6,LOW,SYNTHETIC_GENERATOR_V1,SYNTHETIC
PA_004232,2025-07-30,NACALA,3,4.0,50.2,LOW,SYNTHETIC_GENERATOR_V1,SYNTHETIC
PA_004233,2025-07-31,NACALA,5,12.9,57.1,LOW,SYNTHETIC_GENERATOR_V1,SYNTHETIC
PA_004234,2025-08-01,NACALA,3,4.9,47.2,LOW,SYNTHETIC_GENERATOR_V1,SYNTHETIC
PA_004235,2025-08-02,NACALA,5,21.2,63.2,LOW,SYNTHETIC_GENERATOR_V1,SYNTHETIC
PA_004236,2025-08-03,NACALA,6,16.1,63.0,LOW,SYNTHETIC_GENERATOR_V1,SYNTHETIC
PA_004237,2025-08-04,NACALA,7,17.1,69.8,LOW,SYNTHETIC_GENERATOR_V1,SYNTHETIC
PA_004238,2025-08-05,NACALA,6,18.1,66.3,LOW,SYNTHETIC_GENERATOR_V1,SYNTHETIC
PA_004239,2025-08-06,NACALA,7,25.3,77.2,MEDIUM,SYNTHETIC_GENERATOR_V1,SYNTHETIC
PA_004240,2025-08-07,NACALA,4,12.6,61.5,LOW,SYNTHETIC_GENERATOR_V1,SYNTHETIC
PA_004241,2025-08-08,NACALA,7,24.4,71.4,MEDIUM,SYNTHETIC_GENERATOR_V1,SYNTHETIC
PA_004242,2025-08-09,NACALA,5,11.2,69.3,LOW,SYNTHETIC_GENERATOR_V1,SYNTHETIC
PA_004243,2025-08-10,NACALA,5,11.6,56.3,LOW,SYNTHETIC_GENERATOR_V1,SYNTHETIC
PA_004244,2025-08-11,NACALA,8,35.9,83.0,MEDIUM,SYNTHETIC_GENERATOR_V1,SYNTHETIC
PA_004245,2025-08-12,NACALA,6,26.8,78.5,MEDIUM,SYNTHETIC_GENERATOR_V1,SYNTHETIC
PA_004246,2025-08-13,NACALA,12,46.8,92.9,MEDIUM,SYNTHETIC_GENERATOR_V1,SYNTHETIC
PA_004247,2025-08-14,NACALA,7,20.9,68.9,LOW,SYNTHETIC_GENERATOR_V1,SYNTHETIC
PA_004248,2025-08-15,NACALA,7,24.2,70.7,MEDIUM,SYNTHETIC_GENERATOR_V1,SYNTHETIC
PA_004249,2025-08-16,NACALA,8,25.6,62.9,MEDIUM,SYNTHETIC_GENERATOR_V1,SYNTHETIC
PA_004250,2025-08-17,NACALA,3,9.7,49.1,LOW,SYNTHETIC_GENERATOR_V1,SYNTHETIC
PA_004251,2025-08-18,NACALA,8,33.2,79.3,MEDIUM,SYNTHETIC_GENERATOR_V1,SYNTHETIC
PA_004252,2025-08-19,NACALA,6,19.5,66.4,LOW,SYNTHETIC_GENERATOR_V1,SYNTHETIC
PA_004253,2025-08-20,NACALA,9,30.5,81.1,MEDIUM,SYNTHETIC_GENERATOR_V1,SYNTHETIC
PA_004254,2025-08-21,NACALA,5,10.2,51.6,LOW,SYNTHETIC_GENERATOR_V1,SYNTHETIC
PA_004255,2025-08-22,NACALA,8,23.1,70.2,LOW,SYNTHETIC_GENERATOR_V1,SYNTHETIC
PA_004256,2025-08-23,NACALA,6,18.8,68.5,LOW,SYNTHETIC_GENERATOR_V1,SYNTHETIC
PA_004257,2025-08-24,NACALA,4,8.1,52.3,LOW,SYNTHETIC_GENERATOR_V1,SYNTHETIC
PA_004258,2025-08-25,NACALA,5,22.1,69.1,LOW,SYNTHETIC_GENERATOR_V1,SYNTHETIC
PA_004259,2025-08-26,NACALA,5,13.7,60.8,LOW,SYNTHETIC_GENERATOR_V1,SYNTHETIC
PA_004260,2025-08-27,NACALA,6,18.4,74.6,LOW,SYNTHETIC_GENERATOR_V1,SYNTHETIC
PA_004261,2025-08-28,NACALA,6,18.8,68.2,LOW,SYNTHETIC_GENERATOR_V1,SYNTHETIC
PA_004262,2025-08-29,NACALA,6,12.6,58.1,LOW,SYNTHETIC_GENERATOR_V1,SYNTHETIC
PA_004263,2025-08-30,NACALA,6,15.3,60.8,LOW,SYNTHETIC_GENERATOR_V1,SYNTHETIC
PA_004264,2025-08-31,NACALA,7,25.3,72.9,MEDIUM,SYNTHETIC_GENERATOR_V1,SYNTHETIC
PA_004265,2025-09-01,NACALA,3,9.5,52.3,LOW,SYNTHETIC_GENERATOR_V1,SYNTHETIC
PA_004266,2025-09-02,NACALA,1,0.0,50.2,LOW,SYNTHETIC_GENERATOR_V1,SYNTHETIC
PA_004267,2025-09-03,NACALA,7,22.0,70.0,LOW,SYNTHETIC_GENERATOR_V1,SYNTHETIC
PA_004268,2025-09-04,NACALA,4,11.7,52.4,LOW,SYNTHETIC_GENERATOR_V1,SYNTHETIC
PA_004269,2025-09-05,NACALA,11,49.3,96.0,MEDIUM,SYNTHETIC_GENERATOR_V1,SYNTHETIC
PA_004270,2025-09-06,NACALA,10,43.3,83.9,MEDIUM,SYNTHETIC_GENERATOR_V1,SYNTHETIC
PA_004271,2025-09-07,NACALA,8,30.1,74.3,MEDIUM,SYNTHETIC_GENERATOR_V1,SYNTHETIC
PA_004272,2025-09-08,NACALA,5,11.3,61.9,LOW,SYNTHETIC_GENERATOR_V1,SYNTHETIC
PA_004273,2025-09-09,NACALA,6,20.5,67.6,LOW,SYNTHETIC_GENERATOR_V1,SYNTHETIC
PA_004274,2025-09-10,NACALA,5,13.2,59.4,LOW,SYNTHETIC_GENERATOR_V1,SYNTHETIC
PA_004275,2025-09-11,NACALA,12,46.8,98.3,MEDIUM,SYNTHETIC_GENERATOR_V1,SYNTHETIC
PA_004276,2025-09-12,NACALA,2,3.1,51.1,LOW,SYNTHETIC_GENERATOR_V1,SYNTHETIC
PA_004277,2025-09-13,NACALA,2,5.4,56.0,LOW,SYNTHETIC_GENERATOR_V1,SYNTHETIC
PA_004278,2025-09-14,NACALA,9,35.3,85.0,MEDIUM,SYNTHETIC_GENERATOR_V1,SYNTHETIC
PA_004279,2025-09-15,NACALA,5,16.8,70.6,LOW,SYNTHETIC_GENERATOR_V1,SYNTHETIC
PA_004280,2025-09-16,NACALA,4,10.6,65.0,LOW,SYNTHETIC_GENERATOR_V1,SYNTHETIC
PA_004281,2025-09-17,NACALA,5,18.7,75.7,LOW,SYNTHETIC_GENERATOR_V1,SYNTHETIC
PA_004282,2025-09-18,NACALA,7,25.2,77.9,MEDIUM,SYNTHETIC_GENERATOR_V1,SYNTHETIC
PA_004283,2025-09-19,NACALA,3,1.8,58.0,LOW,SYNTHETIC_GENERATOR_V1,SYNTHETIC
PA_004284,2025-09-20,NACALA,12,46.6,97.4,MEDIUM,SYNTHETIC_GENERATOR_V1,SYNTHETIC
PA_004285,2025-09-21,NACALA,5,22.4,70.8,LOW,SYNTHETIC_GENERATOR_V1,SYNTHETIC
PA_004286,2025-09-22,NACALA,6,20.9,69.7,LOW,SYNTHETIC_GENERATOR_V1,SYNTHETIC
PA_004287,2025-09-23,NACALA,7,25.1,75.2,MEDIUM,SYNTHETIC_GENERATOR_V1,SYNTHETIC
PA_004288,2025-09-24,NACALA,7,21.9,68.4,LOW,SYNTHETIC_GENERATOR_V1,SYNTHETIC
PA_004289,2025-09-25,NACALA,4,10.6,50.1,LOW,SYNTHETIC_GENERATOR_V1,SYNTHETIC
PA_004290,2025-09-26,NACALA,7,22.7,73.7,LOW,SYNTHETIC_GENERATOR_V1,SYNTHETIC
PA_004291,2025-09-27,NACALA,9,32.9,79.0,MEDIUM,SYNTHETIC_GENERATOR_V1,SYNTHETIC
PA_004292,2025-09-28,NACALA,7,20.1,70.0,LOW,SYNTHETIC_GENERATOR_V1,SYNTHETIC
PA_004293,2025-09-29,NACALA,2,3.7,50.8,LOW,SYNTHETIC_GENERATOR_V1,SYNTHETIC
PA_004294,2025-09-30,NACALA,7,24.6,73.6,MEDIUM,SYNTHETIC_GENERATOR_V1,SYNTHETIC
PA_004295,2025-10-01,NACALA,4,19.6,71.3,LOW,SYNTHETIC_GENERATOR_V1,SYNTHETIC
PA_004296,2025-10-02,NACALA,4,5.6,55.6,LOW,SYNTHETIC_GENERATOR_V1,SYNTHETIC
PA_004297,2025-10-03,NACALA,6,17.4,67.0,LOW,SYNTHETIC_GENERATOR_V1,SYNTHETIC
PA_004298,2025-10-04,NACALA,6,13.5,59.8,LOW,SYNTHETIC_GENERATOR_V1,SYNTHETIC
PA_004299,2025-10-05,NACALA,11,41.5,96.0,MEDIUM,SYNTHETIC_GENERATOR_V1,SYNTHETIC
PA_004300,2025-10-06,NACALA,6,11.4,56.6,LOW,SYNTHETIC_GENERATOR_V1,SYNTHETIC
PA_004301,2025-10-07,NACALA,7,27.2,69.5,MEDIUM,SYNTHETIC_GENERATOR_V1,SYNTHETIC
PA_004302,2025-10-08,NACALA,9,32.0,82.5,MEDIUM,SYNTHETIC_GENERATOR_V1,SYNTHETIC
PA_004303,2025-10-09,NACALA,6,21.2,68.4,LOW,SYNTHETIC_GENERATOR_V1,SYNTHETIC
PA_004304,2025-10-10,NACALA,2,3.1,53.9,LOW,SYNTHETIC_GENERATOR_V1,SYNTHETIC
PA_004305,2025-10-11,NACALA,7,23.6,74.8,LOW,SYNTHETIC_GENERATOR_V1,SYNTHETIC
PA_004306,2025-10-12,NACALA,10,31.5,81.4,MEDIUM,SYNTHETIC_GENERATOR_V1,SYNTHETIC
PA_004307,2025-10-13,NACALA,10,37.2,77.5,MEDIUM,SYNTHETIC_GENERATOR_V1,SYNTHETIC
PA_004308,2025-10-14,NACALA,10,34.3,76.2,MEDIUM,SYNTHETIC_GENERATOR_V1,SYNTHETIC
PA_004309,2025-10-15,NACALA,7,29.7,73.9,MEDIUM,SYNTHETIC_GENERATOR_V1,SYNTHETIC
PA_004310,2025-10-16,NACALA,8,22.4,68.8,LOW,SYNTHETIC_GENERATOR_V1,SYNTHETIC
PA_004311,2025-10-17,NACALA,10,33.7,80.7,MEDIUM,SYNTHETIC_GENERATOR_V1,SYNTHETIC
PA_004312,2025-10-18,NACALA,2,0.0,53.0,LOW,SYNTHETIC_GENERATOR_V1,SYNTHETIC
PA_004313,2025-10-19,NACALA,9,29.1,81.9,MEDIUM,SYNTHETIC_GENERATOR_V1,SYNTHETIC
PA_004314,2025-10-20,NACALA,7,20.9,68.3,LOW,SYNTHETIC_GENERATOR_V1,SYNTHETIC
PA_004315,2025-10-21,NACALA,9,28.9,77.9,MEDIUM,SYNTHETIC_GENERATOR_V1,SYNTHETIC
PA_004316,2025-10-22,NACALA,4,14.9,63.8,LOW,SYNTHETIC_GENERATOR_V1,SYNTHETIC
PA_004317,2025-10-23,NACALA,8,25.4,71.5,MEDIUM,SYNTHETIC_GENERATOR_V1,SYNTHETIC
PA_004318,2025-10-24,NACALA,4,5.4,54.5,LOW,SYNTHETIC_GENERATOR_V1,SYNTHETIC
PA_004319,2025-10-25,NACALA,5,10.4,46.7,LOW,SYNTHETIC_GENERATOR_V1,SYNTHETIC
PA_004320,2025-10-26,NACALA,4,3.0,52.7,LOW,SYNTHETIC_GENERATOR_V1,SYNTHETIC
PA_004321,2025-10-27,NACALA,10,45.2,94.3,MEDIUM,SYNTHETIC_GENERATOR_V1,SYNTHETIC
PA_004322,2025-10-28,NACALA,8,28.3,76.4,MEDIUM,SYNTHETIC_GENERATOR_V1,SYNTHETIC
PA_004323,2025-10-29,NACALA,5,16.1,60.9,LOW,SYNTHETIC_GENERATOR_V1,SYNTHETIC
PA_004324,2025-10-30,NACALA,8,29.7,73.6,MEDIUM,SYNTHETIC_GENERATOR_V1,SYNTHETIC
PA_004325,2025-10-31,NACALA,5,9.1,57.6,LOW,SYNTHETIC_GENERATOR_V1,SYNTHETIC
PA_004326,2025-11-01,NACALA,7,25.3,69.3,MEDIUM,SYNTHETIC_GENERATOR_V1,SYNTHETIC
PA_004327,2025-11-02,NACALA,6,22.4,72.8,LOW,SYNTHETIC_GENERATOR_V1,SYNTHETIC
PA_004328,2025-11-03,NACALA,8,27.4,72.7,MEDIUM,SYNTHETIC_GENERATOR_V1,SYNTHETIC
PA_004329,2025-11-04,NACALA,5,14.4,62.5,LOW,SYNTHETIC_GENERATOR_V1,SYNTHETIC
PA_004330,2025-11-05,NACALA,7,26.2,75.3,MEDIUM,SYNTHETIC_GENERATOR_V1,SYNTHETIC
PA_004331,2025-11-06,NACALA,10,36.0,88.5,MEDIUM,SYNTHETIC_GENERATOR_V1,SYNTHETIC
PA_004332,2025-11-07,NACALA,10,42.8,90.0,MEDIUM,SYNTHETIC_GENERATOR_V1,SYNTHETIC
PA_004333,2025-11-08,NACALA,9,33.3,80.3,MEDIUM,SYNTHETIC_GENERATOR_V1,SYNTHETIC
PA_004334,2025-11-09,NACALA,9,35.1,75.0,MEDIUM,SYNTHETIC_GENERATOR_V1,SYNTHETIC
PA_004335,2025-11-10,NACALA,9,35.8,76.1,MEDIUM,SYNTHETIC_GENERATOR_V1,SYNTHETIC
PA_004336,2025-11-11,NACALA,3,1.4,49.4,LOW,SYNTHETIC_GENERATOR_V1,SYNTHETIC
PA_004337,2025-11-12,NACALA,6,26.9,72.8,MEDIUM,SYNTHETIC_GENERATOR_V1,SYNTHETIC
PA_004338,2025-11-13,NACALA,7,25.4,78.0,MEDIUM,SYNTHETIC_GENERATOR_V1,SYNTHETIC
PA_004339,2025-11-14,NACALA,7,21.0,72.9,LOW,SYNTHETIC_GENERATOR_V1,SYNTHETIC
PA_004340,2025-11-15,NACALA,7,18.2,64.1,LOW,SYNTHETIC_GENERATOR_V1,SYNTHETIC
PA_004341,2025-11-16,NACALA,3,1.5,53.3,LOW,SYNTHETIC_GENERATOR_V1,SYNTHETIC
PA_004342,2025-11-17,NACALA,5,15.2,65.9,LOW,SYNTHETIC_GENERATOR_V1,SYNTHETIC
PA_004343,2025-11-18,NACALA,2,2.1,53.1,LOW,SYNTHETIC_GENERATOR_V1,SYNTHETIC
PA_004344,2025-11-19,NACALA,5,11.2,57.4,LOW,SYNTHETIC_GENERATOR_V1,SYNTHETIC
PA_004345,2025-11-20,NACALA,6,18.8,68.1,LOW,SYNTHETIC_GENERATOR_V1,SYNTHETIC
PA_004346,2025-11-21,NACALA,5,19.2,61.5,LOW,SYNTHETIC_GENERATOR_V1,SYNTHETIC
PA_004347,2025-11-22,NACALA,6,21.3,67.3,LOW,SYNTHETIC_GENERATOR_V1,SYNTHETIC
PA_004348,2025-11-23,NACALA,8,31.3,72.1,MEDIUM,SYNTHETIC_GENERATOR_V1,SYNTHETIC
PA_004349,2025-11-24,NACALA,8,25.2,81.1,MEDIUM,SYNTHETIC_GENERATOR_V1,SYNTHETIC
PA_004350,2025-11-25,NACALA,3,11.4,56.5,LOW,SYNTHETIC_GENERATOR_V1,SYNTHETIC
PA_004351,2025-11-26,NACALA,8,26.6,78.6,MEDIUM,SYNTHETIC_GENERATOR_V1,SYNTHETIC
PA_004352,2025-11-27,NACALA,4,4.9,54.6,LOW,SYNTHETIC_GENERATOR_V1,SYNTHETIC
PA_004353,2025-11-28,NACALA,4,3.2,49.0,LOW,SYNTHETIC_GENERATOR_V1,SYNTHETIC
PA_004354,2025-11-29,NACALA,3,14.2,61.9,LOW,SYNTHETIC_GENERATOR_V1,SYNTHETIC
PA_004355,2025-11-30,NACALA,8,30.5,77.0,MEDIUM,SYNTHETIC_GENERATOR_V1,SYNTHETIC
PA_004356,2025-12-01,NACALA,5,17.6,69.8,LOW,SYNTHETIC_GENERATOR_V1,SYNTHETIC
PA_004357,2025-12-02,NACALA,8,30.6,74.0,MEDIUM,SYNTHETIC_GENERATOR_V1,SYNTHETIC
PA_004358,2025-12-03,NACALA,9,33.0,83.3,MEDIUM,SYNTHETIC_GENERATOR_V1,SYNTHETIC
PA_004359,2025-12-04,NACALA,6,15.1,65.8,LOW,SYNTHETIC_GENERATOR_V1,SYNTHETIC
PA_004360,2025-12-05,NACALA,6,12.3,56.3,LOW,SYNTHETIC_GENERATOR_V1,SYNTHETIC
PA_004361,2025-12-06,NACALA,8,26.1,71.4,MEDIUM,SYNTHETIC_GENERATOR_V1,SYNTHETIC
PA_004362,2025-12-07,NACALA,7,24.6,73.8,MEDIUM,SYNTHETIC_GENERATOR_V1,SYNTHETIC
PA_004363,2025-12-08,NACALA,4,8.8,55.1,LOW,SYNTHETIC_GENERATOR_V1,SYNTHETIC
PA_004364,2025-12-09,NACALA,6,23.9,64.7,LOW,SYNTHETIC_GENERATOR_V1,SYNTHETIC
PA_004365,2025-12-10,NACALA,5,18.7,66.4,LOW,SYNTHETIC_GENERATOR_V1,SYNTHETIC
PA_004366,2025-12-11,NACALA,10,37.3,77.0,MEDIUM,SYNTHETIC_GENERATOR_V1,SYNTHETIC
PA_004367,2025-12-12,NACALA,8,26.2,76.1,MEDIUM,SYNTHETIC_GENERATOR_V1,SYNTHETIC
PA_004368,2025-12-13,NACALA,6,23.2,67.3,LOW,SYNTHETIC_GENERATOR_V1,SYNTHETIC
PA_004369,2025-12-14,NACALA,3,3.3,52.6,LOW,SYNTHETIC_GENERATOR_V1,SYNTHETIC
PA_004370,2025-12-15,NACALA,6,19.0,65.8,LOW,SYNTHETIC_GENERATOR_V1,SYNTHETIC
PA_004371,2025-12-16,NACALA,8,24.0,70.0,MEDIUM,SYNTHETIC_GENERATOR_V1,SYNTHETIC
PA_004372,2025-12-17,NACALA,0,0.0,50.2,LOW,SYNTHETIC_GENERATOR_V1,SYNTHETIC
PA_004373,2025-12-18,NACALA,4,14.5,67.7,LOW,SYNTHETIC_GENERATOR_V1,SYNTHETIC
PA_004374,2025-12-19,NACALA,8,28.2,73.2,MEDIUM,SYNTHETIC_GENERATOR_V1,SYNTHETIC
PA_004375,2025-12-20,NACALA,3,11.2,57.1,LOW,SYNTHETIC_GENERATOR_V1,SYNTHETIC
PA_004376,2025-12-21,NACALA,3,6.1,53.6,LOW,SYNTHETIC_GENERATOR_V1,SYNTHETIC
PA_004377,2025-12-22,NACALA,9,30.9,79.6,MEDIUM,SYNTHETIC_GENERATOR_V1,SYNTHETIC
PA_004378,2025-12-23,NACALA,6,19.7,67.0,LOW,SYNTHETIC_GENERATOR_V1,SYNTHETIC
PA_004379,2025-12-24,NACALA,6,22.4,79.1,LOW,SYNTHETIC_GENERATOR_V1,SYNTHETIC
PA_004380,2025-12-25,NACALA,2,0.8,52.2,LOW,SYNTHETIC_GENERATOR_V1,SYNTHETIC
PA_004381,2025-12-26,NACALA,4,9.6,61.0,LOW,SYNTHETIC_GENERATOR_V1,SYNTHETIC
PA_004382,2025-12-27,NACALA,3,9.6,61.1,LOW,SYNTHETIC_GENERATOR_V1,SYNTHETIC
PA_004383,2025-12-28,NACALA,8,26.5,73.1,MEDIUM,SYNTHETIC_GENERATOR_V1,SYNTHETIC
PA_004384,2025-12-29,NACALA,4,13.1,59.3,LOW,SYNTHETIC_GENERATOR_V1,SYNTHETIC
PA_004385,2025-12-30,NACALA,2,0.0,49.3,LOW,SYNTHETIC_GENERATOR_V1,SYNTHETIC
PA_004386,2025-12-31,NACALA,5,13.2,71.0,LOW,SYNTHETIC_GENERATOR_V1,SYNTHETIC
PA_004387,2024-01-01,TABONEO,14,35.2,80.5,MEDIUM,SYNTHETIC_GENERATOR_V1,SYNTHETIC
PA_004388,2024-01-02,TABONEO,8,20.4,73.8,LOW,SYNTHETIC_GENERATOR_V1,SYNTHETIC
PA_004389,2024-01-03,TABONEO,6,8.1,66.6,LOW,SYNTHETIC_GENERATOR_V1,SYNTHETIC
PA_004390,2024-01-04,TABONEO,7,9.5,66.9,LOW,SYNTHETIC_GENERATOR_V1,SYNTHETIC
PA_004391,2024-01-05,TABONEO,7,14.1,70.1,LOW,SYNTHETIC_GENERATOR_V1,SYNTHETIC
PA_004392,2024-01-06,TABONEO,6,10.2,67.7,LOW,SYNTHETIC_GENERATOR_V1,SYNTHETIC
PA_004393,2024-01-07,TABONEO,12,32.1,87.3,MEDIUM,SYNTHETIC_GENERATOR_V1,SYNTHETIC
PA_004394,2024-01-08,TABONEO,14,36.6,91.2,MEDIUM,SYNTHETIC_GENERATOR_V1,SYNTHETIC
PA_004395,2024-01-09,TABONEO,11,28.1,87.7,MEDIUM,SYNTHETIC_GENERATOR_V1,SYNTHETIC
PA_004396,2024-01-10,TABONEO,8,18.3,81.1,LOW,SYNTHETIC_GENERATOR_V1,SYNTHETIC
PA_004397,2024-01-11,TABONEO,13,41.7,95.8,MEDIUM,SYNTHETIC_GENERATOR_V1,SYNTHETIC
PA_004398,2024-01-12,TABONEO,11,33.4,91.7,MEDIUM,SYNTHETIC_GENERATOR_V1,SYNTHETIC
PA_004399,2024-01-13,TABONEO,15,46.1,99.8,MEDIUM,SYNTHETIC_GENERATOR_V1,SYNTHETIC
PA_004400,2024-01-14,TABONEO,9,15.0,70.9,LOW,SYNTHETIC_GENERATOR_V1,SYNTHETIC
PA_004401,2024-01-15,TABONEO,10,27.4,80.5,MEDIUM,SYNTHETIC_GENERATOR_V1,SYNTHETIC
PA_004402,2024-01-16,TABONEO,10,23.6,80.3,LOW,SYNTHETIC_GENERATOR_V1,SYNTHETIC
PA_004403,2024-01-17,TABONEO,9,20.0,77.5,LOW,SYNTHETIC_GENERATOR_V1,SYNTHETIC
PA_004404,2024-01-18,TABONEO,13,40.6,99.4,MEDIUM,SYNTHETIC_GENERATOR_V1,SYNTHETIC
PA_004405,2024-01-19,TABONEO,10,20.2,82.4,LOW,SYNTHETIC_GENERATOR_V1,SYNTHETIC
PA_004406,2024-01-20,TABONEO,10,28.9,86.3,MEDIUM,SYNTHETIC_GENERATOR_V1,SYNTHETIC
PA_004407,2024-01-21,TABONEO,6,15.7,77.8,LOW,SYNTHETIC_GENERATOR_V1,SYNTHETIC
PA_004408,2024-01-22,TABONEO,10,32.7,89.4,MEDIUM,SYNTHETIC_GENERATOR_V1,SYNTHETIC
PA_004409,2024-01-23,TABONEO,12,28.0,83.7,MEDIUM,SYNTHETIC_GENERATOR_V1,SYNTHETIC
PA_004410,2024-01-24,TABONEO,5,10.1,67.5,LOW,SYNTHETIC_GENERATOR_V1,SYNTHETIC
PA_004411,2024-01-25,TABONEO,12,28.4,87.7,MEDIUM,SYNTHETIC_GENERATOR_V1,SYNTHETIC
PA_004412,2024-01-26,TABONEO,11,23.3,76.4,LOW,SYNTHETIC_GENERATOR_V1,SYNTHETIC
PA_004413,2024-01-27,TABONEO,10,24.1,81.1,MEDIUM,SYNTHETIC_GENERATOR_V1,SYNTHETIC
PA_004414,2024-01-28,TABONEO,12,33.4,90.3,MEDIUM,SYNTHETIC_GENERATOR_V1,SYNTHETIC
PA_004415,2024-01-29,TABONEO,5,8.6,68.9,LOW,SYNTHETIC_GENERATOR_V1,SYNTHETIC
PA_004416,2024-01-30,TABONEO,8,23.4,76.6,LOW,SYNTHETIC_GENERATOR_V1,SYNTHETIC
PA_004417,2024-01-31,TABONEO,9,16.4,78.1,LOW,SYNTHETIC_GENERATOR_V1,SYNTHETIC
PA_004418,2024-02-01,TABONEO,7,9.9,59.3,LOW,SYNTHETIC_GENERATOR_V1,SYNTHETIC
PA_004419,2024-02-02,TABONEO,8,12.6,72.0,LOW,SYNTHETIC_GENERATOR_V1,SYNTHETIC
PA_004420,2024-02-03,TABONEO,12,33.6,94.4,MEDIUM,SYNTHETIC_GENERATOR_V1,SYNTHETIC
PA_004421,2024-02-04,TABONEO,10,28.2,79.1,MEDIUM,SYNTHETIC_GENERATOR_V1,SYNTHETIC
PA_004422,2024-02-05,TABONEO,9,22.2,80.7,LOW,SYNTHETIC_GENERATOR_V1,SYNTHETIC
PA_004423,2024-02-06,TABONEO,8,16.9,80.8,LOW,SYNTHETIC_GENERATOR_V1,SYNTHETIC
PA_004424,2024-02-07,TABONEO,11,28.0,89.1,MEDIUM,SYNTHETIC_GENERATOR_V1,SYNTHETIC
PA_004425,2024-02-08,TABONEO,12,29.8,90.6,MEDIUM,SYNTHETIC_GENERATOR_V1,SYNTHETIC
PA_004426,2024-02-09,TABONEO,7,13.0,65.5,LOW,SYNTHETIC_GENERATOR_V1,SYNTHETIC
PA_004427,2024-02-10,TABONEO,17,51.5,103.8,MEDIUM,SYNTHETIC_GENERATOR_V1,SYNTHETIC
PA_004428,2024-02-11,TABONEO,7,15.8,70.2,LOW,SYNTHETIC_GENERATOR_V1,SYNTHETIC
PA_004429,2024-02-12,TABONEO,17,58.1,119.1,MEDIUM,SYNTHETIC_GENERATOR_V1,SYNTHETIC
PA_004430,2024-02-13,TABONEO,14,38.4,95.4,MEDIUM,SYNTHETIC_GENERATOR_V1,SYNTHETIC
PA_004431,2024-02-14,TABONEO,10,26.8,78.9,MEDIUM,SYNTHETIC_GENERATOR_V1,SYNTHETIC
PA_004432,2024-02-15,TABONEO,6,10.4,67.0,LOW,SYNTHETIC_GENERATOR_V1,SYNTHETIC
PA_004433,2024-02-16,TABONEO,9,15.2,70.2,LOW,SYNTHETIC_GENERATOR_V1,SYNTHETIC
PA_004434,2024-02-17,TABONEO,6,14.3,77.2,LOW,SYNTHETIC_GENERATOR_V1,SYNTHETIC
PA_004435,2024-02-18,TABONEO,9,20.0,80.1,LOW,SYNTHETIC_GENERATOR_V1,SYNTHETIC
PA_004436,2024-02-19,TABONEO,16,45.1,98.1,MEDIUM,SYNTHETIC_GENERATOR_V1,SYNTHETIC
PA_004437,2024-02-20,TABONEO,9,20.1,81.2,LOW,SYNTHETIC_GENERATOR_V1,SYNTHETIC
PA_004438,2024-02-21,TABONEO,9,16.5,71.8,LOW,SYNTHETIC_GENERATOR_V1,SYNTHETIC
PA_004439,2024-02-22,TABONEO,16,50.7,115.2,MEDIUM,SYNTHETIC_GENERATOR_V1,SYNTHETIC
PA_004440,2024-02-23,TABONEO,7,12.6,64.2,LOW,SYNTHETIC_GENERATOR_V1,SYNTHETIC
PA_004441,2024-02-24,TABONEO,7,14.8,68.6,LOW,SYNTHETIC_GENERATOR_V1,SYNTHETIC
PA_004442,2024-02-25,TABONEO,12,29.7,81.8,MEDIUM,SYNTHETIC_GENERATOR_V1,SYNTHETIC
PA_004443,2024-02-26,TABONEO,11,31.0,86.1,MEDIUM,SYNTHETIC_GENERATOR_V1,SYNTHETIC
PA_004444,2024-02-27,TABONEO,5,9.2,56.8,LOW,SYNTHETIC_GENERATOR_V1,SYNTHETIC
PA_004445,2024-02-28,TABONEO,9,24.0,83.4,MEDIUM,SYNTHETIC_GENERATOR_V1,SYNTHETIC
PA_004446,2024-02-29,TABONEO,14,36.6,87.3,MEDIUM,SYNTHETIC_GENERATOR_V1,SYNTHETIC
PA_004447,2024-03-01,TABONEO,6,14.8,63.5,LOW,SYNTHETIC_GENERATOR_V1,SYNTHETIC
PA_004448,2024-03-02,TABONEO,10,25.4,80.7,MEDIUM,SYNTHETIC_GENERATOR_V1,SYNTHETIC
PA_004449,2024-03-03,TABONEO,13,34.2,90.9,MEDIUM,SYNTHETIC_GENERATOR_V1,SYNTHETIC
PA_004450,2024-03-04,TABONEO,9,21.1,73.2,LOW,SYNTHETIC_GENERATOR_V1,SYNTHETIC
PA_004451,2024-03-05,TABONEO,8,21.4,76.4,LOW,SYNTHETIC_GENERATOR_V1,SYNTHETIC
PA_004452,2024-03-06,TABONEO,12,26.8,77.9,MEDIUM,SYNTHETIC_GENERATOR_V1,SYNTHETIC
PA_004453,2024-03-07,TABONEO,6,15.8,63.8,LOW,SYNTHETIC_GENERATOR_V1,SYNTHETIC
PA_004454,2024-03-08,TABONEO,10,19.3,76.9,LOW,SYNTHETIC_GENERATOR_V1,SYNTHETIC
PA_004455,2024-03-09,TABONEO,6,10.3,69.7,LOW,SYNTHETIC_GENERATOR_V1,SYNTHETIC
PA_004456,2024-03-10,TABONEO,6,6.0,66.1,LOW,SYNTHETIC_GENERATOR_V1,SYNTHETIC
PA_004457,2024-03-11,TABONEO,10,23.7,79.5,LOW,SYNTHETIC_GENERATOR_V1,SYNTHETIC
PA_004458,2024-03-12,TABONEO,11,23.1,73.9,LOW,SYNTHETIC_GENERATOR_V1,SYNTHETIC
PA_004459,2024-03-13,TABONEO,7,14.7,66.7,LOW,SYNTHETIC_GENERATOR_V1,SYNTHETIC
PA_004460,2024-03-14,TABONEO,13,39.9,99.2,MEDIUM,SYNTHETIC_GENERATOR_V1,SYNTHETIC
PA_004461,2024-03-15,TABONEO,11,31.7,84.0,MEDIUM,SYNTHETIC_GENERATOR_V1,SYNTHETIC
PA_004462,2024-03-16,TABONEO,11,28.7,84.4,MEDIUM,SYNTHETIC_GENERATOR_V1,SYNTHETIC
PA_004463,2024-03-17,TABONEO,16,45.2,102.8,MEDIUM,SYNTHETIC_GENERATOR_V1,SYNTHETIC
PA_004464,2024-03-18,TABONEO,14,38.6,95.9,MEDIUM,SYNTHETIC_GENERATOR_V1,SYNTHETIC
PA_004465,2024-03-19,TABONEO,10,23.9,80.1,LOW,SYNTHETIC_GENERATOR_V1,SYNTHETIC
PA_004466,2024-03-20,TABONEO,6,7.8,62.9,LOW,SYNTHETIC_GENERATOR_V1,SYNTHETIC
PA_004467,2024-03-21,TABONEO,7,13.3,67.8,LOW,SYNTHETIC_GENERATOR_V1,SYNTHETIC
PA_004468,2024-03-22,TABONEO,6,11.1,71.9,LOW,SYNTHETIC_GENERATOR_V1,SYNTHETIC
PA_004469,2024-03-23,TABONEO,13,31.1,79.4,MEDIUM,SYNTHETIC_GENERATOR_V1,SYNTHETIC
PA_004470,2024-03-24,TABONEO,8,22.4,75.5,LOW,SYNTHETIC_GENERATOR_V1,SYNTHETIC
PA_004471,2024-03-25,TABONEO,10,18.4,70.8,LOW,SYNTHETIC_GENERATOR_V1,SYNTHETIC
PA_004472,2024-03-26,TABONEO,10,23.7,80.7,LOW,SYNTHETIC_GENERATOR_V1,SYNTHETIC
PA_004473,2024-03-27,TABONEO,10,25.0,75.6,MEDIUM,SYNTHETIC_GENERATOR_V1,SYNTHETIC
PA_004474,2024-03-28,TABONEO,11,30.6,84.7,MEDIUM,SYNTHETIC_GENERATOR_V1,SYNTHETIC
PA_004475,2024-03-29,TABONEO,16,43.8,99.0,MEDIUM,SYNTHETIC_GENERATOR_V1,SYNTHETIC
PA_004476,2024-03-30,TABONEO,14,41.4,92.3,MEDIUM,SYNTHETIC_GENERATOR_V1,SYNTHETIC
PA_004477,2024-03-31,TABONEO,15,41.7,91.7,MEDIUM,SYNTHETIC_GENERATOR_V1,SYNTHETIC
PA_004478,2024-04-01,TABONEO,11,25.8,79.5,MEDIUM,SYNTHETIC_GENERATOR_V1,SYNTHETIC
PA_004479,2024-04-02,TABONEO,9,21.9,74.4,LOW,SYNTHETIC_GENERATOR_V1,SYNTHETIC
PA_004480,2024-04-03,TABONEO,11,30.7,81.2,MEDIUM,SYNTHETIC_GENERATOR_V1,SYNTHETIC
PA_004481,2024-04-04,TABONEO,6,7.4,64.7,LOW,SYNTHETIC_GENERATOR_V1,SYNTHETIC
PA_004482,2024-04-05,TABONEO,18,59.3,119.4,MEDIUM,SYNTHETIC_GENERATOR_V1,SYNTHETIC
PA_004483,2024-04-06,TABONEO,8,21.6,77.8,LOW,SYNTHETIC_GENERATOR_V1,SYNTHETIC
PA_004484,2024-04-07,TABONEO,15,44.4,105.3,MEDIUM,SYNTHETIC_GENERATOR_V1,SYNTHETIC
PA_004485,2024-04-08,TABONEO,12,27.7,81.5,MEDIUM,SYNTHETIC_GENERATOR_V1,SYNTHETIC
PA_004486,2024-04-09,TABONEO,9,21.1,80.0,LOW,SYNTHETIC_GENERATOR_V1,SYNTHETIC
PA_004487,2024-04-10,TABONEO,7,14.8,71.6,LOW,SYNTHETIC_GENERATOR_V1,SYNTHETIC
PA_004488,2024-04-11,TABONEO,9,17.0,76.8,LOW,SYNTHETIC_GENERATOR_V1,SYNTHETIC
PA_004489,2024-04-12,TABONEO,12,29.5,80.9,MEDIUM,SYNTHETIC_GENERATOR_V1,SYNTHETIC
PA_004490,2024-04-13,TABONEO,9,14.3,72.6,LOW,SYNTHETIC_GENERATOR_V1,SYNTHETIC
PA_004491,2024-04-14,TABONEO,10,22.3,75.1,LOW,SYNTHETIC_GENERATOR_V1,SYNTHETIC
PA_004492,2024-04-15,TABONEO,10,23.6,83.5,LOW,SYNTHETIC_GENERATOR_V1,SYNTHETIC
PA_004493,2024-04-16,TABONEO,11,30.7,93.7,MEDIUM,SYNTHETIC_GENERATOR_V1,SYNTHETIC
PA_004494,2024-04-17,TABONEO,16,50.2,106.5,MEDIUM,SYNTHETIC_GENERATOR_V1,SYNTHETIC
PA_004495,2024-04-18,TABONEO,7,10.2,68.4,LOW,SYNTHETIC_GENERATOR_V1,SYNTHETIC
PA_004496,2024-04-19,TABONEO,8,18.5,84.5,LOW,SYNTHETIC_GENERATOR_V1,SYNTHETIC
PA_004497,2024-04-20,TABONEO,15,44.2,93.3,MEDIUM,SYNTHETIC_GENERATOR_V1,SYNTHETIC
PA_004498,2024-04-21,TABONEO,8,15.4,74.3,LOW,SYNTHETIC_GENERATOR_V1,SYNTHETIC
PA_004499,2024-04-22,TABONEO,7,15.1,71.2,LOW,SYNTHETIC_GENERATOR_V1,SYNTHETIC
PA_004500,2024-04-23,TABONEO,10,25.4,84.3,MEDIUM,SYNTHETIC_GENERATOR_V1,SYNTHETIC
PA_004501,2024-04-24,TABONEO,17,51.4,105.5,MEDIUM,SYNTHETIC_GENERATOR_V1,SYNTHETIC
PA_004502,2024-04-25,TABONEO,8,19.1,71.4,LOW,SYNTHETIC_GENERATOR_V1,SYNTHETIC
PA_004503,2024-04-26,TABONEO,13,39.2,95.4,MEDIUM,SYNTHETIC_GENERATOR_V1,SYNTHETIC
PA_004504,2024-04-27,TABONEO,7,14.5,77.2,LOW,SYNTHETIC_GENERATOR_V1,SYNTHETIC
PA_004505,2024-04-28,TABONEO,11,23.8,80.1,LOW,SYNTHETIC_GENERATOR_V1,SYNTHETIC
PA_004506,2024-04-29,TABONEO,12,30.6,85.2,MEDIUM,SYNTHETIC_GENERATOR_V1,SYNTHETIC
PA_004507,2024-04-30,TABONEO,16,51.4,109.3,MEDIUM,SYNTHETIC_GENERATOR_V1,SYNTHETIC
PA_004508,2024-05-01,TABONEO,7,13.1,68.8,LOW,SYNTHETIC_GENERATOR_V1,SYNTHETIC
PA_004509,2024-05-02,TABONEO,7,11.9,72.3,LOW,SYNTHETIC_GENERATOR_V1,SYNTHETIC
PA_004510,2024-05-03,TABONEO,11,26.2,82.5,MEDIUM,SYNTHETIC_GENERATOR_V1,SYNTHETIC
PA_004511,2024-05-04,TABONEO,12,33.6,98.0,MEDIUM,SYNTHETIC_GENERATOR_V1,SYNTHETIC
PA_004512,2024-05-05,TABONEO,9,17.6,67.9,LOW,SYNTHETIC_GENERATOR_V1,SYNTHETIC
PA_004513,2024-05-06,TABONEO,8,17.8,75.4,LOW,SYNTHETIC_GENERATOR_V1,SYNTHETIC
PA_004514,2024-05-07,TABONEO,10,23.9,80.5,LOW,SYNTHETIC_GENERATOR_V1,SYNTHETIC
PA_004515,2024-05-08,TABONEO,12,33.5,84.2,MEDIUM,SYNTHETIC_GENERATOR_V1,SYNTHETIC
PA_004516,2024-05-09,TABONEO,6,5.7,64.5,LOW,SYNTHETIC_GENERATOR_V1,SYNTHETIC
PA_004517,2024-05-10,TABONEO,15,46.0,100.2,MEDIUM,SYNTHETIC_GENERATOR_V1,SYNTHETIC
PA_004518,2024-05-11,TABONEO,13,36.3,95.5,MEDIUM,SYNTHETIC_GENERATOR_V1,SYNTHETIC
PA_004519,2024-05-12,TABONEO,12,31.4,86.9,MEDIUM,SYNTHETIC_GENERATOR_V1,SYNTHETIC
PA_004520,2024-05-13,TABONEO,6,20.1,72.1,LOW,SYNTHETIC_GENERATOR_V1,SYNTHETIC
PA_004521,2024-05-14,TABONEO,10,21.3,85.8,LOW,SYNTHETIC_GENERATOR_V1,SYNTHETIC
PA_004522,2024-05-15,TABONEO,10,21.5,79.2,LOW,SYNTHETIC_GENERATOR_V1,SYNTHETIC
PA_004523,2024-05-16,TABONEO,12,32.9,88.9,MEDIUM,SYNTHETIC_GENERATOR_V1,SYNTHETIC
PA_004524,2024-05-17,TABONEO,15,46.9,106.2,MEDIUM,SYNTHETIC_GENERATOR_V1,SYNTHETIC
PA_004525,2024-05-18,TABONEO,9,15.8,69.2,LOW,SYNTHETIC_GENERATOR_V1,SYNTHETIC
PA_004526,2024-05-19,TABONEO,9,19.7,78.6,LOW,SYNTHETIC_GENERATOR_V1,SYNTHETIC
PA_004527,2024-05-20,TABONEO,14,43.7,97.9,MEDIUM,SYNTHETIC_GENERATOR_V1,SYNTHETIC
PA_004528,2024-05-21,TABONEO,14,37.1,91.7,MEDIUM,SYNTHETIC_GENERATOR_V1,SYNTHETIC
PA_004529,2024-05-22,TABONEO,5,4.2,53.7,LOW,SYNTHETIC_GENERATOR_V1,SYNTHETIC
PA_004530,2024-05-23,TABONEO,5,3.0,60.8,LOW,SYNTHETIC_GENERATOR_V1,SYNTHETIC
PA_004531,2024-05-24,TABONEO,15,40.8,97.5,MEDIUM,SYNTHETIC_GENERATOR_V1,SYNTHETIC
PA_004532,2024-05-25,TABONEO,10,28.3,84.3,MEDIUM,SYNTHETIC_GENERATOR_V1,SYNTHETIC
PA_004533,2024-05-26,TABONEO,10,19.9,76.1,LOW,SYNTHETIC_GENERATOR_V1,SYNTHETIC
PA_004534,2024-05-27,TABONEO,5,9.5,64.5,LOW,SYNTHETIC_GENERATOR_V1,SYNTHETIC
PA_004535,2024-05-28,TABONEO,11,28.2,82.8,MEDIUM,SYNTHETIC_GENERATOR_V1,SYNTHETIC
PA_004536,2024-05-29,TABONEO,14,38.0,99.9,MEDIUM,SYNTHETIC_GENERATOR_V1,SYNTHETIC
PA_004537,2024-05-30,TABONEO,16,51.6,106.7,MEDIUM,SYNTHETIC_GENERATOR_V1,SYNTHETIC
PA_004538,2024-05-31,TABONEO,9,23.6,78.5,LOW,SYNTHETIC_GENERATOR_V1,SYNTHETIC
PA_004539,2024-06-01,TABONEO,12,32.0,79.8,MEDIUM,SYNTHETIC_GENERATOR_V1,SYNTHETIC
PA_004540,2024-06-02,TABONEO,11,30.0,87.3,MEDIUM,SYNTHETIC_GENERATOR_V1,SYNTHETIC
PA_004541,2024-06-03,TABONEO,10,16.7,71.6,LOW,SYNTHETIC_GENERATOR_V1,SYNTHETIC
PA_004542,2024-06-04,TABONEO,16,47.1,103.5,MEDIUM,SYNTHETIC_GENERATOR_V1,SYNTHETIC
PA_004543,2024-06-05,TABONEO,4,6.7,64.4,LOW,SYNTHETIC_GENERATOR_V1,SYNTHETIC
PA_004544,2024-06-06,TABONEO,13,44.6,101.5,MEDIUM,SYNTHETIC_GENERATOR_V1,SYNTHETIC
PA_004545,2024-06-07,TABONEO,10,24.8,85.0,MEDIUM,SYNTHETIC_GENERATOR_V1,SYNTHETIC
PA_004546,2024-06-08,TABONEO,8,13.1,68.0,LOW,SYNTHETIC_GENERATOR_V1,SYNTHETIC
PA_004547,2024-06-09,TABONEO,10,23.7,77.0,LOW,SYNTHETIC_GENERATOR_V1,SYNTHETIC
PA_004548,2024-06-10,TABONEO,8,16.2,71.8,LOW,SYNTHETIC_GENERATOR_V1,SYNTHETIC
PA_004549,2024-06-11,TABONEO,8,15.2,64.8,LOW,SYNTHETIC_GENERATOR_V1,SYNTHETIC
PA_004550,2024-06-12,TABONEO,7,20.0,67.3,LOW,SYNTHETIC_GENERATOR_V1,SYNTHETIC
PA_004551,2024-06-13,TABONEO,9,18.7,71.9,LOW,SYNTHETIC_GENERATOR_V1,SYNTHETIC
PA_004552,2024-06-14,TABONEO,9,20.8,81.4,LOW,SYNTHETIC_GENERATOR_V1,SYNTHETIC
PA_004553,2024-06-15,TABONEO,9,20.4,78.1,LOW,SYNTHETIC_GENERATOR_V1,SYNTHETIC
PA_004554,2024-06-16,TABONEO,9,16.9,77.2,LOW,SYNTHETIC_GENERATOR_V1,SYNTHETIC
PA_004555,2024-06-17,TABONEO,13,44.5,100.9,MEDIUM,SYNTHETIC_GENERATOR_V1,SYNTHETIC
PA_004556,2024-06-18,TABONEO,17,52.7,106.8,MEDIUM,SYNTHETIC_GENERATOR_V1,SYNTHETIC
PA_004557,2024-06-19,TABONEO,11,32.4,88.8,MEDIUM,SYNTHETIC_GENERATOR_V1,SYNTHETIC
PA_004558,2024-06-20,TABONEO,10,28.2,85.3,MEDIUM,SYNTHETIC_GENERATOR_V1,SYNTHETIC
PA_004559,2024-06-21,TABONEO,13,35.1,85.5,MEDIUM,SYNTHETIC_GENERATOR_V1,SYNTHETIC
PA_004560,2024-06-22,TABONEO,8,18.9,74.3,LOW,SYNTHETIC_GENERATOR_V1,SYNTHETIC
PA_004561,2024-06-23,TABONEO,15,50.9,103.9,MEDIUM,SYNTHETIC_GENERATOR_V1,SYNTHETIC
PA_004562,2024-06-24,TABONEO,13,34.1,95.0,MEDIUM,SYNTHETIC_GENERATOR_V1,SYNTHETIC
PA_004563,2024-06-25,TABONEO,17,51.4,101.9,MEDIUM,SYNTHETIC_GENERATOR_V1,SYNTHETIC
PA_004564,2024-06-26,TABONEO,6,4.4,60.3,LOW,SYNTHETIC_GENERATOR_V1,SYNTHETIC
PA_004565,2024-06-27,TABONEO,9,26.8,77.8,MEDIUM,SYNTHETIC_GENERATOR_V1,SYNTHETIC
PA_004566,2024-06-28,TABONEO,9,15.5,73.3,LOW,SYNTHETIC_GENERATOR_V1,SYNTHETIC
PA_004567,2024-06-29,TABONEO,15,42.3,93.8,MEDIUM,SYNTHETIC_GENERATOR_V1,SYNTHETIC
PA_004568,2024-06-30,TABONEO,10,26.0,85.7,MEDIUM,SYNTHETIC_GENERATOR_V1,SYNTHETIC
PA_004569,2024-07-01,TABONEO,4,4.3,59.8,LOW,SYNTHETIC_GENERATOR_V1,SYNTHETIC
PA_004570,2024-07-02,TABONEO,12,32.6,87.7,MEDIUM,SYNTHETIC_GENERATOR_V1,SYNTHETIC
PA_004571,2024-07-03,TABONEO,7,16.5,62.4,LOW,SYNTHETIC_GENERATOR_V1,SYNTHETIC
PA_004572,2024-07-04,TABONEO,17,51.6,110.3,MEDIUM,SYNTHETIC_GENERATOR_V1,SYNTHETIC
PA_004573,2024-07-05,TABONEO,11,33.6,81.8,MEDIUM,SYNTHETIC_GENERATOR_V1,SYNTHETIC
PA_004574,2024-07-06,TABONEO,12,32.8,90.3,MEDIUM,SYNTHETIC_GENERATOR_V1,SYNTHETIC
PA_004575,2024-07-07,TABONEO,11,20.2,75.5,LOW,SYNTHETIC_GENERATOR_V1,SYNTHETIC
PA_004576,2024-07-08,TABONEO,8,14.5,74.6,LOW,SYNTHETIC_GENERATOR_V1,SYNTHETIC
PA_004577,2024-07-09,TABONEO,15,46.1,110.7,MEDIUM,SYNTHETIC_GENERATOR_V1,SYNTHETIC
PA_004578,2024-07-10,TABONEO,11,29.4,79.1,MEDIUM,SYNTHETIC_GENERATOR_V1,SYNTHETIC
PA_004579,2024-07-11,TABONEO,7,11.8,64.6,LOW,SYNTHETIC_GENERATOR_V1,SYNTHETIC
PA_004580,2024-07-12,TABONEO,7,9.7,66.6,LOW,SYNTHETIC_GENERATOR_V1,SYNTHETIC
PA_004581,2024-07-13,TABONEO,11,29.5,86.3,MEDIUM,SYNTHETIC_GENERATOR_V1,SYNTHETIC
PA_004582,2024-07-14,TABONEO,12,30.3,80.0,MEDIUM,SYNTHETIC_GENERATOR_V1,SYNTHETIC
PA_004583,2024-07-15,TABONEO,9,16.1,79.8,LOW,SYNTHETIC_GENERATOR_V1,SYNTHETIC
PA_004584,2024-07-16,TABONEO,11,32.3,90.3,MEDIUM,SYNTHETIC_GENERATOR_V1,SYNTHETIC
PA_004585,2024-07-17,TABONEO,12,24.9,80.4,MEDIUM,SYNTHETIC_GENERATOR_V1,SYNTHETIC
PA_004586,2024-07-18,TABONEO,18,59.6,112.7,MEDIUM,SYNTHETIC_GENERATOR_V1,SYNTHETIC
PA_004587,2024-07-19,TABONEO,6,12.3,64.5,LOW,SYNTHETIC_GENERATOR_V1,SYNTHETIC
PA_004588,2024-07-20,TABONEO,9,15.9,79.3,LOW,SYNTHETIC_GENERATOR_V1,SYNTHETIC
PA_004589,2024-07-21,TABONEO,13,28.9,89.7,MEDIUM,SYNTHETIC_GENERATOR_V1,SYNTHETIC
PA_004590,2024-07-22,TABONEO,15,42.5,100.4,MEDIUM,SYNTHETIC_GENERATOR_V1,SYNTHETIC
PA_004591,2024-07-23,TABONEO,16,41.9,108.9,MEDIUM,SYNTHETIC_GENERATOR_V1,SYNTHETIC
PA_004592,2024-07-24,TABONEO,12,30.8,92.5,MEDIUM,SYNTHETIC_GENERATOR_V1,SYNTHETIC
PA_004593,2024-07-25,TABONEO,12,33.2,86.9,MEDIUM,SYNTHETIC_GENERATOR_V1,SYNTHETIC
PA_004594,2024-07-26,TABONEO,16,47.6,116.8,MEDIUM,SYNTHETIC_GENERATOR_V1,SYNTHETIC
PA_004595,2024-07-27,TABONEO,16,50.9,100.8,MEDIUM,SYNTHETIC_GENERATOR_V1,SYNTHETIC
PA_004596,2024-07-28,TABONEO,13,40.4,105.2,MEDIUM,SYNTHETIC_GENERATOR_V1,SYNTHETIC
PA_004597,2024-07-29,TABONEO,12,32.9,87.8,MEDIUM,SYNTHETIC_GENERATOR_V1,SYNTHETIC
PA_004598,2024-07-30,TABONEO,12,34.3,84.7,MEDIUM,SYNTHETIC_GENERATOR_V1,SYNTHETIC
PA_004599,2024-07-31,TABONEO,18,54.5,107.2,MEDIUM,SYNTHETIC_GENERATOR_V1,SYNTHETIC
PA_004600,2024-08-01,TABONEO,13,33.2,89.7,MEDIUM,SYNTHETIC_GENERATOR_V1,SYNTHETIC
PA_004601,2024-08-02,TABONEO,7,20.0,77.7,LOW,SYNTHETIC_GENERATOR_V1,SYNTHETIC
PA_004602,2024-08-03,TABONEO,5,11.2,62.8,LOW,SYNTHETIC_GENERATOR_V1,SYNTHETIC
PA_004603,2024-08-04,TABONEO,14,39.0,89.1,MEDIUM,SYNTHETIC_GENERATOR_V1,SYNTHETIC
PA_004604,2024-08-05,TABONEO,8,17.6,76.0,LOW,SYNTHETIC_GENERATOR_V1,SYNTHETIC
PA_004605,2024-08-06,TABONEO,17,55.2,110.8,MEDIUM,SYNTHETIC_GENERATOR_V1,SYNTHETIC
PA_004606,2024-08-07,TABONEO,10,25.2,83.3,MEDIUM,SYNTHETIC_GENERATOR_V1,SYNTHETIC
PA_004607,2024-08-08,TABONEO,14,42.9,97.4,MEDIUM,SYNTHETIC_GENERATOR_V1,SYNTHETIC
PA_004608,2024-08-09,TABONEO,9,22.3,77.1,LOW,SYNTHETIC_GENERATOR_V1,SYNTHETIC
PA_004609,2024-08-10,TABONEO,9,29.1,86.5,MEDIUM,SYNTHETIC_GENERATOR_V1,SYNTHETIC
PA_004610,2024-08-11,TABONEO,9,18.9,75.3,LOW,SYNTHETIC_GENERATOR_V1,SYNTHETIC
PA_004611,2024-08-12,TABONEO,5,10.4,66.8,LOW,SYNTHETIC_GENERATOR_V1,SYNTHETIC
PA_004612,2024-08-13,TABONEO,10,20.0,69.6,LOW,SYNTHETIC_GENERATOR_V1,SYNTHETIC
PA_004613,2024-08-14,TABONEO,13,35.2,87.0,MEDIUM,SYNTHETIC_GENERATOR_V1,SYNTHETIC
PA_004614,2024-08-15,TABONEO,12,28.1,83.6,MEDIUM,SYNTHETIC_GENERATOR_V1,SYNTHETIC
PA_004615,2024-08-16,TABONEO,14,44.7,107.9,MEDIUM,SYNTHETIC_GENERATOR_V1,SYNTHETIC
PA_004616,2024-08-17,TABONEO,11,29.9,83.5,MEDIUM,SYNTHETIC_GENERATOR_V1,SYNTHETIC
PA_004617,2024-08-18,TABONEO,13,34.6,84.0,MEDIUM,SYNTHETIC_GENERATOR_V1,SYNTHETIC
PA_004618,2024-08-19,TABONEO,9,18.3,69.3,LOW,SYNTHETIC_GENERATOR_V1,SYNTHETIC
PA_004619,2024-08-20,TABONEO,9,24.9,73.9,MEDIUM,SYNTHETIC_GENERATOR_V1,SYNTHETIC
PA_004620,2024-08-21,TABONEO,16,49.2,94.9,MEDIUM,SYNTHETIC_GENERATOR_V1,SYNTHETIC
PA_004621,2024-08-22,TABONEO,8,16.3,68.4,LOW,SYNTHETIC_GENERATOR_V1,SYNTHETIC
PA_004622,2024-08-23,TABONEO,9,25.4,81.7,MEDIUM,SYNTHETIC_GENERATOR_V1,SYNTHETIC
PA_004623,2024-08-24,TABONEO,8,14.7,71.9,LOW,SYNTHETIC_GENERATOR_V1,SYNTHETIC
PA_004624,2024-08-25,TABONEO,11,31.2,87.8,MEDIUM,SYNTHETIC_GENERATOR_V1,SYNTHETIC
PA_004625,2024-08-26,TABONEO,11,33.6,89.5,MEDIUM,SYNTHETIC_GENERATOR_V1,SYNTHETIC
PA_004626,2024-08-27,TABONEO,5,9.4,60.6,LOW,SYNTHETIC_GENERATOR_V1,SYNTHETIC
PA_004627,2024-08-28,TABONEO,9,18.6,65.7,LOW,SYNTHETIC_GENERATOR_V1,SYNTHETIC
PA_004628,2024-08-29,TABONEO,10,23.6,79.2,LOW,SYNTHETIC_GENERATOR_V1,SYNTHETIC
PA_004629,2024-08-30,TABONEO,12,34.6,93.7,MEDIUM,SYNTHETIC_GENERATOR_V1,SYNTHETIC
PA_004630,2024-08-31,TABONEO,9,21.4,74.5,LOW,SYNTHETIC_GENERATOR_V1,SYNTHETIC
PA_004631,2024-09-01,TABONEO,10,19.0,77.6,LOW,SYNTHETIC_GENERATOR_V1,SYNTHETIC
PA_004632,2024-09-02,TABONEO,10,23.9,84.5,LOW,SYNTHETIC_GENERATOR_V1,SYNTHETIC
PA_004633,2024-09-03,TABONEO,10,29.5,82.6,MEDIUM,SYNTHETIC_GENERATOR_V1,SYNTHETIC
PA_004634,2024-09-04,TABONEO,11,25.8,75.2,MEDIUM,SYNTHETIC_GENERATOR_V1,SYNTHETIC
PA_004635,2024-09-05,TABONEO,11,26.1,85.5,MEDIUM,SYNTHETIC_GENERATOR_V1,SYNTHETIC
PA_004636,2024-09-06,TABONEO,11,22.9,77.0,LOW,SYNTHETIC_GENERATOR_V1,SYNTHETIC
PA_004637,2024-09-07,TABONEO,11,28.1,84.2,MEDIUM,SYNTHETIC_GENERATOR_V1,SYNTHETIC
PA_004638,2024-09-08,TABONEO,6,7.2,61.8,LOW,SYNTHETIC_GENERATOR_V1,SYNTHETIC
PA_004639,2024-09-09,TABONEO,7,15.5,70.6,LOW,SYNTHETIC_GENERATOR_V1,SYNTHETIC
PA_004640,2024-09-10,TABONEO,11,26.5,85.0,MEDIUM,SYNTHETIC_GENERATOR_V1,SYNTHETIC
PA_004641,2024-09-11,TABONEO,7,11.5,78.0,LOW,SYNTHETIC_GENERATOR_V1,SYNTHETIC
PA_004642,2024-09-12,TABONEO,13,30.1,85.6,MEDIUM,SYNTHETIC_GENERATOR_V1,SYNTHETIC
PA_004643,2024-09-13,TABONEO,5,3.7,60.6,LOW,SYNTHETIC_GENERATOR_V1,SYNTHETIC
PA_004644,2024-09-14,TABONEO,11,28.9,82.4,MEDIUM,SYNTHETIC_GENERATOR_V1,SYNTHETIC
PA_004645,2024-09-15,TABONEO,9,15.0,69.7,LOW,SYNTHETIC_GENERATOR_V1,SYNTHETIC
PA_004646,2024-09-16,TABONEO,9,18.3,72.9,LOW,SYNTHETIC_GENERATOR_V1,SYNTHETIC
PA_004647,2024-09-17,TABONEO,9,18.7,70.6,LOW,SYNTHETIC_GENERATOR_V1,SYNTHETIC
PA_004648,2024-09-18,TABONEO,11,24.1,86.5,MEDIUM,SYNTHETIC_GENERATOR_V1,SYNTHETIC
PA_004649,2024-09-19,TABONEO,5,8.7,74.4,LOW,SYNTHETIC_GENERATOR_V1,SYNTHETIC
PA_004650,2024-09-20,TABONEO,10,22.9,73.6,LOW,SYNTHETIC_GENERATOR_V1,SYNTHETIC
PA_004651,2024-09-21,TABONEO,8,14.3,71.8,LOW,SYNTHETIC_GENERATOR_V1,SYNTHETIC
PA_004652,2024-09-22,TABONEO,10,19.0,74.8,LOW,SYNTHETIC_GENERATOR_V1,SYNTHETIC
PA_004653,2024-09-23,TABONEO,9,22.0,78.0,LOW,SYNTHETIC_GENERATOR_V1,SYNTHETIC
PA_004654,2024-09-24,TABONEO,9,23.1,82.6,LOW,SYNTHETIC_GENERATOR_V1,SYNTHETIC
PA_004655,2024-09-25,TABONEO,8,21.1,82.6,LOW,SYNTHETIC_GENERATOR_V1,SYNTHETIC
PA_004656,2024-09-26,TABONEO,18,58.6,116.3,MEDIUM,SYNTHETIC_GENERATOR_V1,SYNTHETIC
PA_004657,2024-09-27,TABONEO,11,24.7,77.4,MEDIUM,SYNTHETIC_GENERATOR_V1,SYNTHETIC
PA_004658,2024-09-28,TABONEO,4,6.0,63.1,LOW,SYNTHETIC_GENERATOR_V1,SYNTHETIC
PA_004659,2024-09-29,TABONEO,10,22.6,80.7,LOW,SYNTHETIC_GENERATOR_V1,SYNTHETIC
PA_004660,2024-09-30,TABONEO,11,30.9,82.9,MEDIUM,SYNTHETIC_GENERATOR_V1,SYNTHETIC
PA_004661,2024-10-01,TABONEO,14,41.6,97.6,MEDIUM,SYNTHETIC_GENERATOR_V1,SYNTHETIC
PA_004662,2024-10-02,TABONEO,7,12.6,71.3,LOW,SYNTHETIC_GENERATOR_V1,SYNTHETIC
PA_004663,2024-10-03,TABONEO,13,39.9,90.9,MEDIUM,SYNTHETIC_GENERATOR_V1,SYNTHETIC
PA_004664,2024-10-04,TABONEO,14,42.9,99.5,MEDIUM,SYNTHETIC_GENERATOR_V1,SYNTHETIC
PA_004665,2024-10-05,TABONEO,9,21.5,79.6,LOW,SYNTHETIC_GENERATOR_V1,SYNTHETIC
PA_004666,2024-10-06,TABONEO,15,44.1,102.9,MEDIUM,SYNTHETIC_GENERATOR_V1,SYNTHETIC
PA_004667,2024-10-07,TABONEO,9,17.0,77.2,LOW,SYNTHETIC_GENERATOR_V1,SYNTHETIC
PA_004668,2024-10-08,TABONEO,8,16.0,65.5,LOW,SYNTHETIC_GENERATOR_V1,SYNTHETIC
PA_004669,2024-10-09,TABONEO,5,10.0,69.0,LOW,SYNTHETIC_GENERATOR_V1,SYNTHETIC
PA_004670,2024-10-10,TABONEO,6,6.3,60.4,LOW,SYNTHETIC_GENERATOR_V1,SYNTHETIC
PA_004671,2024-10-11,TABONEO,18,57.6,109.4,MEDIUM,SYNTHETIC_GENERATOR_V1,SYNTHETIC
PA_004672,2024-10-12,TABONEO,7,13.7,68.3,LOW,SYNTHETIC_GENERATOR_V1,SYNTHETIC
PA_004673,2024-10-13,TABONEO,12,34.0,93.9,MEDIUM,SYNTHETIC_GENERATOR_V1,SYNTHETIC
PA_004674,2024-10-14,TABONEO,8,13.6,70.0,LOW,SYNTHETIC_GENERATOR_V1,SYNTHETIC
PA_004675,2024-10-15,TABONEO,11,29.5,93.4,MEDIUM,SYNTHETIC_GENERATOR_V1,SYNTHETIC
PA_004676,2024-10-16,TABONEO,12,25.9,76.1,MEDIUM,SYNTHETIC_GENERATOR_V1,SYNTHETIC
PA_004677,2024-10-17,TABONEO,13,32.5,82.3,MEDIUM,SYNTHETIC_GENERATOR_V1,SYNTHETIC
PA_004678,2024-10-18,TABONEO,5,3.6,57.0,LOW,SYNTHETIC_GENERATOR_V1,SYNTHETIC
PA_004679,2024-10-19,TABONEO,12,32.3,82.5,MEDIUM,SYNTHETIC_GENERATOR_V1,SYNTHETIC
PA_004680,2024-10-20,TABONEO,5,7.1,63.5,LOW,SYNTHETIC_GENERATOR_V1,SYNTHETIC
PA_004681,2024-10-21,TABONEO,5,3.3,71.5,LOW,SYNTHETIC_GENERATOR_V1,SYNTHETIC
PA_004682,2024-10-22,TABONEO,12,36.4,93.1,MEDIUM,SYNTHETIC_GENERATOR_V1,SYNTHETIC
PA_004683,2024-10-23,TABONEO,12,31.9,87.3,MEDIUM,SYNTHETIC_GENERATOR_V1,SYNTHETIC
PA_004684,2024-10-24,TABONEO,10,19.3,81.6,LOW,SYNTHETIC_GENERATOR_V1,SYNTHETIC
PA_004685,2024-10-25,TABONEO,12,29.6,83.1,MEDIUM,SYNTHETIC_GENERATOR_V1,SYNTHETIC
PA_004686,2024-10-26,TABONEO,5,5.5,57.1,LOW,SYNTHETIC_GENERATOR_V1,SYNTHETIC
PA_004687,2024-10-27,TABONEO,14,36.8,94.6,MEDIUM,SYNTHETIC_GENERATOR_V1,SYNTHETIC
PA_004688,2024-10-28,TABONEO,13,38.8,93.1,MEDIUM,SYNTHETIC_GENERATOR_V1,SYNTHETIC
PA_004689,2024-10-29,TABONEO,9,22.7,77.8,LOW,SYNTHETIC_GENERATOR_V1,SYNTHETIC
PA_004690,2024-10-30,TABONEO,11,29.0,79.6,MEDIUM,SYNTHETIC_GENERATOR_V1,SYNTHETIC
PA_004691,2024-10-31,TABONEO,7,16.5,73.3,LOW,SYNTHETIC_GENERATOR_V1,SYNTHETIC
PA_004692,2024-11-01,TABONEO,5,8.0,65.0,LOW,SYNTHETIC_GENERATOR_V1,SYNTHETIC
PA_004693,2024-11-02,TABONEO,9,18.4,77.6,LOW,SYNTHETIC_GENERATOR_V1,SYNTHETIC
PA_004694,2024-11-03,TABONEO,8,12.9,69.4,LOW,SYNTHETIC_GENERATOR_V1,SYNTHETIC
PA_004695,2024-11-04,TABONEO,8,15.0,69.6,LOW,SYNTHETIC_GENERATOR_V1,SYNTHETIC
PA_004696,2024-11-05,TABONEO,17,49.7,97.6,MEDIUM,SYNTHETIC_GENERATOR_V1,SYNTHETIC
PA_004697,2024-11-06,TABONEO,16,46.3,109.9,MEDIUM,SYNTHETIC_GENERATOR_V1,SYNTHETIC
PA_004698,2024-11-07,TABONEO,8,17.7,76.2,LOW,SYNTHETIC_GENERATOR_V1,SYNTHETIC
PA_004699,2024-11-08,TABONEO,9,27.1,72.9,MEDIUM,SYNTHETIC_GENERATOR_V1,SYNTHETIC
PA_004700,2024-11-09,TABONEO,13,33.5,89.2,MEDIUM,SYNTHETIC_GENERATOR_V1,SYNTHETIC
PA_004701,2024-11-10,TABONEO,7,13.8,70.5,LOW,SYNTHETIC_GENERATOR_V1,SYNTHETIC
PA_004702,2024-11-11,TABONEO,5,14.7,76.2,LOW,SYNTHETIC_GENERATOR_V1,SYNTHETIC
PA_004703,2024-11-12,TABONEO,16,46.6,105.1,MEDIUM,SYNTHETIC_GENERATOR_V1,SYNTHETIC
PA_004704,2024-11-13,TABONEO,7,17.7,72.2,LOW,SYNTHETIC_GENERATOR_V1,SYNTHETIC
PA_004705,2024-11-14,TABONEO,3,6.1,55.0,LOW,SYNTHETIC_GENERATOR_V1,SYNTHETIC
PA_004706,2024-11-15,TABONEO,10,17.6,73.6,LOW,SYNTHETIC_GENERATOR_V1,SYNTHETIC
PA_004707,2024-11-16,TABONEO,10,21.4,75.1,LOW,SYNTHETIC_GENERATOR_V1,SYNTHETIC
PA_004708,2024-11-17,TABONEO,7,12.8,73.3,LOW,SYNTHETIC_GENERATOR_V1,SYNTHETIC
PA_004709,2024-11-18,TABONEO,6,6.3,67.0,LOW,SYNTHETIC_GENERATOR_V1,SYNTHETIC
PA_004710,2024-11-19,TABONEO,10,21.2,74.5,LOW,SYNTHETIC_GENERATOR_V1,SYNTHETIC
PA_004711,2024-11-20,TABONEO,9,28.2,83.3,MEDIUM,SYNTHETIC_GENERATOR_V1,SYNTHETIC
PA_004712,2024-11-21,TABONEO,7,17.2,74.3,LOW,SYNTHETIC_GENERATOR_V1,SYNTHETIC
PA_004713,2024-11-22,TABONEO,9,12.6,68.4,LOW,SYNTHETIC_GENERATOR_V1,SYNTHETIC
PA_004714,2024-11-23,TABONEO,8,15.1,78.6,LOW,SYNTHETIC_GENERATOR_V1,SYNTHETIC
PA_004715,2024-11-24,TABONEO,12,32.5,81.7,MEDIUM,SYNTHETIC_GENERATOR_V1,SYNTHETIC
PA_004716,2024-11-25,TABONEO,11,31.1,85.4,MEDIUM,SYNTHETIC_GENERATOR_V1,SYNTHETIC
PA_004717,2024-11-26,TABONEO,10,24.6,74.8,MEDIUM,SYNTHETIC_GENERATOR_V1,SYNTHETIC
PA_004718,2024-11-27,TABONEO,7,11.0,72.0,LOW,SYNTHETIC_GENERATOR_V1,SYNTHETIC
PA_004719,2024-11-28,TABONEO,11,31.7,91.1,MEDIUM,SYNTHETIC_GENERATOR_V1,SYNTHETIC
PA_004720,2024-11-29,TABONEO,15,45.7,103.8,MEDIUM,SYNTHETIC_GENERATOR_V1,SYNTHETIC
PA_004721,2024-11-30,TABONEO,10,22.6,84.5,LOW,SYNTHETIC_GENERATOR_V1,SYNTHETIC
PA_004722,2024-12-01,TABONEO,10,32.8,89.5,MEDIUM,SYNTHETIC_GENERATOR_V1,SYNTHETIC
PA_004723,2024-12-02,TABONEO,8,17.7,74.3,LOW,SYNTHETIC_GENERATOR_V1,SYNTHETIC
PA_004724,2024-12-03,TABONEO,9,22.6,83.5,LOW,SYNTHETIC_GENERATOR_V1,SYNTHETIC
PA_004725,2024-12-04,TABONEO,6,9.3,64.5,LOW,SYNTHETIC_GENERATOR_V1,SYNTHETIC
PA_004726,2024-12-05,TABONEO,12,33.2,88.0,MEDIUM,SYNTHETIC_GENERATOR_V1,SYNTHETIC
PA_004727,2024-12-06,TABONEO,9,18.7,68.5,LOW,SYNTHETIC_GENERATOR_V1,SYNTHETIC
PA_004728,2024-12-07,TABONEO,10,28.2,90.1,MEDIUM,SYNTHETIC_GENERATOR_V1,SYNTHETIC
PA_004729,2024-12-08,TABONEO,6,14.4,73.7,LOW,SYNTHETIC_GENERATOR_V1,SYNTHETIC
PA_004730,2024-12-09,TABONEO,11,28.4,80.9,MEDIUM,SYNTHETIC_GENERATOR_V1,SYNTHETIC
PA_004731,2024-12-10,TABONEO,8,19.7,73.5,LOW,SYNTHETIC_GENERATOR_V1,SYNTHETIC
PA_004732,2024-12-11,TABONEO,9,23.9,77.9,LOW,SYNTHETIC_GENERATOR_V1,SYNTHETIC
PA_004733,2024-12-12,TABONEO,9,18.8,76.5,LOW,SYNTHETIC_GENERATOR_V1,SYNTHETIC
PA_004734,2024-12-13,TABONEO,6,10.1,55.5,LOW,SYNTHETIC_GENERATOR_V1,SYNTHETIC
PA_004735,2024-12-14,TABONEO,11,32.1,83.4,MEDIUM,SYNTHETIC_GENERATOR_V1,SYNTHETIC
PA_004736,2024-12-15,TABONEO,14,33.9,87.1,MEDIUM,SYNTHETIC_GENERATOR_V1,SYNTHETIC
PA_004737,2024-12-16,TABONEO,7,13.9,66.4,LOW,SYNTHETIC_GENERATOR_V1,SYNTHETIC
PA_004738,2024-12-17,TABONEO,8,21.4,78.7,LOW,SYNTHETIC_GENERATOR_V1,SYNTHETIC
PA_004739,2024-12-18,TABONEO,15,44.4,93.7,MEDIUM,SYNTHETIC_GENERATOR_V1,SYNTHETIC
PA_004740,2024-12-19,TABONEO,8,19.1,73.0,LOW,SYNTHETIC_GENERATOR_V1,SYNTHETIC
PA_004741,2024-12-20,TABONEO,10,26.8,80.3,MEDIUM,SYNTHETIC_GENERATOR_V1,SYNTHETIC
PA_004742,2024-12-21,TABONEO,11,29.0,84.5,MEDIUM,SYNTHETIC_GENERATOR_V1,SYNTHETIC
PA_004743,2024-12-22,TABONEO,19,61.6,113.0,HIGH,SYNTHETIC_GENERATOR_V1,SYNTHETIC
PA_004744,2024-12-23,TABONEO,11,30.7,84.4,MEDIUM,SYNTHETIC_GENERATOR_V1,SYNTHETIC
PA_004745,2024-12-24,TABONEO,14,40.7,95.1,MEDIUM,SYNTHETIC_GENERATOR_V1,SYNTHETIC
PA_004746,2024-12-25,TABONEO,12,30.5,86.5,MEDIUM,SYNTHETIC_GENERATOR_V1,SYNTHETIC
PA_004747,2024-12-26,TABONEO,10,27.0,74.5,MEDIUM,SYNTHETIC_GENERATOR_V1,SYNTHETIC
PA_004748,2024-12-27,TABONEO,11,28.5,85.9,MEDIUM,SYNTHETIC_GENERATOR_V1,SYNTHETIC
PA_004749,2024-12-28,TABONEO,11,27.4,85.9,MEDIUM,SYNTHETIC_GENERATOR_V1,SYNTHETIC
PA_004750,2024-12-29,TABONEO,13,32.7,79.5,MEDIUM,SYNTHETIC_GENERATOR_V1,SYNTHETIC
PA_004751,2024-12-30,TABONEO,9,16.8,70.6,LOW,SYNTHETIC_GENERATOR_V1,SYNTHETIC
PA_004752,2024-12-31,TABONEO,11,31.6,88.0,MEDIUM,SYNTHETIC_GENERATOR_V1,SYNTHETIC
PA_004753,2025-01-01,TABONEO,14,42.6,95.9,MEDIUM,SYNTHETIC_GENERATOR_V1,SYNTHETIC
PA_004754,2025-01-02,TABONEO,12,34.2,90.6,MEDIUM,SYNTHETIC_GENERATOR_V1,SYNTHETIC
PA_004755,2025-01-03,TABONEO,7,21.0,78.4,LOW,SYNTHETIC_GENERATOR_V1,SYNTHETIC
PA_004756,2025-01-04,TABONEO,8,15.0,74.1,LOW,SYNTHETIC_GENERATOR_V1,SYNTHETIC
PA_004757,2025-01-05,TABONEO,9,24.8,78.0,MEDIUM,SYNTHETIC_GENERATOR_V1,SYNTHETIC
PA_004758,2025-01-06,TABONEO,11,20.7,79.2,LOW,SYNTHETIC_GENERATOR_V1,SYNTHETIC
PA_004759,2025-01-07,TABONEO,10,23.1,79.5,LOW,SYNTHETIC_GENERATOR_V1,SYNTHETIC
PA_004760,2025-01-08,TABONEO,15,46.9,99.7,MEDIUM,SYNTHETIC_GENERATOR_V1,SYNTHETIC
PA_004761,2025-01-09,TABONEO,12,29.6,86.7,MEDIUM,SYNTHETIC_GENERATOR_V1,SYNTHETIC
PA_004762,2025-01-10,TABONEO,11,23.6,78.2,LOW,SYNTHETIC_GENERATOR_V1,SYNTHETIC
PA_004763,2025-01-11,TABONEO,8,22.9,80.7,LOW,SYNTHETIC_GENERATOR_V1,SYNTHETIC
PA_004764,2025-01-12,TABONEO,12,32.8,94.4,MEDIUM,SYNTHETIC_GENERATOR_V1,SYNTHETIC
PA_004765,2025-01-13,TABONEO,13,35.4,93.6,MEDIUM,SYNTHETIC_GENERATOR_V1,SYNTHETIC
PA_004766,2025-01-14,TABONEO,13,36.1,97.9,MEDIUM,SYNTHETIC_GENERATOR_V1,SYNTHETIC
PA_004767,2025-01-15,TABONEO,12,29.4,80.0,MEDIUM,SYNTHETIC_GENERATOR_V1,SYNTHETIC
PA_004768,2025-01-16,TABONEO,5,0.0,58.2,LOW,SYNTHETIC_GENERATOR_V1,SYNTHETIC
PA_004769,2025-01-17,TABONEO,13,34.3,91.7,MEDIUM,SYNTHETIC_GENERATOR_V1,SYNTHETIC
PA_004770,2025-01-18,TABONEO,11,32.1,91.9,MEDIUM,SYNTHETIC_GENERATOR_V1,SYNTHETIC
PA_004771,2025-01-19,TABONEO,8,15.8,69.7,LOW,SYNTHETIC_GENERATOR_V1,SYNTHETIC
PA_004772,2025-01-20,TABONEO,9,22.9,80.8,LOW,SYNTHETIC_GENERATOR_V1,SYNTHETIC
PA_004773,2025-01-21,TABONEO,16,41.9,96.1,MEDIUM,SYNTHETIC_GENERATOR_V1,SYNTHETIC
PA_004774,2025-01-22,TABONEO,9,19.7,85.3,LOW,SYNTHETIC_GENERATOR_V1,SYNTHETIC
PA_004775,2025-01-23,TABONEO,7,11.7,58.8,LOW,SYNTHETIC_GENERATOR_V1,SYNTHETIC
PA_004776,2025-01-24,TABONEO,15,45.6,101.2,MEDIUM,SYNTHETIC_GENERATOR_V1,SYNTHETIC
PA_004777,2025-01-25,TABONEO,9,22.0,74.7,LOW,SYNTHETIC_GENERATOR_V1,SYNTHETIC
PA_004778,2025-01-26,TABONEO,4,5.9,67.1,LOW,SYNTHETIC_GENERATOR_V1,SYNTHETIC
PA_004779,2025-01-27,TABONEO,10,23.5,73.1,LOW,SYNTHETIC_GENERATOR_V1,SYNTHETIC
PA_004780,2025-01-28,TABONEO,7,16.2,68.1,LOW,SYNTHETIC_GENERATOR_V1,SYNTHETIC
PA_004781,2025-01-29,TABONEO,14,37.8,86.6,MEDIUM,SYNTHETIC_GENERATOR_V1,SYNTHETIC
PA_004782,2025-01-30,TABONEO,10,22.3,81.4,LOW,SYNTHETIC_GENERATOR_V1,SYNTHETIC
PA_004783,2025-01-31,TABONEO,12,26.0,79.0,MEDIUM,SYNTHETIC_GENERATOR_V1,SYNTHETIC
PA_004784,2025-02-01,TABONEO,7,8.3,68.2,LOW,SYNTHETIC_GENERATOR_V1,SYNTHETIC
PA_004785,2025-02-02,TABONEO,10,19.1,74.3,LOW,SYNTHETIC_GENERATOR_V1,SYNTHETIC
PA_004786,2025-02-03,TABONEO,12,35.0,94.5,MEDIUM,SYNTHETIC_GENERATOR_V1,SYNTHETIC
PA_004787,2025-02-04,TABONEO,6,10.7,67.9,LOW,SYNTHETIC_GENERATOR_V1,SYNTHETIC
PA_004788,2025-02-05,TABONEO,12,26.5,78.0,MEDIUM,SYNTHETIC_GENERATOR_V1,SYNTHETIC
PA_004789,2025-02-06,TABONEO,10,28.0,84.6,MEDIUM,SYNTHETIC_GENERATOR_V1,SYNTHETIC
PA_004790,2025-02-07,TABONEO,7,16.1,69.8,LOW,SYNTHETIC_GENERATOR_V1,SYNTHETIC
PA_004791,2025-02-08,TABONEO,14,39.2,92.0,MEDIUM,SYNTHETIC_GENERATOR_V1,SYNTHETIC
PA_004792,2025-02-09,TABONEO,9,18.9,83.5,LOW,SYNTHETIC_GENERATOR_V1,SYNTHETIC
PA_004793,2025-02-10,TABONEO,11,24.6,78.2,MEDIUM,SYNTHETIC_GENERATOR_V1,SYNTHETIC
PA_004794,2025-02-11,TABONEO,16,47.6,104.5,MEDIUM,SYNTHETIC_GENERATOR_V1,SYNTHETIC
PA_004795,2025-02-12,TABONEO,16,47.1,102.5,MEDIUM,SYNTHETIC_GENERATOR_V1,SYNTHETIC
PA_004796,2025-02-13,TABONEO,12,35.6,95.5,MEDIUM,SYNTHETIC_GENERATOR_V1,SYNTHETIC
PA_004797,2025-02-14,TABONEO,9,20.6,69.7,LOW,SYNTHETIC_GENERATOR_V1,SYNTHETIC
PA_004798,2025-02-15,TABONEO,9,18.6,68.1,LOW,SYNTHETIC_GENERATOR_V1,SYNTHETIC
PA_004799,2025-02-16,TABONEO,7,12.6,65.9,LOW,SYNTHETIC_GENERATOR_V1,SYNTHETIC
PA_004800,2025-02-17,TABONEO,11,26.9,76.9,MEDIUM,SYNTHETIC_GENERATOR_V1,SYNTHETIC
PA_004801,2025-02-18,TABONEO,10,24.7,84.6,MEDIUM,SYNTHETIC_GENERATOR_V1,SYNTHETIC
PA_004802,2025-02-19,TABONEO,6,21.4,78.3,LOW,SYNTHETIC_GENERATOR_V1,SYNTHETIC
PA_004803,2025-02-20,TABONEO,6,14.1,68.6,LOW,SYNTHETIC_GENERATOR_V1,SYNTHETIC
PA_004804,2025-02-21,TABONEO,10,24.6,84.9,MEDIUM,SYNTHETIC_GENERATOR_V1,SYNTHETIC
PA_004805,2025-02-22,TABONEO,13,31.3,85.3,MEDIUM,SYNTHETIC_GENERATOR_V1,SYNTHETIC
PA_004806,2025-02-23,TABONEO,10,22.4,73.5,LOW,SYNTHETIC_GENERATOR_V1,SYNTHETIC
PA_004807,2025-02-24,TABONEO,14,37.1,88.6,MEDIUM,SYNTHETIC_GENERATOR_V1,SYNTHETIC
PA_004808,2025-02-25,TABONEO,12,22.6,79.5,LOW,SYNTHETIC_GENERATOR_V1,SYNTHETIC
PA_004809,2025-02-26,TABONEO,11,25.5,79.2,MEDIUM,SYNTHETIC_GENERATOR_V1,SYNTHETIC
PA_004810,2025-02-27,TABONEO,10,21.4,82.8,LOW,SYNTHETIC_GENERATOR_V1,SYNTHETIC
PA_004811,2025-02-28,TABONEO,11,25.3,78.5,MEDIUM,SYNTHETIC_GENERATOR_V1,SYNTHETIC
PA_004812,2025-03-01,TABONEO,8,19.2,73.9,LOW,SYNTHETIC_GENERATOR_V1,SYNTHETIC
PA_004813,2025-03-02,TABONEO,13,38.3,91.3,MEDIUM,SYNTHETIC_GENERATOR_V1,SYNTHETIC
PA_004814,2025-03-03,TABONEO,9,22.1,73.6,LOW,SYNTHETIC_GENERATOR_V1,SYNTHETIC
PA_004815,2025-03-04,TABONEO,11,26.2,77.7,MEDIUM,SYNTHETIC_GENERATOR_V1,SYNTHETIC
PA_004816,2025-03-05,TABONEO,10,26.2,87.2,MEDIUM,SYNTHETIC_GENERATOR_V1,SYNTHETIC
PA_004817,2025-03-06,TABONEO,12,36.4,88.5,MEDIUM,SYNTHETIC_GENERATOR_V1,SYNTHETIC
PA_004818,2025-03-07,TABONEO,11,36.6,91.8,MEDIUM,SYNTHETIC_GENERATOR_V1,SYNTHETIC
PA_004819,2025-03-08,TABONEO,9,19.1,81.0,LOW,SYNTHETIC_GENERATOR_V1,SYNTHETIC
PA_004820,2025-03-09,TABONEO,7,10.4,67.0,LOW,SYNTHETIC_GENERATOR_V1,SYNTHETIC
PA_004821,2025-03-10,TABONEO,10,21.3,78.1,LOW,SYNTHETIC_GENERATOR_V1,SYNTHETIC
PA_004822,2025-03-11,TABONEO,11,27.6,80.5,MEDIUM,SYNTHETIC_GENERATOR_V1,SYNTHETIC
PA_004823,2025-03-12,TABONEO,11,23.2,82.4,LOW,SYNTHETIC_GENERATOR_V1,SYNTHETIC
PA_004824,2025-03-13,TABONEO,10,26.8,76.9,MEDIUM,SYNTHETIC_GENERATOR_V1,SYNTHETIC
PA_004825,2025-03-14,TABONEO,11,30.0,84.0,MEDIUM,SYNTHETIC_GENERATOR_V1,SYNTHETIC
PA_004826,2025-03-15,TABONEO,14,38.8,90.1,MEDIUM,SYNTHETIC_GENERATOR_V1,SYNTHETIC
PA_004827,2025-03-16,TABONEO,9,21.8,85.7,LOW,SYNTHETIC_GENERATOR_V1,SYNTHETIC
PA_004828,2025-03-17,TABONEO,6,13.2,73.4,LOW,SYNTHETIC_GENERATOR_V1,SYNTHETIC
PA_004829,2025-03-18,TABONEO,11,23.6,81.3,LOW,SYNTHETIC_GENERATOR_V1,SYNTHETIC
PA_004830,2025-03-19,TABONEO,6,9.9,63.3,LOW,SYNTHETIC_GENERATOR_V1,SYNTHETIC
PA_004831,2025-03-20,TABONEO,14,41.4,98.7,MEDIUM,SYNTHETIC_GENERATOR_V1,SYNTHETIC
PA_004832,2025-03-21,TABONEO,14,37.1,91.7,MEDIUM,SYNTHETIC_GENERATOR_V1,SYNTHETIC
PA_004833,2025-03-22,TABONEO,5,7.6,63.5,LOW,SYNTHETIC_GENERATOR_V1,SYNTHETIC
PA_004834,2025-03-23,TABONEO,13,44.0,98.5,MEDIUM,SYNTHETIC_GENERATOR_V1,SYNTHETIC
PA_004835,2025-03-24,TABONEO,13,34.8,85.7,MEDIUM,SYNTHETIC_GENERATOR_V1,SYNTHETIC
PA_004836,2025-03-25,TABONEO,10,25.1,77.4,MEDIUM,SYNTHETIC_GENERATOR_V1,SYNTHETIC
PA_004837,2025-03-26,TABONEO,9,23.1,80.8,LOW,SYNTHETIC_GENERATOR_V1,SYNTHETIC
PA_004838,2025-03-27,TABONEO,5,13.4,72.0,LOW,SYNTHETIC_GENERATOR_V1,SYNTHETIC
PA_004839,2025-03-28,TABONEO,9,18.2,73.3,LOW,SYNTHETIC_GENERATOR_V1,SYNTHETIC
PA_004840,2025-03-29,TABONEO,10,24.5,81.5,MEDIUM,SYNTHETIC_GENERATOR_V1,SYNTHETIC
PA_004841,2025-03-30,TABONEO,8,14.3,75.0,LOW,SYNTHETIC_GENERATOR_V1,SYNTHETIC
PA_004842,2025-03-31,TABONEO,8,11.3,65.0,LOW,SYNTHETIC_GENERATOR_V1,SYNTHETIC
PA_004843,2025-04-01,TABONEO,7,12.7,70.5,LOW,SYNTHETIC_GENERATOR_V1,SYNTHETIC
PA_004844,2025-04-02,TABONEO,6,13.4,65.3,LOW,SYNTHETIC_GENERATOR_V1,SYNTHETIC
PA_004845,2025-04-03,TABONEO,10,26.4,81.0,MEDIUM,SYNTHETIC_GENERATOR_V1,SYNTHETIC
PA_004846,2025-04-04,TABONEO,10,33.7,83.2,MEDIUM,SYNTHETIC_GENERATOR_V1,SYNTHETIC
PA_004847,2025-04-05,TABONEO,8,15.8,79.0,LOW,SYNTHETIC_GENERATOR_V1,SYNTHETIC
PA_004848,2025-04-06,TABONEO,2,0.3,56.9,LOW,SYNTHETIC_GENERATOR_V1,SYNTHETIC
PA_004849,2025-04-07,TABONEO,8,16.9,77.9,LOW,SYNTHETIC_GENERATOR_V1,SYNTHETIC
PA_004850,2025-04-08,TABONEO,11,35.9,94.5,MEDIUM,SYNTHETIC_GENERATOR_V1,SYNTHETIC
PA_004851,2025-04-09,TABONEO,14,35.7,89.3,MEDIUM,SYNTHETIC_GENERATOR_V1,SYNTHETIC
PA_004852,2025-04-10,TABONEO,16,44.2,105.1,MEDIUM,SYNTHETIC_GENERATOR_V1,SYNTHETIC
PA_004853,2025-04-11,TABONEO,7,12.3,67.6,LOW,SYNTHETIC_GENERATOR_V1,SYNTHETIC
PA_004854,2025-04-12,TABONEO,14,43.8,99.3,MEDIUM,SYNTHETIC_GENERATOR_V1,SYNTHETIC
PA_004855,2025-04-13,TABONEO,4,7.7,65.8,LOW,SYNTHETIC_GENERATOR_V1,SYNTHETIC
PA_004856,2025-04-14,TABONEO,15,49.4,110.5,MEDIUM,SYNTHETIC_GENERATOR_V1,SYNTHETIC
PA_004857,2025-04-15,TABONEO,13,39.7,94.8,MEDIUM,SYNTHETIC_GENERATOR_V1,SYNTHETIC
PA_004858,2025-04-16,TABONEO,10,25.2,84.0,MEDIUM,SYNTHETIC_GENERATOR_V1,SYNTHETIC
PA_004859,2025-04-17,TABONEO,5,6.5,57.1,LOW,SYNTHETIC_GENERATOR_V1,SYNTHETIC
PA_004860,2025-04-18,TABONEO,9,19.7,72.2,LOW,SYNTHETIC_GENERATOR_V1,SYNTHETIC
PA_004861,2025-04-19,TABONEO,10,22.9,81.1,LOW,SYNTHETIC_GENERATOR_V1,SYNTHETIC
PA_004862,2025-04-20,TABONEO,10,25.7,78.3,MEDIUM,SYNTHETIC_GENERATOR_V1,SYNTHETIC
PA_004863,2025-04-21,TABONEO,10,25.6,84.2,MEDIUM,SYNTHETIC_GENERATOR_V1,SYNTHETIC
PA_004864,2025-04-22,TABONEO,9,23.3,71.8,LOW,SYNTHETIC_GENERATOR_V1,SYNTHETIC
PA_004865,2025-04-23,TABONEO,16,51.5,110.5,MEDIUM,SYNTHETIC_GENERATOR_V1,SYNTHETIC
PA_004866,2025-04-24,TABONEO,14,37.4,96.9,MEDIUM,SYNTHETIC_GENERATOR_V1,SYNTHETIC
PA_004867,2025-04-25,TABONEO,11,26.2,83.6,MEDIUM,SYNTHETIC_GENERATOR_V1,SYNTHETIC
PA_004868,2025-04-26,TABONEO,12,35.1,83.6,MEDIUM,SYNTHETIC_GENERATOR_V1,SYNTHETIC
PA_004869,2025-04-27,TABONEO,10,22.8,79.8,LOW,SYNTHETIC_GENERATOR_V1,SYNTHETIC
PA_004870,2025-04-28,TABONEO,10,27.7,83.5,MEDIUM,SYNTHETIC_GENERATOR_V1,SYNTHETIC
PA_004871,2025-04-29,TABONEO,9,23.7,81.0,LOW,SYNTHETIC_GENERATOR_V1,SYNTHETIC
PA_004872,2025-04-30,TABONEO,5,3.2,59.3,LOW,SYNTHETIC_GENERATOR_V1,SYNTHETIC
PA_004873,2025-05-01,TABONEO,9,25.6,80.6,MEDIUM,SYNTHETIC_GENERATOR_V1,SYNTHETIC
PA_004874,2025-05-02,TABONEO,15,45.4,103.7,MEDIUM,SYNTHETIC_GENERATOR_V1,SYNTHETIC
PA_004875,2025-05-03,TABONEO,2,0.0,51.6,LOW,SYNTHETIC_GENERATOR_V1,SYNTHETIC
PA_004876,2025-05-04,TABONEO,8,19.7,72.9,LOW,SYNTHETIC_GENERATOR_V1,SYNTHETIC
PA_004877,2025-05-05,TABONEO,10,28.8,78.4,MEDIUM,SYNTHETIC_GENERATOR_V1,SYNTHETIC
PA_004878,2025-05-06,TABONEO,6,12.2,68.7,LOW,SYNTHETIC_GENERATOR_V1,SYNTHETIC
PA_004879,2025-05-07,TABONEO,13,37.2,95.5,MEDIUM,SYNTHETIC_GENERATOR_V1,SYNTHETIC
PA_004880,2025-05-08,TABONEO,4,2.2,63.6,LOW,SYNTHETIC_GENERATOR_V1,SYNTHETIC
PA_004881,2025-05-09,TABONEO,11,24.7,77.7,MEDIUM,SYNTHETIC_GENERATOR_V1,SYNTHETIC
PA_004882,2025-05-10,TABONEO,12,28.6,78.8,MEDIUM,SYNTHETIC_GENERATOR_V1,SYNTHETIC
PA_004883,2025-05-11,TABONEO,7,15.9,75.4,LOW,SYNTHETIC_GENERATOR_V1,SYNTHETIC
PA_004884,2025-05-12,TABONEO,11,25.9,86.5,MEDIUM,SYNTHETIC_GENERATOR_V1,SYNTHETIC
PA_004885,2025-05-13,TABONEO,11,23.9,78.5,LOW,SYNTHETIC_GENERATOR_V1,SYNTHETIC
PA_004886,2025-05-14,TABONEO,8,17.0,75.2,LOW,SYNTHETIC_GENERATOR_V1,SYNTHETIC
PA_004887,2025-05-15,TABONEO,8,16.3,76.5,LOW,SYNTHETIC_GENERATOR_V1,SYNTHETIC
PA_004888,2025-05-16,TABONEO,10,20.8,75.9,LOW,SYNTHETIC_GENERATOR_V1,SYNTHETIC
PA_004889,2025-05-17,TABONEO,11,32.2,93.6,MEDIUM,SYNTHETIC_GENERATOR_V1,SYNTHETIC
PA_004890,2025-05-18,TABONEO,15,43.8,100.0,MEDIUM,SYNTHETIC_GENERATOR_V1,SYNTHETIC
PA_004891,2025-05-19,TABONEO,10,27.3,84.1,MEDIUM,SYNTHETIC_GENERATOR_V1,SYNTHETIC
PA_004892,2025-05-20,TABONEO,6,8.9,67.3,LOW,SYNTHETIC_GENERATOR_V1,SYNTHETIC
PA_004893,2025-05-21,TABONEO,9,19.8,77.7,LOW,SYNTHETIC_GENERATOR_V1,SYNTHETIC
PA_004894,2025-05-22,TABONEO,17,48.0,106.4,MEDIUM,SYNTHETIC_GENERATOR_V1,SYNTHETIC
PA_004895,2025-05-23,TABONEO,9,18.7,71.8,LOW,SYNTHETIC_GENERATOR_V1,SYNTHETIC
PA_004896,2025-05-24,TABONEO,13,38.7,89.4,MEDIUM,SYNTHETIC_GENERATOR_V1,SYNTHETIC
PA_004897,2025-05-25,TABONEO,12,27.2,87.4,MEDIUM,SYNTHETIC_GENERATOR_V1,SYNTHETIC
PA_004898,2025-05-26,TABONEO,12,29.9,88.7,MEDIUM,SYNTHETIC_GENERATOR_V1,SYNTHETIC
PA_004899,2025-05-27,TABONEO,13,38.1,91.7,MEDIUM,SYNTHETIC_GENERATOR_V1,SYNTHETIC
PA_004900,2025-05-28,TABONEO,6,11.3,69.5,LOW,SYNTHETIC_GENERATOR_V1,SYNTHETIC
PA_004901,2025-05-29,TABONEO,12,36.7,96.5,MEDIUM,SYNTHETIC_GENERATOR_V1,SYNTHETIC
PA_004902,2025-05-30,TABONEO,12,32.7,92.9,MEDIUM,SYNTHETIC_GENERATOR_V1,SYNTHETIC
PA_004903,2025-05-31,TABONEO,9,16.5,72.0,LOW,SYNTHETIC_GENERATOR_V1,SYNTHETIC
PA_004904,2025-06-01,TABONEO,11,25.8,87.9,MEDIUM,SYNTHETIC_GENERATOR_V1,SYNTHETIC
PA_004905,2025-06-02,TABONEO,6,12.1,74.4,LOW,SYNTHETIC_GENERATOR_V1,SYNTHETIC
PA_004906,2025-06-03,TABONEO,10,24.8,75.8,MEDIUM,SYNTHETIC_GENERATOR_V1,SYNTHETIC
PA_004907,2025-06-04,TABONEO,15,41.4,95.0,MEDIUM,SYNTHETIC_GENERATOR_V1,SYNTHETIC
PA_004908,2025-06-05,TABONEO,11,27.0,84.6,MEDIUM,SYNTHETIC_GENERATOR_V1,SYNTHETIC
PA_004909,2025-06-06,TABONEO,8,17.0,67.3,LOW,SYNTHETIC_GENERATOR_V1,SYNTHETIC
PA_004910,2025-06-07,TABONEO,7,21.8,75.1,LOW,SYNTHETIC_GENERATOR_V1,SYNTHETIC
PA_004911,2025-06-08,TABONEO,12,31.5,87.6,MEDIUM,SYNTHETIC_GENERATOR_V1,SYNTHETIC
PA_004912,2025-06-09,TABONEO,6,13.9,65.7,LOW,SYNTHETIC_GENERATOR_V1,SYNTHETIC
PA_004913,2025-06-10,TABONEO,9,17.8,77.6,LOW,SYNTHETIC_GENERATOR_V1,SYNTHETIC
PA_004914,2025-06-11,TABONEO,4,10.9,70.8,LOW,SYNTHETIC_GENERATOR_V1,SYNTHETIC
PA_004915,2025-06-12,TABONEO,12,35.4,89.8,MEDIUM,SYNTHETIC_GENERATOR_V1,SYNTHETIC
PA_004916,2025-06-13,TABONEO,9,19.1,77.2,LOW,SYNTHETIC_GENERATOR_V1,SYNTHETIC
PA_004917,2025-06-14,TABONEO,7,10.2,70.3,LOW,SYNTHETIC_GENERATOR_V1,SYNTHETIC
PA_004918,2025-06-15,TABONEO,9,17.9,75.9,LOW,SYNTHETIC_GENERATOR_V1,SYNTHETIC
PA_004919,2025-06-16,TABONEO,7,17.2,72.6,LOW,SYNTHETIC_GENERATOR_V1,SYNTHETIC
PA_004920,2025-06-17,TABONEO,7,13.8,68.6,LOW,SYNTHETIC_GENERATOR_V1,SYNTHETIC
PA_004921,2025-06-18,TABONEO,13,30.4,92.9,MEDIUM,SYNTHETIC_GENERATOR_V1,SYNTHETIC
PA_004922,2025-06-19,TABONEO,14,47.3,104.0,MEDIUM,SYNTHETIC_GENERATOR_V1,SYNTHETIC
PA_004923,2025-06-20,TABONEO,10,26.8,84.2,MEDIUM,SYNTHETIC_GENERATOR_V1,SYNTHETIC
PA_004924,2025-06-21,TABONEO,13,37.0,90.8,MEDIUM,SYNTHETIC_GENERATOR_V1,SYNTHETIC
PA_004925,2025-06-22,TABONEO,9,19.9,81.4,LOW,SYNTHETIC_GENERATOR_V1,SYNTHETIC
PA_004926,2025-06-23,TABONEO,12,40.6,91.1,MEDIUM,SYNTHETIC_GENERATOR_V1,SYNTHETIC
PA_004927,2025-06-24,TABONEO,11,24.8,76.8,MEDIUM,SYNTHETIC_GENERATOR_V1,SYNTHETIC
PA_004928,2025-06-25,TABONEO,7,13.4,68.9,LOW,SYNTHETIC_GENERATOR_V1,SYNTHETIC
PA_004929,2025-06-26,TABONEO,10,28.9,84.6,MEDIUM,SYNTHETIC_GENERATOR_V1,SYNTHETIC
PA_004930,2025-06-27,TABONEO,6,12.8,57.2,LOW,SYNTHETIC_GENERATOR_V1,SYNTHETIC
PA_004931,2025-06-28,TABONEO,5,6.7,60.2,LOW,SYNTHETIC_GENERATOR_V1,SYNTHETIC
PA_004932,2025-06-29,TABONEO,13,32.0,87.9,MEDIUM,SYNTHETIC_GENERATOR_V1,SYNTHETIC
PA_004933,2025-06-30,TABONEO,14,39.4,94.5,MEDIUM,SYNTHETIC_GENERATOR_V1,SYNTHETIC
PA_004934,2025-07-01,TABONEO,8,19.6,72.7,LOW,SYNTHETIC_GENERATOR_V1,SYNTHETIC
PA_004935,2025-07-02,TABONEO,10,27.1,83.1,MEDIUM,SYNTHETIC_GENERATOR_V1,SYNTHETIC
PA_004936,2025-07-03,TABONEO,9,21.1,75.5,LOW,SYNTHETIC_GENERATOR_V1,SYNTHETIC
PA_004937,2025-07-04,TABONEO,14,36.5,94.8,MEDIUM,SYNTHETIC_GENERATOR_V1,SYNTHETIC
PA_004938,2025-07-05,TABONEO,9,16.8,69.6,LOW,SYNTHETIC_GENERATOR_V1,SYNTHETIC
PA_004939,2025-07-06,TABONEO,12,32.4,86.8,MEDIUM,SYNTHETIC_GENERATOR_V1,SYNTHETIC
PA_004940,2025-07-07,TABONEO,5,4.7,58.8,LOW,SYNTHETIC_GENERATOR_V1,SYNTHETIC
PA_004941,2025-07-08,TABONEO,6,11.8,67.4,LOW,SYNTHETIC_GENERATOR_V1,SYNTHETIC
PA_004942,2025-07-09,TABONEO,8,15.3,82.5,LOW,SYNTHETIC_GENERATOR_V1,SYNTHETIC
PA_004943,2025-07-10,TABONEO,6,6.0,63.6,LOW,SYNTHETIC_GENERATOR_V1,SYNTHETIC
PA_004944,2025-07-11,TABONEO,4,6.1,61.4,LOW,SYNTHETIC_GENERATOR_V1,SYNTHETIC
PA_004945,2025-07-12,TABONEO,8,12.9,66.5,LOW,SYNTHETIC_GENERATOR_V1,SYNTHETIC
PA_004946,2025-07-13,TABONEO,14,38.5,93.6,MEDIUM,SYNTHETIC_GENERATOR_V1,SYNTHETIC
PA_004947,2025-07-14,TABONEO,13,39.2,99.2,MEDIUM,SYNTHETIC_GENERATOR_V1,SYNTHETIC
PA_004948,2025-07-15,TABONEO,9,17.0,72.2,LOW,SYNTHETIC_GENERATOR_V1,SYNTHETIC
PA_004949,2025-07-16,TABONEO,5,6.8,60.0,LOW,SYNTHETIC_GENERATOR_V1,SYNTHETIC
PA_004950,2025-07-17,TABONEO,11,35.0,90.2,MEDIUM,SYNTHETIC_GENERATOR_V1,SYNTHETIC
PA_004951,2025-07-18,TABONEO,9,19.7,79.9,LOW,SYNTHETIC_GENERATOR_V1,SYNTHETIC
PA_004952,2025-07-19,TABONEO,7,12.6,64.9,LOW,SYNTHETIC_GENERATOR_V1,SYNTHETIC
PA_004953,2025-07-20,TABONEO,10,29.4,84.7,MEDIUM,SYNTHETIC_GENERATOR_V1,SYNTHETIC
PA_004954,2025-07-21,TABONEO,13,36.4,95.9,MEDIUM,SYNTHETIC_GENERATOR_V1,SYNTHETIC
PA_004955,2025-07-22,TABONEO,14,36.5,91.9,MEDIUM,SYNTHETIC_GENERATOR_V1,SYNTHETIC
PA_004956,2025-07-23,TABONEO,8,14.5,74.3,LOW,SYNTHETIC_GENERATOR_V1,SYNTHETIC
PA_004957,2025-07-24,TABONEO,9,18.2,72.8,LOW,SYNTHETIC_GENERATOR_V1,SYNTHETIC
PA_004958,2025-07-25,TABONEO,16,51.5,109.7,MEDIUM,SYNTHETIC_GENERATOR_V1,SYNTHETIC
PA_004959,2025-07-26,TABONEO,12,31.1,83.7,MEDIUM,SYNTHETIC_GENERATOR_V1,SYNTHETIC
PA_004960,2025-07-27,TABONEO,7,14.2,77.2,LOW,SYNTHETIC_GENERATOR_V1,SYNTHETIC
PA_004961,2025-07-28,TABONEO,15,44.7,97.2,MEDIUM,SYNTHETIC_GENERATOR_V1,SYNTHETIC
PA_004962,2025-07-29,TABONEO,4,0.1,56.0,LOW,SYNTHETIC_GENERATOR_V1,SYNTHETIC
PA_004963,2025-07-30,TABONEO,14,42.1,99.3,MEDIUM,SYNTHETIC_GENERATOR_V1,SYNTHETIC
PA_004964,2025-07-31,TABONEO,10,23.8,76.4,LOW,SYNTHETIC_GENERATOR_V1,SYNTHETIC
PA_004965,2025-08-01,TABONEO,19,61.3,119.2,HIGH,SYNTHETIC_GENERATOR_V1,SYNTHETIC
PA_004966,2025-08-02,TABONEO,8,22.9,73.3,LOW,SYNTHETIC_GENERATOR_V1,SYNTHETIC
PA_004967,2025-08-03,TABONEO,14,41.9,97.1,MEDIUM,SYNTHETIC_GENERATOR_V1,SYNTHETIC
PA_004968,2025-08-04,TABONEO,6,10.8,68.3,LOW,SYNTHETIC_GENERATOR_V1,SYNTHETIC
PA_004969,2025-08-05,TABONEO,9,23.9,79.9,LOW,SYNTHETIC_GENERATOR_V1,SYNTHETIC
PA_004970,2025-08-06,TABONEO,11,26.7,87.3,MEDIUM,SYNTHETIC_GENERATOR_V1,SYNTHETIC
PA_004971,2025-08-07,TABONEO,7,13.3,69.6,LOW,SYNTHETIC_GENERATOR_V1,SYNTHETIC
PA_004972,2025-08-08,TABONEO,7,19.2,79.6,LOW,SYNTHETIC_GENERATOR_V1,SYNTHETIC
PA_004973,2025-08-09,TABONEO,9,20.7,77.8,LOW,SYNTHETIC_GENERATOR_V1,SYNTHETIC
PA_004974,2025-08-10,TABONEO,9,25.2,74.6,MEDIUM,SYNTHETIC_GENERATOR_V1,SYNTHETIC
PA_004975,2025-08-11,TABONEO,10,24.3,83.5,MEDIUM,SYNTHETIC_GENERATOR_V1,SYNTHETIC
PA_004976,2025-08-12,TABONEO,19,58.2,112.4,MEDIUM,SYNTHETIC_GENERATOR_V1,SYNTHETIC
PA_004977,2025-08-13,TABONEO,11,24.7,82.8,MEDIUM,SYNTHETIC_GENERATOR_V1,SYNTHETIC
PA_004978,2025-08-14,TABONEO,10,25.4,80.8,MEDIUM,SYNTHETIC_GENERATOR_V1,SYNTHETIC
PA_004979,2025-08-15,TABONEO,8,19.3,80.9,LOW,SYNTHETIC_GENERATOR_V1,SYNTHETIC
PA_004980,2025-08-16,TABONEO,11,28.8,86.4,MEDIUM,SYNTHETIC_GENERATOR_V1,SYNTHETIC
PA_004981,2025-08-17,TABONEO,3,0.0,56.5,LOW,SYNTHETIC_GENERATOR_V1,SYNTHETIC
PA_004982,2025-08-18,TABONEO,11,26.2,82.1,MEDIUM,SYNTHETIC_GENERATOR_V1,SYNTHETIC
PA_004983,2025-08-19,TABONEO,8,16.1,74.5,LOW,SYNTHETIC_GENERATOR_V1,SYNTHETIC
PA_004984,2025-08-20,TABONEO,8,20.8,73.3,LOW,SYNTHETIC_GENERATOR_V1,SYNTHETIC
PA_004985,2025-08-21,TABONEO,13,38.3,94.3,MEDIUM,SYNTHETIC_GENERATOR_V1,SYNTHETIC
PA_004986,2025-08-22,TABONEO,13,35.9,91.4,MEDIUM,SYNTHETIC_GENERATOR_V1,SYNTHETIC
PA_004987,2025-08-23,TABONEO,6,11.2,67.8,LOW,SYNTHETIC_GENERATOR_V1,SYNTHETIC
PA_004988,2025-08-24,TABONEO,8,15.1,71.1,LOW,SYNTHETIC_GENERATOR_V1,SYNTHETIC
PA_004989,2025-08-25,TABONEO,15,45.3,102.7,MEDIUM,SYNTHETIC_GENERATOR_V1,SYNTHETIC
PA_004990,2025-08-26,TABONEO,10,25.2,87.0,MEDIUM,SYNTHETIC_GENERATOR_V1,SYNTHETIC
PA_004991,2025-08-27,TABONEO,10,22.7,85.2,LOW,SYNTHETIC_GENERATOR_V1,SYNTHETIC
PA_004992,2025-08-28,TABONEO,10,22.6,77.7,LOW,SYNTHETIC_GENERATOR_V1,SYNTHETIC
PA_004993,2025-08-29,TABONEO,11,27.5,78.4,MEDIUM,SYNTHETIC_GENERATOR_V1,SYNTHETIC
PA_004994,2025-08-30,TABONEO,12,26.9,78.6,MEDIUM,SYNTHETIC_GENERATOR_V1,SYNTHETIC
PA_004995,2025-08-31,TABONEO,11,31.9,86.9,MEDIUM,SYNTHETIC_GENERATOR_V1,SYNTHETIC
PA_004996,2025-09-01,TABONEO,13,39.5,92.3,MEDIUM,SYNTHETIC_GENERATOR_V1,SYNTHETIC
PA_004997,2025-09-02,TABONEO,10,26.0,92.4,MEDIUM,SYNTHETIC_GENERATOR_V1,SYNTHETIC
PA_004998,2025-09-03,TABONEO,7,13.3,71.2,LOW,SYNTHETIC_GENERATOR_V1,SYNTHETIC
PA_004999,2025-09-04,TABONEO,13,33.5,92.9,MEDIUM,SYNTHETIC_GENERATOR_V1,SYNTHETIC
PA_005000,2025-09-05,TABONEO,8,24.4,84.0,MEDIUM,SYNTHETIC_GENERATOR_V1,SYNTHETIC
PA_005001,2025-09-06,TABONEO,11,26.0,88.2,MEDIUM,SYNTHETIC_GENERATOR_V1,SYNTHETIC
PA_005002,2025-09-07,TABONEO,14,31.2,86.8,MEDIUM,SYNTHETIC_GENERATOR_V1,SYNTHETIC
PA_005003,2025-09-08,TABONEO,7,12.9,69.6,LOW,SYNTHETIC_GENERATOR_V1,SYNTHETIC
PA_005004,2025-09-09,TABONEO,12,29.9,92.6,MEDIUM,SYNTHETIC_GENERATOR_V1,SYNTHETIC
PA_005005,2025-09-10,TABONEO,13,35.6,100.7,MEDIUM,SYNTHETIC_GENERATOR_V1,SYNTHETIC
PA_005006,2025-09-11,TABONEO,9,18.8,75.6,LOW,SYNTHETIC_GENERATOR_V1,SYNTHETIC
PA_005007,2025-09-12,TABONEO,13,35.9,95.5,MEDIUM,SYNTHETIC_GENERATOR_V1,SYNTHETIC
PA_005008,2025-09-13,TABONEO,6,7.2,63.2,LOW,SYNTHETIC_GENERATOR_V1,SYNTHETIC
PA_005009,2025-09-14,TABONEO,14,40.3,98.4,MEDIUM,SYNTHETIC_GENERATOR_V1,SYNTHETIC
PA_005010,2025-09-15,TABONEO,13,33.5,85.6,MEDIUM,SYNTHETIC_GENERATOR_V1,SYNTHETIC
PA_005011,2025-09-16,TABONEO,5,13.6,70.2,LOW,SYNTHETIC_GENERATOR_V1,SYNTHETIC
PA_005012,2025-09-17,TABONEO,11,31.7,88.0,MEDIUM,SYNTHETIC_GENERATOR_V1,SYNTHETIC
PA_005013,2025-09-18,TABONEO,11,33.8,95.3,MEDIUM,SYNTHETIC_GENERATOR_V1,SYNTHETIC
PA_005014,2025-09-19,TABONEO,13,30.5,81.9,MEDIUM,SYNTHETIC_GENERATOR_V1,SYNTHETIC
PA_005015,2025-09-20,TABONEO,15,39.6,92.6,MEDIUM,SYNTHETIC_GENERATOR_V1,SYNTHETIC
PA_005016,2025-09-21,TABONEO,15,40.5,94.0,MEDIUM,SYNTHETIC_GENERATOR_V1,SYNTHETIC
PA_005017,2025-09-22,TABONEO,11,24.6,78.5,MEDIUM,SYNTHETIC_GENERATOR_V1,SYNTHETIC
PA_005018,2025-09-23,TABONEO,12,35.5,96.8,MEDIUM,SYNTHETIC_GENERATOR_V1,SYNTHETIC
PA_005019,2025-09-24,TABONEO,10,24.5,85.4,MEDIUM,SYNTHETIC_GENERATOR_V1,SYNTHETIC
PA_005020,2025-09-25,TABONEO,5,4.6,61.0,LOW,SYNTHETIC_GENERATOR_V1,SYNTHETIC
PA_005021,2025-09-26,TABONEO,9,32.4,94.1,MEDIUM,SYNTHETIC_GENERATOR_V1,SYNTHETIC
PA_005022,2025-09-27,TABONEO,11,31.7,85.6,MEDIUM,SYNTHETIC_GENERATOR_V1,SYNTHETIC
PA_005023,2025-09-28,TABONEO,6,10.6,67.8,LOW,SYNTHETIC_GENERATOR_V1,SYNTHETIC
PA_005024,2025-09-29,TABONEO,5,4.3,49.1,LOW,SYNTHETIC_GENERATOR_V1,SYNTHETIC
PA_005025,2025-09-30,TABONEO,7,17.1,73.2,LOW,SYNTHETIC_GENERATOR_V1,SYNTHETIC
PA_005026,2025-10-01,TABONEO,7,16.6,73.6,LOW,SYNTHETIC_GENERATOR_V1,SYNTHETIC
PA_005027,2025-10-02,TABONEO,9,21.8,83.1,LOW,SYNTHETIC_GENERATOR_V1,SYNTHETIC
PA_005028,2025-10-03,TABONEO,8,12.8,73.8,LOW,SYNTHETIC_GENERATOR_V1,SYNTHETIC
PA_005029,2025-10-04,TABONEO,10,23.5,81.6,LOW,SYNTHETIC_GENERATOR_V1,SYNTHETIC
PA_005030,2025-10-05,TABONEO,8,17.7,70.1,LOW,SYNTHETIC_GENERATOR_V1,SYNTHETIC
PA_005031,2025-10-06,TABONEO,11,30.7,81.6,MEDIUM,SYNTHETIC_GENERATOR_V1,SYNTHETIC
PA_005032,2025-10-07,TABONEO,6,7.6,58.4,LOW,SYNTHETIC_GENERATOR_V1,SYNTHETIC
PA_005033,2025-10-08,TABONEO,10,25.9,80.5,MEDIUM,SYNTHETIC_GENERATOR_V1,SYNTHETIC
PA_005034,2025-10-09,TABONEO,10,26.5,82.0,MEDIUM,SYNTHETIC_GENERATOR_V1,SYNTHETIC
PA_005035,2025-10-10,TABONEO,9,25.1,84.3,MEDIUM,SYNTHETIC_GENERATOR_V1,SYNTHETIC
PA_005036,2025-10-11,TABONEO,12,31.0,81.1,MEDIUM,SYNTHETIC_GENERATOR_V1,SYNTHETIC
PA_005037,2025-10-12,TABONEO,16,47.7,107.3,MEDIUM,SYNTHETIC_GENERATOR_V1,SYNTHETIC
PA_005038,2025-10-13,TABONEO,12,35.1,88.2,MEDIUM,SYNTHETIC_GENERATOR_V1,SYNTHETIC
PA_005039,2025-10-14,TABONEO,12,29.5,84.6,MEDIUM,SYNTHETIC_GENERATOR_V1,SYNTHETIC
PA_005040,2025-10-15,TABONEO,14,35.2,92.6,MEDIUM,SYNTHETIC_GENERATOR_V1,SYNTHETIC
PA_005041,2025-10-16,TABONEO,9,14.2,78.6,LOW,SYNTHETIC_GENERATOR_V1,SYNTHETIC
PA_005042,2025-10-17,TABONEO,9,13.5,64.1,LOW,SYNTHETIC_GENERATOR_V1,SYNTHETIC
PA_005043,2025-10-18,TABONEO,5,9.7,57.9,LOW,SYNTHETIC_GENERATOR_V1,SYNTHETIC
PA_005044,2025-10-19,TABONEO,15,44.2,95.1,MEDIUM,SYNTHETIC_GENERATOR_V1,SYNTHETIC
PA_005045,2025-10-20,TABONEO,14,38.7,98.6,MEDIUM,SYNTHETIC_GENERATOR_V1,SYNTHETIC
PA_005046,2025-10-21,TABONEO,10,20.8,76.9,LOW,SYNTHETIC_GENERATOR_V1,SYNTHETIC
PA_005047,2025-10-22,TABONEO,10,18.5,72.0,LOW,SYNTHETIC_GENERATOR_V1,SYNTHETIC
PA_005048,2025-10-23,TABONEO,9,21.7,77.7,LOW,SYNTHETIC_GENERATOR_V1,SYNTHETIC
PA_005049,2025-10-24,TABONEO,11,27.3,87.4,MEDIUM,SYNTHETIC_GENERATOR_V1,SYNTHETIC
PA_005050,2025-10-25,TABONEO,8,16.6,75.1,LOW,SYNTHETIC_GENERATOR_V1,SYNTHETIC
PA_005051,2025-10-26,TABONEO,9,20.7,83.8,LOW,SYNTHETIC_GENERATOR_V1,SYNTHETIC
PA_005052,2025-10-27,TABONEO,6,11.1,62.6,LOW,SYNTHETIC_GENERATOR_V1,SYNTHETIC
PA_005053,2025-10-28,TABONEO,8,17.4,74.3,LOW,SYNTHETIC_GENERATOR_V1,SYNTHETIC
PA_005054,2025-10-29,TABONEO,8,17.6,72.4,LOW,SYNTHETIC_GENERATOR_V1,SYNTHETIC
PA_005055,2025-10-30,TABONEO,14,36.1,93.8,MEDIUM,SYNTHETIC_GENERATOR_V1,SYNTHETIC
PA_005056,2025-10-31,TABONEO,7,14.3,66.3,LOW,SYNTHETIC_GENERATOR_V1,SYNTHETIC
PA_005057,2025-11-01,TABONEO,7,13.0,69.1,LOW,SYNTHETIC_GENERATOR_V1,SYNTHETIC
PA_005058,2025-11-02,TABONEO,9,22.0,75.4,LOW,SYNTHETIC_GENERATOR_V1,SYNTHETIC
PA_005059,2025-11-03,TABONEO,11,25.4,84.0,MEDIUM,SYNTHETIC_GENERATOR_V1,SYNTHETIC
PA_005060,2025-11-04,TABONEO,10,27.5,85.3,MEDIUM,SYNTHETIC_GENERATOR_V1,SYNTHETIC
PA_005061,2025-11-05,TABONEO,10,22.7,82.4,LOW,SYNTHETIC_GENERATOR_V1,SYNTHETIC
PA_005062,2025-11-06,TABONEO,7,14.3,67.1,LOW,SYNTHETIC_GENERATOR_V1,SYNTHETIC
PA_005063,2025-11-07,TABONEO,10,27.5,83.0,MEDIUM,SYNTHETIC_GENERATOR_V1,SYNTHETIC
PA_005064,2025-11-08,TABONEO,11,26.0,89.6,MEDIUM,SYNTHETIC_GENERATOR_V1,SYNTHETIC
PA_005065,2025-11-09,TABONEO,3,0.0,60.3,LOW,SYNTHETIC_GENERATOR_V1,SYNTHETIC
PA_005066,2025-11-10,TABONEO,10,23.5,81.8,LOW,SYNTHETIC_GENERATOR_V1,SYNTHETIC
PA_005067,2025-11-11,TABONEO,12,33.9,93.0,MEDIUM,SYNTHETIC_GENERATOR_V1,SYNTHETIC
PA_005068,2025-11-12,TABONEO,9,14.5,74.1,LOW,SYNTHETIC_GENERATOR_V1,SYNTHETIC
PA_005069,2025-11-13,TABONEO,13,39.3,97.7,MEDIUM,SYNTHETIC_GENERATOR_V1,SYNTHETIC
PA_005070,2025-11-14,TABONEO,6,10.1,65.2,LOW,SYNTHETIC_GENERATOR_V1,SYNTHETIC
PA_005071,2025-11-15,TABONEO,11,25.0,77.9,MEDIUM,SYNTHETIC_GENERATOR_V1,SYNTHETIC
PA_005072,2025-11-16,TABONEO,7,11.4,73.7,LOW,SYNTHETIC_GENERATOR_V1,SYNTHETIC
PA_005073,2025-11-17,TABONEO,6,10.1,66.2,LOW,SYNTHETIC_GENERATOR_V1,SYNTHETIC
PA_005074,2025-11-18,TABONEO,10,18.6,77.3,LOW,SYNTHETIC_GENERATOR_V1,SYNTHETIC
PA_005075,2025-11-19,TABONEO,4,1.2,59.6,LOW,SYNTHETIC_GENERATOR_V1,SYNTHETIC
PA_005076,2025-11-20,TABONEO,7,8.2,65.2,LOW,SYNTHETIC_GENERATOR_V1,SYNTHETIC
PA_005077,2025-11-21,TABONEO,12,28.9,86.3,MEDIUM,SYNTHETIC_GENERATOR_V1,SYNTHETIC
PA_005078,2025-11-22,TABONEO,9,20.1,79.3,LOW,SYNTHETIC_GENERATOR_V1,SYNTHETIC
PA_005079,2025-11-23,TABONEO,12,33.8,93.0,MEDIUM,SYNTHETIC_GENERATOR_V1,SYNTHETIC
PA_005080,2025-11-24,TABONEO,13,28.3,82.4,MEDIUM,SYNTHETIC_GENERATOR_V1,SYNTHETIC
PA_005081,2025-11-25,TABONEO,8,11.3,69.9,LOW,SYNTHETIC_GENERATOR_V1,SYNTHETIC
PA_005082,2025-11-26,TABONEO,12,27.4,83.0,MEDIUM,SYNTHETIC_GENERATOR_V1,SYNTHETIC
PA_005083,2025-11-27,TABONEO,5,8.4,64.5,LOW,SYNTHETIC_GENERATOR_V1,SYNTHETIC
PA_005084,2025-11-28,TABONEO,7,9.1,65.0,LOW,SYNTHETIC_GENERATOR_V1,SYNTHETIC
PA_005085,2025-11-29,TABONEO,11,31.6,91.2,MEDIUM,SYNTHETIC_GENERATOR_V1,SYNTHETIC
PA_005086,2025-11-30,TABONEO,10,21.7,80.8,LOW,SYNTHETIC_GENERATOR_V1,SYNTHETIC
PA_005087,2025-12-01,TABONEO,8,19.2,74.3,LOW,SYNTHETIC_GENERATOR_V1,SYNTHETIC
PA_005088,2025-12-02,TABONEO,1,0.0,61.3,LOW,SYNTHETIC_GENERATOR_V1,SYNTHETIC
PA_005089,2025-12-03,TABONEO,8,20.5,69.3,LOW,SYNTHETIC_GENERATOR_V1,SYNTHETIC
PA_005090,2025-12-04,TABONEO,6,4.9,65.2,LOW,SYNTHETIC_GENERATOR_V1,SYNTHETIC
PA_005091,2025-12-05,TABONEO,5,9.8,59.5,LOW,SYNTHETIC_GENERATOR_V1,SYNTHETIC
PA_005092,2025-12-06,TABONEO,8,12.9,61.4,LOW,SYNTHETIC_GENERATOR_V1,SYNTHETIC
PA_005093,2025-12-07,TABONEO,17,53.0,100.3,MEDIUM,SYNTHETIC_GENERATOR_V1,SYNTHETIC
PA_005094,2025-12-08,TABONEO,8,13.6,71.5,LOW,SYNTHETIC_GENERATOR_V1,SYNTHETIC
PA_005095,2025-12-09,TABONEO,9,16.3,76.8,LOW,SYNTHETIC_GENERATOR_V1,SYNTHETIC
PA_005096,2025-12-10,TABONEO,11,28.4,80.9,MEDIUM,SYNTHETIC_GENERATOR_V1,SYNTHETIC
PA_005097,2025-12-11,TABONEO,12,29.0,91.8,MEDIUM,SYNTHETIC_GENERATOR_V1,SYNTHETIC
PA_005098,2025-12-12,TABONEO,5,6.2,64.6,LOW,SYNTHETIC_GENERATOR_V1,SYNTHETIC
PA_005099,2025-12-13,TABONEO,14,39.5,93.9,MEDIUM,SYNTHETIC_GENERATOR_V1,SYNTHETIC
PA_005100,2025-12-14,TABONEO,11,28.0,79.6,MEDIUM,SYNTHETIC_GENERATOR_V1,SYNTHETIC
PA_005101,2025-12-15,TABONEO,10,26.3,87.2,MEDIUM,SYNTHETIC_GENERATOR_V1,SYNTHETIC
PA_005102,2025-12-16,TABONEO,10,24.0,81.2,MEDIUM,SYNTHETIC_GENERATOR_V1,SYNTHETIC
PA_005103,2025-12-17,TABONEO,12,31.1,86.7,MEDIUM,SYNTHETIC_GENERATOR_V1,SYNTHETIC
PA_005104,2025-12-18,TABONEO,8,21.5,81.0,LOW,SYNTHETIC_GENERATOR_V1,SYNTHETIC
PA_005105,2025-12-19,TABONEO,6,5.9,63.2,LOW,SYNTHETIC_GENERATOR_V1,SYNTHETIC
PA_005106,2025-12-20,TABONEO,9,23.3,71.9,LOW,SYNTHETIC_GENERATOR_V1,SYNTHETIC
PA_005107,2025-12-21,TABONEO,9,22.2,76.4,LOW,SYNTHETIC_GENERATOR_V1,SYNTHETIC
PA_005108,2025-12-22,TABONEO,11,25.5,81.9,MEDIUM,SYNTHETIC_GENERATOR_V1,SYNTHETIC
PA_005109,2025-12-23,TABONEO,7,16.9,75.1,LOW,SYNTHETIC_GENERATOR_V1,SYNTHETIC
PA_005110,2025-12-24,TABONEO,12,32.7,87.3,MEDIUM,SYNTHETIC_GENERATOR_V1,SYNTHETIC
PA_005111,2025-12-25,TABONEO,12,30.3,89.0,MEDIUM,SYNTHETIC_GENERATOR_V1,SYNTHETIC
PA_005112,2025-12-26,TABONEO,12,24.3,73.4,MEDIUM,SYNTHETIC_GENERATOR_V1,SYNTHETIC
PA_005113,2025-12-27,TABONEO,6,14.9,72.4,LOW,SYNTHETIC_GENERATOR_V1,SYNTHETIC
PA_005114,2025-12-28,TABONEO,7,11.1,68.1,LOW,SYNTHETIC_GENERATOR_V1,SYNTHETIC
PA_005115,2025-12-29,TABONEO,4,5.4,58.4,LOW,SYNTHETIC_GENERATOR_V1,SYNTHETIC
PA_005116,2025-12-30,TABONEO,8,12.3,73.4,LOW,SYNTHETIC_GENERATOR_V1,SYNTHETIC
PA_005117,2025-12-31,TABONEO,8,20.3,81.1,LOW,SYNTHETIC_GENERATOR_V1,SYNTHETIC
PA_005118,2024-01-01,SAMARINDA,5,16.5,78.7,LOW,SYNTHETIC_GENERATOR_V1,SYNTHETIC
PA_005119,2024-01-02,SAMARINDA,6,22.2,82.2,LOW,SYNTHETIC_GENERATOR_V1,SYNTHETIC
PA_005120,2024-01-03,SAMARINDA,6,20.0,80.5,LOW,SYNTHETIC_GENERATOR_V1,SYNTHETIC
PA_005121,2024-01-04,SAMARINDA,7,13.0,76.2,LOW,SYNTHETIC_GENERATOR_V1,SYNTHETIC
PA_005122,2024-01-05,SAMARINDA,7,17.6,76.2,LOW,SYNTHETIC_GENERATOR_V1,SYNTHETIC
PA_005123,2024-01-06,SAMARINDA,8,25.8,90.1,MEDIUM,SYNTHETIC_GENERATOR_V1,SYNTHETIC
PA_005124,2024-01-07,SAMARINDA,9,33.4,102.6,MEDIUM,SYNTHETIC_GENERATOR_V1,SYNTHETIC
PA_005125,2024-01-08,SAMARINDA,5,18.3,77.1,LOW,SYNTHETIC_GENERATOR_V1,SYNTHETIC
PA_005126,2024-01-09,SAMARINDA,7,27.6,94.0,MEDIUM,SYNTHETIC_GENERATOR_V1,SYNTHETIC
PA_005127,2024-01-10,SAMARINDA,5,10.4,79.4,LOW,SYNTHETIC_GENERATOR_V1,SYNTHETIC
PA_005128,2024-01-11,SAMARINDA,6,17.5,75.0,LOW,SYNTHETIC_GENERATOR_V1,SYNTHETIC
PA_005129,2024-01-12,SAMARINDA,11,44.9,108.2,MEDIUM,SYNTHETIC_GENERATOR_V1,SYNTHETIC
PA_005130,2024-01-13,SAMARINDA,10,36.1,96.1,MEDIUM,SYNTHETIC_GENERATOR_V1,SYNTHETIC
PA_005131,2024-01-14,SAMARINDA,13,51.6,120.1,MEDIUM,SYNTHETIC_GENERATOR_V1,SYNTHETIC
PA_005132,2024-01-15,SAMARINDA,5,12.0,71.0,LOW,SYNTHETIC_GENERATOR_V1,SYNTHETIC
PA_005133,2024-01-16,SAMARINDA,8,27.1,96.1,MEDIUM,SYNTHETIC_GENERATOR_V1,SYNTHETIC
PA_005134,2024-01-17,SAMARINDA,8,25.9,97.4,MEDIUM,SYNTHETIC_GENERATOR_V1,SYNTHETIC
PA_005135,2024-01-18,SAMARINDA,10,35.6,103.6,MEDIUM,SYNTHETIC_GENERATOR_V1,SYNTHETIC
PA_005136,2024-01-19,SAMARINDA,4,10.5,72.6,LOW,SYNTHETIC_GENERATOR_V1,SYNTHETIC
PA_005137,2024-01-20,SAMARINDA,3,7.7,65.1,LOW,SYNTHETIC_GENERATOR_V1,SYNTHETIC
PA_005138,2024-01-21,SAMARINDA,7,20.4,84.1,LOW,SYNTHETIC_GENERATOR_V1,SYNTHETIC
PA_005139,2024-01-22,SAMARINDA,12,44.9,111.7,MEDIUM,SYNTHETIC_GENERATOR_V1,SYNTHETIC
PA_005140,2024-01-23,SAMARINDA,11,44.9,114.2,MEDIUM,SYNTHETIC_GENERATOR_V1,SYNTHETIC
PA_005141,2024-01-24,SAMARINDA,9,30.0,84.3,MEDIUM,SYNTHETIC_GENERATOR_V1,SYNTHETIC
PA_005142,2024-01-25,SAMARINDA,8,31.5,101.8,MEDIUM,SYNTHETIC_GENERATOR_V1,SYNTHETIC
PA_005143,2024-01-26,SAMARINDA,8,20.4,83.7,LOW,SYNTHETIC_GENERATOR_V1,SYNTHETIC
PA_005144,2024-01-27,SAMARINDA,7,20.1,79.5,LOW,SYNTHETIC_GENERATOR_V1,SYNTHETIC
PA_005145,2024-01-28,SAMARINDA,18,92.8,156.2,HIGH,SYNTHETIC_GENERATOR_V1,SYNTHETIC
PA_005146,2024-01-29,SAMARINDA,7,15.4,78.8,LOW,SYNTHETIC_GENERATOR_V1,SYNTHETIC
PA_005147,2024-01-30,SAMARINDA,5,22.5,88.1,LOW,SYNTHETIC_GENERATOR_V1,SYNTHETIC
PA_005148,2024-01-31,SAMARINDA,9,30.3,97.9,MEDIUM,SYNTHETIC_GENERATOR_V1,SYNTHETIC
PA_005149,2024-02-01,SAMARINDA,6,15.8,77.4,LOW,SYNTHETIC_GENERATOR_V1,SYNTHETIC
PA_005150,2024-02-02,SAMARINDA,10,34.1,97.9,MEDIUM,SYNTHETIC_GENERATOR_V1,SYNTHETIC
PA_005151,2024-02-03,SAMARINDA,11,41.1,101.3,MEDIUM,SYNTHETIC_GENERATOR_V1,SYNTHETIC
PA_005152,2024-02-04,SAMARINDA,3,5.5,72.9,LOW,SYNTHETIC_GENERATOR_V1,SYNTHETIC
PA_005153,2024-02-05,SAMARINDA,20,98.7,160.7,HIGH,SYNTHETIC_GENERATOR_V1,SYNTHETIC
PA_005154,2024-02-06,SAMARINDA,7,21.2,84.6,LOW,SYNTHETIC_GENERATOR_V1,SYNTHETIC
PA_005155,2024-02-07,SAMARINDA,9,33.7,104.8,MEDIUM,SYNTHETIC_GENERATOR_V1,SYNTHETIC
PA_005156,2024-02-08,SAMARINDA,2,2.6,68.7,LOW,SYNTHETIC_GENERATOR_V1,SYNTHETIC
PA_005157,2024-02-09,SAMARINDA,5,4.3,60.6,LOW,SYNTHETIC_GENERATOR_V1,SYNTHETIC
PA_005158,2024-02-10,SAMARINDA,11,39.3,103.1,MEDIUM,SYNTHETIC_GENERATOR_V1,SYNTHETIC
PA_005159,2024-02-11,SAMARINDA,11,47.4,114.4,MEDIUM,SYNTHETIC_GENERATOR_V1,SYNTHETIC
PA_005160,2024-02-12,SAMARINDA,9,31.7,96.9,MEDIUM,SYNTHETIC_GENERATOR_V1,SYNTHETIC
PA_005161,2024-02-13,SAMARINDA,10,29.8,90.9,MEDIUM,SYNTHETIC_GENERATOR_V1,SYNTHETIC
PA_005162,2024-02-14,SAMARINDA,4,3.5,67.0,LOW,SYNTHETIC_GENERATOR_V1,SYNTHETIC
PA_005163,2024-02-15,SAMARINDA,7,23.2,89.5,LOW,SYNTHETIC_GENERATOR_V1,SYNTHETIC
PA_005164,2024-02-16,SAMARINDA,11,41.7,108.5,MEDIUM,SYNTHETIC_GENERATOR_V1,SYNTHETIC
PA_005165,2024-02-17,SAMARINDA,5,21.2,91.9,LOW,SYNTHETIC_GENERATOR_V1,SYNTHETIC
PA_005166,2024-02-18,SAMARINDA,6,13.6,77.1,LOW,SYNTHETIC_GENERATOR_V1,SYNTHETIC
PA_005167,2024-02-19,SAMARINDA,8,34.1,102.1,MEDIUM,SYNTHETIC_GENERATOR_V1,SYNTHETIC
PA_005168,2024-02-20,SAMARINDA,9,34.4,101.1,MEDIUM,SYNTHETIC_GENERATOR_V1,SYNTHETIC
PA_005169,2024-02-21,SAMARINDA,8,27.4,88.3,MEDIUM,SYNTHETIC_GENERATOR_V1,SYNTHETIC
PA_005170,2024-02-22,SAMARINDA,16,76.4,141.9,HIGH,SYNTHETIC_GENERATOR_V1,SYNTHETIC
PA_005171,2024-02-23,SAMARINDA,8,30.4,89.6,MEDIUM,SYNTHETIC_GENERATOR_V1,SYNTHETIC
PA_005172,2024-02-24,SAMARINDA,6,15.3,71.5,LOW,SYNTHETIC_GENERATOR_V1,SYNTHETIC
PA_005173,2024-02-25,SAMARINDA,9,31.0,94.8,MEDIUM,SYNTHETIC_GENERATOR_V1,SYNTHETIC
PA_005174,2024-02-26,SAMARINDA,8,21.8,82.4,LOW,SYNTHETIC_GENERATOR_V1,SYNTHETIC
PA_005175,2024-02-27,SAMARINDA,7,18.8,83.6,LOW,SYNTHETIC_GENERATOR_V1,SYNTHETIC
PA_005176,2024-02-28,SAMARINDA,2,1.5,71.0,LOW,SYNTHETIC_GENERATOR_V1,SYNTHETIC
PA_005177,2024-02-29,SAMARINDA,5,12.0,75.4,LOW,SYNTHETIC_GENERATOR_V1,SYNTHETIC
PA_005178,2024-03-01,SAMARINDA,11,41.4,106.8,MEDIUM,SYNTHETIC_GENERATOR_V1,SYNTHETIC
PA_005179,2024-03-02,SAMARINDA,10,31.0,96.2,MEDIUM,SYNTHETIC_GENERATOR_V1,SYNTHETIC
PA_005180,2024-03-03,SAMARINDA,4,6.1,75.2,LOW,SYNTHETIC_GENERATOR_V1,SYNTHETIC
PA_005181,2024-03-04,SAMARINDA,7,17.5,74.2,LOW,SYNTHETIC_GENERATOR_V1,SYNTHETIC
PA_005182,2024-03-05,SAMARINDA,6,10.7,74.3,LOW,SYNTHETIC_GENERATOR_V1,SYNTHETIC
PA_005183,2024-03-06,SAMARINDA,9,31.1,90.7,MEDIUM,SYNTHETIC_GENERATOR_V1,SYNTHETIC
PA_005184,2024-03-07,SAMARINDA,9,30.1,96.4,MEDIUM,SYNTHETIC_GENERATOR_V1,SYNTHETIC
PA_005185,2024-03-08,SAMARINDA,8,24.9,90.2,MEDIUM,SYNTHETIC_GENERATOR_V1,SYNTHETIC
PA_005186,2024-03-09,SAMARINDA,12,48.4,109.7,MEDIUM,SYNTHETIC_GENERATOR_V1,SYNTHETIC
PA_005187,2024-03-10,SAMARINDA,8,33.4,98.7,MEDIUM,SYNTHETIC_GENERATOR_V1,SYNTHETIC
PA_005188,2024-03-11,SAMARINDA,8,25.5,89.0,MEDIUM,SYNTHETIC_GENERATOR_V1,SYNTHETIC
PA_005189,2024-03-12,SAMARINDA,7,22.8,86.9,LOW,SYNTHETIC_GENERATOR_V1,SYNTHETIC
PA_005190,2024-03-13,SAMARINDA,6,17.6,85.2,LOW,SYNTHETIC_GENERATOR_V1,SYNTHETIC
PA_005191,2024-03-14,SAMARINDA,10,39.2,101.6,MEDIUM,SYNTHETIC_GENERATOR_V1,SYNTHETIC
PA_005192,2024-03-15,SAMARINDA,7,20.4,87.9,LOW,SYNTHETIC_GENERATOR_V1,SYNTHETIC
PA_005193,2024-03-16,SAMARINDA,6,9.5,72.6,LOW,SYNTHETIC_GENERATOR_V1,SYNTHETIC
PA_005194,2024-03-17,SAMARINDA,7,19.9,88.1,LOW,SYNTHETIC_GENERATOR_V1,SYNTHETIC
PA_005195,2024-03-18,SAMARINDA,7,22.3,92.5,LOW,SYNTHETIC_GENERATOR_V1,SYNTHETIC
PA_005196,2024-03-19,SAMARINDA,11,44.1,103.4,MEDIUM,SYNTHETIC_GENERATOR_V1,SYNTHETIC
PA_005197,2024-03-20,SAMARINDA,10,36.8,101.4,MEDIUM,SYNTHETIC_GENERATOR_V1,SYNTHETIC
PA_005198,2024-03-21,SAMARINDA,12,44.9,108.2,MEDIUM,SYNTHETIC_GENERATOR_V1,SYNTHETIC
PA_005199,2024-03-22,SAMARINDA,10,34.9,96.0,MEDIUM,SYNTHETIC_GENERATOR_V1,SYNTHETIC
PA_005200,2024-03-23,SAMARINDA,6,18.2,87.9,LOW,SYNTHETIC_GENERATOR_V1,SYNTHETIC
PA_005201,2024-03-24,SAMARINDA,9,32.6,99.9,MEDIUM,SYNTHETIC_GENERATOR_V1,SYNTHETIC
PA_005202,2024-03-25,SAMARINDA,5,16.8,80.1,LOW,SYNTHETIC_GENERATOR_V1,SYNTHETIC
PA_005203,2024-03-26,SAMARINDA,10,39.4,102.5,MEDIUM,SYNTHETIC_GENERATOR_V1,SYNTHETIC
PA_005204,2024-03-27,SAMARINDA,9,36.9,100.3,MEDIUM,SYNTHETIC_GENERATOR_V1,SYNTHETIC
PA_005205,2024-03-28,SAMARINDA,5,13.5,84.7,LOW,SYNTHETIC_GENERATOR_V1,SYNTHETIC
PA_005206,2024-03-29,SAMARINDA,9,30.1,98.8,MEDIUM,SYNTHETIC_GENERATOR_V1,SYNTHETIC
PA_005207,2024-03-30,SAMARINDA,12,46.4,112.8,MEDIUM,SYNTHETIC_GENERATOR_V1,SYNTHETIC
PA_005208,2024-03-31,SAMARINDA,8,23.7,90.0,LOW,SYNTHETIC_GENERATOR_V1,SYNTHETIC
PA_005209,2024-04-01,SAMARINDA,8,28.7,99.4,MEDIUM,SYNTHETIC_GENERATOR_V1,SYNTHETIC
PA_005210,2024-04-02,SAMARINDA,6,15.8,79.8,LOW,SYNTHETIC_GENERATOR_V1,SYNTHETIC
PA_005211,2024-04-03,SAMARINDA,7,17.3,76.6,LOW,SYNTHETIC_GENERATOR_V1,SYNTHETIC
PA_005212,2024-04-04,SAMARINDA,8,25.3,90.5,MEDIUM,SYNTHETIC_GENERATOR_V1,SYNTHETIC
PA_005213,2024-04-05,SAMARINDA,12,44.3,113.3,MEDIUM,SYNTHETIC_GENERATOR_V1,SYNTHETIC
PA_005214,2024-04-06,SAMARINDA,13,50.8,115.5,MEDIUM,SYNTHETIC_GENERATOR_V1,SYNTHETIC
PA_005215,2024-04-07,SAMARINDA,12,44.2,108.1,MEDIUM,SYNTHETIC_GENERATOR_V1,SYNTHETIC
PA_005216,2024-04-08,SAMARINDA,6,15.7,77.0,LOW,SYNTHETIC_GENERATOR_V1,SYNTHETIC
PA_005217,2024-04-09,SAMARINDA,10,36.5,97.5,MEDIUM,SYNTHETIC_GENERATOR_V1,SYNTHETIC
PA_005218,2024-04-10,SAMARINDA,11,36.9,91.8,MEDIUM,SYNTHETIC_GENERATOR_V1,SYNTHETIC
PA_005219,2024-04-11,SAMARINDA,10,33.8,100.3,MEDIUM,SYNTHETIC_GENERATOR_V1,SYNTHETIC
PA_005220,2024-04-12,SAMARINDA,10,42.7,108.5,MEDIUM,SYNTHETIC_GENERATOR_V1,SYNTHETIC
PA_005221,2024-04-13,SAMARINDA,6,15.8,83.6,LOW,SYNTHETIC_GENERATOR_V1,SYNTHETIC
PA_005222,2024-04-14,SAMARINDA,8,25.0,93.1,MEDIUM,SYNTHETIC_GENERATOR_V1,SYNTHETIC
PA_005223,2024-04-15,SAMARINDA,6,16.6,78.5,LOW,SYNTHETIC_GENERATOR_V1,SYNTHETIC
PA_005224,2024-04-16,SAMARINDA,15,67.6,130.0,HIGH,SYNTHETIC_GENERATOR_V1,SYNTHETIC
PA_005225,2024-04-17,SAMARINDA,4,8.9,75.0,LOW,SYNTHETIC_GENERATOR_V1,SYNTHETIC
PA_005226,2024-04-18,SAMARINDA,7,18.4,84.1,LOW,SYNTHETIC_GENERATOR_V1,SYNTHETIC
PA_005227,2024-04-19,SAMARINDA,7,22.3,93.9,LOW,SYNTHETIC_GENERATOR_V1,SYNTHETIC
PA_005228,2024-04-20,SAMARINDA,10,42.4,107.0,MEDIUM,SYNTHETIC_GENERATOR_V1,SYNTHETIC
PA_005229,2024-04-21,SAMARINDA,5,12.7,76.4,LOW,SYNTHETIC_GENERATOR_V1,SYNTHETIC
PA_005230,2024-04-22,SAMARINDA,9,26.1,93.7,MEDIUM,SYNTHETIC_GENERATOR_V1,SYNTHETIC
PA_005231,2024-04-23,SAMARINDA,5,10.1,66.2,LOW,SYNTHETIC_GENERATOR_V1,SYNTHETIC
PA_005232,2024-04-24,SAMARINDA,10,36.2,97.6,MEDIUM,SYNTHETIC_GENERATOR_V1,SYNTHETIC
PA_005233,2024-04-25,SAMARINDA,9,33.5,96.0,MEDIUM,SYNTHETIC_GENERATOR_V1,SYNTHETIC
PA_005234,2024-04-26,SAMARINDA,7,22.7,88.4,LOW,SYNTHETIC_GENERATOR_V1,SYNTHETIC
PA_005235,2024-04-27,SAMARINDA,10,32.7,96.3,MEDIUM,SYNTHETIC_GENERATOR_V1,SYNTHETIC
PA_005236,2024-04-28,SAMARINDA,2,5.5,65.7,LOW,SYNTHETIC_GENERATOR_V1,SYNTHETIC
PA_005237,2024-04-29,SAMARINDA,3,5.9,70.0,LOW,SYNTHETIC_GENERATOR_V1,SYNTHETIC
PA_005238,2024-04-30,SAMARINDA,11,37.1,99.3,MEDIUM,SYNTHETIC_GENERATOR_V1,SYNTHETIC
PA_005239,2024-05-01,SAMARINDA,8,26.4,89.5,MEDIUM,SYNTHETIC_GENERATOR_V1,SYNTHETIC
PA_005240,2024-05-02,SAMARINDA,6,13.1,76.5,LOW,SYNTHETIC_GENERATOR_V1,SYNTHETIC
PA_005241,2024-05-03,SAMARINDA,9,29.9,91.6,MEDIUM,SYNTHETIC_GENERATOR_V1,SYNTHETIC
PA_005242,2024-05-04,SAMARINDA,5,16.2,73.7,LOW,SYNTHETIC_GENERATOR_V1,SYNTHETIC
PA_005243,2024-05-05,SAMARINDA,9,30.5,97.1,MEDIUM,SYNTHETIC_GENERATOR_V1,SYNTHETIC
PA_005244,2024-05-06,SAMARINDA,8,23.0,83.2,LOW,SYNTHETIC_GENERATOR_V1,SYNTHETIC
PA_005245,2024-05-07,SAMARINDA,8,25.0,88.9,MEDIUM,SYNTHETIC_GENERATOR_V1,SYNTHETIC
PA_005246,2024-05-08,SAMARINDA,12,54.2,121.4,MEDIUM,SYNTHETIC_GENERATOR_V1,SYNTHETIC
PA_005247,2024-05-09,SAMARINDA,9,25.9,93.8,MEDIUM,SYNTHETIC_GENERATOR_V1,SYNTHETIC
PA_005248,2024-05-10,SAMARINDA,9,27.9,97.4,MEDIUM,SYNTHETIC_GENERATOR_V1,SYNTHETIC
PA_005249,2024-05-11,SAMARINDA,9,36.9,106.5,MEDIUM,SYNTHETIC_GENERATOR_V1,SYNTHETIC
PA_005250,2024-05-12,SAMARINDA,7,24.0,91.2,MEDIUM,SYNTHETIC_GENERATOR_V1,SYNTHETIC
PA_005251,2024-05-13,SAMARINDA,12,48.8,118.4,MEDIUM,SYNTHETIC_GENERATOR_V1,SYNTHETIC
PA_005252,2024-05-14,SAMARINDA,6,15.4,77.7,LOW,SYNTHETIC_GENERATOR_V1,SYNTHETIC
PA_005253,2024-05-15,SAMARINDA,4,4.2,64.2,LOW,SYNTHETIC_GENERATOR_V1,SYNTHETIC
PA_005254,2024-05-16,SAMARINDA,6,19.1,85.9,LOW,SYNTHETIC_GENERATOR_V1,SYNTHETIC
PA_005255,2024-05-17,SAMARINDA,7,15.9,90.0,LOW,SYNTHETIC_GENERATOR_V1,SYNTHETIC
PA_005256,2024-05-18,SAMARINDA,7,19.0,81.9,LOW,SYNTHETIC_GENERATOR_V1,SYNTHETIC
PA_005257,2024-05-19,SAMARINDA,6,14.9,79.3,LOW,SYNTHETIC_GENERATOR_V1,SYNTHETIC
PA_005258,2024-05-20,SAMARINDA,7,24.6,93.4,MEDIUM,SYNTHETIC_GENERATOR_V1,SYNTHETIC
PA_005259,2024-05-21,SAMARINDA,13,53.3,122.5,MEDIUM,SYNTHETIC_GENERATOR_V1,SYNTHETIC
PA_005260,2024-05-22,SAMARINDA,9,31.9,89.2,MEDIUM,SYNTHETIC_GENERATOR_V1,SYNTHETIC
PA_005261,2024-05-23,SAMARINDA,8,26.6,91.7,MEDIUM,SYNTHETIC_GENERATOR_V1,SYNTHETIC
PA_005262,2024-05-24,SAMARINDA,4,9.8,74.0,LOW,SYNTHETIC_GENERATOR_V1,SYNTHETIC
PA_005263,2024-05-25,SAMARINDA,5,7.6,69.1,LOW,SYNTHETIC_GENERATOR_V1,SYNTHETIC
PA_005264,2024-05-26,SAMARINDA,8,25.8,88.5,MEDIUM,SYNTHETIC_GENERATOR_V1,SYNTHETIC
PA_005265,2024-05-27,SAMARINDA,11,44.0,112.4,MEDIUM,SYNTHETIC_GENERATOR_V1,SYNTHETIC
PA_005266,2024-05-28,SAMARINDA,9,34.9,97.3,MEDIUM,SYNTHETIC_GENERATOR_V1,SYNTHETIC
PA_005267,2024-05-29,SAMARINDA,10,40.9,104.5,MEDIUM,SYNTHETIC_GENERATOR_V1,SYNTHETIC
PA_005268,2024-05-30,SAMARINDA,9,31.7,93.7,MEDIUM,SYNTHETIC_GENERATOR_V1,SYNTHETIC
PA_005269,2024-05-31,SAMARINDA,7,17.8,83.6,LOW,SYNTHETIC_GENERATOR_V1,SYNTHETIC
PA_005270,2024-06-01,SAMARINDA,5,15.2,89.7,LOW,SYNTHETIC_GENERATOR_V1,SYNTHETIC
PA_005271,2024-06-02,SAMARINDA,11,42.1,111.1,MEDIUM,SYNTHETIC_GENERATOR_V1,SYNTHETIC
PA_005272,2024-06-03,SAMARINDA,6,21.6,87.1,LOW,SYNTHETIC_GENERATOR_V1,SYNTHETIC
PA_005273,2024-06-04,SAMARINDA,5,18.4,87.7,LOW,SYNTHETIC_GENERATOR_V1,SYNTHETIC
PA_005274,2024-06-05,SAMARINDA,9,29.7,92.1,MEDIUM,SYNTHETIC_GENERATOR_V1,SYNTHETIC
PA_005275,2024-06-06,SAMARINDA,8,26.6,90.7,MEDIUM,SYNTHETIC_GENERATOR_V1,SYNTHETIC
PA_005276,2024-06-07,SAMARINDA,8,24.8,84.5,MEDIUM,SYNTHETIC_GENERATOR_V1,SYNTHETIC
PA_005277,2024-06-08,SAMARINDA,9,28.7,91.8,MEDIUM,SYNTHETIC_GENERATOR_V1,SYNTHETIC
PA_005278,2024-06-09,SAMARINDA,11,42.7,105.9,MEDIUM,SYNTHETIC_GENERATOR_V1,SYNTHETIC
PA_005279,2024-06-10,SAMARINDA,7,16.9,82.5,LOW,SYNTHETIC_GENERATOR_V1,SYNTHETIC
PA_005280,2024-06-11,SAMARINDA,8,23.1,81.6,LOW,SYNTHETIC_GENERATOR_V1,SYNTHETIC
PA_005281,2024-06-12,SAMARINDA,7,16.1,82.6,LOW,SYNTHETIC_GENERATOR_V1,SYNTHETIC
PA_005282,2024-06-13,SAMARINDA,15,61.0,122.9,HIGH,SYNTHETIC_GENERATOR_V1,SYNTHETIC
PA_005283,2024-06-14,SAMARINDA,8,28.8,93.4,MEDIUM,SYNTHETIC_GENERATOR_V1,SYNTHETIC
PA_005284,2024-06-15,SAMARINDA,7,19.1,83.2,LOW,SYNTHETIC_GENERATOR_V1,SYNTHETIC
PA_005285,2024-06-16,SAMARINDA,6,19.2,87.7,LOW,SYNTHETIC_GENERATOR_V1,SYNTHETIC
PA_005286,2024-06-17,SAMARINDA,7,20.6,88.3,LOW,SYNTHETIC_GENERATOR_V1,SYNTHETIC
PA_005287,2024-06-18,SAMARINDA,6,15.3,69.1,LOW,SYNTHETIC_GENERATOR_V1,SYNTHETIC
PA_005288,2024-06-19,SAMARINDA,9,29.8,88.7,MEDIUM,SYNTHETIC_GENERATOR_V1,SYNTHETIC
PA_005289,2024-06-20,SAMARINDA,11,39.8,107.1,MEDIUM,SYNTHETIC_GENERATOR_V1,SYNTHETIC
PA_005290,2024-06-21,SAMARINDA,6,10.6,69.3,LOW,SYNTHETIC_GENERATOR_V1,SYNTHETIC
PA_005291,2024-06-22,SAMARINDA,7,27.2,91.4,MEDIUM,SYNTHETIC_GENERATOR_V1,SYNTHETIC
PA_005292,2024-06-23,SAMARINDA,4,9.3,77.6,LOW,SYNTHETIC_GENERATOR_V1,SYNTHETIC
PA_005293,2024-06-24,SAMARINDA,11,42.2,110.1,MEDIUM,SYNTHETIC_GENERATOR_V1,SYNTHETIC
PA_005294,2024-06-25,SAMARINDA,4,9.8,76.1,LOW,SYNTHETIC_GENERATOR_V1,SYNTHETIC
PA_005295,2024-06-26,SAMARINDA,12,51.7,116.6,MEDIUM,SYNTHETIC_GENERATOR_V1,SYNTHETIC
PA_005296,2024-06-27,SAMARINDA,7,21.3,89.0,LOW,SYNTHETIC_GENERATOR_V1,SYNTHETIC
PA_005297,2024-06-28,SAMARINDA,4,9.2,74.6,LOW,SYNTHETIC_GENERATOR_V1,SYNTHETIC
PA_005298,2024-06-29,SAMARINDA,5,11.8,78.7,LOW,SYNTHETIC_GENERATOR_V1,SYNTHETIC
PA_005299,2024-06-30,SAMARINDA,6,24.1,89.1,MEDIUM,SYNTHETIC_GENERATOR_V1,SYNTHETIC
PA_005300,2024-07-01,SAMARINDA,6,21.3,85.8,LOW,SYNTHETIC_GENERATOR_V1,SYNTHETIC
PA_005301,2024-07-02,SAMARINDA,5,14.1,83.9,LOW,SYNTHETIC_GENERATOR_V1,SYNTHETIC
PA_005302,2024-07-03,SAMARINDA,9,36.4,99.8,MEDIUM,SYNTHETIC_GENERATOR_V1,SYNTHETIC
PA_005303,2024-07-04,SAMARINDA,10,35.2,94.5,MEDIUM,SYNTHETIC_GENERATOR_V1,SYNTHETIC
PA_005304,2024-07-05,SAMARINDA,4,8.4,68.2,LOW,SYNTHETIC_GENERATOR_V1,SYNTHETIC
PA_005305,2024-07-06,SAMARINDA,7,25.5,92.9,MEDIUM,SYNTHETIC_GENERATOR_V1,SYNTHETIC
PA_005306,2024-07-07,SAMARINDA,7,24.9,93.6,MEDIUM,SYNTHETIC_GENERATOR_V1,SYNTHETIC
PA_005307,2024-07-08,SAMARINDA,8,28.7,93.0,MEDIUM,SYNTHETIC_GENERATOR_V1,SYNTHETIC
PA_005308,2024-07-09,SAMARINDA,2,4.0,67.1,LOW,SYNTHETIC_GENERATOR_V1,SYNTHETIC
PA_005309,2024-07-10,SAMARINDA,8,27.7,93.8,MEDIUM,SYNTHETIC_GENERATOR_V1,SYNTHETIC
PA_005310,2024-07-11,SAMARINDA,6,12.8,76.5,LOW,SYNTHETIC_GENERATOR_V1,SYNTHETIC
PA_005311,2024-07-12,SAMARINDA,5,12.6,76.1,LOW,SYNTHETIC_GENERATOR_V1,SYNTHETIC
PA_005312,2024-07-13,SAMARINDA,9,26.6,90.8,MEDIUM,SYNTHETIC_GENERATOR_V1,SYNTHETIC
PA_005313,2024-07-14,SAMARINDA,9,32.2,89.0,MEDIUM,SYNTHETIC_GENERATOR_V1,SYNTHETIC
PA_005314,2024-07-15,SAMARINDA,5,15.8,77.5,LOW,SYNTHETIC_GENERATOR_V1,SYNTHETIC
PA_005315,2024-07-16,SAMARINDA,10,34.1,96.0,MEDIUM,SYNTHETIC_GENERATOR_V1,SYNTHETIC
PA_005316,2024-07-17,SAMARINDA,8,29.8,92.8,MEDIUM,SYNTHETIC_GENERATOR_V1,SYNTHETIC
PA_005317,2024-07-18,SAMARINDA,10,36.0,105.0,MEDIUM,SYNTHETIC_GENERATOR_V1,SYNTHETIC
PA_005318,2024-07-19,SAMARINDA,14,63.9,134.2,HIGH,SYNTHETIC_GENERATOR_V1,SYNTHETIC
PA_005319,2024-07-20,SAMARINDA,8,23.3,86.4,LOW,SYNTHETIC_GENERATOR_V1,SYNTHETIC
PA_005320,2024-07-21,SAMARINDA,11,38.2,97.6,MEDIUM,SYNTHETIC_GENERATOR_V1,SYNTHETIC
PA_005321,2024-07-22,SAMARINDA,7,20.4,75.5,LOW,SYNTHETIC_GENERATOR_V1,SYNTHETIC
PA_005322,2024-07-23,SAMARINDA,8,29.2,96.7,MEDIUM,SYNTHETIC_GENERATOR_V1,SYNTHETIC
PA_005323,2024-07-24,SAMARINDA,11,35.4,97.5,MEDIUM,SYNTHETIC_GENERATOR_V1,SYNTHETIC
PA_005324,2024-07-25,SAMARINDA,7,22.4,87.5,LOW,SYNTHETIC_GENERATOR_V1,SYNTHETIC
PA_005325,2024-07-26,SAMARINDA,7,24.9,91.3,MEDIUM,SYNTHETIC_GENERATOR_V1,SYNTHETIC
PA_005326,2024-07-27,SAMARINDA,6,18.7,84.4,LOW,SYNTHETIC_GENERATOR_V1,SYNTHETIC
PA_005327,2024-07-28,SAMARINDA,6,10.7,72.0,LOW,SYNTHETIC_GENERATOR_V1,SYNTHETIC
PA_005328,2024-07-29,SAMARINDA,14,61.9,131.9,HIGH,SYNTHETIC_GENERATOR_V1,SYNTHETIC
PA_005329,2024-07-30,SAMARINDA,8,24.2,86.6,MEDIUM,SYNTHETIC_GENERATOR_V1,SYNTHETIC
PA_005330,2024-07-31,SAMARINDA,6,21.8,86.6,LOW,SYNTHETIC_GENERATOR_V1,SYNTHETIC
PA_005331,2024-08-01,SAMARINDA,3,0.0,59.6,LOW,SYNTHETIC_GENERATOR_V1,SYNTHETIC
PA_005332,2024-08-02,SAMARINDA,10,28.8,87.1,MEDIUM,SYNTHETIC_GENERATOR_V1,SYNTHETIC
PA_005333,2024-08-03,SAMARINDA,10,38.6,103.5,MEDIUM,SYNTHETIC_GENERATOR_V1,SYNTHETIC
PA_005334,2024-08-04,SAMARINDA,9,36.5,105.5,MEDIUM,SYNTHETIC_GENERATOR_V1,SYNTHETIC
PA_005335,2024-08-05,SAMARINDA,12,48.4,107.2,MEDIUM,SYNTHETIC_GENERATOR_V1,SYNTHETIC
PA_005336,2024-08-06,SAMARINDA,14,60.9,129.0,HIGH,SYNTHETIC_GENERATOR_V1,SYNTHETIC
PA_005337,2024-08-07,SAMARINDA,3,7.7,64.5,LOW,SYNTHETIC_GENERATOR_V1,SYNTHETIC
PA_005338,2024-08-08,SAMARINDA,6,14.7,77.0,LOW,SYNTHETIC_GENERATOR_V1,SYNTHETIC
PA_005339,2024-08-09,SAMARINDA,10,32.5,95.7,MEDIUM,SYNTHETIC_GENERATOR_V1,SYNTHETIC
PA_005340,2024-08-10,SAMARINDA,11,45.0,110.4,MEDIUM,SYNTHETIC_GENERATOR_V1,SYNTHETIC
PA_005341,2024-08-11,SAMARINDA,7,20.7,76.3,LOW,SYNTHETIC_GENERATOR_V1,SYNTHETIC
PA_005342,2024-08-12,SAMARINDA,4,1.8,63.8,LOW,SYNTHETIC_GENERATOR_V1,SYNTHETIC
PA_005343,2024-08-13,SAMARINDA,8,24.4,90.9,MEDIUM,SYNTHETIC_GENERATOR_V1,SYNTHETIC
PA_005344,2024-08-14,SAMARINDA,12,47.3,116.9,MEDIUM,SYNTHETIC_GENERATOR_V1,SYNTHETIC
PA_005345,2024-08-15,SAMARINDA,9,33.9,101.7,MEDIUM,SYNTHETIC_GENERATOR_V1,SYNTHETIC
PA_005346,2024-08-16,SAMARINDA,8,26.9,91.8,MEDIUM,SYNTHETIC_GENERATOR_V1,SYNTHETIC
PA_005347,2024-08-17,SAMARINDA,5,8.8,70.5,LOW,SYNTHETIC_GENERATOR_V1,SYNTHETIC
PA_005348,2024-08-18,SAMARINDA,10,37.3,101.3,MEDIUM,SYNTHETIC_GENERATOR_V1,SYNTHETIC
PA_005349,2024-08-19,SAMARINDA,10,34.1,93.5,MEDIUM,SYNTHETIC_GENERATOR_V1,SYNTHETIC
PA_005350,2024-08-20,SAMARINDA,9,31.5,96.1,MEDIUM,SYNTHETIC_GENERATOR_V1,SYNTHETIC
PA_005351,2024-08-21,SAMARINDA,8,25.2,87.9,MEDIUM,SYNTHETIC_GENERATOR_V1,SYNTHETIC
PA_005352,2024-08-22,SAMARINDA,10,39.7,104.0,MEDIUM,SYNTHETIC_GENERATOR_V1,SYNTHETIC
PA_005353,2024-08-23,SAMARINDA,5,16.6,76.9,LOW,SYNTHETIC_GENERATOR_V1,SYNTHETIC
PA_005354,2024-08-24,SAMARINDA,6,11.9,72.6,LOW,SYNTHETIC_GENERATOR_V1,SYNTHETIC
PA_005355,2024-08-25,SAMARINDA,9,32.1,99.0,MEDIUM,SYNTHETIC_GENERATOR_V1,SYNTHETIC
PA_005356,2024-08-26,SAMARINDA,11,36.8,99.7,MEDIUM,SYNTHETIC_GENERATOR_V1,SYNTHETIC
PA_005357,2024-08-27,SAMARINDA,9,28.0,93.4,MEDIUM,SYNTHETIC_GENERATOR_V1,SYNTHETIC
PA_005358,2024-08-28,SAMARINDA,8,30.0,93.0,MEDIUM,SYNTHETIC_GENERATOR_V1,SYNTHETIC
PA_005359,2024-08-29,SAMARINDA,5,12.3,76.7,LOW,SYNTHETIC_GENERATOR_V1,SYNTHETIC
PA_005360,2024-08-30,SAMARINDA,11,41.5,104.3,MEDIUM,SYNTHETIC_GENERATOR_V1,SYNTHETIC
PA_005361,2024-08-31,SAMARINDA,4,0.0,66.5,LOW,SYNTHETIC_GENERATOR_V1,SYNTHETIC
PA_005362,2024-09-01,SAMARINDA,4,9.0,70.5,LOW,SYNTHETIC_GENERATOR_V1,SYNTHETIC
PA_005363,2024-09-02,SAMARINDA,5,19.2,81.0,LOW,SYNTHETIC_GENERATOR_V1,SYNTHETIC
PA_005364,2024-09-03,SAMARINDA,10,40.2,104.5,MEDIUM,SYNTHETIC_GENERATOR_V1,SYNTHETIC
PA_005365,2024-09-04,SAMARINDA,7,24.5,93.3,MEDIUM,SYNTHETIC_GENERATOR_V1,SYNTHETIC
PA_005366,2024-09-05,SAMARINDA,9,26.5,92.2,MEDIUM,SYNTHETIC_GENERATOR_V1,SYNTHETIC
PA_005367,2024-09-06,SAMARINDA,5,11.2,77.2,LOW,SYNTHETIC_GENERATOR_V1,SYNTHETIC
PA_005368,2024-09-07,SAMARINDA,6,17.9,80.1,LOW,SYNTHETIC_GENERATOR_V1,SYNTHETIC
PA_005369,2024-09-08,SAMARINDA,12,54.1,121.9,MEDIUM,SYNTHETIC_GENERATOR_V1,SYNTHETIC
PA_005370,2024-09-09,SAMARINDA,5,6.8,68.5,LOW,SYNTHETIC_GENERATOR_V1,SYNTHETIC
PA_005371,2024-09-10,SAMARINDA,8,30.9,104.6,MEDIUM,SYNTHETIC_GENERATOR_V1,SYNTHETIC
PA_005372,2024-09-11,SAMARINDA,14,65.2,124.9,HIGH,SYNTHETIC_GENERATOR_V1,SYNTHETIC
PA_005373,2024-09-12,SAMARINDA,11,40.1,104.2,MEDIUM,SYNTHETIC_GENERATOR_V1,SYNTHETIC
PA_005374,2024-09-13,SAMARINDA,1,0.0,65.1,LOW,SYNTHETIC_GENERATOR_V1,SYNTHETIC
PA_005375,2024-09-14,SAMARINDA,13,57.9,123.1,MEDIUM,SYNTHETIC_GENERATOR_V1,SYNTHETIC
PA_005376,2024-09-15,SAMARINDA,8,31.0,98.0,MEDIUM,SYNTHETIC_GENERATOR_V1,SYNTHETIC
PA_005377,2024-09-16,SAMARINDA,9,33.8,96.3,MEDIUM,SYNTHETIC_GENERATOR_V1,SYNTHETIC
PA_005378,2024-09-17,SAMARINDA,4,4.4,67.4,LOW,SYNTHETIC_GENERATOR_V1,SYNTHETIC
PA_005379,2024-09-18,SAMARINDA,2,1.8,63.4,LOW,SYNTHETIC_GENERATOR_V1,SYNTHETIC
PA_005380,2024-09-19,SAMARINDA,10,41.6,99.5,MEDIUM,SYNTHETIC_GENERATOR_V1,SYNTHETIC
PA_005381,2024-09-20,SAMARINDA,8,27.8,90.9,MEDIUM,SYNTHETIC_GENERATOR_V1,SYNTHETIC
PA_005382,2024-09-21,SAMARINDA,7,17.8,76.5,LOW,SYNTHETIC_GENERATOR_V1,SYNTHETIC
PA_005383,2024-09-22,SAMARINDA,5,10.6,67.7,LOW,SYNTHETIC_GENERATOR_V1,SYNTHETIC
PA_005384,2024-09-23,SAMARINDA,9,30.9,94.9,MEDIUM,SYNTHETIC_GENERATOR_V1,SYNTHETIC
PA_005385,2024-09-24,SAMARINDA,6,19.3,80.4,LOW,SYNTHETIC_GENERATOR_V1,SYNTHETIC
PA_005386,2024-09-25,SAMARINDA,6,19.2,81.6,LOW,SYNTHETIC_GENERATOR_V1,SYNTHETIC
PA_005387,2024-09-26,SAMARINDA,10,37.4,105.4,MEDIUM,SYNTHETIC_GENERATOR_V1,SYNTHETIC
PA_005388,2024-09-27,SAMARINDA,8,35.4,92.8,MEDIUM,SYNTHETIC_GENERATOR_V1,SYNTHETIC
PA_005389,2024-09-28,SAMARINDA,7,28.5,85.7,MEDIUM,SYNTHETIC_GENERATOR_V1,SYNTHETIC
PA_005390,2024-09-29,SAMARINDA,7,20.3,84.4,LOW,SYNTHETIC_GENERATOR_V1,SYNTHETIC
PA_005391,2024-09-30,SAMARINDA,6,19.7,84.4,LOW,SYNTHETIC_GENERATOR_V1,SYNTHETIC
PA_005392,2024-10-01,SAMARINDA,9,25.4,87.9,MEDIUM,SYNTHETIC_GENERATOR_V1,SYNTHETIC
PA_005393,2024-10-02,SAMARINDA,7,19.6,84.5,LOW,SYNTHETIC_GENERATOR_V1,SYNTHETIC
PA_005394,2024-10-03,SAMARINDA,9,36.4,95.6,MEDIUM,SYNTHETIC_GENERATOR_V1,SYNTHETIC
PA_005395,2024-10-04,SAMARINDA,5,16.7,73.9,LOW,SYNTHETIC_GENERATOR_V1,SYNTHETIC
PA_005396,2024-10-05,SAMARINDA,3,5.9,74.8,LOW,SYNTHETIC_GENERATOR_V1,SYNTHETIC
PA_005397,2024-10-06,SAMARINDA,7,29.8,90.8,MEDIUM,SYNTHETIC_GENERATOR_V1,SYNTHETIC
PA_005398,2024-10-07,SAMARINDA,9,29.4,93.0,MEDIUM,SYNTHETIC_GENERATOR_V1,SYNTHETIC
PA_005399,2024-10-08,SAMARINDA,7,18.0,69.5,LOW,SYNTHETIC_GENERATOR_V1,SYNTHETIC
PA_005400,2024-10-09,SAMARINDA,8,26.3,91.0,MEDIUM,SYNTHETIC_GENERATOR_V1,SYNTHETIC
PA_005401,2024-10-10,SAMARINDA,9,38.3,103.3,MEDIUM,SYNTHETIC_GENERATOR_V1,SYNTHETIC
PA_005402,2024-10-11,SAMARINDA,7,20.7,80.3,LOW,SYNTHETIC_GENERATOR_V1,SYNTHETIC
PA_005403,2024-10-12,SAMARINDA,7,20.4,89.0,LOW,SYNTHETIC_GENERATOR_V1,SYNTHETIC
PA_005404,2024-10-13,SAMARINDA,4,4.4,68.7,LOW,SYNTHETIC_GENERATOR_V1,SYNTHETIC
PA_005405,2024-10-14,SAMARINDA,15,68.6,128.8,HIGH,SYNTHETIC_GENERATOR_V1,SYNTHETIC
PA_005406,2024-10-15,SAMARINDA,8,26.5,87.2,MEDIUM,SYNTHETIC_GENERATOR_V1,SYNTHETIC
PA_005407,2024-10-16,SAMARINDA,8,27.8,91.6,MEDIUM,SYNTHETIC_GENERATOR_V1,SYNTHETIC
PA_005408,2024-10-17,SAMARINDA,10,32.9,101.2,MEDIUM,SYNTHETIC_GENERATOR_V1,SYNTHETIC
PA_005409,2024-10-18,SAMARINDA,4,6.0,64.2,LOW,SYNTHETIC_GENERATOR_V1,SYNTHETIC
PA_005410,2024-10-19,SAMARINDA,13,56.2,119.3,MEDIUM,SYNTHETIC_GENERATOR_V1,SYNTHETIC
PA_005411,2024-10-20,SAMARINDA,8,24.0,89.8,MEDIUM,SYNTHETIC_GENERATOR_V1,SYNTHETIC
PA_005412,2024-10-21,SAMARINDA,13,58.4,113.4,MEDIUM,SYNTHETIC_GENERATOR_V1,SYNTHETIC
PA_005413,2024-10-22,SAMARINDA,4,16.3,76.9,LOW,SYNTHETIC_GENERATOR_V1,SYNTHETIC
PA_005414,2024-10-23,SAMARINDA,7,18.6,77.3,LOW,SYNTHETIC_GENERATOR_V1,SYNTHETIC
PA_005415,2024-10-24,SAMARINDA,9,21.9,94.3,LOW,SYNTHETIC_GENERATOR_V1,SYNTHETIC
PA_005416,2024-10-25,SAMARINDA,2,0.0,62.5,LOW,SYNTHETIC_GENERATOR_V1,SYNTHETIC
PA_005417,2024-10-26,SAMARINDA,9,32.5,99.4,MEDIUM,SYNTHETIC_GENERATOR_V1,SYNTHETIC
PA_005418,2024-10-27,SAMARINDA,7,20.6,82.6,LOW,SYNTHETIC_GENERATOR_V1,SYNTHETIC
PA_005419,2024-10-28,SAMARINDA,7,25.4,88.4,MEDIUM,SYNTHETIC_GENERATOR_V1,SYNTHETIC
PA_005420,2024-10-29,SAMARINDA,6,18.1,77.0,LOW,SYNTHETIC_GENERATOR_V1,SYNTHETIC
PA_005421,2024-10-30,SAMARINDA,14,62.1,125.0,HIGH,SYNTHETIC_GENERATOR_V1,SYNTHETIC
PA_005422,2024-10-31,SAMARINDA,8,19.6,85.6,LOW,SYNTHETIC_GENERATOR_V1,SYNTHETIC
PA_005423,2024-11-01,SAMARINDA,14,62.2,126.6,HIGH,SYNTHETIC_GENERATOR_V1,SYNTHETIC
PA_005424,2024-11-02,SAMARINDA,8,26.0,95.3,MEDIUM,SYNTHETIC_GENERATOR_V1,SYNTHETIC
PA_005425,2024-11-03,SAMARINDA,8,29.2,90.8,MEDIUM,SYNTHETIC_GENERATOR_V1,SYNTHETIC
PA_005426,2024-11-04,SAMARINDA,6,13.5,77.4,LOW,SYNTHETIC_GENERATOR_V1,SYNTHETIC
PA_005427,2024-11-05,SAMARINDA,10,32.2,99.7,MEDIUM,SYNTHETIC_GENERATOR_V1,SYNTHETIC
PA_005428,2024-11-06,SAMARINDA,8,26.1,88.0,MEDIUM,SYNTHETIC_GENERATOR_V1,SYNTHETIC
PA_005429,2024-11-07,SAMARINDA,8,27.9,85.9,MEDIUM,SYNTHETIC_GENERATOR_V1,SYNTHETIC
PA_005430,2024-11-08,SAMARINDA,7,17.7,80.3,LOW,SYNTHETIC_GENERATOR_V1,SYNTHETIC
PA_005431,2024-11-09,SAMARINDA,10,33.5,103.5,MEDIUM,SYNTHETIC_GENERATOR_V1,SYNTHETIC
PA_005432,2024-11-10,SAMARINDA,13,59.5,124.3,MEDIUM,SYNTHETIC_GENERATOR_V1,SYNTHETIC
PA_005433,2024-11-11,SAMARINDA,6,14.8,82.4,LOW,SYNTHETIC_GENERATOR_V1,SYNTHETIC
PA_005434,2024-11-12,SAMARINDA,5,21.5,87.6,LOW,SYNTHETIC_GENERATOR_V1,SYNTHETIC
PA_005435,2024-11-13,SAMARINDA,6,20.1,80.8,LOW,SYNTHETIC_GENERATOR_V1,SYNTHETIC
PA_005436,2024-11-14,SAMARINDA,5,15.6,85.2,LOW,SYNTHETIC_GENERATOR_V1,SYNTHETIC
PA_005437,2024-11-15,SAMARINDA,7,21.9,90.5,LOW,SYNTHETIC_GENERATOR_V1,SYNTHETIC
PA_005438,2024-11-16,SAMARINDA,3,7.0,68.6,LOW,SYNTHETIC_GENERATOR_V1,SYNTHETIC
PA_005439,2024-11-17,SAMARINDA,7,24.5,89.3,MEDIUM,SYNTHETIC_GENERATOR_V1,SYNTHETIC
PA_005440,2024-11-18,SAMARINDA,8,28.4,89.4,MEDIUM,SYNTHETIC_GENERATOR_V1,SYNTHETIC
PA_005441,2024-11-19,SAMARINDA,8,25.1,85.8,MEDIUM,SYNTHETIC_GENERATOR_V1,SYNTHETIC
PA_005442,2024-11-20,SAMARINDA,7,24.3,84.2,MEDIUM,SYNTHETIC_GENERATOR_V1,SYNTHETIC
PA_005443,2024-11-21,SAMARINDA,11,43.8,109.9,MEDIUM,SYNTHETIC_GENERATOR_V1,SYNTHETIC
PA_005444,2024-11-22,SAMARINDA,7,25.3,96.5,MEDIUM,SYNTHETIC_GENERATOR_V1,SYNTHETIC
PA_005445,2024-11-23,SAMARINDA,9,37.4,106.6,MEDIUM,SYNTHETIC_GENERATOR_V1,SYNTHETIC
PA_005446,2024-11-24,SAMARINDA,10,33.7,103.3,MEDIUM,SYNTHETIC_GENERATOR_V1,SYNTHETIC
PA_005447,2024-11-25,SAMARINDA,8,18.7,84.3,LOW,SYNTHETIC_GENERATOR_V1,SYNTHETIC
PA_005448,2024-11-26,SAMARINDA,4,7.7,70.5,LOW,SYNTHETIC_GENERATOR_V1,SYNTHETIC
PA_005449,2024-11-27,SAMARINDA,10,30.5,95.0,MEDIUM,SYNTHETIC_GENERATOR_V1,SYNTHETIC
PA_005450,2024-11-28,SAMARINDA,4,4.3,67.4,LOW,SYNTHETIC_GENERATOR_V1,SYNTHETIC
PA_005451,2024-11-29,SAMARINDA,3,7.2,72.6,LOW,SYNTHETIC_GENERATOR_V1,SYNTHETIC
PA_005452,2024-11-30,SAMARINDA,6,16.8,80.2,LOW,SYNTHETIC_GENERATOR_V1,SYNTHETIC
PA_005453,2024-12-01,SAMARINDA,5,13.5,80.3,LOW,SYNTHETIC_GENERATOR_V1,SYNTHETIC
PA_005454,2024-12-02,SAMARINDA,13,58.5,125.3,MEDIUM,SYNTHETIC_GENERATOR_V1,SYNTHETIC
PA_005455,2024-12-03,SAMARINDA,9,30.2,101.3,MEDIUM,SYNTHETIC_GENERATOR_V1,SYNTHETIC
PA_005456,2024-12-04,SAMARINDA,7,17.8,81.1,LOW,SYNTHETIC_GENERATOR_V1,SYNTHETIC
PA_005457,2024-12-05,SAMARINDA,7,26.1,88.2,MEDIUM,SYNTHETIC_GENERATOR_V1,SYNTHETIC
PA_005458,2024-12-06,SAMARINDA,5,7.5,69.2,LOW,SYNTHETIC_GENERATOR_V1,SYNTHETIC
PA_005459,2024-12-07,SAMARINDA,2,2.2,67.9,LOW,SYNTHETIC_GENERATOR_V1,SYNTHETIC
PA_005460,2024-12-08,SAMARINDA,7,18.8,80.9,LOW,SYNTHETIC_GENERATOR_V1,SYNTHETIC
PA_005461,2024-12-09,SAMARINDA,6,20.2,80.6,LOW,SYNTHETIC_GENERATOR_V1,SYNTHETIC
PA_005462,2024-12-10,SAMARINDA,9,32.4,90.4,MEDIUM,SYNTHETIC_GENERATOR_V1,SYNTHETIC
PA_005463,2024-12-11,SAMARINDA,9,30.5,98.1,MEDIUM,SYNTHETIC_GENERATOR_V1,SYNTHETIC
PA_005464,2024-12-12,SAMARINDA,4,4.4,67.0,LOW,SYNTHETIC_GENERATOR_V1,SYNTHETIC
PA_005465,2024-12-13,SAMARINDA,7,20.8,85.3,LOW,SYNTHETIC_GENERATOR_V1,SYNTHETIC
PA_005466,2024-12-14,SAMARINDA,11,47.3,111.5,MEDIUM,SYNTHETIC_GENERATOR_V1,SYNTHETIC
PA_005467,2024-12-15,SAMARINDA,6,14.4,76.3,LOW,SYNTHETIC_GENERATOR_V1,SYNTHETIC
PA_005468,2024-12-16,SAMARINDA,5,11.5,74.2,LOW,SYNTHETIC_GENERATOR_V1,SYNTHETIC
PA_005469,2024-12-17,SAMARINDA,13,58.8,114.3,MEDIUM,SYNTHETIC_GENERATOR_V1,SYNTHETIC
PA_005470,2024-12-18,SAMARINDA,10,36.0,96.5,MEDIUM,SYNTHETIC_GENERATOR_V1,SYNTHETIC
PA_005471,2024-12-19,SAMARINDA,9,29.3,87.5,MEDIUM,SYNTHETIC_GENERATOR_V1,SYNTHETIC
PA_005472,2024-12-20,SAMARINDA,5,7.2,76.7,LOW,SYNTHETIC_GENERATOR_V1,SYNTHETIC
PA_005473,2024-12-21,SAMARINDA,8,24.0,92.4,MEDIUM,SYNTHETIC_GENERATOR_V1,SYNTHETIC
PA_005474,2024-12-22,SAMARINDA,10,37.6,97.6,MEDIUM,SYNTHETIC_GENERATOR_V1,SYNTHETIC
PA_005475,2024-12-23,SAMARINDA,8,26.2,94.1,MEDIUM,SYNTHETIC_GENERATOR_V1,SYNTHETIC
PA_005476,2024-12-24,SAMARINDA,8,20.9,83.2,LOW,SYNTHETIC_GENERATOR_V1,SYNTHETIC
PA_005477,2024-12-25,SAMARINDA,13,58.3,119.3,MEDIUM,SYNTHETIC_GENERATOR_V1,SYNTHETIC
PA_005478,2024-12-26,SAMARINDA,8,26.8,95.5,MEDIUM,SYNTHETIC_GENERATOR_V1,SYNTHETIC
PA_005479,2024-12-27,SAMARINDA,8,23.8,88.6,LOW,SYNTHETIC_GENERATOR_V1,SYNTHETIC
PA_005480,2024-12-28,SAMARINDA,10,41.5,108.8,MEDIUM,SYNTHETIC_GENERATOR_V1,SYNTHETIC
PA_005481,2024-12-29,SAMARINDA,8,20.4,78.9,LOW,SYNTHETIC_GENERATOR_V1,SYNTHETIC
PA_005482,2024-12-30,SAMARINDA,13,48.7,111.7,MEDIUM,SYNTHETIC_GENERATOR_V1,SYNTHETIC
PA_005483,2024-12-31,SAMARINDA,10,38.2,103.8,MEDIUM,SYNTHETIC_GENERATOR_V1,SYNTHETIC
PA_005484,2025-01-01,SAMARINDA,14,57.4,115.4,MEDIUM,SYNTHETIC_GENERATOR_V1,SYNTHETIC
PA_005485,2025-01-02,SAMARINDA,8,30.1,86.2,MEDIUM,SYNTHETIC_GENERATOR_V1,SYNTHETIC
PA_005486,2025-01-03,SAMARINDA,9,33.7,93.1,MEDIUM,SYNTHETIC_GENERATOR_V1,SYNTHETIC
PA_005487,2025-01-04,SAMARINDA,5,7.6,69.6,LOW,SYNTHETIC_GENERATOR_V1,SYNTHETIC
PA_005488,2025-01-05,SAMARINDA,7,26.5,91.1,MEDIUM,SYNTHETIC_GENERATOR_V1,SYNTHETIC
PA_005489,2025-01-06,SAMARINDA,9,28.6,92.0,MEDIUM,SYNTHETIC_GENERATOR_V1,SYNTHETIC
PA_005490,2025-01-07,SAMARINDA,6,16.7,76.0,LOW,SYNTHETIC_GENERATOR_V1,SYNTHETIC
PA_005491,2025-01-08,SAMARINDA,18,93.3,153.2,HIGH,SYNTHETIC_GENERATOR_V1,SYNTHETIC
PA_005492,2025-01-09,SAMARINDA,6,16.7,77.8,LOW,SYNTHETIC_GENERATOR_V1,SYNTHETIC
PA_005493,2025-01-10,SAMARINDA,9,27.1,94.1,MEDIUM,SYNTHETIC_GENERATOR_V1,SYNTHETIC
PA_005494,2025-01-11,SAMARINDA,4,7.1,70.7,LOW,SYNTHETIC_GENERATOR_V1,SYNTHETIC
PA_005495,2025-01-12,SAMARINDA,12,48.8,115.7,MEDIUM,SYNTHETIC_GENERATOR_V1,SYNTHETIC
PA_005496,2025-01-13,SAMARINDA,9,31.8,97.6,MEDIUM,SYNTHETIC_GENERATOR_V1,SYNTHETIC
PA_005497,2025-01-14,SAMARINDA,4,6.8,63.9,LOW,SYNTHETIC_GENERATOR_V1,SYNTHETIC
PA_005498,2025-01-15,SAMARINDA,6,14.6,82.0,LOW,SYNTHETIC_GENERATOR_V1,SYNTHETIC
PA_005499,2025-01-16,SAMARINDA,7,19.1,81.7,LOW,SYNTHETIC_GENERATOR_V1,SYNTHETIC
PA_005500,2025-01-17,SAMARINDA,3,10.0,70.2,LOW,SYNTHETIC_GENERATOR_V1,SYNTHETIC
PA_005501,2025-01-18,SAMARINDA,4,6.7,75.8,LOW,SYNTHETIC_GENERATOR_V1,SYNTHETIC
PA_005502,2025-01-19,SAMARINDA,9,27.9,96.7,MEDIUM,SYNTHETIC_GENERATOR_V1,SYNTHETIC
PA_005503,2025-01-20,SAMARINDA,8,25.6,85.8,MEDIUM,SYNTHETIC_GENERATOR_V1,SYNTHETIC
PA_005504,2025-01-21,SAMARINDA,8,26.5,92.6,MEDIUM,SYNTHETIC_GENERATOR_V1,SYNTHETIC
PA_005505,2025-01-22,SAMARINDA,16,69.3,133.5,HIGH,SYNTHETIC_GENERATOR_V1,SYNTHETIC
PA_005506,2025-01-23,SAMARINDA,11,34.9,99.1,MEDIUM,SYNTHETIC_GENERATOR_V1,SYNTHETIC
PA_005507,2025-01-24,SAMARINDA,5,16.3,81.2,LOW,SYNTHETIC_GENERATOR_V1,SYNTHETIC
PA_005508,2025-01-25,SAMARINDA,8,27.0,91.6,MEDIUM,SYNTHETIC_GENERATOR_V1,SYNTHETIC
PA_005509,2025-01-26,SAMARINDA,6,14.4,77.5,LOW,SYNTHETIC_GENERATOR_V1,SYNTHETIC
PA_005510,2025-01-27,SAMARINDA,6,27.5,85.2,MEDIUM,SYNTHETIC_GENERATOR_V1,SYNTHETIC
PA_005511,2025-01-28,SAMARINDA,12,51.1,118.7,MEDIUM,SYNTHETIC_GENERATOR_V1,SYNTHETIC
PA_005512,2025-01-29,SAMARINDA,12,44.2,101.1,MEDIUM,SYNTHETIC_GENERATOR_V1,SYNTHETIC
PA_005513,2025-01-30,SAMARINDA,6,21.9,81.5,LOW,SYNTHETIC_GENERATOR_V1,SYNTHETIC
PA_005514,2025-01-31,SAMARINDA,10,35.2,95.1,MEDIUM,SYNTHETIC_GENERATOR_V1,SYNTHETIC
PA_005515,2025-02-01,SAMARINDA,10,35.1,101.1,MEDIUM,SYNTHETIC_GENERATOR_V1,SYNTHETIC
PA_005516,2025-02-02,SAMARINDA,10,39.7,96.5,MEDIUM,SYNTHETIC_GENERATOR_V1,SYNTHETIC
PA_005517,2025-02-03,SAMARINDA,5,13.8,72.7,LOW,SYNTHETIC_GENERATOR_V1,SYNTHETIC
PA_005518,2025-02-04,SAMARINDA,7,27.8,95.8,MEDIUM,SYNTHETIC_GENERATOR_V1,SYNTHETIC
PA_005519,2025-02-05,SAMARINDA,10,34.2,102.6,MEDIUM,SYNTHETIC_GENERATOR_V1,SYNTHETIC
PA_005520,2025-02-06,SAMARINDA,8,26.1,83.7,MEDIUM,SYNTHETIC_GENERATOR_V1,SYNTHETIC
PA_005521,2025-02-07,SAMARINDA,8,28.9,95.2,MEDIUM,SYNTHETIC_GENERATOR_V1,SYNTHETIC
PA_005522,2025-02-08,SAMARINDA,9,30.0,96.9,MEDIUM,SYNTHETIC_GENERATOR_V1,SYNTHETIC
PA_005523,2025-02-09,SAMARINDA,6,11.7,75.9,LOW,SYNTHETIC_GENERATOR_V1,SYNTHETIC
PA_005524,2025-02-10,SAMARINDA,7,19.4,77.9,LOW,SYNTHETIC_GENERATOR_V1,SYNTHETIC
PA_005525,2025-02-11,SAMARINDA,6,14.4,72.1,LOW,SYNTHETIC_GENERATOR_V1,SYNTHETIC
PA_005526,2025-02-12,SAMARINDA,9,31.4,93.6,MEDIUM,SYNTHETIC_GENERATOR_V1,SYNTHETIC
PA_005527,2025-02-13,SAMARINDA,6,21.0,84.7,LOW,SYNTHETIC_GENERATOR_V1,SYNTHETIC
PA_005528,2025-02-14,SAMARINDA,10,43.9,107.5,MEDIUM,SYNTHETIC_GENERATOR_V1,SYNTHETIC
PA_005529,2025-02-15,SAMARINDA,6,11.0,76.0,LOW,SYNTHETIC_GENERATOR_V1,SYNTHETIC
PA_005530,2025-02-16,SAMARINDA,8,22.4,87.8,LOW,SYNTHETIC_GENERATOR_V1,SYNTHETIC
PA_005531,2025-02-17,SAMARINDA,4,12.5,70.5,LOW,SYNTHETIC_GENERATOR_V1,SYNTHETIC
PA_005532,2025-02-18,SAMARINDA,6,15.6,78.1,LOW,SYNTHETIC_GENERATOR_V1,SYNTHETIC
PA_005533,2025-02-19,SAMARINDA,6,20.5,83.6,LOW,SYNTHETIC_GENERATOR_V1,SYNTHETIC
PA_005534,2025-02-20,SAMARINDA,5,9.7,76.6,LOW,SYNTHETIC_GENERATOR_V1,SYNTHETIC
PA_005535,2025-02-21,SAMARINDA,5,9.1,69.8,LOW,SYNTHETIC_GENERATOR_V1,SYNTHETIC
PA_005536,2025-02-22,SAMARINDA,5,16.6,86.5,LOW,SYNTHETIC_GENERATOR_V1,SYNTHETIC
PA_005537,2025-02-23,SAMARINDA,7,24.8,93.9,MEDIUM,SYNTHETIC_GENERATOR_V1,SYNTHETIC
PA_005538,2025-02-24,SAMARINDA,14,62.5,123.3,HIGH,SYNTHETIC_GENERATOR_V1,SYNTHETIC
PA_005539,2025-02-25,SAMARINDA,7,23.9,92.1,LOW,SYNTHETIC_GENERATOR_V1,SYNTHETIC
PA_005540,2025-02-26,SAMARINDA,11,47.0,112.0,MEDIUM,SYNTHETIC_GENERATOR_V1,SYNTHETIC
PA_005541,2025-02-27,SAMARINDA,6,13.3,77.1,LOW,SYNTHETIC_GENERATOR_V1,SYNTHETIC
PA_005542,2025-02-28,SAMARINDA,3,5.1,66.4,LOW,SYNTHETIC_GENERATOR_V1,SYNTHETIC
PA_005543,2025-03-01,SAMARINDA,10,36.5,107.4,MEDIUM,SYNTHETIC_GENERATOR_V1,SYNTHETIC
PA_005544,2025-03-02,SAMARINDA,5,7.1,73.8,LOW,SYNTHETIC_GENERATOR_V1,SYNTHETIC
PA_005545,2025-03-03,SAMARINDA,9,29.4,98.5,MEDIUM,SYNTHETIC_GENERATOR_V1,SYNTHETIC
PA_005546,2025-03-04,SAMARINDA,7,17.2,81.7,LOW,SYNTHETIC_GENERATOR_V1,SYNTHETIC
PA_005547,2025-03-05,SAMARINDA,11,43.9,106.3,MEDIUM,SYNTHETIC_GENERATOR_V1,SYNTHETIC
PA_005548,2025-03-06,SAMARINDA,10,28.1,89.9,MEDIUM,SYNTHETIC_GENERATOR_V1,SYNTHETIC
PA_005549,2025-03-07,SAMARINDA,9,38.1,99.1,MEDIUM,SYNTHETIC_GENERATOR_V1,SYNTHETIC
PA_005550,2025-03-08,SAMARINDA,8,25.0,94.4,MEDIUM,SYNTHETIC_GENERATOR_V1,SYNTHETIC
PA_005551,2025-03-09,SAMARINDA,12,48.0,109.1,MEDIUM,SYNTHETIC_GENERATOR_V1,SYNTHETIC
PA_005552,2025-03-10,SAMARINDA,13,56.7,121.7,MEDIUM,SYNTHETIC_GENERATOR_V1,SYNTHETIC
PA_005553,2025-03-11,SAMARINDA,10,32.7,98.9,MEDIUM,SYNTHETIC_GENERATOR_V1,SYNTHETIC
PA_005554,2025-03-12,SAMARINDA,9,26.8,93.3,MEDIUM,SYNTHETIC_GENERATOR_V1,SYNTHETIC
PA_005555,2025-03-13,SAMARINDA,9,23.7,82.4,LOW,SYNTHETIC_GENERATOR_V1,SYNTHETIC
PA_005556,2025-03-14,SAMARINDA,4,17.3,88.0,LOW,SYNTHETIC_GENERATOR_V1,SYNTHETIC
PA_005557,2025-03-15,SAMARINDA,6,18.1,84.0,LOW,SYNTHETIC_GENERATOR_V1,SYNTHETIC
PA_005558,2025-03-16,SAMARINDA,11,43.7,113.5,MEDIUM,SYNTHETIC_GENERATOR_V1,SYNTHETIC
PA_005559,2025-03-17,SAMARINDA,4,11.2,72.4,LOW,SYNTHETIC_GENERATOR_V1,SYNTHETIC
PA_005560,2025-03-18,SAMARINDA,6,17.1,78.4,LOW,SYNTHETIC_GENERATOR_V1,SYNTHETIC
PA_005561,2025-03-19,SAMARINDA,6,14.5,75.4,LOW,SYNTHETIC_GENERATOR_V1,SYNTHETIC
PA_005562,2025-03-20,SAMARINDA,8,35.9,92.0,MEDIUM,SYNTHETIC_GENERATOR_V1,SYNTHETIC
PA_005563,2025-03-21,SAMARINDA,6,16.7,87.7,LOW,SYNTHETIC_GENERATOR_V1,SYNTHETIC
PA_005564,2025-03-22,SAMARINDA,11,45.0,115.7,MEDIUM,SYNTHETIC_GENERATOR_V1,SYNTHETIC
PA_005565,2025-03-23,SAMARINDA,4,13.8,77.5,LOW,SYNTHETIC_GENERATOR_V1,SYNTHETIC
PA_005566,2025-03-24,SAMARINDA,8,29.0,94.7,MEDIUM,SYNTHETIC_GENERATOR_V1,SYNTHETIC
PA_005567,2025-03-25,SAMARINDA,6,17.6,83.8,LOW,SYNTHETIC_GENERATOR_V1,SYNTHETIC
PA_005568,2025-03-26,SAMARINDA,8,25.3,98.5,MEDIUM,SYNTHETIC_GENERATOR_V1,SYNTHETIC
PA_005569,2025-03-27,SAMARINDA,8,28.8,97.3,MEDIUM,SYNTHETIC_GENERATOR_V1,SYNTHETIC
PA_005570,2025-03-28,SAMARINDA,9,30.1,96.4,MEDIUM,SYNTHETIC_GENERATOR_V1,SYNTHETIC
PA_005571,2025-03-29,SAMARINDA,16,74.5,131.3,HIGH,SYNTHETIC_GENERATOR_V1,SYNTHETIC
PA_005572,2025-03-30,SAMARINDA,9,42.2,99.8,MEDIUM,SYNTHETIC_GENERATOR_V1,SYNTHETIC
PA_005573,2025-03-31,SAMARINDA,6,13.9,74.8,LOW,SYNTHETIC_GENERATOR_V1,SYNTHETIC
PA_005574,2025-04-01,SAMARINDA,8,25.4,87.6,MEDIUM,SYNTHETIC_GENERATOR_V1,SYNTHETIC
PA_005575,2025-04-02,SAMARINDA,13,48.3,116.2,MEDIUM,SYNTHETIC_GENERATOR_V1,SYNTHETIC
PA_005576,2025-04-03,SAMARINDA,12,46.3,113.7,MEDIUM,SYNTHETIC_GENERATOR_V1,SYNTHETIC
PA_005577,2025-04-04,SAMARINDA,10,36.1,104.9,MEDIUM,SYNTHETIC_GENERATOR_V1,SYNTHETIC
PA_005578,2025-04-05,SAMARINDA,5,8.1,68.4,LOW,SYNTHETIC_GENERATOR_V1,SYNTHETIC
PA_005579,2025-04-06,SAMARINDA,4,7.0,78.1,LOW,SYNTHETIC_GENERATOR_V1,SYNTHETIC
PA_005580,2025-04-07,SAMARINDA,10,43.1,105.4,MEDIUM,SYNTHETIC_GENERATOR_V1,SYNTHETIC
PA_005581,2025-04-08,SAMARINDA,4,13.8,82.6,LOW,SYNTHETIC_GENERATOR_V1,SYNTHETIC
PA_005582,2025-04-09,SAMARINDA,4,6.0,66.3,LOW,SYNTHETIC_GENERATOR_V1,SYNTHETIC
PA_005583,2025-04-10,SAMARINDA,7,23.2,91.3,LOW,SYNTHETIC_GENERATOR_V1,SYNTHETIC
PA_005584,2025-04-11,SAMARINDA,7,29.7,96.4,MEDIUM,SYNTHETIC_GENERATOR_V1,SYNTHETIC
PA_005585,2025-04-12,SAMARINDA,8,18.5,89.3,LOW,SYNTHETIC_GENERATOR_V1,SYNTHETIC
PA_005586,2025-04-13,SAMARINDA,6,16.4,81.3,LOW,SYNTHETIC_GENERATOR_V1,SYNTHETIC
PA_005587,2025-04-14,SAMARINDA,11,41.2,111.0,MEDIUM,SYNTHETIC_GENERATOR_V1,SYNTHETIC
PA_005588,2025-04-15,SAMARINDA,5,10.4,76.7,LOW,SYNTHETIC_GENERATOR_V1,SYNTHETIC
PA_005589,2025-04-16,SAMARINDA,7,22.0,92.6,LOW,SYNTHETIC_GENERATOR_V1,SYNTHETIC
PA_005590,2025-04-17,SAMARINDA,13,49.4,111.4,MEDIUM,SYNTHETIC_GENERATOR_V1,SYNTHETIC
PA_005591,2025-04-18,SAMARINDA,6,16.3,83.4,LOW,SYNTHETIC_GENERATOR_V1,SYNTHETIC
PA_005592,2025-04-19,SAMARINDA,10,33.4,103.8,MEDIUM,SYNTHETIC_GENERATOR_V1,SYNTHETIC
PA_005593,2025-04-20,SAMARINDA,14,57.4,123.9,MEDIUM,SYNTHETIC_GENERATOR_V1,SYNTHETIC
PA_005594,2025-04-21,SAMARINDA,5,10.1,76.2,LOW,SYNTHETIC_GENERATOR_V1,SYNTHETIC
PA_005595,2025-04-22,SAMARINDA,4,17.4,82.2,LOW,SYNTHETIC_GENERATOR_V1,SYNTHETIC
PA_005596,2025-04-23,SAMARINDA,7,23.9,89.4,LOW,SYNTHETIC_GENERATOR_V1,SYNTHETIC
PA_005597,2025-04-24,SAMARINDA,8,32.6,90.8,MEDIUM,SYNTHETIC_GENERATOR_V1,SYNTHETIC
PA_005598,2025-04-25,SAMARINDA,9,30.1,95.6,MEDIUM,SYNTHETIC_GENERATOR_V1,SYNTHETIC
PA_005599,2025-04-26,SAMARINDA,5,19.1,81.7,LOW,SYNTHETIC_GENERATOR_V1,SYNTHETIC
PA_005600,2025-04-27,SAMARINDA,3,2.6,62.1,LOW,SYNTHETIC_GENERATOR_V1,SYNTHETIC
PA_005601,2025-04-28,SAMARINDA,7,21.1,85.7,LOW,SYNTHETIC_GENERATOR_V1,SYNTHETIC
PA_005602,2025-04-29,SAMARINDA,4,8.7,73.5,LOW,SYNTHETIC_GENERATOR_V1,SYNTHETIC
PA_005603,2025-04-30,SAMARINDA,5,15.9,76.1,LOW,SYNTHETIC_GENERATOR_V1,SYNTHETIC
PA_005604,2025-05-01,SAMARINDA,12,51.6,115.4,MEDIUM,SYNTHETIC_GENERATOR_V1,SYNTHETIC
PA_005605,2025-05-02,SAMARINDA,6,14.3,72.4,LOW,SYNTHETIC_GENERATOR_V1,SYNTHETIC
PA_005606,2025-05-03,SAMARINDA,12,47.3,108.0,MEDIUM,SYNTHETIC_GENERATOR_V1,SYNTHETIC
PA_005607,2025-05-04,SAMARINDA,8,21.0,77.1,LOW,SYNTHETIC_GENERATOR_V1,SYNTHETIC
PA_005608,2025-05-05,SAMARINDA,7,19.9,84.6,LOW,SYNTHETIC_GENERATOR_V1,SYNTHETIC
PA_005609,2025-05-06,SAMARINDA,8,27.7,90.3,MEDIUM,SYNTHETIC_GENERATOR_V1,SYNTHETIC
PA_005610,2025-05-07,SAMARINDA,5,17.3,81.8,LOW,SYNTHETIC_GENERATOR_V1,SYNTHETIC
PA_005611,2025-05-08,SAMARINDA,9,30.4,92.3,MEDIUM,SYNTHETIC_GENERATOR_V1,SYNTHETIC
PA_005612,2025-05-09,SAMARINDA,7,22.6,90.0,LOW,SYNTHETIC_GENERATOR_V1,SYNTHETIC
PA_005613,2025-05-10,SAMARINDA,12,47.2,114.3,MEDIUM,SYNTHETIC_GENERATOR_V1,SYNTHETIC
PA_005614,2025-05-11,SAMARINDA,7,20.2,91.2,LOW,SYNTHETIC_GENERATOR_V1,SYNTHETIC
PA_005615,2025-05-12,SAMARINDA,8,19.1,81.2,LOW,SYNTHETIC_GENERATOR_V1,SYNTHETIC
PA_005616,2025-05-13,SAMARINDA,8,22.2,92.4,LOW,SYNTHETIC_GENERATOR_V1,SYNTHETIC
PA_005617,2025-05-14,SAMARINDA,8,22.5,86.5,LOW,SYNTHETIC_GENERATOR_V1,SYNTHETIC
PA_005618,2025-05-15,SAMARINDA,5,11.5,84.0,LOW,SYNTHETIC_GENERATOR_V1,SYNTHETIC
PA_005619,2025-05-16,SAMARINDA,8,23.7,82.8,LOW,SYNTHETIC_GENERATOR_V1,SYNTHETIC
PA_005620,2025-05-17,SAMARINDA,12,47.6,119.2,MEDIUM,SYNTHETIC_GENERATOR_V1,SYNTHETIC
PA_005621,2025-05-18,SAMARINDA,9,28.4,96.1,MEDIUM,SYNTHETIC_GENERATOR_V1,SYNTHETIC
PA_005622,2025-05-19,SAMARINDA,4,11.9,72.3,LOW,SYNTHETIC_GENERATOR_V1,SYNTHETIC
PA_005623,2025-05-20,SAMARINDA,6,14.3,76.4,LOW,SYNTHETIC_GENERATOR_V1,SYNTHETIC
PA_005624,2025-05-21,SAMARINDA,14,63.1,135.8,HIGH,SYNTHETIC_GENERATOR_V1,SYNTHETIC
PA_005625,2025-05-22,SAMARINDA,13,59.4,123.8,MEDIUM,SYNTHETIC_GENERATOR_V1,SYNTHETIC
PA_005626,2025-05-23,SAMARINDA,3,10.2,77.6,LOW,SYNTHETIC_GENERATOR_V1,SYNTHETIC
PA_005627,2025-05-24,SAMARINDA,13,52.4,112.3,MEDIUM,SYNTHETIC_GENERATOR_V1,SYNTHETIC
PA_005628,2025-05-25,SAMARINDA,10,35.1,107.1,MEDIUM,SYNTHETIC_GENERATOR_V1,SYNTHETIC
PA_005629,2025-05-26,SAMARINDA,6,23.3,87.2,LOW,SYNTHETIC_GENERATOR_V1,SYNTHETIC
PA_005630,2025-05-27,SAMARINDA,4,9.8,81.6,LOW,SYNTHETIC_GENERATOR_V1,SYNTHETIC
PA_005631,2025-05-28,SAMARINDA,7,19.2,83.7,LOW,SYNTHETIC_GENERATOR_V1,SYNTHETIC
PA_005632,2025-05-29,SAMARINDA,8,26.0,95.6,MEDIUM,SYNTHETIC_GENERATOR_V1,SYNTHETIC
PA_005633,2025-05-30,SAMARINDA,16,72.9,133.1,HIGH,SYNTHETIC_GENERATOR_V1,SYNTHETIC
PA_005634,2025-05-31,SAMARINDA,14,60.9,130.5,HIGH,SYNTHETIC_GENERATOR_V1,SYNTHETIC
PA_005635,2025-06-01,SAMARINDA,5,15.9,79.4,LOW,SYNTHETIC_GENERATOR_V1,SYNTHETIC
PA_005636,2025-06-02,SAMARINDA,7,24.9,97.9,MEDIUM,SYNTHETIC_GENERATOR_V1,SYNTHETIC
PA_005637,2025-06-03,SAMARINDA,8,24.7,88.8,MEDIUM,SYNTHETIC_GENERATOR_V1,SYNTHETIC
PA_005638,2025-06-04,SAMARINDA,8,28.3,98.8,MEDIUM,SYNTHETIC_GENERATOR_V1,SYNTHETIC
PA_005639,2025-06-05,SAMARINDA,11,40.0,105.8,MEDIUM,SYNTHETIC_GENERATOR_V1,SYNTHETIC
PA_005640,2025-06-06,SAMARINDA,10,31.3,88.5,MEDIUM,SYNTHETIC_GENERATOR_V1,SYNTHETIC
PA_005641,2025-06-07,SAMARINDA,3,11.8,79.6,LOW,SYNTHETIC_GENERATOR_V1,SYNTHETIC
PA_005642,2025-06-08,SAMARINDA,8,24.5,87.7,MEDIUM,SYNTHETIC_GENERATOR_V1,SYNTHETIC
PA_005643,2025-06-09,SAMARINDA,6,20.0,91.6,LOW,SYNTHETIC_GENERATOR_V1,SYNTHETIC
PA_005644,2025-06-10,SAMARINDA,12,45.8,107.8,MEDIUM,SYNTHETIC_GENERATOR_V1,SYNTHETIC
PA_005645,2025-06-11,SAMARINDA,9,29.5,101.3,MEDIUM,SYNTHETIC_GENERATOR_V1,SYNTHETIC
PA_005646,2025-06-12,SAMARINDA,4,16.1,78.4,LOW,SYNTHETIC_GENERATOR_V1,SYNTHETIC
PA_005647,2025-06-13,SAMARINDA,12,48.4,111.1,MEDIUM,SYNTHETIC_GENERATOR_V1,SYNTHETIC
PA_005648,2025-06-14,SAMARINDA,10,38.1,102.2,MEDIUM,SYNTHETIC_GENERATOR_V1,SYNTHETIC
PA_005649,2025-06-15,SAMARINDA,7,21.8,85.0,LOW,SYNTHETIC_GENERATOR_V1,SYNTHETIC
PA_005650,2025-06-16,SAMARINDA,7,19.1,79.7,LOW,SYNTHETIC_GENERATOR_V1,SYNTHETIC
PA_005651,2025-06-17,SAMARINDA,7,24.5,87.8,MEDIUM,SYNTHETIC_GENERATOR_V1,SYNTHETIC
PA_005652,2025-06-18,SAMARINDA,4,8.1,66.0,LOW,SYNTHETIC_GENERATOR_V1,SYNTHETIC
PA_005653,2025-06-19,SAMARINDA,8,29.1,92.7,MEDIUM,SYNTHETIC_GENERATOR_V1,SYNTHETIC
PA_005654,2025-06-20,SAMARINDA,5,7.5,66.0,LOW,SYNTHETIC_GENERATOR_V1,SYNTHETIC
PA_005655,2025-06-21,SAMARINDA,4,7.9,68.7,LOW,SYNTHETIC_GENERATOR_V1,SYNTHETIC
PA_005656,2025-06-22,SAMARINDA,8,17.9,83.5,LOW,SYNTHETIC_GENERATOR_V1,SYNTHETIC
PA_005657,2025-06-23,SAMARINDA,7,19.6,77.8,LOW,SYNTHETIC_GENERATOR_V1,SYNTHETIC
PA_005658,2025-06-24,SAMARINDA,7,21.4,86.8,LOW,SYNTHETIC_GENERATOR_V1,SYNTHETIC
PA_005659,2025-06-25,SAMARINDA,3,6.6,69.1,LOW,SYNTHETIC_GENERATOR_V1,SYNTHETIC
PA_005660,2025-06-26,SAMARINDA,7,16.3,76.4,LOW,SYNTHETIC_GENERATOR_V1,SYNTHETIC
PA_005661,2025-06-27,SAMARINDA,7,18.8,77.8,LOW,SYNTHETIC_GENERATOR_V1,SYNTHETIC
PA_005662,2025-06-28,SAMARINDA,5,10.4,64.9,LOW,SYNTHETIC_GENERATOR_V1,SYNTHETIC
PA_005663,2025-06-29,SAMARINDA,9,34.0,99.2,MEDIUM,SYNTHETIC_GENERATOR_V1,SYNTHETIC
PA_005664,2025-06-30,SAMARINDA,6,12.7,72.5,LOW,SYNTHETIC_GENERATOR_V1,SYNTHETIC
PA_005665,2025-07-01,SAMARINDA,12,50.9,113.5,MEDIUM,SYNTHETIC_GENERATOR_V1,SYNTHETIC
PA_005666,2025-07-02,SAMARINDA,9,31.1,98.7,MEDIUM,SYNTHETIC_GENERATOR_V1,SYNTHETIC
PA_005667,2025-07-03,SAMARINDA,9,31.6,91.0,MEDIUM,SYNTHETIC_GENERATOR_V1,SYNTHETIC
PA_005668,2025-07-04,SAMARINDA,10,32.5,99.6,MEDIUM,SYNTHETIC_GENERATOR_V1,SYNTHETIC
PA_005669,2025-07-05,SAMARINDA,4,11.2,82.9,LOW,SYNTHETIC_GENERATOR_V1,SYNTHETIC
PA_005670,2025-07-06,SAMARINDA,7,21.9,87.3,LOW,SYNTHETIC_GENERATOR_V1,SYNTHETIC
PA_005671,2025-07-07,SAMARINDA,5,12.3,77.6,LOW,SYNTHETIC_GENERATOR_V1,SYNTHETIC
PA_005672,2025-07-08,SAMARINDA,7,16.8,80.1,LOW,SYNTHETIC_GENERATOR_V1,SYNTHETIC
PA_005673,2025-07-09,SAMARINDA,13,48.6,111.2,MEDIUM,SYNTHETIC_GENERATOR_V1,SYNTHETIC
PA_005674,2025-07-10,SAMARINDA,12,53.9,119.5,MEDIUM,SYNTHETIC_GENERATOR_V1,SYNTHETIC
PA_005675,2025-07-11,SAMARINDA,10,36.1,96.9,MEDIUM,SYNTHETIC_GENERATOR_V1,SYNTHETIC
PA_005676,2025-07-12,SAMARINDA,6,21.9,90.5,LOW,SYNTHETIC_GENERATOR_V1,SYNTHETIC
PA_005677,2025-07-13,SAMARINDA,6,17.8,86.1,LOW,SYNTHETIC_GENERATOR_V1,SYNTHETIC
PA_005678,2025-07-14,SAMARINDA,5,9.3,70.2,LOW,SYNTHETIC_GENERATOR_V1,SYNTHETIC
PA_005679,2025-07-15,SAMARINDA,7,19.6,82.0,LOW,SYNTHETIC_GENERATOR_V1,SYNTHETIC
PA_005680,2025-07-16,SAMARINDA,4,12.3,77.5,LOW,SYNTHETIC_GENERATOR_V1,SYNTHETIC
PA_005681,2025-07-17,SAMARINDA,13,59.0,123.3,MEDIUM,SYNTHETIC_GENERATOR_V1,SYNTHETIC
PA_005682,2025-07-18,SAMARINDA,4,2.5,66.6,LOW,SYNTHETIC_GENERATOR_V1,SYNTHETIC
PA_005683,2025-07-19,SAMARINDA,9,31.3,93.7,MEDIUM,SYNTHETIC_GENERATOR_V1,SYNTHETIC
PA_005684,2025-07-20,SAMARINDA,4,13.8,70.2,LOW,SYNTHETIC_GENERATOR_V1,SYNTHETIC
PA_005685,2025-07-21,SAMARINDA,5,9.2,70.0,LOW,SYNTHETIC_GENERATOR_V1,SYNTHETIC
PA_005686,2025-07-22,SAMARINDA,15,67.4,130.5,HIGH,SYNTHETIC_GENERATOR_V1,SYNTHETIC
PA_005687,2025-07-23,SAMARINDA,9,31.0,91.6,MEDIUM,SYNTHETIC_GENERATOR_V1,SYNTHETIC
PA_005688,2025-07-24,SAMARINDA,6,14.4,72.6,LOW,SYNTHETIC_GENERATOR_V1,SYNTHETIC
PA_005689,2025-07-25,SAMARINDA,9,35.6,107.4,MEDIUM,SYNTHETIC_GENERATOR_V1,SYNTHETIC
PA_005690,2025-07-26,SAMARINDA,5,12.3,78.5,LOW,SYNTHETIC_GENERATOR_V1,SYNTHETIC
PA_005691,2025-07-27,SAMARINDA,7,20.3,81.4,LOW,SYNTHETIC_GENERATOR_V1,SYNTHETIC
PA_005692,2025-07-28,SAMARINDA,9,29.1,84.2,MEDIUM,SYNTHETIC_GENERATOR_V1,SYNTHETIC
PA_005693,2025-07-29,SAMARINDA,9,35.8,95.2,MEDIUM,SYNTHETIC_GENERATOR_V1,SYNTHETIC
PA_005694,2025-07-30,SAMARINDA,10,33.8,99.1,MEDIUM,SYNTHETIC_GENERATOR_V1,SYNTHETIC
PA_005695,2025-07-31,SAMARINDA,7,18.2,81.4,LOW,SYNTHETIC_GENERATOR_V1,SYNTHETIC
PA_005696,2025-08-01,SAMARINDA,7,25.5,96.3,MEDIUM,SYNTHETIC_GENERATOR_V1,SYNTHETIC
PA_005697,2025-08-02,SAMARINDA,12,48.2,112.4,MEDIUM,SYNTHETIC_GENERATOR_V1,SYNTHETIC
PA_005698,2025-08-03,SAMARINDA,8,24.3,88.2,MEDIUM,SYNTHETIC_GENERATOR_V1,SYNTHETIC
PA_005699,2025-08-04,SAMARINDA,5,10.4,75.5,LOW,SYNTHETIC_GENERATOR_V1,SYNTHETIC
PA_005700,2025-08-05,SAMARINDA,8,30.1,90.0,MEDIUM,SYNTHETIC_GENERATOR_V1,SYNTHETIC
PA_005701,2025-08-06,SAMARINDA,9,32.0,98.1,MEDIUM,SYNTHETIC_GENERATOR_V1,SYNTHETIC
PA_005702,2025-08-07,SAMARINDA,6,21.4,80.7,LOW,SYNTHETIC_GENERATOR_V1,SYNTHETIC
PA_005703,2025-08-08,SAMARINDA,9,34.8,96.5,MEDIUM,SYNTHETIC_GENERATOR_V1,SYNTHETIC
PA_005704,2025-08-09,SAMARINDA,5,11.3,76.8,LOW,SYNTHETIC_GENERATOR_V1,SYNTHETIC
PA_005705,2025-08-10,SAMARINDA,13,51.9,119.2,MEDIUM,SYNTHETIC_GENERATOR_V1,SYNTHETIC
PA_005706,2025-08-11,SAMARINDA,11,41.4,106.2,MEDIUM,SYNTHETIC_GENERATOR_V1,SYNTHETIC
PA_005707,2025-08-12,SAMARINDA,10,34.2,107.4,MEDIUM,SYNTHETIC_GENERATOR_V1,SYNTHETIC
PA_005708,2025-08-13,SAMARINDA,5,15.1,83.5,LOW,SYNTHETIC_GENERATOR_V1,SYNTHETIC
PA_005709,2025-08-14,SAMARINDA,8,22.8,92.3,LOW,SYNTHETIC_GENERATOR_V1,SYNTHETIC
PA_005710,2025-08-15,SAMARINDA,8,23.5,93.2,LOW,SYNTHETIC_GENERATOR_V1,SYNTHETIC
PA_005711,2025-08-16,SAMARINDA,4,7.8,69.2,LOW,SYNTHETIC_GENERATOR_V1,SYNTHETIC
PA_005712,2025-08-17,SAMARINDA,7,21.8,88.9,LOW,SYNTHETIC_GENERATOR_V1,SYNTHETIC
PA_005713,2025-08-18,SAMARINDA,7,18.2,88.1,LOW,SYNTHETIC_GENERATOR_V1,SYNTHETIC
PA_005714,2025-08-19,SAMARINDA,6,18.6,83.7,LOW,SYNTHETIC_GENERATOR_V1,SYNTHETIC
PA_005715,2025-08-20,SAMARINDA,4,8.9,75.9,LOW,SYNTHETIC_GENERATOR_V1,SYNTHETIC
PA_005716,2025-08-21,SAMARINDA,7,22.9,81.4,LOW,SYNTHETIC_GENERATOR_V1,SYNTHETIC
PA_005717,2025-08-22,SAMARINDA,4,8.9,68.9,LOW,SYNTHETIC_GENERATOR_V1,SYNTHETIC
PA_005718,2025-08-23,SAMARINDA,8,24.7,88.5,MEDIUM,SYNTHETIC_GENERATOR_V1,SYNTHETIC
PA_005719,2025-08-24,SAMARINDA,8,24.2,85.9,MEDIUM,SYNTHETIC_GENERATOR_V1,SYNTHETIC
PA_005720,2025-08-25,SAMARINDA,10,36.5,104.9,MEDIUM,SYNTHETIC_GENERATOR_V1,SYNTHETIC
PA_005721,2025-08-26,SAMARINDA,16,68.4,129.2,HIGH,SYNTHETIC_GENERATOR_V1,SYNTHETIC
PA_005722,2025-08-27,SAMARINDA,10,35.5,100.4,MEDIUM,SYNTHETIC_GENERATOR_V1,SYNTHETIC
PA_005723,2025-08-28,SAMARINDA,7,24.8,83.1,MEDIUM,SYNTHETIC_GENERATOR_V1,SYNTHETIC
PA_005724,2025-08-29,SAMARINDA,8,29.2,90.5,MEDIUM,SYNTHETIC_GENERATOR_V1,SYNTHETIC
PA_005725,2025-08-30,SAMARINDA,5,11.5,79.7,LOW,SYNTHETIC_GENERATOR_V1,SYNTHETIC
PA_005726,2025-08-31,SAMARINDA,9,26.9,89.0,MEDIUM,SYNTHETIC_GENERATOR_V1,SYNTHETIC
PA_005727,2025-09-01,SAMARINDA,9,34.3,93.0,MEDIUM,SYNTHETIC_GENERATOR_V1,SYNTHETIC
PA_005728,2025-09-02,SAMARINDA,9,30.8,95.9,MEDIUM,SYNTHETIC_GENERATOR_V1,SYNTHETIC
PA_005729,2025-09-03,SAMARINDA,6,16.4,74.1,LOW,SYNTHETIC_GENERATOR_V1,SYNTHETIC
PA_005730,2025-09-04,SAMARINDA,8,27.5,92.3,MEDIUM,SYNTHETIC_GENERATOR_V1,SYNTHETIC
PA_005731,2025-09-05,SAMARINDA,10,31.2,94.8,MEDIUM,SYNTHETIC_GENERATOR_V1,SYNTHETIC
PA_005732,2025-09-06,SAMARINDA,6,14.7,83.1,LOW,SYNTHETIC_GENERATOR_V1,SYNTHETIC
PA_005733,2025-09-07,SAMARINDA,4,11.6,73.5,LOW,SYNTHETIC_GENERATOR_V1,SYNTHETIC
PA_005734,2025-09-08,SAMARINDA,7,20.3,84.2,LOW,SYNTHETIC_GENERATOR_V1,SYNTHETIC
PA_005735,2025-09-09,SAMARINDA,9,26.5,88.8,MEDIUM,SYNTHETIC_GENERATOR_V1,SYNTHETIC
PA_005736,2025-09-10,SAMARINDA,10,36.3,109.5,MEDIUM,SYNTHETIC_GENERATOR_V1,SYNTHETIC
PA_005737,2025-09-11,SAMARINDA,4,15.4,78.0,LOW,SYNTHETIC_GENERATOR_V1,SYNTHETIC
PA_005738,2025-09-12,SAMARINDA,6,20.6,89.4,LOW,SYNTHETIC_GENERATOR_V1,SYNTHETIC
PA_005739,2025-09-13,SAMARINDA,7,24.0,86.3,MEDIUM,SYNTHETIC_GENERATOR_V1,SYNTHETIC
PA_005740,2025-09-14,SAMARINDA,9,26.5,87.9,MEDIUM,SYNTHETIC_GENERATOR_V1,SYNTHETIC
PA_005741,2025-09-15,SAMARINDA,13,59.6,125.2,MEDIUM,SYNTHETIC_GENERATOR_V1,SYNTHETIC
PA_005742,2025-09-16,SAMARINDA,5,15.4,76.4,LOW,SYNTHETIC_GENERATOR_V1,SYNTHETIC
PA_005743,2025-09-17,SAMARINDA,5,16.2,79.4,LOW,SYNTHETIC_GENERATOR_V1,SYNTHETIC
PA_005744,2025-09-18,SAMARINDA,8,20.8,83.3,LOW,SYNTHETIC_GENERATOR_V1,SYNTHETIC
PA_005745,2025-09-19,SAMARINDA,8,25.3,88.1,MEDIUM,SYNTHETIC_GENERATOR_V1,SYNTHETIC
PA_005746,2025-09-20,SAMARINDA,6,16.3,77.8,LOW,SYNTHETIC_GENERATOR_V1,SYNTHETIC
PA_005747,2025-09-21,SAMARINDA,4,11.7,75.7,LOW,SYNTHETIC_GENERATOR_V1,SYNTHETIC
PA_005748,2025-09-22,SAMARINDA,6,17.0,74.1,LOW,SYNTHETIC_GENERATOR_V1,SYNTHETIC
PA_005749,2025-09-23,SAMARINDA,8,26.7,92.0,MEDIUM,SYNTHETIC_GENERATOR_V1,SYNTHETIC
PA_005750,2025-09-24,SAMARINDA,10,35.4,106.6,MEDIUM,SYNTHETIC_GENERATOR_V1,SYNTHETIC
PA_005751,2025-09-25,SAMARINDA,10,35.6,93.3,MEDIUM,SYNTHETIC_GENERATOR_V1,SYNTHETIC
PA_005752,2025-09-26,SAMARINDA,10,44.3,102.9,MEDIUM,SYNTHETIC_GENERATOR_V1,SYNTHETIC
PA_005753,2025-09-27,SAMARINDA,14,63.8,124.3,HIGH,SYNTHETIC_GENERATOR_V1,SYNTHETIC
PA_005754,2025-09-28,SAMARINDA,8,27.5,91.0,MEDIUM,SYNTHETIC_GENERATOR_V1,SYNTHETIC
PA_005755,2025-09-29,SAMARINDA,10,30.9,98.9,MEDIUM,SYNTHETIC_GENERATOR_V1,SYNTHETIC
PA_005756,2025-09-30,SAMARINDA,4,11.7,77.4,LOW,SYNTHETIC_GENERATOR_V1,SYNTHETIC
PA_005757,2025-10-01,SAMARINDA,10,36.4,106.0,MEDIUM,SYNTHETIC_GENERATOR_V1,SYNTHETIC
PA_005758,2025-10-02,SAMARINDA,13,58.2,124.6,MEDIUM,SYNTHETIC_GENERATOR_V1,SYNTHETIC
PA_005759,2025-10-03,SAMARINDA,9,28.1,89.4,MEDIUM,SYNTHETIC_GENERATOR_V1,SYNTHETIC
PA_005760,2025-10-04,SAMARINDA,11,41.3,110.7,MEDIUM,SYNTHETIC_GENERATOR_V1,SYNTHETIC
PA_005761,2025-10-05,SAMARINDA,4,3.9,67.1,LOW,SYNTHETIC_GENERATOR_V1,SYNTHETIC
PA_005762,2025-10-06,SAMARINDA,8,28.9,95.7,MEDIUM,SYNTHETIC_GENERATOR_V1,SYNTHETIC
PA_005763,2025-10-07,SAMARINDA,6,16.8,81.3,LOW,SYNTHETIC_GENERATOR_V1,SYNTHETIC
PA_005764,2025-10-08,SAMARINDA,5,15.6,79.1,LOW,SYNTHETIC_GENERATOR_V1,SYNTHETIC
PA_005765,2025-10-09,SAMARINDA,7,22.3,91.4,LOW,SYNTHETIC_GENERATOR_V1,SYNTHETIC
PA_005766,2025-10-10,SAMARINDA,10,34.7,95.1,MEDIUM,SYNTHETIC_GENERATOR_V1,SYNTHETIC
PA_005767,2025-10-11,SAMARINDA,10,38.9,108.1,MEDIUM,SYNTHETIC_GENERATOR_V1,SYNTHETIC
PA_005768,2025-10-12,SAMARINDA,8,31.5,87.5,MEDIUM,SYNTHETIC_GENERATOR_V1,SYNTHETIC
PA_005769,2025-10-13,SAMARINDA,6,16.4,83.7,LOW,SYNTHETIC_GENERATOR_V1,SYNTHETIC
PA_005770,2025-10-14,SAMARINDA,4,12.4,72.1,LOW,SYNTHETIC_GENERATOR_V1,SYNTHETIC
PA_005771,2025-10-15,SAMARINDA,10,45.5,110.5,MEDIUM,SYNTHETIC_GENERATOR_V1,SYNTHETIC
PA_005772,2025-10-16,SAMARINDA,5,19.7,77.9,LOW,SYNTHETIC_GENERATOR_V1,SYNTHETIC
PA_005773,2025-10-17,SAMARINDA,12,49.1,107.5,MEDIUM,SYNTHETIC_GENERATOR_V1,SYNTHETIC
PA_005774,2025-10-18,SAMARINDA,8,30.3,94.0,MEDIUM,SYNTHETIC_GENERATOR_V1,SYNTHETIC
PA_005775,2025-10-19,SAMARINDA,12,49.0,109.1,MEDIUM,SYNTHETIC_GENERATOR_V1,SYNTHETIC
PA_005776,2025-10-20,SAMARINDA,3,6.3,69.6,LOW,SYNTHETIC_GENERATOR_V1,SYNTHETIC
PA_005777,2025-10-21,SAMARINDA,7,15.9,79.9,LOW,SYNTHETIC_GENERATOR_V1,SYNTHETIC
PA_005778,2025-10-22,SAMARINDA,5,7.8,65.2,LOW,SYNTHETIC_GENERATOR_V1,SYNTHETIC
PA_005779,2025-10-23,SAMARINDA,11,47.4,104.5,MEDIUM,SYNTHETIC_GENERATOR_V1,SYNTHETIC
PA_005780,2025-10-24,SAMARINDA,4,7.7,68.8,LOW,SYNTHETIC_GENERATOR_V1,SYNTHETIC
PA_005781,2025-10-25,SAMARINDA,8,29.1,94.7,MEDIUM,SYNTHETIC_GENERATOR_V1,SYNTHETIC
PA_005782,2025-10-26,SAMARINDA,7,28.0,92.7,MEDIUM,SYNTHETIC_GENERATOR_V1,SYNTHETIC
PA_005783,2025-10-27,SAMARINDA,16,69.1,132.3,HIGH,SYNTHETIC_GENERATOR_V1,SYNTHETIC
PA_005784,2025-10-28,SAMARINDA,11,39.8,103.8,MEDIUM,SYNTHETIC_GENERATOR_V1,SYNTHETIC
PA_005785,2025-10-29,SAMARINDA,10,41.7,105.0,MEDIUM,SYNTHETIC_GENERATOR_V1,SYNTHETIC
PA_005786,2025-10-30,SAMARINDA,8,34.1,100.8,MEDIUM,SYNTHETIC_GENERATOR_V1,SYNTHETIC
PA_005787,2025-10-31,SAMARINDA,7,21.9,88.8,LOW,SYNTHETIC_GENERATOR_V1,SYNTHETIC
PA_005788,2025-11-01,SAMARINDA,10,37.6,105.4,MEDIUM,SYNTHETIC_GENERATOR_V1,SYNTHETIC
PA_005789,2025-11-02,SAMARINDA,10,35.9,98.4,MEDIUM,SYNTHETIC_GENERATOR_V1,SYNTHETIC
PA_005790,2025-11-03,SAMARINDA,12,44.8,113.6,MEDIUM,SYNTHETIC_GENERATOR_V1,SYNTHETIC
PA_005791,2025-11-04,SAMARINDA,6,19.0,78.9,LOW,SYNTHETIC_GENERATOR_V1,SYNTHETIC
PA_005792,2025-11-05,SAMARINDA,5,11.8,81.2,LOW,SYNTHETIC_GENERATOR_V1,SYNTHETIC
PA_005793,2025-11-06,SAMARINDA,3,7.3,77.3,LOW,SYNTHETIC_GENERATOR_V1,SYNTHETIC
PA_005794,2025-11-07,SAMARINDA,10,35.6,102.0,MEDIUM,SYNTHETIC_GENERATOR_V1,SYNTHETIC
PA_005795,2025-11-08,SAMARINDA,7,18.2,79.3,LOW,SYNTHETIC_GENERATOR_V1,SYNTHETIC
PA_005796,2025-11-09,SAMARINDA,6,23.7,87.1,LOW,SYNTHETIC_GENERATOR_V1,SYNTHETIC
PA_005797,2025-11-10,SAMARINDA,7,24.3,95.0,MEDIUM,SYNTHETIC_GENERATOR_V1,SYNTHETIC
PA_005798,2025-11-11,SAMARINDA,9,30.5,97.1,MEDIUM,SYNTHETIC_GENERATOR_V1,SYNTHETIC
PA_005799,2025-11-12,SAMARINDA,9,24.8,90.0,MEDIUM,SYNTHETIC_GENERATOR_V1,SYNTHETIC
PA_005800,2025-11-13,SAMARINDA,6,18.4,85.8,LOW,SYNTHETIC_GENERATOR_V1,SYNTHETIC
PA_005801,2025-11-14,SAMARINDA,6,17.1,80.0,LOW,SYNTHETIC_GENERATOR_V1,SYNTHETIC
PA_005802,2025-11-15,SAMARINDA,8,20.0,80.6,LOW,SYNTHETIC_GENERATOR_V1,SYNTHETIC
PA_005803,2025-11-16,SAMARINDA,8,22.7,88.9,LOW,SYNTHETIC_GENERATOR_V1,SYNTHETIC
PA_005804,2025-11-17,SAMARINDA,5,13.8,77.0,LOW,SYNTHETIC_GENERATOR_V1,SYNTHETIC
PA_005805,2025-11-18,SAMARINDA,3,9.9,75.7,LOW,SYNTHETIC_GENERATOR_V1,SYNTHETIC
PA_005806,2025-11-19,SAMARINDA,7,22.9,88.4,LOW,SYNTHETIC_GENERATOR_V1,SYNTHETIC
PA_005807,2025-11-20,SAMARINDA,9,32.5,91.2,MEDIUM,SYNTHETIC_GENERATOR_V1,SYNTHETIC
PA_005808,2025-11-21,SAMARINDA,8,24.4,96.2,MEDIUM,SYNTHETIC_GENERATOR_V1,SYNTHETIC
PA_005809,2025-11-22,SAMARINDA,7,29.7,96.4,MEDIUM,SYNTHETIC_GENERATOR_V1,SYNTHETIC
PA_005810,2025-11-23,SAMARINDA,17,86.4,150.8,HIGH,SYNTHETIC_GENERATOR_V1,SYNTHETIC
PA_005811,2025-11-24,SAMARINDA,10,40.4,106.7,MEDIUM,SYNTHETIC_GENERATOR_V1,SYNTHETIC
PA_005812,2025-11-25,SAMARINDA,8,22.8,87.6,LOW,SYNTHETIC_GENERATOR_V1,SYNTHETIC
PA_005813,2025-11-26,SAMARINDA,7,19.8,79.8,LOW,SYNTHETIC_GENERATOR_V1,SYNTHETIC
PA_005814,2025-11-27,SAMARINDA,4,9.7,76.0,LOW,SYNTHETIC_GENERATOR_V1,SYNTHETIC
PA_005815,2025-11-28,SAMARINDA,11,48.3,103.3,MEDIUM,SYNTHETIC_GENERATOR_V1,SYNTHETIC
PA_005816,2025-11-29,SAMARINDA,10,33.8,107.0,MEDIUM,SYNTHETIC_GENERATOR_V1,SYNTHETIC
PA_005817,2025-11-30,SAMARINDA,14,57.6,122.3,MEDIUM,SYNTHETIC_GENERATOR_V1,SYNTHETIC
PA_005818,2025-12-01,SAMARINDA,14,62.3,124.0,HIGH,SYNTHETIC_GENERATOR_V1,SYNTHETIC
PA_005819,2025-12-02,SAMARINDA,5,9.0,63.6,LOW,SYNTHETIC_GENERATOR_V1,SYNTHETIC
PA_005820,2025-12-03,SAMARINDA,7,20.7,84.0,LOW,SYNTHETIC_GENERATOR_V1,SYNTHETIC
PA_005821,2025-12-04,SAMARINDA,6,14.5,73.8,LOW,SYNTHETIC_GENERATOR_V1,SYNTHETIC
PA_005822,2025-12-05,SAMARINDA,7,14.4,85.2,LOW,SYNTHETIC_GENERATOR_V1,SYNTHETIC
PA_005823,2025-12-06,SAMARINDA,2,4.5,67.0,LOW,SYNTHETIC_GENERATOR_V1,SYNTHETIC
PA_005824,2025-12-07,SAMARINDA,8,28.7,97.3,MEDIUM,SYNTHETIC_GENERATOR_V1,SYNTHETIC
PA_005825,2025-12-08,SAMARINDA,5,16.3,78.2,LOW,SYNTHETIC_GENERATOR_V1,SYNTHETIC
PA_005826,2025-12-09,SAMARINDA,9,28.1,91.7,MEDIUM,SYNTHETIC_GENERATOR_V1,SYNTHETIC
PA_005827,2025-12-10,SAMARINDA,7,21.9,78.9,LOW,SYNTHETIC_GENERATOR_V1,SYNTHETIC
PA_005828,2025-12-11,SAMARINDA,10,37.7,101.6,MEDIUM,SYNTHETIC_GENERATOR_V1,SYNTHETIC
PA_005829,2025-12-12,SAMARINDA,5,12.0,73.4,LOW,SYNTHETIC_GENERATOR_V1,SYNTHETIC
PA_005830,2025-12-13,SAMARINDA,8,22.3,78.9,LOW,SYNTHETIC_GENERATOR_V1,SYNTHETIC
PA_005831,2025-12-14,SAMARINDA,11,41.1,113.7,MEDIUM,SYNTHETIC_GENERATOR_V1,SYNTHETIC
PA_005832,2025-12-15,SAMARINDA,6,14.7,80.6,LOW,SYNTHETIC_GENERATOR_V1,SYNTHETIC
PA_005833,2025-12-16,SAMARINDA,9,30.0,91.8,MEDIUM,SYNTHETIC_GENERATOR_V1,SYNTHETIC
PA_005834,2025-12-17,SAMARINDA,6,15.6,77.7,LOW,SYNTHETIC_GENERATOR_V1,SYNTHETIC
PA_005835,2025-12-18,SAMARINDA,9,26.7,92.6,MEDIUM,SYNTHETIC_GENERATOR_V1,SYNTHETIC
PA_005836,2025-12-19,SAMARINDA,3,3.5,75.4,LOW,SYNTHETIC_GENERATOR_V1,SYNTHETIC
PA_005837,2025-12-20,SAMARINDA,6,14.3,84.4,LOW,SYNTHETIC_GENERATOR_V1,SYNTHETIC
PA_005838,2025-12-21,SAMARINDA,7,24.6,89.9,MEDIUM,SYNTHETIC_GENERATOR_V1,SYNTHETIC
PA_005839,2025-12-22,SAMARINDA,10,32.0,101.9,MEDIUM,SYNTHETIC_GENERATOR_V1,SYNTHETIC
PA_005840,2025-12-23,SAMARINDA,8,25.7,91.9,MEDIUM,SYNTHETIC_GENERATOR_V1,SYNTHETIC
PA_005841,2025-12-24,SAMARINDA,7,27.9,87.7,MEDIUM,SYNTHETIC_GENERATOR_V1,SYNTHETIC
PA_005842,2025-12-25,SAMARINDA,6,19.3,82.3,LOW,SYNTHETIC_GENERATOR_V1,SYNTHETIC
PA_005843,2025-12-26,SAMARINDA,5,11.8,81.4,LOW,SYNTHETIC_GENERATOR_V1,SYNTHETIC
PA_005844,2025-12-27,SAMARINDA,14,64.2,132.7,HIGH,SYNTHETIC_GENERATOR_V1,SYNTHETIC
PA_005845,2025-12-28,SAMARINDA,7,21.5,76.2,LOW,SYNTHETIC_GENERATOR_V1,SYNTHETIC
PA_005846,2025-12-29,SAMARINDA,12,57.0,112.3,MEDIUM,SYNTHETIC_GENERATOR_V1,SYNTHETIC
PA_005847,2025-12-30,SAMARINDA,3,4.1,68.2,LOW,SYNTHETIC_GENERATOR_V1,SYNTHETIC
PA_005848,2025-12-31,SAMARINDA,6,15.5,78.7,LOW,SYNTHETIC_GENERATOR_V1,SYNTHETIC
PA_005849,2024-01-01,PARADIP,14,38.9,92.0,MEDIUM,SYNTHETIC_GENERATOR_V1,SYNTHETIC
PA_005850,2024-01-02,PARADIP,10,18.2,72.4,LOW,SYNTHETIC_GENERATOR_V1,SYNTHETIC
PA_005851,2024-01-03,PARADIP,9,21.9,76.6,LOW,SYNTHETIC_GENERATOR_V1,SYNTHETIC
PA_005852,2024-01-04,PARADIP,11,27.5,85.6,MEDIUM,SYNTHETIC_GENERATOR_V1,SYNTHETIC
PA_005853,2024-01-05,PARADIP,11,28.1,79.1,MEDIUM,SYNTHETIC_GENERATOR_V1,SYNTHETIC
PA_005854,2024-01-06,PARADIP,12,27.4,75.3,MEDIUM,SYNTHETIC_GENERATOR_V1,SYNTHETIC
PA_005855,2024-01-07,PARADIP,11,31.7,87.6,MEDIUM,SYNTHETIC_GENERATOR_V1,SYNTHETIC
PA_005856,2024-01-08,PARADIP,10,24.3,69.9,MEDIUM,SYNTHETIC_GENERATOR_V1,SYNTHETIC
PA_005857,2024-01-09,PARADIP,13,31.5,88.1,MEDIUM,SYNTHETIC_GENERATOR_V1,SYNTHETIC
PA_005858,2024-01-10,PARADIP,21,73.6,127.3,HIGH,SYNTHETIC_GENERATOR_V1,SYNTHETIC
PA_005859,2024-01-11,PARADIP,12,29.4,81.8,MEDIUM,SYNTHETIC_GENERATOR_V1,SYNTHETIC
PA_005860,2024-01-12,PARADIP,20,70.0,125.4,HIGH,SYNTHETIC_GENERATOR_V1,SYNTHETIC
PA_005861,2024-01-13,PARADIP,10,24.6,68.8,MEDIUM,SYNTHETIC_GENERATOR_V1,SYNTHETIC
PA_005862,2024-01-14,PARADIP,11,28.6,77.2,MEDIUM,SYNTHETIC_GENERATOR_V1,SYNTHETIC
PA_005863,2024-01-15,PARADIP,15,38.2,88.1,MEDIUM,SYNTHETIC_GENERATOR_V1,SYNTHETIC
PA_005864,2024-01-16,PARADIP,12,34.3,91.0,MEDIUM,SYNTHETIC_GENERATOR_V1,SYNTHETIC
PA_005865,2024-01-17,PARADIP,18,60.3,119.9,HIGH,SYNTHETIC_GENERATOR_V1,SYNTHETIC
PA_005866,2024-01-18,PARADIP,14,45.0,97.7,MEDIUM,SYNTHETIC_GENERATOR_V1,SYNTHETIC
PA_005867,2024-01-19,PARADIP,7,14.2,67.1,LOW,SYNTHETIC_GENERATOR_V1,SYNTHETIC
PA_005868,2024-01-20,PARADIP,15,46.9,97.4,MEDIUM,SYNTHETIC_GENERATOR_V1,SYNTHETIC
PA_005869,2024-01-21,PARADIP,10,23.0,75.2,LOW,SYNTHETIC_GENERATOR_V1,SYNTHETIC
PA_005870,2024-01-22,PARADIP,18,56.7,113.6,MEDIUM,SYNTHETIC_GENERATOR_V1,SYNTHETIC
PA_005871,2024-01-23,PARADIP,13,33.0,85.3,MEDIUM,SYNTHETIC_GENERATOR_V1,SYNTHETIC
PA_005872,2024-01-24,PARADIP,9,21.6,78.2,LOW,SYNTHETIC_GENERATOR_V1,SYNTHETIC
PA_005873,2024-01-25,PARADIP,11,18.3,68.9,LOW,SYNTHETIC_GENERATOR_V1,SYNTHETIC
PA_005874,2024-01-26,PARADIP,10,29.9,77.1,MEDIUM,SYNTHETIC_GENERATOR_V1,SYNTHETIC
PA_005875,2024-01-27,PARADIP,17,51.0,97.7,MEDIUM,SYNTHETIC_GENERATOR_V1,SYNTHETIC
PA_005876,2024-01-28,PARADIP,10,24.9,78.3,MEDIUM,SYNTHETIC_GENERATOR_V1,SYNTHETIC
PA_005877,2024-01-29,PARADIP,21,74.9,129.8,HIGH,SYNTHETIC_GENERATOR_V1,SYNTHETIC
PA_005878,2024-01-30,PARADIP,19,67.1,114.9,HIGH,SYNTHETIC_GENERATOR_V1,SYNTHETIC
PA_005879,2024-01-31,PARADIP,16,51.7,99.6,MEDIUM,SYNTHETIC_GENERATOR_V1,SYNTHETIC
PA_005880,2024-02-01,PARADIP,11,29.6,84.2,MEDIUM,SYNTHETIC_GENERATOR_V1,SYNTHETIC
PA_005881,2024-02-02,PARADIP,19,62.9,123.1,HIGH,SYNTHETIC_GENERATOR_V1,SYNTHETIC
PA_005882,2024-02-03,PARADIP,11,23.8,74.8,LOW,SYNTHETIC_GENERATOR_V1,SYNTHETIC
PA_005883,2024-02-04,PARADIP,14,38.8,89.2,MEDIUM,SYNTHETIC_GENERATOR_V1,SYNTHETIC
PA_005884,2024-02-05,PARADIP,14,39.1,91.1,MEDIUM,SYNTHETIC_GENERATOR_V1,SYNTHETIC
PA_005885,2024-02-06,PARADIP,14,44.8,97.3,MEDIUM,SYNTHETIC_GENERATOR_V1,SYNTHETIC
PA_005886,2024-02-07,PARADIP,15,48.4,103.5,MEDIUM,SYNTHETIC_GENERATOR_V1,SYNTHETIC
PA_005887,2024-02-08,PARADIP,12,29.5,79.7,MEDIUM,SYNTHETIC_GENERATOR_V1,SYNTHETIC
PA_005888,2024-02-09,PARADIP,12,36.4,83.2,MEDIUM,SYNTHETIC_GENERATOR_V1,SYNTHETIC
PA_005889,2024-02-10,PARADIP,12,34.4,89.4,MEDIUM,SYNTHETIC_GENERATOR_V1,SYNTHETIC
PA_005890,2024-02-11,PARADIP,11,27.2,76.6,MEDIUM,SYNTHETIC_GENERATOR_V1,SYNTHETIC
PA_005891,2024-02-12,PARADIP,9,17.4,67.8,LOW,SYNTHETIC_GENERATOR_V1,SYNTHETIC
PA_005892,2024-02-13,PARADIP,19,66.2,121.5,HIGH,SYNTHETIC_GENERATOR_V1,SYNTHETIC
PA_005893,2024-02-14,PARADIP,10,25.0,78.1,MEDIUM,SYNTHETIC_GENERATOR_V1,SYNTHETIC
PA_005894,2024-02-15,PARADIP,11,21.5,72.4,LOW,SYNTHETIC_GENERATOR_V1,SYNTHETIC
PA_005895,2024-02-16,PARADIP,12,35.2,97.1,MEDIUM,SYNTHETIC_GENERATOR_V1,SYNTHETIC
PA_005896,2024-02-17,PARADIP,12,35.5,85.3,MEDIUM,SYNTHETIC_GENERATOR_V1,SYNTHETIC
PA_005897,2024-02-18,PARADIP,10,24.4,80.6,MEDIUM,SYNTHETIC_GENERATOR_V1,SYNTHETIC
PA_005898,2024-02-19,PARADIP,3,2.7,56.9,LOW,SYNTHETIC_GENERATOR_V1,SYNTHETIC
PA_005899,2024-02-20,PARADIP,10,21.5,68.7,LOW,SYNTHETIC_GENERATOR_V1,SYNTHETIC
PA_005900,2024-02-21,PARADIP,12,35.6,84.1,MEDIUM,SYNTHETIC_GENERATOR_V1,SYNTHETIC
PA_005901,2024-02-22,PARADIP,9,19.5,73.4,LOW,SYNTHETIC_GENERATOR_V1,SYNTHETIC
PA_005902,2024-02-23,PARADIP,15,46.9,103.2,MEDIUM,SYNTHETIC_GENERATOR_V1,SYNTHETIC
PA_005903,2024-02-24,PARADIP,9,23.7,71.0,LOW,SYNTHETIC_GENERATOR_V1,SYNTHETIC
PA_005904,2024-02-25,PARADIP,15,50.8,105.7,MEDIUM,SYNTHETIC_GENERATOR_V1,SYNTHETIC
PA_005905,2024-02-26,PARADIP,14,35.9,83.9,MEDIUM,SYNTHETIC_GENERATOR_V1,SYNTHETIC
PA_005906,2024-02-27,PARADIP,12,30.6,77.8,MEDIUM,SYNTHETIC_GENERATOR_V1,SYNTHETIC
PA_005907,2024-02-28,PARADIP,14,43.2,94.9,MEDIUM,SYNTHETIC_GENERATOR_V1,SYNTHETIC
PA_005908,2024-02-29,PARADIP,10,24.8,80.8,MEDIUM,SYNTHETIC_GENERATOR_V1,SYNTHETIC
PA_005909,2024-03-01,PARADIP,9,19.3,74.6,LOW,SYNTHETIC_GENERATOR_V1,SYNTHETIC
PA_005910,2024-03-02,PARADIP,10,20.7,67.5,LOW,SYNTHETIC_GENERATOR_V1,SYNTHETIC
PA_005911,2024-03-03,PARADIP,10,25.1,75.4,MEDIUM,SYNTHETIC_GENERATOR_V1,SYNTHETIC
PA_005912,2024-03-04,PARADIP,15,46.2,98.1,MEDIUM,SYNTHETIC_GENERATOR_V1,SYNTHETIC
PA_005913,2024-03-05,PARADIP,8,22.5,79.7,LOW,SYNTHETIC_GENERATOR_V1,SYNTHETIC
PA_005914,2024-03-06,PARADIP,8,20.7,74.6,LOW,SYNTHETIC_GENERATOR_V1,SYNTHETIC
PA_005915,2024-03-07,PARADIP,11,27.2,73.9,MEDIUM,SYNTHETIC_GENERATOR_V1,SYNTHETIC
PA_005916,2024-03-08,PARADIP,6,9.3,61.1,LOW,SYNTHETIC_GENERATOR_V1,SYNTHETIC
PA_005917,2024-03-09,PARADIP,9,22.5,80.4,LOW,SYNTHETIC_GENERATOR_V1,SYNTHETIC
PA_005918,2024-03-10,PARADIP,15,46.9,96.5,MEDIUM,SYNTHETIC_GENERATOR_V1,SYNTHETIC
PA_005919,2024-03-11,PARADIP,13,37.3,83.1,MEDIUM,SYNTHETIC_GENERATOR_V1,SYNTHETIC
PA_005920,2024-03-12,PARADIP,14,42.0,90.7,MEDIUM,SYNTHETIC_GENERATOR_V1,SYNTHETIC
PA_005921,2024-03-13,PARADIP,11,23.9,78.6,LOW,SYNTHETIC_GENERATOR_V1,SYNTHETIC
PA_005922,2024-03-14,PARADIP,17,58.3,111.7,MEDIUM,SYNTHETIC_GENERATOR_V1,SYNTHETIC
PA_005923,2024-03-15,PARADIP,15,43.4,98.7,MEDIUM,SYNTHETIC_GENERATOR_V1,SYNTHETIC
PA_005924,2024-03-16,PARADIP,11,33.1,87.7,MEDIUM,SYNTHETIC_GENERATOR_V1,SYNTHETIC
PA_005925,2024-03-17,PARADIP,11,28.9,79.1,MEDIUM,SYNTHETIC_GENERATOR_V1,SYNTHETIC
PA_005926,2024-03-18,PARADIP,10,31.3,86.1,MEDIUM,SYNTHETIC_GENERATOR_V1,SYNTHETIC
PA_005927,2024-03-19,PARADIP,12,32.8,90.1,MEDIUM,SYNTHETIC_GENERATOR_V1,SYNTHETIC
PA_005928,2024-03-20,PARADIP,13,34.8,89.6,MEDIUM,SYNTHETIC_GENERATOR_V1,SYNTHETIC
PA_005929,2024-03-21,PARADIP,12,28.5,82.0,MEDIUM,SYNTHETIC_GENERATOR_V1,SYNTHETIC
PA_005930,2024-03-22,PARADIP,11,25.1,72.9,MEDIUM,SYNTHETIC_GENERATOR_V1,SYNTHETIC
PA_005931,2024-03-23,PARADIP,18,61.3,121.7,HIGH,SYNTHETIC_GENERATOR_V1,SYNTHETIC
PA_005932,2024-03-24,PARADIP,17,49.6,102.5,MEDIUM,SYNTHETIC_GENERATOR_V1,SYNTHETIC
PA_005933,2024-03-25,PARADIP,17,49.8,97.7,MEDIUM,SYNTHETIC_GENERATOR_V1,SYNTHETIC
PA_005934,2024-03-26,PARADIP,12,32.7,80.8,MEDIUM,SYNTHETIC_GENERATOR_V1,SYNTHETIC
PA_005935,2024-03-27,PARADIP,12,32.9,85.1,MEDIUM,SYNTHETIC_GENERATOR_V1,SYNTHETIC
PA_005936,2024-03-28,PARADIP,16,43.4,102.7,MEDIUM,SYNTHETIC_GENERATOR_V1,SYNTHETIC
PA_005937,2024-03-29,PARADIP,14,36.6,84.1,MEDIUM,SYNTHETIC_GENERATOR_V1,SYNTHETIC
PA_005938,2024-03-30,PARADIP,11,27.1,73.7,MEDIUM,SYNTHETIC_GENERATOR_V1,SYNTHETIC
PA_005939,2024-03-31,PARADIP,10,27.0,78.0,MEDIUM,SYNTHETIC_GENERATOR_V1,SYNTHETIC
PA_005940,2024-04-01,PARADIP,10,21.7,72.8,LOW,SYNTHETIC_GENERATOR_V1,SYNTHETIC
PA_005941,2024-04-02,PARADIP,11,22.7,70.8,LOW,SYNTHETIC_GENERATOR_V1,SYNTHETIC
PA_005942,2024-04-03,PARADIP,12,30.7,73.6,MEDIUM,SYNTHETIC_GENERATOR_V1,SYNTHETIC
PA_005943,2024-04-04,PARADIP,11,24.1,76.5,MEDIUM,SYNTHETIC_GENERATOR_V1,SYNTHETIC
PA_005944,2024-04-05,PARADIP,8,25.3,81.0,MEDIUM,SYNTHETIC_GENERATOR_V1,SYNTHETIC
PA_005945,2024-04-06,PARADIP,18,61.7,110.0,HIGH,SYNTHETIC_GENERATOR_V1,SYNTHETIC
PA_005946,2024-04-07,PARADIP,9,24.9,76.7,MEDIUM,SYNTHETIC_GENERATOR_V1,SYNTHETIC
PA_005947,2024-04-08,PARADIP,13,32.9,82.5,MEDIUM,SYNTHETIC_GENERATOR_V1,SYNTHETIC
PA_005948,2024-04-09,PARADIP,9,18.6,79.2,LOW,SYNTHETIC_GENERATOR_V1,SYNTHETIC
PA_005949,2024-04-10,PARADIP,13,29.7,81.2,MEDIUM,SYNTHETIC_GENERATOR_V1,SYNTHETIC
PA_005950,2024-04-11,PARADIP,13,38.8,97.0,MEDIUM,SYNTHETIC_GENERATOR_V1,SYNTHETIC
PA_005951,2024-04-12,PARADIP,9,27.0,78.2,MEDIUM,SYNTHETIC_GENERATOR_V1,SYNTHETIC
PA_005952,2024-04-13,PARADIP,9,26.4,73.0,MEDIUM,SYNTHETIC_GENERATOR_V1,SYNTHETIC
PA_005953,2024-04-14,PARADIP,12,35.2,90.5,MEDIUM,SYNTHETIC_GENERATOR_V1,SYNTHETIC
PA_005954,2024-04-15,PARADIP,17,55.6,109.9,MEDIUM,SYNTHETIC_GENERATOR_V1,SYNTHETIC
PA_005955,2024-04-16,PARADIP,14,39.5,94.8,MEDIUM,SYNTHETIC_GENERATOR_V1,SYNTHETIC
PA_005956,2024-04-17,PARADIP,12,32.6,80.7,MEDIUM,SYNTHETIC_GENERATOR_V1,SYNTHETIC
PA_005957,2024-04-18,PARADIP,13,30.5,81.0,MEDIUM,SYNTHETIC_GENERATOR_V1,SYNTHETIC
PA_005958,2024-04-19,PARADIP,11,28.6,79.7,MEDIUM,SYNTHETIC_GENERATOR_V1,SYNTHETIC
PA_005959,2024-04-20,PARADIP,14,37.8,84.0,MEDIUM,SYNTHETIC_GENERATOR_V1,SYNTHETIC
PA_005960,2024-04-21,PARADIP,11,25.9,77.0,MEDIUM,SYNTHETIC_GENERATOR_V1,SYNTHETIC
PA_005961,2024-04-22,PARADIP,10,23.3,70.3,LOW,SYNTHETIC_GENERATOR_V1,SYNTHETIC
PA_005962,2024-04-23,PARADIP,13,33.4,83.7,MEDIUM,SYNTHETIC_GENERATOR_V1,SYNTHETIC
PA_005963,2024-04-24,PARADIP,12,36.3,97.2,MEDIUM,SYNTHETIC_GENERATOR_V1,SYNTHETIC
PA_005964,2024-04-25,PARADIP,15,46.2,91.5,MEDIUM,SYNTHETIC_GENERATOR_V1,SYNTHETIC
PA_005965,2024-04-26,PARADIP,14,38.5,88.7,MEDIUM,SYNTHETIC_GENERATOR_V1,SYNTHETIC
PA_005966,2024-04-27,PARADIP,9,21.2,73.0,LOW,SYNTHETIC_GENERATOR_V1,SYNTHETIC
PA_005967,2024-04-28,PARADIP,15,47.9,95.3,MEDIUM,SYNTHETIC_GENERATOR_V1,SYNTHETIC
PA_005968,2024-04-29,PARADIP,13,38.3,84.8,MEDIUM,SYNTHETIC_GENERATOR_V1,SYNTHETIC
PA_005969,2024-04-30,PARADIP,17,59.4,105.2,MEDIUM,SYNTHETIC_GENERATOR_V1,SYNTHETIC
PA_005970,2024-05-01,PARADIP,10,23.2,75.0,LOW,SYNTHETIC_GENERATOR_V1,SYNTHETIC
PA_005971,2024-05-02,PARADIP,16,49.0,113.1,MEDIUM,SYNTHETIC_GENERATOR_V1,SYNTHETIC
PA_005972,2024-05-03,PARADIP,12,32.2,79.9,MEDIUM,SYNTHETIC_GENERATOR_V1,SYNTHETIC
PA_005973,2024-05-04,PARADIP,12,30.4,85.8,MEDIUM,SYNTHETIC_GENERATOR_V1,SYNTHETIC
PA_005974,2024-05-05,PARADIP,11,23.2,76.0,LOW,SYNTHETIC_GENERATOR_V1,SYNTHETIC
PA_005975,2024-05-06,PARADIP,9,19.0,68.3,LOW,SYNTHETIC_GENERATOR_V1,SYNTHETIC
PA_005976,2024-05-07,PARADIP,10,25.7,83.4,MEDIUM,SYNTHETIC_GENERATOR_V1,SYNTHETIC
PA_005977,2024-05-08,PARADIP,10,26.3,73.4,MEDIUM,SYNTHETIC_GENERATOR_V1,SYNTHETIC
PA_005978,2024-05-09,PARADIP,16,49.3,95.4,MEDIUM,SYNTHETIC_GENERATOR_V1,SYNTHETIC
PA_005979,2024-05-10,PARADIP,13,40.0,93.8,MEDIUM,SYNTHETIC_GENERATOR_V1,SYNTHETIC
PA_005980,2024-05-11,PARADIP,9,18.6,72.5,LOW,SYNTHETIC_GENERATOR_V1,SYNTHETIC
PA_005981,2024-05-12,PARADIP,9,24.6,80.3,MEDIUM,SYNTHETIC_GENERATOR_V1,SYNTHETIC
PA_005982,2024-05-13,PARADIP,15,46.1,99.8,MEDIUM,SYNTHETIC_GENERATOR_V1,SYNTHETIC
PA_005983,2024-05-14,PARADIP,10,23.1,71.4,LOW,SYNTHETIC_GENERATOR_V1,SYNTHETIC
PA_005984,2024-05-15,PARADIP,12,32.0,85.8,MEDIUM,SYNTHETIC_GENERATOR_V1,SYNTHETIC
PA_005985,2024-05-16,PARADIP,10,27.5,85.2,MEDIUM,SYNTHETIC_GENERATOR_V1,SYNTHETIC
PA_005986,2024-05-17,PARADIP,15,40.4,89.1,MEDIUM,SYNTHETIC_GENERATOR_V1,SYNTHETIC
PA_005987,2024-05-18,PARADIP,12,29.4,83.5,MEDIUM,SYNTHETIC_GENERATOR_V1,SYNTHETIC
PA_005988,2024-05-19,PARADIP,15,40.5,95.2,MEDIUM,SYNTHETIC_GENERATOR_V1,SYNTHETIC
PA_005989,2024-05-20,PARADIP,10,26.6,78.7,MEDIUM,SYNTHETIC_GENERATOR_V1,SYNTHETIC
PA_005990,2024-05-21,PARADIP,11,25.7,73.6,MEDIUM,SYNTHETIC_GENERATOR_V1,SYNTHETIC
PA_005991,2024-05-22,PARADIP,10,23.5,78.5,LOW,SYNTHETIC_GENERATOR_V1,SYNTHETIC
PA_005992,2024-05-23,PARADIP,9,19.7,69.9,LOW,SYNTHETIC_GENERATOR_V1,SYNTHETIC
PA_005993,2024-05-24,PARADIP,14,41.0,92.4,MEDIUM,SYNTHETIC_GENERATOR_V1,SYNTHETIC
PA_005994,2024-05-25,PARADIP,16,52.7,108.1,MEDIUM,SYNTHETIC_GENERATOR_V1,SYNTHETIC
PA_005995,2024-05-26,PARADIP,6,13.9,71.7,LOW,SYNTHETIC_GENERATOR_V1,SYNTHETIC
PA_005996,2024-05-27,PARADIP,11,34.2,89.3,MEDIUM,SYNTHETIC_GENERATOR_V1,SYNTHETIC
PA_005997,2024-05-28,PARADIP,15,44.3,98.0,MEDIUM,SYNTHETIC_GENERATOR_V1,SYNTHETIC
PA_005998,2024-05-29,PARADIP,13,39.5,90.0,MEDIUM,SYNTHETIC_GENERATOR_V1,SYNTHETIC
PA_005999,2024-05-30,PARADIP,6,14.2,70.6,LOW,SYNTHETIC_GENERATOR_V1,SYNTHETIC
PA_006000,2024-05-31,PARADIP,16,48.7,98.2,MEDIUM,SYNTHETIC_GENERATOR_V1,SYNTHETIC
PA_006001,2024-06-01,PARADIP,16,42.6,99.8,MEDIUM,SYNTHETIC_GENERATOR_V1,SYNTHETIC
PA_006002,2024-06-02,PARADIP,13,32.5,82.3,MEDIUM,SYNTHETIC_GENERATOR_V1,SYNTHETIC
PA_006003,2024-06-03,PARADIP,12,25.6,81.1,MEDIUM,SYNTHETIC_GENERATOR_V1,SYNTHETIC
PA_006004,2024-06-04,PARADIP,12,37.3,90.3,MEDIUM,SYNTHETIC_GENERATOR_V1,SYNTHETIC
PA_006005,2024-06-05,PARADIP,17,56.3,111.4,MEDIUM,SYNTHETIC_GENERATOR_V1,SYNTHETIC
PA_006006,2024-06-06,PARADIP,15,44.1,99.8,MEDIUM,SYNTHETIC_GENERATOR_V1,SYNTHETIC
PA_006007,2024-06-07,PARADIP,11,33.3,84.6,MEDIUM,SYNTHETIC_GENERATOR_V1,SYNTHETIC
PA_006008,2024-06-08,PARADIP,7,18.8,71.4,LOW,SYNTHETIC_GENERATOR_V1,SYNTHETIC
PA_006009,2024-06-09,PARADIP,7,16.3,67.8,LOW,SYNTHETIC_GENERATOR_V1,SYNTHETIC
PA_006010,2024-06-10,PARADIP,11,30.3,82.9,MEDIUM,SYNTHETIC_GENERATOR_V1,SYNTHETIC
PA_006011,2024-06-11,PARADIP,14,43.9,95.9,MEDIUM,SYNTHETIC_GENERATOR_V1,SYNTHETIC
PA_006012,2024-06-12,PARADIP,11,29.4,78.7,MEDIUM,SYNTHETIC_GENERATOR_V1,SYNTHETIC
PA_006013,2024-06-13,PARADIP,16,47.0,100.8,MEDIUM,SYNTHETIC_GENERATOR_V1,SYNTHETIC
PA_006014,2024-06-14,PARADIP,13,34.1,85.9,MEDIUM,SYNTHETIC_GENERATOR_V1,SYNTHETIC
PA_006015,2024-06-15,PARADIP,13,33.6,86.0,MEDIUM,SYNTHETIC_GENERATOR_V1,SYNTHETIC
PA_006016,2024-06-16,PARADIP,10,25.1,67.5,MEDIUM,SYNTHETIC_GENERATOR_V1,SYNTHETIC
PA_006017,2024-06-17,PARADIP,6,10.9,65.5,LOW,SYNTHETIC_GENERATOR_V1,SYNTHETIC
PA_006018,2024-06-18,PARADIP,14,39.8,93.3,MEDIUM,SYNTHETIC_GENERATOR_V1,SYNTHETIC
PA_006019,2024-06-19,PARADIP,19,59.8,109.5,MEDIUM,SYNTHETIC_GENERATOR_V1,SYNTHETIC
PA_006020,2024-06-20,PARADIP,15,46.7,99.6,MEDIUM,SYNTHETIC_GENERATOR_V1,SYNTHETIC
PA_006021,2024-06-21,PARADIP,7,12.9,64.5,LOW,SYNTHETIC_GENERATOR_V1,SYNTHETIC
PA_006022,2024-06-22,PARADIP,14,39.7,96.5,MEDIUM,SYNTHETIC_GENERATOR_V1,SYNTHETIC
PA_006023,2024-06-23,PARADIP,12,36.6,90.3,MEDIUM,SYNTHETIC_GENERATOR_V1,SYNTHETIC
PA_006024,2024-06-24,PARADIP,15,43.4,91.7,MEDIUM,SYNTHETIC_GENERATOR_V1,SYNTHETIC
PA_006025,2024-06-25,PARADIP,11,27.6,87.0,MEDIUM,SYNTHETIC_GENERATOR_V1,SYNTHETIC
PA_006026,2024-06-26,PARADIP,18,60.7,107.3,HIGH,SYNTHETIC_GENERATOR_V1,SYNTHETIC
PA_006027,2024-06-27,PARADIP,9,19.0,67.4,LOW,SYNTHETIC_GENERATOR_V1,SYNTHETIC
PA_006028,2024-06-28,PARADIP,8,16.4,69.0,LOW,SYNTHETIC_GENERATOR_V1,SYNTHETIC
PA_006029,2024-06-29,PARADIP,14,44.1,98.4,MEDIUM,SYNTHETIC_GENERATOR_V1,SYNTHETIC
PA_006030,2024-06-30,PARADIP,19,64.5,116.9,HIGH,SYNTHETIC_GENERATOR_V1,SYNTHETIC
PA_006031,2024-07-01,PARADIP,8,16.7,72.4,LOW,SYNTHETIC_GENERATOR_V1,SYNTHETIC
PA_006032,2024-07-02,PARADIP,11,21.8,76.5,LOW,SYNTHETIC_GENERATOR_V1,SYNTHETIC
PA_006033,2024-07-03,PARADIP,10,22.1,66.8,LOW,SYNTHETIC_GENERATOR_V1,SYNTHETIC
PA_006034,2024-07-04,PARADIP,7,16.1,70.7,LOW,SYNTHETIC_GENERATOR_V1,SYNTHETIC
PA_006035,2024-07-05,PARADIP,12,40.6,95.1,MEDIUM,SYNTHETIC_GENERATOR_V1,SYNTHETIC
PA_006036,2024-07-06,PARADIP,13,33.7,91.0,MEDIUM,SYNTHETIC_GENERATOR_V1,SYNTHETIC
PA_006037,2024-07-07,PARADIP,16,48.2,95.9,MEDIUM,SYNTHETIC_GENERATOR_V1,SYNTHETIC
PA_006038,2024-07-08,PARADIP,11,32.3,86.0,MEDIUM,SYNTHETIC_GENERATOR_V1,SYNTHETIC
PA_006039,2024-07-09,PARADIP,5,7.4,56.6,LOW,SYNTHETIC_GENERATOR_V1,SYNTHETIC
PA_006040,2024-07-10,PARADIP,11,27.1,79.8,MEDIUM,SYNTHETIC_GENERATOR_V1,SYNTHETIC
PA_006041,2024-07-11,PARADIP,7,16.3,64.4,LOW,SYNTHETIC_GENERATOR_V1,SYNTHETIC
PA_006042,2024-07-12,PARADIP,10,19.6,71.4,LOW,SYNTHETIC_GENERATOR_V1,SYNTHETIC
PA_006043,2024-07-13,PARADIP,9,20.4,77.7,LOW,SYNTHETIC_GENERATOR_V1,SYNTHETIC
PA_006044,2024-07-14,PARADIP,12,33.1,77.6,MEDIUM,SYNTHETIC_GENERATOR_V1,SYNTHETIC
PA_006045,2024-07-15,PARADIP,9,19.9,79.1,LOW,SYNTHETIC_GENERATOR_V1,SYNTHETIC
PA_006046,2024-07-16,PARADIP,16,50.4,97.8,MEDIUM,SYNTHETIC_GENERATOR_V1,SYNTHETIC
PA_006047,2024-07-17,PARADIP,13,39.6,98.7,MEDIUM,SYNTHETIC_GENERATOR_V1,SYNTHETIC
PA_006048,2024-07-18,PARADIP,21,68.9,120.1,HIGH,SYNTHETIC_GENERATOR_V1,SYNTHETIC
PA_006049,2024-07-19,PARADIP,10,26.1,82.9,MEDIUM,SYNTHETIC_GENERATOR_V1,SYNTHETIC
PA_006050,2024-07-20,PARADIP,10,28.5,75.1,MEDIUM,SYNTHETIC_GENERATOR_V1,SYNTHETIC
PA_006051,2024-07-21,PARADIP,13,34.3,90.2,MEDIUM,SYNTHETIC_GENERATOR_V1,SYNTHETIC
PA_006052,2024-07-22,PARADIP,7,14.9,70.1,LOW,SYNTHETIC_GENERATOR_V1,SYNTHETIC
PA_006053,2024-07-23,PARADIP,10,27.8,81.8,MEDIUM,SYNTHETIC_GENERATOR_V1,SYNTHETIC
PA_006054,2024-07-24,PARADIP,7,12.7,59.3,LOW,SYNTHETIC_GENERATOR_V1,SYNTHETIC
PA_006055,2024-07-25,PARADIP,16,44.7,93.1,MEDIUM,SYNTHETIC_GENERATOR_V1,SYNTHETIC
PA_006056,2024-07-26,PARADIP,14,37.5,89.5,MEDIUM,SYNTHETIC_GENERATOR_V1,SYNTHETIC
PA_006057,2024-07-27,PARADIP,18,65.0,125.1,HIGH,SYNTHETIC_GENERATOR_V1,SYNTHETIC
PA_006058,2024-07-28,PARADIP,8,23.0,71.3,LOW,SYNTHETIC_GENERATOR_V1,SYNTHETIC
PA_006059,2024-07-29,PARADIP,16,42.8,90.1,MEDIUM,SYNTHETIC_GENERATOR_V1,SYNTHETIC
PA_006060,2024-07-30,PARADIP,12,31.0,78.2,MEDIUM,SYNTHETIC_GENERATOR_V1,SYNTHETIC
PA_006061,2024-07-31,PARADIP,13,31.6,85.4,MEDIUM,SYNTHETIC_GENERATOR_V1,SYNTHETIC
PA_006062,2024-08-01,PARADIP,6,16.3,68.6,LOW,SYNTHETIC_GENERATOR_V1,SYNTHETIC
PA_006063,2024-08-02,PARADIP,10,20.7,64.6,LOW,SYNTHETIC_GENERATOR_V1,SYNTHETIC
PA_006064,2024-08-03,PARADIP,14,33.8,80.9,MEDIUM,SYNTHETIC_GENERATOR_V1,SYNTHETIC
PA_006065,2024-08-04,PARADIP,9,21.2,78.1,LOW,SYNTHETIC_GENERATOR_V1,SYNTHETIC
PA_006066,2024-08-05,PARADIP,13,32.2,86.0,MEDIUM,SYNTHETIC_GENERATOR_V1,SYNTHETIC
PA_006067,2024-08-06,PARADIP,10,29.1,76.2,MEDIUM,SYNTHETIC_GENERATOR_V1,SYNTHETIC
PA_006068,2024-08-07,PARADIP,13,35.1,87.3,MEDIUM,SYNTHETIC_GENERATOR_V1,SYNTHETIC
PA_006069,2024-08-08,PARADIP,6,7.3,56.9,LOW,SYNTHETIC_GENERATOR_V1,SYNTHETIC
PA_006070,2024-08-09,PARADIP,17,53.2,108.0,MEDIUM,SYNTHETIC_GENERATOR_V1,SYNTHETIC
PA_006071,2024-08-10,PARADIP,8,11.3,65.7,LOW,SYNTHETIC_GENERATOR_V1,SYNTHETIC
PA_006072,2024-08-11,PARADIP,12,32.9,81.7,MEDIUM,SYNTHETIC_GENERATOR_V1,SYNTHETIC
PA_006073,2024-08-12,PARADIP,13,32.6,84.6,MEDIUM,SYNTHETIC_GENERATOR_V1,SYNTHETIC
PA_006074,2024-08-13,PARADIP,10,22.8,71.2,LOW,SYNTHETIC_GENERATOR_V1,SYNTHETIC
PA_006075,2024-08-14,PARADIP,13,42.5,97.5,MEDIUM,SYNTHETIC_GENERATOR_V1,SYNTHETIC
PA_006076,2024-08-15,PARADIP,16,51.7,102.6,MEDIUM,SYNTHETIC_GENERATOR_V1,SYNTHETIC
PA_006077,2024-08-16,PARADIP,12,33.1,84.2,MEDIUM,SYNTHETIC_GENERATOR_V1,SYNTHETIC
PA_006078,2024-08-17,PARADIP,10,26.4,80.8,MEDIUM,SYNTHETIC_GENERATOR_V1,SYNTHETIC
PA_006079,2024-08-18,PARADIP,7,11.6,58.5,LOW,SYNTHETIC_GENERATOR_V1,SYNTHETIC
PA_006080,2024-08-19,PARADIP,10,23.0,69.0,LOW,SYNTHETIC_GENERATOR_V1,SYNTHETIC
PA_006081,2024-08-20,PARADIP,13,38.5,89.0,MEDIUM,SYNTHETIC_GENERATOR_V1,SYNTHETIC
PA_006082,2024-08-21,PARADIP,8,18.7,74.3,LOW,SYNTHETIC_GENERATOR_V1,SYNTHETIC
PA_006083,2024-08-22,PARADIP,11,31.6,80.1,MEDIUM,SYNTHETIC_GENERATOR_V1,SYNTHETIC
PA_006084,2024-08-23,PARADIP,9,22.1,79.3,LOW,SYNTHETIC_GENERATOR_V1,SYNTHETIC
PA_006085,2024-08-24,PARADIP,17,53.7,101.6,MEDIUM,SYNTHETIC_GENERATOR_V1,SYNTHETIC
PA_006086,2024-08-25,PARADIP,7,12.1,60.7,LOW,SYNTHETIC_GENERATOR_V1,SYNTHETIC
PA_006087,2024-08-26,PARADIP,11,24.0,73.6,MEDIUM,SYNTHETIC_GENERATOR_V1,SYNTHETIC
PA_006088,2024-08-27,PARADIP,11,28.7,80.6,MEDIUM,SYNTHETIC_GENERATOR_V1,SYNTHETIC
PA_006089,2024-08-28,PARADIP,11,27.8,81.9,MEDIUM,SYNTHETIC_GENERATOR_V1,SYNTHETIC
PA_006090,2024-08-29,PARADIP,12,30.1,81.7,MEDIUM,SYNTHETIC_GENERATOR_V1,SYNTHETIC
PA_006091,2024-08-30,PARADIP,15,42.7,96.3,MEDIUM,SYNTHETIC_GENERATOR_V1,SYNTHETIC
PA_006092,2024-08-31,PARADIP,17,53.7,110.8,MEDIUM,SYNTHETIC_GENERATOR_V1,SYNTHETIC
PA_006093,2024-09-01,PARADIP,18,56.9,103.5,MEDIUM,SYNTHETIC_GENERATOR_V1,SYNTHETIC
PA_006094,2024-09-02,PARADIP,13,36.3,87.6,MEDIUM,SYNTHETIC_GENERATOR_V1,SYNTHETIC
PA_006095,2024-09-03,PARADIP,16,56.1,106.9,MEDIUM,SYNTHETIC_GENERATOR_V1,SYNTHETIC
PA_006096,2024-09-04,PARADIP,16,57.2,103.3,MEDIUM,SYNTHETIC_GENERATOR_V1,SYNTHETIC
PA_006097,2024-09-05,PARADIP,13,38.1,85.8,MEDIUM,SYNTHETIC_GENERATOR_V1,SYNTHETIC
PA_006098,2024-09-06,PARADIP,14,39.2,92.9,MEDIUM,SYNTHETIC_GENERATOR_V1,SYNTHETIC
PA_006099,2024-09-07,PARADIP,11,26.6,81.8,MEDIUM,SYNTHETIC_GENERATOR_V1,SYNTHETIC
PA_006100,2024-09-08,PARADIP,11,23.7,80.1,LOW,SYNTHETIC_GENERATOR_V1,SYNTHETIC
PA_006101,2024-09-09,PARADIP,5,13.4,58.5,LOW,SYNTHETIC_GENERATOR_V1,SYNTHETIC
PA_006102,2024-09-10,PARADIP,22,83.5,142.6,HIGH,SYNTHETIC_GENERATOR_V1,SYNTHETIC
PA_006103,2024-09-11,PARADIP,17,55.7,104.2,MEDIUM,SYNTHETIC_GENERATOR_V1,SYNTHETIC
PA_006104,2024-09-12,PARADIP,6,10.4,63.0,LOW,SYNTHETIC_GENERATOR_V1,SYNTHETIC
PA_006105,2024-09-13,PARADIP,11,33.8,84.6,MEDIUM,SYNTHETIC_GENERATOR_V1,SYNTHETIC
PA_006106,2024-09-14,PARADIP,6,8.4,62.4,LOW,SYNTHETIC_GENERATOR_V1,SYNTHETIC
PA_006107,2024-09-15,PARADIP,17,55.3,117.3,MEDIUM,SYNTHETIC_GENERATOR_V1,SYNTHETIC
PA_006108,2024-09-16,PARADIP,11,29.5,83.9,MEDIUM,SYNTHETIC_GENERATOR_V1,SYNTHETIC
PA_006109,2024-09-17,PARADIP,13,39.8,92.5,MEDIUM,SYNTHETIC_GENERATOR_V1,SYNTHETIC
PA_006110,2024-09-18,PARADIP,8,13.3,69.6,LOW,SYNTHETIC_GENERATOR_V1,SYNTHETIC
PA_006111,2024-09-19,PARADIP,7,13.1,59.3,LOW,SYNTHETIC_GENERATOR_V1,SYNTHETIC
PA_006112,2024-09-20,PARADIP,7,8.2,59.8,LOW,SYNTHETIC_GENERATOR_V1,SYNTHETIC
PA_006113,2024-09-21,PARADIP,13,40.3,95.6,MEDIUM,SYNTHETIC_GENERATOR_V1,SYNTHETIC
PA_006114,2024-09-22,PARADIP,13,35.3,87.2,MEDIUM,SYNTHETIC_GENERATOR_V1,SYNTHETIC
PA_006115,2024-09-23,PARADIP,10,22.2,76.5,LOW,SYNTHETIC_GENERATOR_V1,SYNTHETIC
PA_006116,2024-09-24,PARADIP,13,40.1,80.9,MEDIUM,SYNTHETIC_GENERATOR_V1,SYNTHETIC
PA_006117,2024-09-25,PARADIP,17,51.5,102.6,MEDIUM,SYNTHETIC_GENERATOR_V1,SYNTHETIC
PA_006118,2024-09-26,PARADIP,15,46.6,100.8,MEDIUM,SYNTHETIC_GENERATOR_V1,SYNTHETIC
PA_006119,2024-09-27,PARADIP,14,34.6,85.6,MEDIUM,SYNTHETIC_GENERATOR_V1,SYNTHETIC
PA_006120,2024-09-28,PARADIP,11,30.0,81.6,MEDIUM,SYNTHETIC_GENERATOR_V1,SYNTHETIC
PA_006121,2024-09-29,PARADIP,14,34.7,89.0,MEDIUM,SYNTHETIC_GENERATOR_V1,SYNTHETIC
PA_006122,2024-09-30,PARADIP,6,4.9,51.1,LOW,SYNTHETIC_GENERATOR_V1,SYNTHETIC
PA_006123,2024-10-01,PARADIP,12,33.0,82.3,MEDIUM,SYNTHETIC_GENERATOR_V1,SYNTHETIC
PA_006124,2024-10-02,PARADIP,8,19.9,82.3,LOW,SYNTHETIC_GENERATOR_V1,SYNTHETIC
PA_006125,2024-10-03,PARADIP,12,29.0,84.4,MEDIUM,SYNTHETIC_GENERATOR_V1,SYNTHETIC
PA_006126,2024-10-04,PARADIP,14,39.8,91.9,MEDIUM,SYNTHETIC_GENERATOR_V1,SYNTHETIC
PA_006127,2024-10-05,PARADIP,14,40.2,98.8,MEDIUM,SYNTHETIC_GENERATOR_V1,SYNTHETIC
PA_006128,2024-10-06,PARADIP,10,21.3,79.8,LOW,SYNTHETIC_GENERATOR_V1,SYNTHETIC
PA_006129,2024-10-07,PARADIP,5,11.5,69.3,LOW,SYNTHETIC_GENERATOR_V1,SYNTHETIC
PA_006130,2024-10-08,PARADIP,14,41.9,92.0,MEDIUM,SYNTHETIC_GENERATOR_V1,SYNTHETIC
PA_006131,2024-10-09,PARADIP,14,37.4,90.8,MEDIUM,SYNTHETIC_GENERATOR_V1,SYNTHETIC
PA_006132,2024-10-10,PARADIP,12,29.2,80.7,MEDIUM,SYNTHETIC_GENERATOR_V1,SYNTHETIC
PA_006133,2024-10-11,PARADIP,10,31.8,85.3,MEDIUM,SYNTHETIC_GENERATOR_V1,SYNTHETIC
PA_006134,2024-10-12,PARADIP,11,26.5,80.7,MEDIUM,SYNTHETIC_GENERATOR_V1,SYNTHETIC
PA_006135,2024-10-13,PARADIP,8,14.9,63.5,LOW,SYNTHETIC_GENERATOR_V1,SYNTHETIC
PA_006136,2024-10-14,PARADIP,9,21.2,70.0,LOW,SYNTHETIC_GENERATOR_V1,SYNTHETIC
PA_006137,2024-10-15,PARADIP,16,52.2,105.1,MEDIUM,SYNTHETIC_GENERATOR_V1,SYNTHETIC
PA_006138,2024-10-16,PARADIP,11,24.9,70.4,MEDIUM,SYNTHETIC_GENERATOR_V1,SYNTHETIC
PA_006139,2024-10-17,PARADIP,16,47.5,106.2,MEDIUM,SYNTHETIC_GENERATOR_V1,SYNTHETIC
PA_006140,2024-10-18,PARADIP,10,22.7,72.0,LOW,SYNTHETIC_GENERATOR_V1,SYNTHETIC
PA_006141,2024-10-19,PARADIP,12,34.3,89.4,MEDIUM,SYNTHETIC_GENERATOR_V1,SYNTHETIC
PA_006142,2024-10-20,PARADIP,12,29.1,90.1,MEDIUM,SYNTHETIC_GENERATOR_V1,SYNTHETIC
PA_006143,2024-10-21,PARADIP,18,55.6,108.9,MEDIUM,SYNTHETIC_GENERATOR_V1,SYNTHETIC
PA_006144,2024-10-22,PARADIP,12,35.1,90.6,MEDIUM,SYNTHETIC_GENERATOR_V1,SYNTHETIC
PA_006145,2024-10-23,PARADIP,9,15.9,61.6,LOW,SYNTHETIC_GENERATOR_V1,SYNTHETIC
PA_006146,2024-10-24,PARADIP,11,30.5,86.0,MEDIUM,SYNTHETIC_GENERATOR_V1,SYNTHETIC
PA_006147,2024-10-25,PARADIP,16,52.0,100.5,MEDIUM,SYNTHETIC_GENERATOR_V1,SYNTHETIC
PA_006148,2024-10-26,PARADIP,15,41.7,93.9,MEDIUM,SYNTHETIC_GENERATOR_V1,SYNTHETIC
PA_006149,2024-10-27,PARADIP,15,47.2,100.3,MEDIUM,SYNTHETIC_GENERATOR_V1,SYNTHETIC
PA_006150,2024-10-28,PARADIP,15,48.4,96.0,MEDIUM,SYNTHETIC_GENERATOR_V1,SYNTHETIC
PA_006151,2024-10-29,PARADIP,9,25.9,78.3,MEDIUM,SYNTHETIC_GENERATOR_V1,SYNTHETIC
PA_006152,2024-10-30,PARADIP,10,23.6,72.6,LOW,SYNTHETIC_GENERATOR_V1,SYNTHETIC
PA_006153,2024-10-31,PARADIP,12,28.6,82.8,MEDIUM,SYNTHETIC_GENERATOR_V1,SYNTHETIC
PA_006154,2024-11-01,PARADIP,13,44.3,92.1,MEDIUM,SYNTHETIC_GENERATOR_V1,SYNTHETIC
PA_006155,2024-11-02,PARADIP,8,16.6,65.5,LOW,SYNTHETIC_GENERATOR_V1,SYNTHETIC
PA_006156,2024-11-03,PARADIP,13,37.9,87.4,MEDIUM,SYNTHETIC_GENERATOR_V1,SYNTHETIC
PA_006157,2024-11-04,PARADIP,11,23.0,76.1,LOW,SYNTHETIC_GENERATOR_V1,SYNTHETIC
PA_006158,2024-11-05,PARADIP,16,50.6,93.9,MEDIUM,SYNTHETIC_GENERATOR_V1,SYNTHETIC
PA_006159,2024-11-06,PARADIP,8,17.0,68.8,LOW,SYNTHETIC_GENERATOR_V1,SYNTHETIC
PA_006160,2024-11-07,PARADIP,12,31.2,76.8,MEDIUM,SYNTHETIC_GENERATOR_V1,SYNTHETIC
PA_006161,2024-11-08,PARADIP,14,39.2,91.2,MEDIUM,SYNTHETIC_GENERATOR_V1,SYNTHETIC
PA_006162,2024-11-09,PARADIP,9,16.4,67.7,LOW,SYNTHETIC_GENERATOR_V1,SYNTHETIC
PA_006163,2024-11-10,PARADIP,16,53.1,96.5,MEDIUM,SYNTHETIC_GENERATOR_V1,SYNTHETIC
PA_006164,2024-11-11,PARADIP,12,34.3,86.0,MEDIUM,SYNTHETIC_GENERATOR_V1,SYNTHETIC
PA_006165,2024-11-12,PARADIP,12,29.1,79.1,MEDIUM,SYNTHETIC_GENERATOR_V1,SYNTHETIC
PA_006166,2024-11-13,PARADIP,12,31.8,88.3,MEDIUM,SYNTHETIC_GENERATOR_V1,SYNTHETIC
PA_006167,2024-11-14,PARADIP,14,46.5,97.9,MEDIUM,SYNTHETIC_GENERATOR_V1,SYNTHETIC
PA_006168,2024-11-15,PARADIP,18,58.0,104.3,MEDIUM,SYNTHETIC_GENERATOR_V1,SYNTHETIC
PA_006169,2024-11-16,PARADIP,7,15.4,70.3,LOW,SYNTHETIC_GENERATOR_V1,SYNTHETIC
PA_006170,2024-11-17,PARADIP,16,51.7,94.2,MEDIUM,SYNTHETIC_GENERATOR_V1,SYNTHETIC
PA_006171,2024-11-18,PARADIP,9,17.4,75.7,LOW,SYNTHETIC_GENERATOR_V1,SYNTHETIC
PA_006172,2024-11-19,PARADIP,7,14.9,65.8,LOW,SYNTHETIC_GENERATOR_V1,SYNTHETIC
PA_006173,2024-11-20,PARADIP,11,25.2,88.3,MEDIUM,SYNTHETIC_GENERATOR_V1,SYNTHETIC
PA_006174,2024-11-21,PARADIP,19,60.8,112.1,HIGH,SYNTHETIC_GENERATOR_V1,SYNTHETIC
PA_006175,2024-11-22,PARADIP,10,26.4,76.1,MEDIUM,SYNTHETIC_GENERATOR_V1,SYNTHETIC
PA_006176,2024-11-23,PARADIP,12,31.5,87.3,MEDIUM,SYNTHETIC_GENERATOR_V1,SYNTHETIC
PA_006177,2024-11-24,PARADIP,9,13.6,68.5,LOW,SYNTHETIC_GENERATOR_V1,SYNTHETIC
PA_006178,2024-11-25,PARADIP,17,48.7,104.7,MEDIUM,SYNTHETIC_GENERATOR_V1,SYNTHETIC
PA_006179,2024-11-26,PARADIP,11,28.8,83.1,MEDIUM,SYNTHETIC_GENERATOR_V1,SYNTHETIC
PA_006180,2024-11-27,PARADIP,12,34.4,88.1,MEDIUM,SYNTHETIC_GENERATOR_V1,SYNTHETIC
PA_006181,2024-11-28,PARADIP,16,49.1,95.4,MEDIUM,SYNTHETIC_GENERATOR_V1,SYNTHETIC
PA_006182,2024-11-29,PARADIP,8,17.3,66.8,LOW,SYNTHETIC_GENERATOR_V1,SYNTHETIC
PA_006183,2024-11-30,PARADIP,16,46.4,94.3,MEDIUM,SYNTHETIC_GENERATOR_V1,SYNTHETIC
PA_006184,2024-12-01,PARADIP,11,23.6,78.3,LOW,SYNTHETIC_GENERATOR_V1,SYNTHETIC
PA_006185,2024-12-02,PARADIP,9,18.3,63.5,LOW,SYNTHETIC_GENERATOR_V1,SYNTHETIC
PA_006186,2024-12-03,PARADIP,12,24.2,82.0,MEDIUM,SYNTHETIC_GENERATOR_V1,SYNTHETIC
PA_006187,2024-12-04,PARADIP,8,20.0,80.4,LOW,SYNTHETIC_GENERATOR_V1,SYNTHETIC
PA_006188,2024-12-05,PARADIP,10,20.9,69.4,LOW,SYNTHETIC_GENERATOR_V1,SYNTHETIC
PA_006189,2024-12-06,PARADIP,13,36.6,89.9,MEDIUM,SYNTHETIC_GENERATOR_V1,SYNTHETIC
PA_006190,2024-12-07,PARADIP,16,48.6,103.0,MEDIUM,SYNTHETIC_GENERATOR_V1,SYNTHETIC
PA_006191,2024-12-08,PARADIP,12,32.9,82.9,MEDIUM,SYNTHETIC_GENERATOR_V1,SYNTHETIC
PA_006192,2024-12-09,PARADIP,8,18.7,70.3,LOW,SYNTHETIC_GENERATOR_V1,SYNTHETIC
PA_006193,2024-12-10,PARADIP,10,18.8,60.6,LOW,SYNTHETIC_GENERATOR_V1,SYNTHETIC
PA_006194,2024-12-11,PARADIP,15,46.8,95.0,MEDIUM,SYNTHETIC_GENERATOR_V1,SYNTHETIC
PA_006195,2024-12-12,PARADIP,13,40.9,93.1,MEDIUM,SYNTHETIC_GENERATOR_V1,SYNTHETIC
PA_006196,2024-12-13,PARADIP,11,26.8,74.4,MEDIUM,SYNTHETIC_GENERATOR_V1,SYNTHETIC
PA_006197,2024-12-14,PARADIP,10,19.9,74.7,LOW,SYNTHETIC_GENERATOR_V1,SYNTHETIC
PA_006198,2024-12-15,PARADIP,14,40.1,89.4,MEDIUM,SYNTHETIC_GENERATOR_V1,SYNTHETIC
PA_006199,2024-12-16,PARADIP,8,20.8,73.1,LOW,SYNTHETIC_GENERATOR_V1,SYNTHETIC
PA_006200,2024-12-17,PARADIP,12,31.9,84.1,MEDIUM,SYNTHETIC_GENERATOR_V1,SYNTHETIC
PA_006201,2024-12-18,PARADIP,10,25.6,80.5,MEDIUM,SYNTHETIC_GENERATOR_V1,SYNTHETIC
PA_006202,2024-12-19,PARADIP,12,40.3,86.1,MEDIUM,SYNTHETIC_GENERATOR_V1,SYNTHETIC
PA_006203,2024-12-20,PARADIP,15,47.1,99.1,MEDIUM,SYNTHETIC_GENERATOR_V1,SYNTHETIC
PA_006204,2024-12-21,PARADIP,15,40.0,97.6,MEDIUM,SYNTHETIC_GENERATOR_V1,SYNTHETIC
PA_006205,2024-12-22,PARADIP,12,27.1,80.3,MEDIUM,SYNTHETIC_GENERATOR_V1,SYNTHETIC
PA_006206,2024-12-23,PARADIP,17,51.3,104.5,MEDIUM,SYNTHETIC_GENERATOR_V1,SYNTHETIC
PA_006207,2024-12-24,PARADIP,10,24.0,73.5,MEDIUM,SYNTHETIC_GENERATOR_V1,SYNTHETIC
PA_006208,2024-12-25,PARADIP,8,12.7,70.6,LOW,SYNTHETIC_GENERATOR_V1,SYNTHETIC
PA_006209,2024-12-26,PARADIP,9,25.9,75.3,MEDIUM,SYNTHETIC_GENERATOR_V1,SYNTHETIC
PA_006210,2024-12-27,PARADIP,9,18.6,74.1,LOW,SYNTHETIC_GENERATOR_V1,SYNTHETIC
PA_006211,2024-12-28,PARADIP,15,44.7,97.6,MEDIUM,SYNTHETIC_GENERATOR_V1,SYNTHETIC
PA_006212,2024-12-29,PARADIP,16,56.5,106.7,MEDIUM,SYNTHETIC_GENERATOR_V1,SYNTHETIC
PA_006213,2024-12-30,PARADIP,12,36.4,88.1,MEDIUM,SYNTHETIC_GENERATOR_V1,SYNTHETIC
PA_006214,2024-12-31,PARADIP,20,71.4,118.6,HIGH,SYNTHETIC_GENERATOR_V1,SYNTHETIC
PA_006215,2025-01-01,PARADIP,21,66.7,116.9,HIGH,SYNTHETIC_GENERATOR_V1,SYNTHETIC
PA_006216,2025-01-02,PARADIP,9,24.7,77.0,MEDIUM,SYNTHETIC_GENERATOR_V1,SYNTHETIC
PA_006217,2025-01-03,PARADIP,11,29.4,80.2,MEDIUM,SYNTHETIC_GENERATOR_V1,SYNTHETIC
PA_006218,2025-01-04,PARADIP,10,28.7,80.1,MEDIUM,SYNTHETIC_GENERATOR_V1,SYNTHETIC
PA_006219,2025-01-05,PARADIP,15,40.4,95.7,MEDIUM,SYNTHETIC_GENERATOR_V1,SYNTHETIC
PA_006220,2025-01-06,PARADIP,16,53.4,96.5,MEDIUM,SYNTHETIC_GENERATOR_V1,SYNTHETIC
PA_006221,2025-01-07,PARADIP,11,30.9,84.3,MEDIUM,SYNTHETIC_GENERATOR_V1,SYNTHETIC
PA_006222,2025-01-08,PARADIP,12,36.3,94.0,MEDIUM,SYNTHETIC_GENERATOR_V1,SYNTHETIC
PA_006223,2025-01-09,PARADIP,16,49.1,99.5,MEDIUM,SYNTHETIC_GENERATOR_V1,SYNTHETIC
PA_006224,2025-01-10,PARADIP,8,18.9,71.7,LOW,SYNTHETIC_GENERATOR_V1,SYNTHETIC
PA_006225,2025-01-11,PARADIP,8,17.0,70.3,LOW,SYNTHETIC_GENERATOR_V1,SYNTHETIC
PA_006226,2025-01-12,PARADIP,12,33.8,87.3,MEDIUM,SYNTHETIC_GENERATOR_V1,SYNTHETIC
PA_006227,2025-01-13,PARADIP,12,34.3,85.8,MEDIUM,SYNTHETIC_GENERATOR_V1,SYNTHETIC
PA_006228,2025-01-14,PARADIP,13,39.5,91.8,MEDIUM,SYNTHETIC_GENERATOR_V1,SYNTHETIC
PA_006229,2025-01-15,PARADIP,12,30.6,85.7,MEDIUM,SYNTHETIC_GENERATOR_V1,SYNTHETIC
PA_006230,2025-01-16,PARADIP,16,50.3,93.6,MEDIUM,SYNTHETIC_GENERATOR_V1,SYNTHETIC
PA_006231,2025-01-17,PARADIP,10,28.4,83.7,MEDIUM,SYNTHETIC_GENERATOR_V1,SYNTHETIC
PA_006232,2025-01-18,PARADIP,6,10.0,63.9,LOW,SYNTHETIC_GENERATOR_V1,SYNTHETIC
PA_006233,2025-01-19,PARADIP,12,35.8,90.7,MEDIUM,SYNTHETIC_GENERATOR_V1,SYNTHETIC
PA_006234,2025-01-20,PARADIP,15,47.3,100.0,MEDIUM,SYNTHETIC_GENERATOR_V1,SYNTHETIC
PA_006235,2025-01-21,PARADIP,13,32.5,83.3,MEDIUM,SYNTHETIC_GENERATOR_V1,SYNTHETIC
PA_006236,2025-01-22,PARADIP,12,32.0,87.6,MEDIUM,SYNTHETIC_GENERATOR_V1,SYNTHETIC
PA_006237,2025-01-23,PARADIP,14,35.5,84.8,MEDIUM,SYNTHETIC_GENERATOR_V1,SYNTHETIC
PA_006238,2025-01-24,PARADIP,11,25.2,76.1,MEDIUM,SYNTHETIC_GENERATOR_V1,SYNTHETIC
PA_006239,2025-01-25,PARADIP,13,35.9,87.6,MEDIUM,SYNTHETIC_GENERATOR_V1,SYNTHETIC
PA_006240,2025-01-26,PARADIP,15,45.8,102.7,MEDIUM,SYNTHETIC_GENERATOR_V1,SYNTHETIC
PA_006241,2025-01-27,PARADIP,17,49.6,90.9,MEDIUM,SYNTHETIC_GENERATOR_V1,SYNTHETIC
PA_006242,2025-01-28,PARADIP,10,20.4,67.6,LOW,SYNTHETIC_GENERATOR_V1,SYNTHETIC
PA_006243,2025-01-29,PARADIP,13,34.8,89.3,MEDIUM,SYNTHETIC_GENERATOR_V1,SYNTHETIC
PA_006244,2025-01-30,PARADIP,8,22.8,79.9,LOW,SYNTHETIC_GENERATOR_V1,SYNTHETIC
PA_006245,2025-01-31,PARADIP,10,23.6,75.0,LOW,SYNTHETIC_GENERATOR_V1,SYNTHETIC
PA_006246,2025-02-01,PARADIP,16,45.0,102.3,MEDIUM,SYNTHETIC_GENERATOR_V1,SYNTHETIC
PA_006247,2025-02-02,PARADIP,18,66.1,123.4,HIGH,SYNTHETIC_GENERATOR_V1,SYNTHETIC
PA_006248,2025-02-03,PARADIP,16,49.7,101.4,MEDIUM,SYNTHETIC_GENERATOR_V1,SYNTHETIC
PA_006249,2025-02-04,PARADIP,13,35.0,86.0,MEDIUM,SYNTHETIC_GENERATOR_V1,SYNTHETIC
PA_006250,2025-02-05,PARADIP,10,27.7,80.6,MEDIUM,SYNTHETIC_GENERATOR_V1,SYNTHETIC
PA_006251,2025-02-06,PARADIP,9,23.8,67.3,LOW,SYNTHETIC_GENERATOR_V1,SYNTHETIC
PA_006252,2025-02-07,PARADIP,12,23.4,73.8,LOW,SYNTHETIC_GENERATOR_V1,SYNTHETIC
PA_006253,2025-02-08,PARADIP,9,14.6,71.0,LOW,SYNTHETIC_GENERATOR_V1,SYNTHETIC
PA_006254,2025-02-09,PARADIP,9,20.0,74.6,LOW,SYNTHETIC_GENERATOR_V1,SYNTHETIC
PA_006255,2025-02-10,PARADIP,11,25.4,85.2,MEDIUM,SYNTHETIC_GENERATOR_V1,SYNTHETIC
PA_006256,2025-02-11,PARADIP,11,21.7,72.3,LOW,SYNTHETIC_GENERATOR_V1,SYNTHETIC
PA_006257,2025-02-12,PARADIP,8,15.4,71.5,LOW,SYNTHETIC_GENERATOR_V1,SYNTHETIC
PA_006258,2025-02-13,PARADIP,17,59.4,117.5,MEDIUM,SYNTHETIC_GENERATOR_V1,SYNTHETIC
PA_006259,2025-02-14,PARADIP,11,27.2,86.5,MEDIUM,SYNTHETIC_GENERATOR_V1,SYNTHETIC
PA_006260,2025-02-15,PARADIP,9,20.2,75.6,LOW,SYNTHETIC_GENERATOR_V1,SYNTHETIC
PA_006261,2025-02-16,PARADIP,10,30.0,73.9,MEDIUM,SYNTHETIC_GENERATOR_V1,SYNTHETIC
PA_006262,2025-02-17,PARADIP,11,26.6,77.2,MEDIUM,SYNTHETIC_GENERATOR_V1,SYNTHETIC
PA_006263,2025-02-18,PARADIP,11,19.0,72.4,LOW,SYNTHETIC_GENERATOR_V1,SYNTHETIC
PA_006264,2025-02-19,PARADIP,13,30.7,93.1,MEDIUM,SYNTHETIC_GENERATOR_V1,SYNTHETIC
PA_006265,2025-02-20,PARADIP,13,39.9,95.2,MEDIUM,SYNTHETIC_GENERATOR_V1,SYNTHETIC
PA_006266,2025-02-21,PARADIP,9,26.5,82.3,MEDIUM,SYNTHETIC_GENERATOR_V1,SYNTHETIC
PA_006267,2025-02-22,PARADIP,10,25.3,79.5,MEDIUM,SYNTHETIC_GENERATOR_V1,SYNTHETIC
PA_006268,2025-02-23,PARADIP,10,18.7,75.2,LOW,SYNTHETIC_GENERATOR_V1,SYNTHETIC
PA_006269,2025-02-24,PARADIP,15,41.1,96.5,MEDIUM,SYNTHETIC_GENERATOR_V1,SYNTHETIC
PA_006270,2025-02-25,PARADIP,11,32.8,87.2,MEDIUM,SYNTHETIC_GENERATOR_V1,SYNTHETIC
PA_006271,2025-02-26,PARADIP,12,34.8,88.4,MEDIUM,SYNTHETIC_GENERATOR_V1,SYNTHETIC
PA_006272,2025-02-27,PARADIP,17,48.4,103.7,MEDIUM,SYNTHETIC_GENERATOR_V1,SYNTHETIC
PA_006273,2025-02-28,PARADIP,11,22.0,67.5,LOW,SYNTHETIC_GENERATOR_V1,SYNTHETIC
PA_006274,2025-03-01,PARADIP,3,6.8,60.4,LOW,SYNTHETIC_GENERATOR_V1,SYNTHETIC
PA_006275,2025-03-02,PARADIP,14,41.4,89.0,MEDIUM,SYNTHETIC_GENERATOR_V1,SYNTHETIC
PA_006276,2025-03-03,PARADIP,11,25.5,71.2,MEDIUM,SYNTHETIC_GENERATOR_V1,SYNTHETIC
PA_006277,2025-03-04,PARADIP,16,49.0,94.4,MEDIUM,SYNTHETIC_GENERATOR_V1,SYNTHETIC
PA_006278,2025-03-05,PARADIP,12,29.7,79.8,MEDIUM,SYNTHETIC_GENERATOR_V1,SYNTHETIC
PA_006279,2025-03-06,PARADIP,14,38.0,86.1,MEDIUM,SYNTHETIC_GENERATOR_V1,SYNTHETIC
PA_006280,2025-03-07,PARADIP,14,38.9,90.6,MEDIUM,SYNTHETIC_GENERATOR_V1,SYNTHETIC
PA_006281,2025-03-08,PARADIP,15,46.4,100.1,MEDIUM,SYNTHETIC_GENERATOR_V1,SYNTHETIC
PA_006282,2025-03-09,PARADIP,15,42.4,90.1,MEDIUM,SYNTHETIC_GENERATOR_V1,SYNTHETIC
PA_006283,2025-03-10,PARADIP,10,19.1,63.4,LOW,SYNTHETIC_GENERATOR_V1,SYNTHETIC
PA_006284,2025-03-11,PARADIP,19,64.4,114.4,HIGH,SYNTHETIC_GENERATOR_V1,SYNTHETIC
PA_006285,2025-03-12,PARADIP,18,55.1,112.3,MEDIUM,SYNTHETIC_GENERATOR_V1,SYNTHETIC
PA_006286,2025-03-13,PARADIP,11,32.3,88.2,MEDIUM,SYNTHETIC_GENERATOR_V1,SYNTHETIC
PA_006287,2025-03-14,PARADIP,14,42.3,84.7,MEDIUM,SYNTHETIC_GENERATOR_V1,SYNTHETIC
PA_006288,2025-03-15,PARADIP,11,28.7,79.8,MEDIUM,SYNTHETIC_GENERATOR_V1,SYNTHETIC
PA_006289,2025-03-16,PARADIP,11,27.4,83.0,MEDIUM,SYNTHETIC_GENERATOR_V1,SYNTHETIC
PA_006290,2025-03-17,PARADIP,11,30.2,80.2,MEDIUM,SYNTHETIC_GENERATOR_V1,SYNTHETIC
PA_006291,2025-03-18,PARADIP,8,17.1,62.3,LOW,SYNTHETIC_GENERATOR_V1,SYNTHETIC
PA_006292,2025-03-19,PARADIP,20,65.0,115.9,HIGH,SYNTHETIC_GENERATOR_V1,SYNTHETIC
PA_006293,2025-03-20,PARADIP,13,38.7,87.1,MEDIUM,SYNTHETIC_GENERATOR_V1,SYNTHETIC
PA_006294,2025-03-21,PARADIP,12,35.8,79.3,MEDIUM,SYNTHETIC_GENERATOR_V1,SYNTHETIC
PA_006295,2025-03-22,PARADIP,14,35.1,74.4,MEDIUM,SYNTHETIC_GENERATOR_V1,SYNTHETIC
PA_006296,2025-03-23,PARADIP,14,40.4,93.0,MEDIUM,SYNTHETIC_GENERATOR_V1,SYNTHETIC
PA_006297,2025-03-24,PARADIP,12,30.3,82.2,MEDIUM,SYNTHETIC_GENERATOR_V1,SYNTHETIC
PA_006298,2025-03-25,PARADIP,13,37.0,89.2,MEDIUM,SYNTHETIC_GENERATOR_V1,SYNTHETIC
PA_006299,2025-03-26,PARADIP,13,37.1,90.4,MEDIUM,SYNTHETIC_GENERATOR_V1,SYNTHETIC
PA_006300,2025-03-27,PARADIP,7,8.0,56.7,LOW,SYNTHETIC_GENERATOR_V1,SYNTHETIC
PA_006301,2025-03-28,PARADIP,14,43.3,95.0,MEDIUM,SYNTHETIC_GENERATOR_V1,SYNTHETIC
PA_006302,2025-03-29,PARADIP,9,17.7,71.5,LOW,SYNTHETIC_GENERATOR_V1,SYNTHETIC
PA_006303,2025-03-30,PARADIP,12,29.1,78.7,MEDIUM,SYNTHETIC_GENERATOR_V1,SYNTHETIC
PA_006304,2025-03-31,PARADIP,8,18.4,71.6,LOW,SYNTHETIC_GENERATOR_V1,SYNTHETIC
PA_006305,2025-04-01,PARADIP,6,11.8,54.9,LOW,SYNTHETIC_GENERATOR_V1,SYNTHETIC
PA_006306,2025-04-02,PARADIP,15,45.4,96.1,MEDIUM,SYNTHETIC_GENERATOR_V1,SYNTHETIC
PA_006307,2025-04-03,PARADIP,17,53.3,105.8,MEDIUM,SYNTHETIC_GENERATOR_V1,SYNTHETIC
PA_006308,2025-04-04,PARADIP,15,48.7,101.7,MEDIUM,SYNTHETIC_GENERATOR_V1,SYNTHETIC
PA_006309,2025-04-05,PARADIP,15,47.1,99.7,MEDIUM,SYNTHETIC_GENERATOR_V1,SYNTHETIC
PA_006310,2025-04-06,PARADIP,16,47.4,103.8,MEDIUM,SYNTHETIC_GENERATOR_V1,SYNTHETIC
PA_006311,2025-04-07,PARADIP,15,52.8,97.1,MEDIUM,SYNTHETIC_GENERATOR_V1,SYNTHETIC
PA_006312,2025-04-08,PARADIP,15,48.1,103.4,MEDIUM,SYNTHETIC_GENERATOR_V1,SYNTHETIC
PA_006313,2025-04-09,PARADIP,10,26.7,80.2,MEDIUM,SYNTHETIC_GENERATOR_V1,SYNTHETIC
PA_006314,2025-04-10,PARADIP,12,31.3,89.4,MEDIUM,SYNTHETIC_GENERATOR_V1,SYNTHETIC
PA_006315,2025-04-11,PARADIP,8,15.8,70.5,LOW,SYNTHETIC_GENERATOR_V1,SYNTHETIC
PA_006316,2025-04-12,PARADIP,18,57.1,106.3,MEDIUM,SYNTHETIC_GENERATOR_V1,SYNTHETIC
PA_006317,2025-04-13,PARADIP,6,11.8,59.4,LOW,SYNTHETIC_GENERATOR_V1,SYNTHETIC
PA_006318,2025-04-14,PARADIP,15,53.3,102.7,MEDIUM,SYNTHETIC_GENERATOR_V1,SYNTHETIC
PA_006319,2025-04-15,PARADIP,9,18.8,66.2,LOW,SYNTHETIC_GENERATOR_V1,SYNTHETIC
PA_006320,2025-04-16,PARADIP,17,48.0,100.7,MEDIUM,SYNTHETIC_GENERATOR_V1,SYNTHETIC
PA_006321,2025-04-17,PARADIP,15,39.2,95.2,MEDIUM,SYNTHETIC_GENERATOR_V1,SYNTHETIC
PA_006322,2025-04-18,PARADIP,8,20.7,73.9,LOW,SYNTHETIC_GENERATOR_V1,SYNTHETIC
PA_006323,2025-04-19,PARADIP,12,33.6,79.6,MEDIUM,SYNTHETIC_GENERATOR_V1,SYNTHETIC
PA_006324,2025-04-20,PARADIP,5,6.8,59.6,LOW,SYNTHETIC_GENERATOR_V1,SYNTHETIC
PA_006325,2025-04-21,PARADIP,14,41.6,91.2,MEDIUM,SYNTHETIC_GENERATOR_V1,SYNTHETIC
PA_006326,2025-04-22,PARADIP,18,65.6,125.1,HIGH,SYNTHETIC_GENERATOR_V1,SYNTHETIC
PA_006327,2025-04-23,PARADIP,17,53.6,102.4,MEDIUM,SYNTHETIC_GENERATOR_V1,SYNTHETIC
PA_006328,2025-04-24,PARADIP,13,29.5,79.4,MEDIUM,SYNTHETIC_GENERATOR_V1,SYNTHETIC
PA_006329,2025-04-25,PARADIP,8,16.0,55.3,LOW,SYNTHETIC_GENERATOR_V1,SYNTHETIC
PA_006330,2025-04-26,PARADIP,10,24.7,75.3,MEDIUM,SYNTHETIC_GENERATOR_V1,SYNTHETIC
PA_006331,2025-04-27,PARADIP,10,26.6,77.6,MEDIUM,SYNTHETIC_GENERATOR_V1,SYNTHETIC
PA_006332,2025-04-28,PARADIP,7,13.7,65.4,LOW,SYNTHETIC_GENERATOR_V1,SYNTHETIC
PA_006333,2025-04-29,PARADIP,14,37.7,95.7,MEDIUM,SYNTHETIC_GENERATOR_V1,SYNTHETIC
PA_006334,2025-04-30,PARADIP,12,37.3,94.9,MEDIUM,SYNTHETIC_GENERATOR_V1,SYNTHETIC
PA_006335,2025-05-01,PARADIP,12,29.9,94.3,MEDIUM,SYNTHETIC_GENERATOR_V1,SYNTHETIC
PA_006336,2025-05-02,PARADIP,10,25.7,83.0,MEDIUM,SYNTHETIC_GENERATOR_V1,SYNTHETIC
PA_006337,2025-05-03,PARADIP,11,29.8,85.9,MEDIUM,SYNTHETIC_GENERATOR_V1,SYNTHETIC
PA_006338,2025-05-04,PARADIP,7,11.9,70.9,LOW,SYNTHETIC_GENERATOR_V1,SYNTHETIC
PA_006339,2025-05-05,PARADIP,9,24.4,71.7,MEDIUM,SYNTHETIC_GENERATOR_V1,SYNTHETIC
PA_006340,2025-05-06,PARADIP,9,23.2,76.6,LOW,SYNTHETIC_GENERATOR_V1,SYNTHETIC
PA_006341,2025-05-07,PARADIP,14,37.8,90.4,MEDIUM,SYNTHETIC_GENERATOR_V1,SYNTHETIC
PA_006342,2025-05-08,PARADIP,10,21.2,77.8,LOW,SYNTHETIC_GENERATOR_V1,SYNTHETIC
PA_006343,2025-05-09,PARADIP,13,41.3,94.3,MEDIUM,SYNTHETIC_GENERATOR_V1,SYNTHETIC
PA_006344,2025-05-10,PARADIP,13,37.2,87.9,MEDIUM,SYNTHETIC_GENERATOR_V1,SYNTHETIC
PA_006345,2025-05-11,PARADIP,16,51.5,98.0,MEDIUM,SYNTHETIC_GENERATOR_V1,SYNTHETIC
PA_006346,2025-05-12,PARADIP,13,36.5,82.7,MEDIUM,SYNTHETIC_GENERATOR_V1,SYNTHETIC
PA_006347,2025-05-13,PARADIP,16,47.8,95.9,MEDIUM,SYNTHETIC_GENERATOR_V1,SYNTHETIC
PA_006348,2025-05-14,PARADIP,12,35.3,88.7,MEDIUM,SYNTHETIC_GENERATOR_V1,SYNTHETIC
PA_006349,2025-05-15,PARADIP,9,22.4,76.0,LOW,SYNTHETIC_GENERATOR_V1,SYNTHETIC
PA_006350,2025-05-16,PARADIP,9,22.8,73.1,LOW,SYNTHETIC_GENERATOR_V1,SYNTHETIC
PA_006351,2025-05-17,PARADIP,14,41.5,95.2,MEDIUM,SYNTHETIC_GENERATOR_V1,SYNTHETIC
PA_006352,2025-05-18,PARADIP,10,26.1,75.7,MEDIUM,SYNTHETIC_GENERATOR_V1,SYNTHETIC
PA_006353,2025-05-19,PARADIP,9,19.6,68.1,LOW,SYNTHETIC_GENERATOR_V1,SYNTHETIC
PA_006354,2025-05-20,PARADIP,20,65.3,116.5,HIGH,SYNTHETIC_GENERATOR_V1,SYNTHETIC
PA_006355,2025-05-21,PARADIP,10,22.9,75.1,LOW,SYNTHETIC_GENERATOR_V1,SYNTHETIC
PA_006356,2025-05-22,PARADIP,9,23.4,75.4,LOW,SYNTHETIC_GENERATOR_V1,SYNTHETIC
PA_006357,2025-05-23,PARADIP,11,29.1,73.3,MEDIUM,SYNTHETIC_GENERATOR_V1,SYNTHETIC
PA_006358,2025-05-24,PARADIP,10,26.0,85.1,MEDIUM,SYNTHETIC_GENERATOR_V1,SYNTHETIC
PA_006359,2025-05-25,PARADIP,13,36.1,91.9,MEDIUM,SYNTHETIC_GENERATOR_V1,SYNTHETIC
PA_006360,2025-05-26,PARADIP,13,40.4,94.1,MEDIUM,SYNTHETIC_GENERATOR_V1,SYNTHETIC
PA_006361,2025-05-27,PARADIP,18,60.8,108.4,HIGH,SYNTHETIC_GENERATOR_V1,SYNTHETIC
PA_006362,2025-05-28,PARADIP,12,29.2,90.1,MEDIUM,SYNTHETIC_GENERATOR_V1,SYNTHETIC
PA_006363,2025-05-29,PARADIP,13,35.9,79.3,MEDIUM,SYNTHETIC_GENERATOR_V1,SYNTHETIC
PA_006364,2025-05-30,PARADIP,9,21.4,75.2,LOW,SYNTHETIC_GENERATOR_V1,SYNTHETIC
PA_006365,2025-05-31,PARADIP,12,36.9,85.5,MEDIUM,SYNTHETIC_GENERATOR_V1,SYNTHETIC
PA_006366,2025-06-01,PARADIP,10,23.9,84.2,LOW,SYNTHETIC_GENERATOR_V1,SYNTHETIC
PA_006367,2025-06-02,PARADIP,13,41.1,89.8,MEDIUM,SYNTHETIC_GENERATOR_V1,SYNTHETIC
PA_006368,2025-06-03,PARADIP,17,53.7,106.1,MEDIUM,SYNTHETIC_GENERATOR_V1,SYNTHETIC
PA_006369,2025-06-04,PARADIP,15,45.2,98.5,MEDIUM,SYNTHETIC_GENERATOR_V1,SYNTHETIC
PA_006370,2025-06-05,PARADIP,11,24.4,74.9,MEDIUM,SYNTHETIC_GENERATOR_V1,SYNTHETIC
PA_006371,2025-06-06,PARADIP,9,21.0,80.8,LOW,SYNTHETIC_GENERATOR_V1,SYNTHETIC
PA_006372,2025-06-07,PARADIP,11,34.6,90.9,MEDIUM,SYNTHETIC_GENERATOR_V1,SYNTHETIC
PA_006373,2025-06-08,PARADIP,8,18.2,71.4,LOW,SYNTHETIC_GENERATOR_V1,SYNTHETIC
PA_006374,2025-06-09,PARADIP,11,30.2,77.2,MEDIUM,SYNTHETIC_GENERATOR_V1,SYNTHETIC
PA_006375,2025-06-10,PARADIP,17,60.2,108.2,HIGH,SYNTHETIC_GENERATOR_V1,SYNTHETIC
PA_006376,2025-06-11,PARADIP,16,57.2,105.6,MEDIUM,SYNTHETIC_GENERATOR_V1,SYNTHETIC
PA_006377,2025-06-12,PARADIP,8,16.2,68.3,LOW,SYNTHETIC_GENERATOR_V1,SYNTHETIC
PA_006378,2025-06-13,PARADIP,14,47.3,98.2,MEDIUM,SYNTHETIC_GENERATOR_V1,SYNTHETIC
PA_006379,2025-06-14,PARADIP,13,41.2,89.8,MEDIUM,SYNTHETIC_GENERATOR_V1,SYNTHETIC
PA_006380,2025-06-15,PARADIP,12,31.8,85.6,MEDIUM,SYNTHETIC_GENERATOR_V1,SYNTHETIC
PA_006381,2025-06-16,PARADIP,10,23.7,79.8,LOW,SYNTHETIC_GENERATOR_V1,SYNTHETIC
PA_006382,2025-06-17,PARADIP,8,21.5,81.5,LOW,SYNTHETIC_GENERATOR_V1,SYNTHETIC
PA_006383,2025-06-18,PARADIP,12,29.8,72.1,MEDIUM,SYNTHETIC_GENERATOR_V1,SYNTHETIC
PA_006384,2025-06-19,PARADIP,13,31.9,81.6,MEDIUM,SYNTHETIC_GENERATOR_V1,SYNTHETIC
PA_006385,2025-06-20,PARADIP,14,41.7,90.3,MEDIUM,SYNTHETIC_GENERATOR_V1,SYNTHETIC
PA_006386,2025-06-21,PARADIP,10,29.7,82.4,MEDIUM,SYNTHETIC_GENERATOR_V1,SYNTHETIC
PA_006387,2025-06-22,PARADIP,15,43.1,91.3,MEDIUM,SYNTHETIC_GENERATOR_V1,SYNTHETIC
PA_006388,2025-06-23,PARADIP,10,23.2,68.1,LOW,SYNTHETIC_GENERATOR_V1,SYNTHETIC
PA_006389,2025-06-24,PARADIP,10,21.7,73.2,LOW,SYNTHETIC_GENERATOR_V1,SYNTHETIC
PA_006390,2025-06-25,PARADIP,14,40.8,93.5,MEDIUM,SYNTHETIC_GENERATOR_V1,SYNTHETIC
PA_006391,2025-06-26,PARADIP,12,33.5,79.3,MEDIUM,SYNTHETIC_GENERATOR_V1,SYNTHETIC
PA_006392,2025-06-27,PARADIP,8,17.3,66.1,LOW,SYNTHETIC_GENERATOR_V1,SYNTHETIC
PA_006393,2025-06-28,PARADIP,12,35.1,81.8,MEDIUM,SYNTHETIC_GENERATOR_V1,SYNTHETIC
PA_006394,2025-06-29,PARADIP,11,29.6,77.2,MEDIUM,SYNTHETIC_GENERATOR_V1,SYNTHETIC
PA_006395,2025-06-30,PARADIP,18,63.4,117.0,HIGH,SYNTHETIC_GENERATOR_V1,SYNTHETIC
PA_006396,2025-07-01,PARADIP,9,16.8,65.7,LOW,SYNTHETIC_GENERATOR_V1,SYNTHETIC
PA_006397,2025-07-02,PARADIP,15,45.6,96.0,MEDIUM,SYNTHETIC_GENERATOR_V1,SYNTHETIC
PA_006398,2025-07-03,PARADIP,9,26.0,72.1,MEDIUM,SYNTHETIC_GENERATOR_V1,SYNTHETIC
PA_006399,2025-07-04,PARADIP,15,46.9,98.5,MEDIUM,SYNTHETIC_GENERATOR_V1,SYNTHETIC
PA_006400,2025-07-05,PARADIP,6,16.9,68.8,LOW,SYNTHETIC_GENERATOR_V1,SYNTHETIC
PA_006401,2025-07-06,PARADIP,13,32.8,85.1,MEDIUM,SYNTHETIC_GENERATOR_V1,SYNTHETIC
PA_006402,2025-07-07,PARADIP,17,51.0,97.3,MEDIUM,SYNTHETIC_GENERATOR_V1,SYNTHETIC
PA_006403,2025-07-08,PARADIP,8,19.5,71.4,LOW,SYNTHETIC_GENERATOR_V1,SYNTHETIC
PA_006404,2025-07-09,PARADIP,10,24.6,74.1,MEDIUM,SYNTHETIC_GENERATOR_V1,SYNTHETIC
PA_006405,2025-07-10,PARADIP,5,5.5,51.5,LOW,SYNTHETIC_GENERATOR_V1,SYNTHETIC
PA_006406,2025-07-11,PARADIP,9,18.3,63.7,LOW,SYNTHETIC_GENERATOR_V1,SYNTHETIC
PA_006407,2025-07-12,PARADIP,7,12.5,63.3,LOW,SYNTHETIC_GENERATOR_V1,SYNTHETIC
PA_006408,2025-07-13,PARADIP,15,43.8,92.6,MEDIUM,SYNTHETIC_GENERATOR_V1,SYNTHETIC
PA_006409,2025-07-14,PARADIP,10,24.0,75.5,MEDIUM,SYNTHETIC_GENERATOR_V1,SYNTHETIC
PA_006410,2025-07-15,PARADIP,15,46.1,100.2,MEDIUM,SYNTHETIC_GENERATOR_V1,SYNTHETIC
PA_006411,2025-07-16,PARADIP,8,15.1,66.4,LOW,SYNTHETIC_GENERATOR_V1,SYNTHETIC
PA_006412,2025-07-17,PARADIP,9,24.5,76.8,MEDIUM,SYNTHETIC_GENERATOR_V1,SYNTHETIC
PA_006413,2025-07-18,PARADIP,8,14.0,70.0,LOW,SYNTHETIC_GENERATOR_V1,SYNTHETIC
PA_006414,2025-07-19,PARADIP,12,29.1,82.4,MEDIUM,SYNTHETIC_GENERATOR_V1,SYNTHETIC
PA_006415,2025-07-20,PARADIP,15,40.5,99.1,MEDIUM,SYNTHETIC_GENERATOR_V1,SYNTHETIC
PA_006416,2025-07-21,PARADIP,18,52.6,112.9,MEDIUM,SYNTHETIC_GENERATOR_V1,SYNTHETIC
PA_006417,2025-07-22,PARADIP,8,11.6,60.8,LOW,SYNTHETIC_GENERATOR_V1,SYNTHETIC
PA_006418,2025-07-23,PARADIP,15,32.7,85.1,MEDIUM,SYNTHETIC_GENERATOR_V1,SYNTHETIC
PA_006419,2025-07-24,PARADIP,6,9.8,57.3,LOW,SYNTHETIC_GENERATOR_V1,SYNTHETIC
PA_006420,2025-07-25,PARADIP,18,59.8,119.2,MEDIUM,SYNTHETIC_GENERATOR_V1,SYNTHETIC
PA_006421,2025-07-26,PARADIP,19,59.8,112.8,MEDIUM,SYNTHETIC_GENERATOR_V1,SYNTHETIC
PA_006422,2025-07-27,PARADIP,9,26.8,74.7,MEDIUM,SYNTHETIC_GENERATOR_V1,SYNTHETIC
PA_006423,2025-07-28,PARADIP,12,34.8,82.7,MEDIUM,SYNTHETIC_GENERATOR_V1,SYNTHETIC
PA_006424,2025-07-29,PARADIP,8,17.1,69.2,LOW,SYNTHETIC_GENERATOR_V1,SYNTHETIC
PA_006425,2025-07-30,PARADIP,14,43.1,97.2,MEDIUM,SYNTHETIC_GENERATOR_V1,SYNTHETIC
PA_006426,2025-07-31,PARADIP,17,49.9,100.7,MEDIUM,SYNTHETIC_GENERATOR_V1,SYNTHETIC
PA_006427,2025-08-01,PARADIP,7,11.8,60.2,LOW,SYNTHETIC_GENERATOR_V1,SYNTHETIC
PA_006428,2025-08-02,PARADIP,18,60.4,107.7,HIGH,SYNTHETIC_GENERATOR_V1,SYNTHETIC
PA_006429,2025-08-03,PARADIP,14,40.9,91.2,MEDIUM,SYNTHETIC_GENERATOR_V1,SYNTHETIC
PA_006430,2025-08-04,PARADIP,13,35.6,92.4,MEDIUM,SYNTHETIC_GENERATOR_V1,SYNTHETIC
PA_006431,2025-08-05,PARADIP,18,59.8,115.2,MEDIUM,SYNTHETIC_GENERATOR_V1,SYNTHETIC
PA_006432,2025-08-06,PARADIP,15,40.8,89.2,MEDIUM,SYNTHETIC_GENERATOR_V1,SYNTHETIC
PA_006433,2025-08-07,PARADIP,9,22.3,74.7,LOW,SYNTHETIC_GENERATOR_V1,SYNTHETIC
PA_006434,2025-08-08,PARADIP,13,42.3,96.4,MEDIUM,SYNTHETIC_GENERATOR_V1,SYNTHETIC
PA_006435,2025-08-09,PARADIP,14,38.7,86.7,MEDIUM,SYNTHETIC_GENERATOR_V1,SYNTHETIC
PA_006436,2025-08-10,PARADIP,11,27.2,76.6,MEDIUM,SYNTHETIC_GENERATOR_V1,SYNTHETIC
PA_006437,2025-08-11,PARADIP,6,8.4,58.4,LOW,SYNTHETIC_GENERATOR_V1,SYNTHETIC
PA_006438,2025-08-12,PARADIP,17,53.2,98.3,MEDIUM,SYNTHETIC_GENERATOR_V1,SYNTHETIC
PA_006439,2025-08-13,PARADIP,11,29.1,80.1,MEDIUM,SYNTHETIC_GENERATOR_V1,SYNTHETIC
PA_006440,2025-08-14,PARADIP,9,20.0,74.8,LOW,SYNTHETIC_GENERATOR_V1,SYNTHETIC
PA_006441,2025-08-15,PARADIP,14,38.1,91.3,MEDIUM,SYNTHETIC_GENERATOR_V1,SYNTHETIC
PA_006442,2025-08-16,PARADIP,10,25.6,80.7,MEDIUM,SYNTHETIC_GENERATOR_V1,SYNTHETIC
PA_006443,2025-08-17,PARADIP,11,28.4,74.7,MEDIUM,SYNTHETIC_GENERATOR_V1,SYNTHETIC
PA_006444,2025-08-18,PARADIP,8,17.3,65.6,LOW,SYNTHETIC_GENERATOR_V1,SYNTHETIC
PA_006445,2025-08-19,PARADIP,13,43.0,94.1,MEDIUM,SYNTHETIC_GENERATOR_V1,SYNTHETIC
PA_006446,2025-08-20,PARADIP,17,51.8,95.6,MEDIUM,SYNTHETIC_GENERATOR_V1,SYNTHETIC
PA_006447,2025-08-21,PARADIP,18,62.1,119.5,HIGH,SYNTHETIC_GENERATOR_V1,SYNTHETIC
PA_006448,2025-08-22,PARADIP,13,34.4,87.3,MEDIUM,SYNTHETIC_GENERATOR_V1,SYNTHETIC
PA_006449,2025-08-23,PARADIP,5,12.4,61.4,LOW,SYNTHETIC_GENERATOR_V1,SYNTHETIC
PA_006450,2025-08-24,PARADIP,11,27.9,77.7,MEDIUM,SYNTHETIC_GENERATOR_V1,SYNTHETIC
PA_006451,2025-08-25,PARADIP,13,40.0,89.5,MEDIUM,SYNTHETIC_GENERATOR_V1,SYNTHETIC
PA_006452,2025-08-26,PARADIP,13,34.6,85.9,MEDIUM,SYNTHETIC_GENERATOR_V1,SYNTHETIC
PA_006453,2025-08-27,PARADIP,17,56.5,109.0,MEDIUM,SYNTHETIC_GENERATOR_V1,SYNTHETIC
PA_006454,2025-08-28,PARADIP,13,36.3,90.0,MEDIUM,SYNTHETIC_GENERATOR_V1,SYNTHETIC
PA_006455,2025-08-29,PARADIP,9,14.1,63.3,LOW,SYNTHETIC_GENERATOR_V1,SYNTHETIC
PA_006456,2025-08-30,PARADIP,12,34.9,84.7,MEDIUM,SYNTHETIC_GENERATOR_V1,SYNTHETIC
PA_006457,2025-08-31,PARADIP,14,38.1,90.1,MEDIUM,SYNTHETIC_GENERATOR_V1,SYNTHETIC
PA_006458,2025-09-01,PARADIP,14,33.3,90.6,MEDIUM,SYNTHETIC_GENERATOR_V1,SYNTHETIC
PA_006459,2025-09-02,PARADIP,10,19.1,74.6,LOW,SYNTHETIC_GENERATOR_V1,SYNTHETIC
PA_006460,2025-09-03,PARADIP,7,19.3,74.5,LOW,SYNTHETIC_GENERATOR_V1,SYNTHETIC
PA_006461,2025-09-04,PARADIP,16,49.0,106.6,MEDIUM,SYNTHETIC_GENERATOR_V1,SYNTHETIC
PA_006462,2025-09-05,PARADIP,16,51.5,100.2,MEDIUM,SYNTHETIC_GENERATOR_V1,SYNTHETIC
PA_006463,2025-09-06,PARADIP,17,54.1,104.1,MEDIUM,SYNTHETIC_GENERATOR_V1,SYNTHETIC
PA_006464,2025-09-07,PARADIP,10,22.1,72.3,LOW,SYNTHETIC_GENERATOR_V1,SYNTHETIC
PA_006465,2025-09-08,PARADIP,12,33.6,85.0,MEDIUM,SYNTHETIC_GENERATOR_V1,SYNTHETIC
PA_006466,2025-09-09,PARADIP,10,30.4,84.5,MEDIUM,SYNTHETIC_GENERATOR_V1,SYNTHETIC
PA_006467,2025-09-10,PARADIP,17,59.9,114.0,MEDIUM,SYNTHETIC_GENERATOR_V1,SYNTHETIC
PA_006468,2025-09-11,PARADIP,6,10.6,63.3,LOW,SYNTHETIC_GENERATOR_V1,SYNTHETIC
PA_006469,2025-09-12,PARADIP,12,32.8,87.3,MEDIUM,SYNTHETIC_GENERATOR_V1,SYNTHETIC
PA_006470,2025-09-13,PARADIP,10,26.8,77.7,MEDIUM,SYNTHETIC_GENERATOR_V1,SYNTHETIC
PA_006471,2025-09-14,PARADIP,12,31.3,83.9,MEDIUM,SYNTHETIC_GENERATOR_V1,SYNTHETIC
PA_006472,2025-09-15,PARADIP,15,39.6,93.3,MEDIUM,SYNTHETIC_GENERATOR_V1,SYNTHETIC
PA_006473,2025-09-16,PARADIP,8,14.5,61.7,LOW,SYNTHETIC_GENERATOR_V1,SYNTHETIC
PA_006474,2025-09-17,PARADIP,14,36.4,90.6,MEDIUM,SYNTHETIC_GENERATOR_V1,SYNTHETIC
PA_006475,2025-09-18,PARADIP,12,32.7,85.8,MEDIUM,SYNTHETIC_GENERATOR_V1,SYNTHETIC
PA_006476,2025-09-19,PARADIP,11,30.4,73.6,MEDIUM,SYNTHETIC_GENERATOR_V1,SYNTHETIC
PA_006477,2025-09-20,PARADIP,9,20.4,73.9,LOW,SYNTHETIC_GENERATOR_V1,SYNTHETIC
PA_006478,2025-09-21,PARADIP,18,56.1,113.6,MEDIUM,SYNTHETIC_GENERATOR_V1,SYNTHETIC
PA_006479,2025-09-22,PARADIP,12,34.3,84.7,MEDIUM,SYNTHETIC_GENERATOR_V1,SYNTHETIC
PA_006480,2025-09-23,PARADIP,15,53.5,105.0,MEDIUM,SYNTHETIC_GENERATOR_V1,SYNTHETIC
PA_006481,2025-09-24,PARADIP,15,46.1,98.9,MEDIUM,SYNTHETIC_GENERATOR_V1,SYNTHETIC
PA_006482,2025-09-25,PARADIP,8,14.1,69.5,LOW,SYNTHETIC_GENERATOR_V1,SYNTHETIC
PA_006483,2025-09-26,PARADIP,13,38.4,95.3,MEDIUM,SYNTHETIC_GENERATOR_V1,SYNTHETIC
PA_006484,2025-09-27,PARADIP,10,26.0,68.2,MEDIUM,SYNTHETIC_GENERATOR_V1,SYNTHETIC
PA_006485,2025-09-28,PARADIP,10,27.2,80.2,MEDIUM,SYNTHETIC_GENERATOR_V1,SYNTHETIC
PA_006486,2025-09-29,PARADIP,16,51.9,103.5,MEDIUM,SYNTHETIC_GENERATOR_V1,SYNTHETIC
PA_006487,2025-09-30,PARADIP,10,26.2,78.6,MEDIUM,SYNTHETIC_GENERATOR_V1,SYNTHETIC
PA_006488,2025-10-01,PARADIP,9,23.7,75.6,LOW,SYNTHETIC_GENERATOR_V1,SYNTHETIC
PA_006489,2025-10-02,PARADIP,20,67.6,119.8,HIGH,SYNTHETIC_GENERATOR_V1,SYNTHETIC
PA_006490,2025-10-03,PARADIP,10,20.4,75.9,LOW,SYNTHETIC_GENERATOR_V1,SYNTHETIC
PA_006491,2025-10-04,PARADIP,14,40.8,89.4,MEDIUM,SYNTHETIC_GENERATOR_V1,SYNTHETIC
PA_006492,2025-10-05,PARADIP,12,32.8,83.9,MEDIUM,SYNTHETIC_GENERATOR_V1,SYNTHETIC
PA_006493,2025-10-06,PARADIP,11,25.7,80.2,MEDIUM,SYNTHETIC_GENERATOR_V1,SYNTHETIC
PA_006494,2025-10-07,PARADIP,10,27.1,79.2,MEDIUM,SYNTHETIC_GENERATOR_V1,SYNTHETIC
PA_006495,2025-10-08,PARADIP,9,19.1,71.9,LOW,SYNTHETIC_GENERATOR_V1,SYNTHETIC
PA_006496,2025-10-09,PARADIP,12,33.8,87.1,MEDIUM,SYNTHETIC_GENERATOR_V1,SYNTHETIC
PA_006497,2025-10-10,PARADIP,13,39.5,87.5,MEDIUM,SYNTHETIC_GENERATOR_V1,SYNTHETIC
PA_006498,2025-10-11,PARADIP,15,46.6,96.6,MEDIUM,SYNTHETIC_GENERATOR_V1,SYNTHETIC
PA_006499,2025-10-12,PARADIP,9,20.8,68.6,LOW,SYNTHETIC_GENERATOR_V1,SYNTHETIC
PA_006500,2025-10-13,PARADIP,11,23.5,69.0,LOW,SYNTHETIC_GENERATOR_V1,SYNTHETIC
PA_006501,2025-10-14,PARADIP,19,60.7,113.1,HIGH,SYNTHETIC_GENERATOR_V1,SYNTHETIC
PA_006502,2025-10-15,PARADIP,12,31.8,77.9,MEDIUM,SYNTHETIC_GENERATOR_V1,SYNTHETIC
PA_006503,2025-10-16,PARADIP,11,24.0,75.5,MEDIUM,SYNTHETIC_GENERATOR_V1,SYNTHETIC
PA_006504,2025-10-17,PARADIP,12,41.2,93.2,MEDIUM,SYNTHETIC_GENERATOR_V1,SYNTHETIC
PA_006505,2025-10-18,PARADIP,15,44.4,97.1,MEDIUM,SYNTHETIC_GENERATOR_V1,SYNTHETIC
PA_006506,2025-10-19,PARADIP,9,25.5,80.6,MEDIUM,SYNTHETIC_GENERATOR_V1,SYNTHETIC
PA_006507,2025-10-20,PARADIP,21,69.8,123.1,HIGH,SYNTHETIC_GENERATOR_V1,SYNTHETIC
PA_006508,2025-10-21,PARADIP,11,29.8,90.8,MEDIUM,SYNTHETIC_GENERATOR_V1,SYNTHETIC
PA_006509,2025-10-22,PARADIP,12,32.8,85.0,MEDIUM,SYNTHETIC_GENERATOR_V1,SYNTHETIC
PA_006510,2025-10-23,PARADIP,13,37.0,82.5,MEDIUM,SYNTHETIC_GENERATOR_V1,SYNTHETIC
PA_006511,2025-10-24,PARADIP,14,40.5,91.5,MEDIUM,SYNTHETIC_GENERATOR_V1,SYNTHETIC
PA_006512,2025-10-25,PARADIP,13,37.8,96.9,MEDIUM,SYNTHETIC_GENERATOR_V1,SYNTHETIC
PA_006513,2025-10-26,PARADIP,13,35.3,84.0,MEDIUM,SYNTHETIC_GENERATOR_V1,SYNTHETIC
PA_006514,2025-10-27,PARADIP,16,45.3,98.0,MEDIUM,SYNTHETIC_GENERATOR_V1,SYNTHETIC
PA_006515,2025-10-28,PARADIP,11,31.1,75.4,MEDIUM,SYNTHETIC_GENERATOR_V1,SYNTHETIC
PA_006516,2025-10-29,PARADIP,14,35.8,88.0,MEDIUM,SYNTHETIC_GENERATOR_V1,SYNTHETIC
PA_006517,2025-10-30,PARADIP,9,21.2,67.0,LOW,SYNTHETIC_GENERATOR_V1,SYNTHETIC
PA_006518,2025-10-31,PARADIP,9,19.3,76.5,LOW,SYNTHETIC_GENERATOR_V1,SYNTHETIC
PA_006519,2025-11-01,PARADIP,18,58.3,111.9,MEDIUM,SYNTHETIC_GENERATOR_V1,SYNTHETIC
PA_006520,2025-11-02,PARADIP,15,47.1,96.4,MEDIUM,SYNTHETIC_GENERATOR_V1,SYNTHETIC
PA_006521,2025-11-03,PARADIP,15,43.4,95.4,MEDIUM,SYNTHETIC_GENERATOR_V1,SYNTHETIC
PA_006522,2025-11-04,PARADIP,7,15.5,69.4,LOW,SYNTHETIC_GENERATOR_V1,SYNTHETIC
PA_006523,2025-11-05,PARADIP,9,21.2,65.8,LOW,SYNTHETIC_GENERATOR_V1,SYNTHETIC
PA_006524,2025-11-06,PARADIP,16,54.5,110.5,MEDIUM,SYNTHETIC_GENERATOR_V1,SYNTHETIC
PA_006525,2025-11-07,PARADIP,12,37.2,83.3,MEDIUM,SYNTHETIC_GENERATOR_V1,SYNTHETIC
PA_006526,2025-11-08,PARADIP,9,18.2,71.2,LOW,SYNTHETIC_GENERATOR_V1,SYNTHETIC
PA_006527,2025-11-09,PARADIP,16,43.7,93.4,MEDIUM,SYNTHETIC_GENERATOR_V1,SYNTHETIC
PA_006528,2025-11-10,PARADIP,8,14.3,65.7,LOW,SYNTHETIC_GENERATOR_V1,SYNTHETIC
PA_006529,2025-11-11,PARADIP,16,48.5,93.3,MEDIUM,SYNTHETIC_GENERATOR_V1,SYNTHETIC
PA_006530,2025-11-12,PARADIP,11,27.1,77.0,MEDIUM,SYNTHETIC_GENERATOR_V1,SYNTHETIC
PA_006531,2025-11-13,PARADIP,15,46.4,105.8,MEDIUM,SYNTHETIC_GENERATOR_V1,SYNTHETIC
PA_006532,2025-11-14,PARADIP,7,12.1,71.6,LOW,SYNTHETIC_GENERATOR_V1,SYNTHETIC
PA_006533,2025-11-15,PARADIP,11,27.6,80.2,MEDIUM,SYNTHETIC_GENERATOR_V1,SYNTHETIC
PA_006534,2025-11-16,PARADIP,6,10.6,64.3,LOW,SYNTHETIC_GENERATOR_V1,SYNTHETIC
PA_006535,2025-11-17,PARADIP,6,12.6,64.2,LOW,SYNTHETIC_GENERATOR_V1,SYNTHETIC
PA_006536,2025-11-18,PARADIP,5,9.1,58.5,LOW,SYNTHETIC_GENERATOR_V1,SYNTHETIC
PA_006537,2025-11-19,PARADIP,11,25.3,81.9,MEDIUM,SYNTHETIC_GENERATOR_V1,SYNTHETIC
PA_006538,2025-11-20,PARADIP,11,22.6,79.6,LOW,SYNTHETIC_GENERATOR_V1,SYNTHETIC
PA_006539,2025-11-21,PARADIP,11,31.1,82.4,MEDIUM,SYNTHETIC_GENERATOR_V1,SYNTHETIC
PA_006540,2025-11-22,PARADIP,16,53.0,108.7,MEDIUM,SYNTHETIC_GENERATOR_V1,SYNTHETIC
PA_006541,2025-11-23,PARADIP,16,52.3,105.7,MEDIUM,SYNTHETIC_GENERATOR_V1,SYNTHETIC
PA_006542,2025-11-24,PARADIP,15,45.0,98.7,MEDIUM,SYNTHETIC_GENERATOR_V1,SYNTHETIC
PA_006543,2025-11-25,PARADIP,11,29.6,80.9,MEDIUM,SYNTHETIC_GENERATOR_V1,SYNTHETIC
PA_006544,2025-11-26,PARADIP,15,47.0,104.6,MEDIUM,SYNTHETIC_GENERATOR_V1,SYNTHETIC
PA_006545,2025-11-27,PARADIP,11,25.5,73.3,MEDIUM,SYNTHETIC_GENERATOR_V1,SYNTHETIC
PA_006546,2025-11-28,PARADIP,12,27.0,82.3,MEDIUM,SYNTHETIC_GENERATOR_V1,SYNTHETIC
PA_006547,2025-11-29,PARADIP,14,48.3,95.7,MEDIUM,SYNTHETIC_GENERATOR_V1,SYNTHETIC
PA_006548,2025-11-30,PARADIP,9,18.1,72.5,LOW,SYNTHETIC_GENERATOR_V1,SYNTHETIC
PA_006549,2025-12-01,PARADIP,10,23.4,80.7,LOW,SYNTHETIC_GENERATOR_V1,SYNTHETIC
PA_006550,2025-12-02,PARADIP,14,33.4,81.5,MEDIUM,SYNTHETIC_GENERATOR_V1,SYNTHETIC
PA_006551,2025-12-03,PARADIP,8,16.5,73.0,LOW,SYNTHETIC_GENERATOR_V1,SYNTHETIC
PA_006552,2025-12-04,PARADIP,20,69.2,121.7,HIGH,SYNTHETIC_GENERATOR_V1,SYNTHETIC
PA_006553,2025-12-05,PARADIP,10,24.4,77.6,MEDIUM,SYNTHETIC_GENERATOR_V1,SYNTHETIC
PA_006554,2025-12-06,PARADIP,10,23.1,79.3,LOW,SYNTHETIC_GENERATOR_V1,SYNTHETIC
PA_006555,2025-12-07,PARADIP,16,51.9,106.4,MEDIUM,SYNTHETIC_GENERATOR_V1,SYNTHETIC
PA_006556,2025-12-08,PARADIP,7,18.3,65.8,LOW,SYNTHETIC_GENERATOR_V1,SYNTHETIC
PA_006557,2025-12-09,PARADIP,12,28.6,87.8,MEDIUM,SYNTHETIC_GENERATOR_V1,SYNTHETIC
PA_006558,2025-12-10,PARADIP,11,32.2,79.3,MEDIUM,SYNTHETIC_GENERATOR_V1,SYNTHETIC
PA_006559,2025-12-11,PARADIP,9,19.2,68.1,LOW,SYNTHETIC_GENERATOR_V1,SYNTHETIC
PA_006560,2025-12-12,PARADIP,13,38.9,95.3,MEDIUM,SYNTHETIC_GENERATOR_V1,SYNTHETIC
PA_006561,2025-12-13,PARADIP,10,29.4,82.6,MEDIUM,SYNTHETIC_GENERATOR_V1,SYNTHETIC
PA_006562,2025-12-14,PARADIP,9,18.7,72.9,LOW,SYNTHETIC_GENERATOR_V1,SYNTHETIC
PA_006563,2025-12-15,PARADIP,12,29.9,85.3,MEDIUM,SYNTHETIC_GENERATOR_V1,SYNTHETIC
PA_006564,2025-12-16,PARADIP,7,16.0,72.2,LOW,SYNTHETIC_GENERATOR_V1,SYNTHETIC
PA_006565,2025-12-17,PARADIP,12,29.9,84.7,MEDIUM,SYNTHETIC_GENERATOR_V1,SYNTHETIC
PA_006566,2025-12-18,PARADIP,10,27.1,73.9,MEDIUM,SYNTHETIC_GENERATOR_V1,SYNTHETIC
PA_006567,2025-12-19,PARADIP,10,29.8,82.0,MEDIUM,SYNTHETIC_GENERATOR_V1,SYNTHETIC
PA_006568,2025-12-20,PARADIP,8,20.1,75.9,LOW,SYNTHETIC_GENERATOR_V1,SYNTHETIC
PA_006569,2025-12-21,PARADIP,19,63.1,119.4,HIGH,SYNTHETIC_GENERATOR_V1,SYNTHETIC
PA_006570,2025-12-22,PARADIP,14,48.4,106.3,MEDIUM,SYNTHETIC_GENERATOR_V1,SYNTHETIC
PA_006571,2025-12-23,PARADIP,12,31.3,89.3,MEDIUM,SYNTHETIC_GENERATOR_V1,SYNTHETIC
PA_006572,2025-12-24,PARADIP,10,30.3,86.2,MEDIUM,SYNTHETIC_GENERATOR_V1,SYNTHETIC
PA_006573,2025-12-25,PARADIP,9,17.3,70.7,LOW,SYNTHETIC_GENERATOR_V1,SYNTHETIC
PA_006574,2025-12-26,PARADIP,13,34.8,83.7,MEDIUM,SYNTHETIC_GENERATOR_V1,SYNTHETIC
PA_006575,2025-12-27,PARADIP,8,15.5,66.7,LOW,SYNTHETIC_GENERATOR_V1,SYNTHETIC
PA_006576,2025-12-28,PARADIP,9,23.4,73.6,LOW,SYNTHETIC_GENERATOR_V1,SYNTHETIC
PA_006577,2025-12-29,PARADIP,13,35.6,84.6,MEDIUM,SYNTHETIC_GENERATOR_V1,SYNTHETIC
PA_006578,2025-12-30,PARADIP,8,17.4,76.9,LOW,SYNTHETIC_GENERATOR_V1,SYNTHETIC
PA_006579,2025-12-31,PARADIP,8,20.2,69.9,LOW,SYNTHETIC_GENERATOR_V1,SYNTHETIC
PA_006580,2024-01-01,VISAKHAPATNAM,14,48.1,95.0,MEDIUM,SYNTHETIC_GENERATOR_V1,SYNTHETIC
PA_006581,2024-01-02,VISAKHAPATNAM,12,35.7,82.1,MEDIUM,SYNTHETIC_GENERATOR_V1,SYNTHETIC
PA_006582,2024-01-03,VISAKHAPATNAM,13,40.0,87.6,MEDIUM,SYNTHETIC_GENERATOR_V1,SYNTHETIC
PA_006583,2024-01-04,VISAKHAPATNAM,12,34.5,81.4,MEDIUM,SYNTHETIC_GENERATOR_V1,SYNTHETIC
PA_006584,2024-01-05,VISAKHAPATNAM,7,18.8,65.0,LOW,SYNTHETIC_GENERATOR_V1,SYNTHETIC
PA_006585,2024-01-06,VISAKHAPATNAM,15,50.3,97.5,MEDIUM,SYNTHETIC_GENERATOR_V1,SYNTHETIC
PA_006586,2024-01-07,VISAKHAPATNAM,12,37.0,86.7,MEDIUM,SYNTHETIC_GENERATOR_V1,SYNTHETIC
PA_006587,2024-01-08,VISAKHAPATNAM,12,33.5,86.7,MEDIUM,SYNTHETIC_GENERATOR_V1,SYNTHETIC
PA_006588,2024-01-09,VISAKHAPATNAM,9,21.4,66.7,LOW,SYNTHETIC_GENERATOR_V1,SYNTHETIC
PA_006589,2024-01-10,VISAKHAPATNAM,8,21.4,73.5,LOW,SYNTHETIC_GENERATOR_V1,SYNTHETIC
PA_006590,2024-01-11,VISAKHAPATNAM,10,31.0,79.3,MEDIUM,SYNTHETIC_GENERATOR_V1,SYNTHETIC
PA_006591,2024-01-12,VISAKHAPATNAM,16,51.7,104.5,MEDIUM,SYNTHETIC_GENERATOR_V1,SYNTHETIC
PA_006592,2024-01-13,VISAKHAPATNAM,11,29.0,69.1,MEDIUM,SYNTHETIC_GENERATOR_V1,SYNTHETIC
PA_006593,2024-01-14,VISAKHAPATNAM,14,40.0,88.2,MEDIUM,SYNTHETIC_GENERATOR_V1,SYNTHETIC
PA_006594,2024-01-15,VISAKHAPATNAM,13,41.8,88.1,MEDIUM,SYNTHETIC_GENERATOR_V1,SYNTHETIC
PA_006595,2024-01-16,VISAKHAPATNAM,13,43.1,89.3,MEDIUM,SYNTHETIC_GENERATOR_V1,SYNTHETIC
PA_006596,2024-01-17,VISAKHAPATNAM,9,25.5,70.6,MEDIUM,SYNTHETIC_GENERATOR_V1,SYNTHETIC
PA_006597,2024-01-18,VISAKHAPATNAM,13,39.8,80.6,MEDIUM,SYNTHETIC_GENERATOR_V1,SYNTHETIC
PA_006598,2024-01-19,VISAKHAPATNAM,9,23.4,68.1,LOW,SYNTHETIC_GENERATOR_V1,SYNTHETIC
PA_006599,2024-01-20,VISAKHAPATNAM,9,26.3,81.8,MEDIUM,SYNTHETIC_GENERATOR_V1,SYNTHETIC
PA_006600,2024-01-21,VISAKHAPATNAM,8,20.1,64.6,LOW,SYNTHETIC_GENERATOR_V1,SYNTHETIC
PA_006601,2024-01-22,VISAKHAPATNAM,15,45.6,99.2,MEDIUM,SYNTHETIC_GENERATOR_V1,SYNTHETIC
PA_006602,2024-01-23,VISAKHAPATNAM,16,56.2,101.9,MEDIUM,SYNTHETIC_GENERATOR_V1,SYNTHETIC
PA_006603,2024-01-24,VISAKHAPATNAM,14,48.8,93.6,MEDIUM,SYNTHETIC_GENERATOR_V1,SYNTHETIC
PA_006604,2024-01-25,VISAKHAPATNAM,11,26.2,72.1,MEDIUM,SYNTHETIC_GENERATOR_V1,SYNTHETIC
PA_006605,2024-01-26,VISAKHAPATNAM,9,20.2,69.4,LOW,SYNTHETIC_GENERATOR_V1,SYNTHETIC
PA_006606,2024-01-27,VISAKHAPATNAM,12,35.0,78.4,MEDIUM,SYNTHETIC_GENERATOR_V1,SYNTHETIC
PA_006607,2024-01-28,VISAKHAPATNAM,4,4.4,53.8,LOW,SYNTHETIC_GENERATOR_V1,SYNTHETIC
PA_006608,2024-01-29,VISAKHAPATNAM,18,64.3,110.3,HIGH,SYNTHETIC_GENERATOR_V1,SYNTHETIC
PA_006609,2024-01-30,VISAKHAPATNAM,12,34.0,86.9,MEDIUM,SYNTHETIC_GENERATOR_V1,SYNTHETIC
PA_006610,2024-01-31,VISAKHAPATNAM,10,28.6,77.9,MEDIUM,SYNTHETIC_GENERATOR_V1,SYNTHETIC
PA_006611,2024-02-01,VISAKHAPATNAM,13,36.7,80.7,MEDIUM,SYNTHETIC_GENERATOR_V1,SYNTHETIC
PA_006612,2024-02-02,VISAKHAPATNAM,16,53.4,100.1,MEDIUM,SYNTHETIC_GENERATOR_V1,SYNTHETIC
PA_006613,2024-02-03,VISAKHAPATNAM,7,13.8,58.8,LOW,SYNTHETIC_GENERATOR_V1,SYNTHETIC
PA_006614,2024-02-04,VISAKHAPATNAM,11,24.2,68.3,MEDIUM,SYNTHETIC_GENERATOR_V1,SYNTHETIC
PA_006615,2024-02-05,VISAKHAPATNAM,14,42.4,88.7,MEDIUM,SYNTHETIC_GENERATOR_V1,SYNTHETIC
PA_006616,2024-02-06,VISAKHAPATNAM,10,22.9,67.1,LOW,SYNTHETIC_GENERATOR_V1,SYNTHETIC
PA_006617,2024-02-07,VISAKHAPATNAM,9,21.1,74.9,LOW,SYNTHETIC_GENERATOR_V1,SYNTHETIC
PA_006618,2024-02-08,VISAKHAPATNAM,10,21.2,69.2,LOW,SYNTHETIC_GENERATOR_V1,SYNTHETIC
PA_006619,2024-02-09,VISAKHAPATNAM,9,27.9,77.4,MEDIUM,SYNTHETIC_GENERATOR_V1,SYNTHETIC
PA_006620,2024-02-10,VISAKHAPATNAM,10,28.6,75.4,MEDIUM,SYNTHETIC_GENERATOR_V1,SYNTHETIC
PA_006621,2024-02-11,VISAKHAPATNAM,14,46.3,92.2,MEDIUM,SYNTHETIC_GENERATOR_V1,SYNTHETIC
PA_006622,2024-02-12,VISAKHAPATNAM,11,32.2,85.1,MEDIUM,SYNTHETIC_GENERATOR_V1,SYNTHETIC
PA_006623,2024-02-13,VISAKHAPATNAM,11,28.7,76.0,MEDIUM,SYNTHETIC_GENERATOR_V1,SYNTHETIC
PA_006624,2024-02-14,VISAKHAPATNAM,14,44.6,90.0,MEDIUM,SYNTHETIC_GENERATOR_V1,SYNTHETIC
PA_006625,2024-02-15,VISAKHAPATNAM,14,44.4,99.7,MEDIUM,SYNTHETIC_GENERATOR_V1,SYNTHETIC
PA_006626,2024-02-16,VISAKHAPATNAM,8,20.6,58.4,LOW,SYNTHETIC_GENERATOR_V1,SYNTHETIC
PA_006627,2024-02-17,VISAKHAPATNAM,11,32.1,83.1,MEDIUM,SYNTHETIC_GENERATOR_V1,SYNTHETIC
PA_006628,2024-02-18,VISAKHAPATNAM,10,24.3,71.9,MEDIUM,SYNTHETIC_GENERATOR_V1,SYNTHETIC
PA_006629,2024-02-19,VISAKHAPATNAM,9,19.0,64.8,LOW,SYNTHETIC_GENERATOR_V1,SYNTHETIC
PA_006630,2024-02-20,VISAKHAPATNAM,14,40.8,88.6,MEDIUM,SYNTHETIC_GENERATOR_V1,SYNTHETIC
PA_006631,2024-02-21,VISAKHAPATNAM,11,31.2,79.2,MEDIUM,SYNTHETIC_GENERATOR_V1,SYNTHETIC
PA_006632,2024-02-22,VISAKHAPATNAM,11,33.1,78.1,MEDIUM,SYNTHETIC_GENERATOR_V1,SYNTHETIC
PA_006633,2024-02-23,VISAKHAPATNAM,11,22.7,73.1,LOW,SYNTHETIC_GENERATOR_V1,SYNTHETIC
PA_006634,2024-02-24,VISAKHAPATNAM,5,13.0,58.7,LOW,SYNTHETIC_GENERATOR_V1,SYNTHETIC
PA_006635,2024-02-25,VISAKHAPATNAM,14,39.8,91.3,MEDIUM,SYNTHETIC_GENERATOR_V1,SYNTHETIC
PA_006636,2024-02-26,VISAKHAPATNAM,12,33.2,83.8,MEDIUM,SYNTHETIC_GENERATOR_V1,SYNTHETIC
PA_006637,2024-02-27,VISAKHAPATNAM,6,5.6,46.8,LOW,SYNTHETIC_GENERATOR_V1,SYNTHETIC
PA_006638,2024-02-28,VISAKHAPATNAM,10,25.8,77.1,MEDIUM,SYNTHETIC_GENERATOR_V1,SYNTHETIC
PA_006639,2024-02-29,VISAKHAPATNAM,16,52.9,106.3,MEDIUM,SYNTHETIC_GENERATOR_V1,SYNTHETIC
PA_006640,2024-03-01,VISAKHAPATNAM,9,23.7,74.7,LOW,SYNTHETIC_GENERATOR_V1,SYNTHETIC
PA_006641,2024-03-02,VISAKHAPATNAM,7,18.2,72.2,LOW,SYNTHETIC_GENERATOR_V1,SYNTHETIC
PA_006642,2024-03-03,VISAKHAPATNAM,10,25.0,71.0,MEDIUM,SYNTHETIC_GENERATOR_V1,SYNTHETIC
PA_006643,2024-03-04,VISAKHAPATNAM,12,30.1,75.8,MEDIUM,SYNTHETIC_GENERATOR_V1,SYNTHETIC
PA_006644,2024-03-05,VISAKHAPATNAM,10,19.2,69.0,LOW,SYNTHETIC_GENERATOR_V1,SYNTHETIC
PA_006645,2024-03-06,VISAKHAPATNAM,11,37.0,87.7,MEDIUM,SYNTHETIC_GENERATOR_V1,SYNTHETIC
PA_006646,2024-03-07,VISAKHAPATNAM,8,26.3,75.1,MEDIUM,SYNTHETIC_GENERATOR_V1,SYNTHETIC
PA_006647,2024-03-08,VISAKHAPATNAM,11,31.9,84.5,MEDIUM,SYNTHETIC_GENERATOR_V1,SYNTHETIC
PA_006648,2024-03-09,VISAKHAPATNAM,6,15.7,62.4,LOW,SYNTHETIC_GENERATOR_V1,SYNTHETIC
PA_006649,2024-03-10,VISAKHAPATNAM,7,11.7,64.3,LOW,SYNTHETIC_GENERATOR_V1,SYNTHETIC
PA_006650,2024-03-11,VISAKHAPATNAM,14,39.8,96.5,MEDIUM,SYNTHETIC_GENERATOR_V1,SYNTHETIC
PA_006651,2024-03-12,VISAKHAPATNAM,13,35.4,76.5,MEDIUM,SYNTHETIC_GENERATOR_V1,SYNTHETIC
PA_006652,2024-03-13,VISAKHAPATNAM,8,19.3,60.4,LOW,SYNTHETIC_GENERATOR_V1,SYNTHETIC
PA_006653,2024-03-14,VISAKHAPATNAM,11,29.7,72.7,MEDIUM,SYNTHETIC_GENERATOR_V1,SYNTHETIC
PA_006654,2024-03-15,VISAKHAPATNAM,8,20.4,69.1,LOW,SYNTHETIC_GENERATOR_V1,SYNTHETIC
PA_006655,2024-03-16,VISAKHAPATNAM,12,37.7,84.5,MEDIUM,SYNTHETIC_GENERATOR_V1,SYNTHETIC
PA_006656,2024-03-17,VISAKHAPATNAM,6,8.9,58.2,LOW,SYNTHETIC_GENERATOR_V1,SYNTHETIC
PA_006657,2024-03-18,VISAKHAPATNAM,7,17.3,64.0,LOW,SYNTHETIC_GENERATOR_V1,SYNTHETIC
PA_006658,2024-03-19,VISAKHAPATNAM,6,16.8,69.5,LOW,SYNTHETIC_GENERATOR_V1,SYNTHETIC
PA_006659,2024-03-20,VISAKHAPATNAM,12,26.8,76.0,MEDIUM,SYNTHETIC_GENERATOR_V1,SYNTHETIC
PA_006660,2024-03-21,VISAKHAPATNAM,13,40.8,88.6,MEDIUM,SYNTHETIC_GENERATOR_V1,SYNTHETIC
PA_006661,2024-03-22,VISAKHAPATNAM,9,18.0,59.1,LOW,SYNTHETIC_GENERATOR_V1,SYNTHETIC
PA_006662,2024-03-23,VISAKHAPATNAM,8,24.2,62.3,MEDIUM,SYNTHETIC_GENERATOR_V1,SYNTHETIC
PA_006663,2024-03-24,VISAKHAPATNAM,7,17.9,63.5,LOW,SYNTHETIC_GENERATOR_V1,SYNTHETIC
PA_006664,2024-03-25,VISAKHAPATNAM,7,11.8,56.7,LOW,SYNTHETIC_GENERATOR_V1,SYNTHETIC
PA_006665,2024-03-26,VISAKHAPATNAM,7,16.5,72.8,LOW,SYNTHETIC_GENERATOR_V1,SYNTHETIC
PA_006666,2024-03-27,VISAKHAPATNAM,8,13.1,61.2,LOW,SYNTHETIC_GENERATOR_V1,SYNTHETIC
PA_006667,2024-03-28,VISAKHAPATNAM,13,40.5,82.7,MEDIUM,SYNTHETIC_GENERATOR_V1,SYNTHETIC
PA_006668,2024-03-29,VISAKHAPATNAM,14,45.1,93.8,MEDIUM,SYNTHETIC_GENERATOR_V1,SYNTHETIC
PA_006669,2024-03-30,VISAKHAPATNAM,12,35.8,85.0,MEDIUM,SYNTHETIC_GENERATOR_V1,SYNTHETIC
PA_006670,2024-03-31,VISAKHAPATNAM,9,18.3,65.9,LOW,SYNTHETIC_GENERATOR_V1,SYNTHETIC
PA_006671,2024-04-01,VISAKHAPATNAM,10,33.1,73.8,MEDIUM,SYNTHETIC_GENERATOR_V1,SYNTHETIC
PA_006672,2024-04-02,VISAKHAPATNAM,12,35.9,79.8,MEDIUM,SYNTHETIC_GENERATOR_V1,SYNTHETIC
PA_006673,2024-04-03,VISAKHAPATNAM,8,17.3,57.8,LOW,SYNTHETIC_GENERATOR_V1,SYNTHETIC
PA_006674,2024-04-04,VISAKHAPATNAM,8,17.1,58.5,LOW,SYNTHETIC_GENERATOR_V1,SYNTHETIC
PA_006675,2024-04-05,VISAKHAPATNAM,8,23.0,69.1,LOW,SYNTHETIC_GENERATOR_V1,SYNTHETIC
PA_006676,2024-04-06,VISAKHAPATNAM,15,50.5,90.3,MEDIUM,SYNTHETIC_GENERATOR_V1,SYNTHETIC
PA_006677,2024-04-07,VISAKHAPATNAM,12,30.2,78.9,MEDIUM,SYNTHETIC_GENERATOR_V1,SYNTHETIC
PA_006678,2024-04-08,VISAKHAPATNAM,12,39.6,87.1,MEDIUM,SYNTHETIC_GENERATOR_V1,SYNTHETIC
PA_006679,2024-04-09,VISAKHAPATNAM,16,48.9,86.8,MEDIUM,SYNTHETIC_GENERATOR_V1,SYNTHETIC
PA_006680,2024-04-10,VISAKHAPATNAM,8,19.3,61.2,LOW,SYNTHETIC_GENERATOR_V1,SYNTHETIC
PA_006681,2024-04-11,VISAKHAPATNAM,6,15.1,67.5,LOW,SYNTHETIC_GENERATOR_V1,SYNTHETIC
PA_006682,2024-04-12,VISAKHAPATNAM,12,34.9,83.8,MEDIUM,SYNTHETIC_GENERATOR_V1,SYNTHETIC
PA_006683,2024-04-13,VISAKHAPATNAM,9,21.6,67.7,LOW,SYNTHETIC_GENERATOR_V1,SYNTHETIC
PA_006684,2024-04-14,VISAKHAPATNAM,9,20.6,71.9,LOW,SYNTHETIC_GENERATOR_V1,SYNTHETIC
PA_006685,2024-04-15,VISAKHAPATNAM,8,10.3,60.4,LOW,SYNTHETIC_GENERATOR_V1,SYNTHETIC
PA_006686,2024-04-16,VISAKHAPATNAM,14,40.7,94.5,MEDIUM,SYNTHETIC_GENERATOR_V1,SYNTHETIC
PA_006687,2024-04-17,VISAKHAPATNAM,8,17.9,65.8,LOW,SYNTHETIC_GENERATOR_V1,SYNTHETIC
PA_006688,2024-04-18,VISAKHAPATNAM,11,31.5,86.2,MEDIUM,SYNTHETIC_GENERATOR_V1,SYNTHETIC
PA_006689,2024-04-19,VISAKHAPATNAM,10,26.9,79.6,MEDIUM,SYNTHETIC_GENERATOR_V1,SYNTHETIC
PA_006690,2024-04-20,VISAKHAPATNAM,18,63.2,116.4,HIGH,SYNTHETIC_GENERATOR_V1,SYNTHETIC
PA_006691,2024-04-21,VISAKHAPATNAM,16,52.3,101.8,MEDIUM,SYNTHETIC_GENERATOR_V1,SYNTHETIC
PA_006692,2024-04-22,VISAKHAPATNAM,12,34.4,83.3,MEDIUM,SYNTHETIC_GENERATOR_V1,SYNTHETIC
PA_006693,2024-04-23,VISAKHAPATNAM,12,29.7,80.8,MEDIUM,SYNTHETIC_GENERATOR_V1,SYNTHETIC
PA_006694,2024-04-24,VISAKHAPATNAM,7,12.9,67.4,LOW,SYNTHETIC_GENERATOR_V1,SYNTHETIC
PA_006695,2024-04-25,VISAKHAPATNAM,13,37.6,82.4,MEDIUM,SYNTHETIC_GENERATOR_V1,SYNTHETIC
PA_006696,2024-04-26,VISAKHAPATNAM,14,45.5,96.1,MEDIUM,SYNTHETIC_GENERATOR_V1,SYNTHETIC
PA_006697,2024-04-27,VISAKHAPATNAM,10,27.3,72.5,MEDIUM,SYNTHETIC_GENERATOR_V1,SYNTHETIC
PA_006698,2024-04-28,VISAKHAPATNAM,2,1.7,48.6,LOW,SYNTHETIC_GENERATOR_V1,SYNTHETIC
PA_006699,2024-04-29,VISAKHAPATNAM,12,32.7,80.8,MEDIUM,SYNTHETIC_GENERATOR_V1,SYNTHETIC
PA_006700,2024-04-30,VISAKHAPATNAM,4,5.4,56.9,LOW,SYNTHETIC_GENERATOR_V1,SYNTHETIC
PA_006701,2024-05-01,VISAKHAPATNAM,11,33.6,80.6,MEDIUM,SYNTHETIC_GENERATOR_V1,SYNTHETIC
PA_006702,2024-05-02,VISAKHAPATNAM,9,17.7,66.3,LOW,SYNTHETIC_GENERATOR_V1,SYNTHETIC
PA_006703,2024-05-03,VISAKHAPATNAM,11,33.9,78.7,MEDIUM,SYNTHETIC_GENERATOR_V1,SYNTHETIC
PA_006704,2024-05-04,VISAKHAPATNAM,11,27.0,71.9,MEDIUM,SYNTHETIC_GENERATOR_V1,SYNTHETIC
PA_006705,2024-05-05,VISAKHAPATNAM,10,25.1,68.8,MEDIUM,SYNTHETIC_GENERATOR_V1,SYNTHETIC
PA_006706,2024-05-06,VISAKHAPATNAM,15,49.6,94.5,MEDIUM,SYNTHETIC_GENERATOR_V1,SYNTHETIC
PA_006707,2024-05-07,VISAKHAPATNAM,17,64.1,110.6,HIGH,SYNTHETIC_GENERATOR_V1,SYNTHETIC
PA_006708,2024-05-08,VISAKHAPATNAM,7,11.9,59.8,LOW,SYNTHETIC_GENERATOR_V1,SYNTHETIC
PA_006709,2024-05-09,VISAKHAPATNAM,13,38.7,88.3,MEDIUM,SYNTHETIC_GENERATOR_V1,SYNTHETIC
PA_006710,2024-05-10,VISAKHAPATNAM,9,23.8,73.3,LOW,SYNTHETIC_GENERATOR_V1,SYNTHETIC
PA_006711,2024-05-11,VISAKHAPATNAM,8,16.7,61.7,LOW,SYNTHETIC_GENERATOR_V1,SYNTHETIC
PA_006712,2024-05-12,VISAKHAPATNAM,15,49.8,92.6,MEDIUM,SYNTHETIC_GENERATOR_V1,SYNTHETIC
PA_006713,2024-05-13,VISAKHAPATNAM,11,25.1,68.3,MEDIUM,SYNTHETIC_GENERATOR_V1,SYNTHETIC
PA_006714,2024-05-14,VISAKHAPATNAM,3,5.1,54.1,LOW,SYNTHETIC_GENERATOR_V1,SYNTHETIC
PA_006715,2024-05-15,VISAKHAPATNAM,9,25.7,67.0,MEDIUM,SYNTHETIC_GENERATOR_V1,SYNTHETIC
PA_006716,2024-05-16,VISAKHAPATNAM,6,6.9,51.7,LOW,SYNTHETIC_GENERATOR_V1,SYNTHETIC
PA_006717,2024-05-17,VISAKHAPATNAM,7,14.8,69.1,LOW,SYNTHETIC_GENERATOR_V1,SYNTHETIC
PA_006718,2024-05-18,VISAKHAPATNAM,4,4.0,53.0,LOW,SYNTHETIC_GENERATOR_V1,SYNTHETIC
PA_006719,2024-05-19,VISAKHAPATNAM,14,44.0,91.8,MEDIUM,SYNTHETIC_GENERATOR_V1,SYNTHETIC
PA_006720,2024-05-20,VISAKHAPATNAM,18,55.2,101.4,MEDIUM,SYNTHETIC_GENERATOR_V1,SYNTHETIC
PA_006721,2024-05-21,VISAKHAPATNAM,16,50.0,96.4,MEDIUM,SYNTHETIC_GENERATOR_V1,SYNTHETIC
PA_006722,2024-05-22,VISAKHAPATNAM,11,34.4,84.5,MEDIUM,SYNTHETIC_GENERATOR_V1,SYNTHETIC
PA_006723,2024-05-23,VISAKHAPATNAM,10,22.3,72.3,LOW,SYNTHETIC_GENERATOR_V1,SYNTHETIC
PA_006724,2024-05-24,VISAKHAPATNAM,7,11.2,56.6,LOW,SYNTHETIC_GENERATOR_V1,SYNTHETIC
PA_006725,2024-05-25,VISAKHAPATNAM,12,33.1,81.7,MEDIUM,SYNTHETIC_GENERATOR_V1,SYNTHETIC
PA_006726,2024-05-26,VISAKHAPATNAM,5,6.7,60.6,LOW,SYNTHETIC_GENERATOR_V1,SYNTHETIC
PA_006727,2024-05-27,VISAKHAPATNAM,11,30.6,82.3,MEDIUM,SYNTHETIC_GENERATOR_V1,SYNTHETIC
PA_006728,2024-05-28,VISAKHAPATNAM,10,26.5,78.8,MEDIUM,SYNTHETIC_GENERATOR_V1,SYNTHETIC
PA_006729,2024-05-29,VISAKHAPATNAM,11,24.5,73.4,MEDIUM,SYNTHETIC_GENERATOR_V1,SYNTHETIC
PA_006730,2024-05-30,VISAKHAPATNAM,12,29.0,78.6,MEDIUM,SYNTHETIC_GENERATOR_V1,SYNTHETIC
PA_006731,2024-05-31,VISAKHAPATNAM,9,20.6,63.8,LOW,SYNTHETIC_GENERATOR_V1,SYNTHETIC
PA_006732,2024-06-01,VISAKHAPATNAM,5,9.6,55.6,LOW,SYNTHETIC_GENERATOR_V1,SYNTHETIC
PA_006733,2024-06-02,VISAKHAPATNAM,15,55.0,98.9,MEDIUM,SYNTHETIC_GENERATOR_V1,SYNTHETIC
PA_006734,2024-06-03,VISAKHAPATNAM,11,30.8,85.7,MEDIUM,SYNTHETIC_GENERATOR_V1,SYNTHETIC
PA_006735,2024-06-04,VISAKHAPATNAM,8,18.9,68.7,LOW,SYNTHETIC_GENERATOR_V1,SYNTHETIC
PA_006736,2024-06-05,VISAKHAPATNAM,9,18.8,63.9,LOW,SYNTHETIC_GENERATOR_V1,SYNTHETIC
PA_006737,2024-06-06,VISAKHAPATNAM,11,28.1,80.1,MEDIUM,SYNTHETIC_GENERATOR_V1,SYNTHETIC
PA_006738,2024-06-07,VISAKHAPATNAM,14,45.6,93.4,MEDIUM,SYNTHETIC_GENERATOR_V1,SYNTHETIC
PA_006739,2024-06-08,VISAKHAPATNAM,10,26.6,82.7,MEDIUM,SYNTHETIC_GENERATOR_V1,SYNTHETIC
PA_006740,2024-06-09,VISAKHAPATNAM,16,52.0,103.1,MEDIUM,SYNTHETIC_GENERATOR_V1,SYNTHETIC
PA_006741,2024-06-10,VISAKHAPATNAM,10,22.5,63.8,LOW,SYNTHETIC_GENERATOR_V1,SYNTHETIC
PA_006742,2024-06-11,VISAKHAPATNAM,15,48.7,99.6,MEDIUM,SYNTHETIC_GENERATOR_V1,SYNTHETIC
PA_006743,2024-06-12,VISAKHAPATNAM,8,12.6,60.3,LOW,SYNTHETIC_GENERATOR_V1,SYNTHETIC
PA_006744,2024-06-13,VISAKHAPATNAM,12,31.3,79.7,MEDIUM,SYNTHETIC_GENERATOR_V1,SYNTHETIC
PA_006745,2024-06-14,VISAKHAPATNAM,15,49.6,93.0,MEDIUM,SYNTHETIC_GENERATOR_V1,SYNTHETIC
PA_006746,2024-06-15,VISAKHAPATNAM,13,40.7,85.7,MEDIUM,SYNTHETIC_GENERATOR_V1,SYNTHETIC
PA_006747,2024-06-16,VISAKHAPATNAM,16,50.8,91.3,MEDIUM,SYNTHETIC_GENERATOR_V1,SYNTHETIC
PA_006748,2024-06-17,VISAKHAPATNAM,16,50.3,101.3,MEDIUM,SYNTHETIC_GENERATOR_V1,SYNTHETIC
PA_006749,2024-06-18,VISAKHAPATNAM,13,42.6,90.3,MEDIUM,SYNTHETIC_GENERATOR_V1,SYNTHETIC
PA_006750,2024-06-19,VISAKHAPATNAM,13,41.6,89.0,MEDIUM,SYNTHETIC_GENERATOR_V1,SYNTHETIC
PA_006751,2024-06-20,VISAKHAPATNAM,10,28.8,87.9,MEDIUM,SYNTHETIC_GENERATOR_V1,SYNTHETIC
PA_006752,2024-06-21,VISAKHAPATNAM,8,16.8,66.6,LOW,SYNTHETIC_GENERATOR_V1,SYNTHETIC
PA_006753,2024-06-22,VISAKHAPATNAM,11,29.1,81.5,MEDIUM,SYNTHETIC_GENERATOR_V1,SYNTHETIC
PA_006754,2024-06-23,VISAKHAPATNAM,10,26.9,77.2,MEDIUM,SYNTHETIC_GENERATOR_V1,SYNTHETIC
PA_006755,2024-06-24,VISAKHAPATNAM,13,37.3,85.9,MEDIUM,SYNTHETIC_GENERATOR_V1,SYNTHETIC
PA_006756,2024-06-25,VISAKHAPATNAM,12,31.4,79.6,MEDIUM,SYNTHETIC_GENERATOR_V1,SYNTHETIC
PA_006757,2024-06-26,VISAKHAPATNAM,7,14.4,67.0,LOW,SYNTHETIC_GENERATOR_V1,SYNTHETIC
PA_006758,2024-06-27,VISAKHAPATNAM,9,25.9,72.6,MEDIUM,SYNTHETIC_GENERATOR_V1,SYNTHETIC
PA_006759,2024-06-28,VISAKHAPATNAM,5,9.9,54.7,LOW,SYNTHETIC_GENERATOR_V1,SYNTHETIC
PA_006760,2024-06-29,VISAKHAPATNAM,14,41.7,94.9,MEDIUM,SYNTHETIC_GENERATOR_V1,SYNTHETIC
PA_006761,2024-06-30,VISAKHAPATNAM,7,16.9,59.4,LOW,SYNTHETIC_GENERATOR_V1,SYNTHETIC
PA_006762,2024-07-01,VISAKHAPATNAM,7,13.3,62.0,LOW,SYNTHETIC_GENERATOR_V1,SYNTHETIC
PA_006763,2024-07-02,VISAKHAPATNAM,12,31.4,78.0,MEDIUM,SYNTHETIC_GENERATOR_V1,SYNTHETIC
PA_006764,2024-07-03,VISAKHAPATNAM,14,42.1,85.9,MEDIUM,SYNTHETIC_GENERATOR_V1,SYNTHETIC
PA_006765,2024-07-04,VISAKHAPATNAM,7,12.7,61.3,LOW,SYNTHETIC_GENERATOR_V1,SYNTHETIC
PA_006766,2024-07-05,VISAKHAPATNAM,8,19.4,67.0,LOW,SYNTHETIC_GENERATOR_V1,SYNTHETIC
PA_006767,2024-07-06,VISAKHAPATNAM,8,26.2,74.3,MEDIUM,SYNTHETIC_GENERATOR_V1,SYNTHETIC
PA_006768,2024-07-07,VISAKHAPATNAM,16,53.2,106.8,MEDIUM,SYNTHETIC_GENERATOR_V1,SYNTHETIC
PA_006769,2024-07-08,VISAKHAPATNAM,15,49.7,92.2,MEDIUM,SYNTHETIC_GENERATOR_V1,SYNTHETIC
PA_006770,2024-07-09,VISAKHAPATNAM,15,48.0,98.8,MEDIUM,SYNTHETIC_GENERATOR_V1,SYNTHETIC
PA_006771,2024-07-10,VISAKHAPATNAM,12,25.7,72.6,MEDIUM,SYNTHETIC_GENERATOR_V1,SYNTHETIC
PA_006772,2024-07-11,VISAKHAPATNAM,10,23.4,77.2,LOW,SYNTHETIC_GENERATOR_V1,SYNTHETIC
PA_006773,2024-07-12,VISAKHAPATNAM,12,33.8,85.2,MEDIUM,SYNTHETIC_GENERATOR_V1,SYNTHETIC
PA_006774,2024-07-13,VISAKHAPATNAM,16,55.4,105.3,MEDIUM,SYNTHETIC_GENERATOR_V1,SYNTHETIC
PA_006775,2024-07-14,VISAKHAPATNAM,16,51.9,100.4,MEDIUM,SYNTHETIC_GENERATOR_V1,SYNTHETIC
PA_006776,2024-07-15,VISAKHAPATNAM,8,13.5,61.5,LOW,SYNTHETIC_GENERATOR_V1,SYNTHETIC
PA_006777,2024-07-16,VISAKHAPATNAM,13,40.0,93.2,MEDIUM,SYNTHETIC_GENERATOR_V1,SYNTHETIC
PA_006778,2024-07-17,VISAKHAPATNAM,14,43.5,95.1,MEDIUM,SYNTHETIC_GENERATOR_V1,SYNTHETIC
PA_006779,2024-07-18,VISAKHAPATNAM,17,59.1,104.5,MEDIUM,SYNTHETIC_GENERATOR_V1,SYNTHETIC
PA_006780,2024-07-19,VISAKHAPATNAM,15,45.0,90.8,MEDIUM,SYNTHETIC_GENERATOR_V1,SYNTHETIC
PA_006781,2024-07-20,VISAKHAPATNAM,6,12.9,54.5,LOW,SYNTHETIC_GENERATOR_V1,SYNTHETIC
PA_006782,2024-07-21,VISAKHAPATNAM,11,29.2,76.4,MEDIUM,SYNTHETIC_GENERATOR_V1,SYNTHETIC
PA_006783,2024-07-22,VISAKHAPATNAM,12,30.5,85.4,MEDIUM,SYNTHETIC_GENERATOR_V1,SYNTHETIC
PA_006784,2024-07-23,VISAKHAPATNAM,11,32.7,83.9,MEDIUM,SYNTHETIC_GENERATOR_V1,SYNTHETIC
PA_006785,2024-07-24,VISAKHAPATNAM,11,36.3,86.0,MEDIUM,SYNTHETIC_GENERATOR_V1,SYNTHETIC
PA_006786,2024-07-25,VISAKHAPATNAM,10,27.3,74.6,MEDIUM,SYNTHETIC_GENERATOR_V1,SYNTHETIC
PA_006787,2024-07-26,VISAKHAPATNAM,8,22.5,58.5,LOW,SYNTHETIC_GENERATOR_V1,SYNTHETIC
PA_006788,2024-07-27,VISAKHAPATNAM,10,26.7,67.7,MEDIUM,SYNTHETIC_GENERATOR_V1,SYNTHETIC
PA_006789,2024-07-28,VISAKHAPATNAM,13,36.1,80.0,MEDIUM,SYNTHETIC_GENERATOR_V1,SYNTHETIC
PA_006790,2024-07-29,VISAKHAPATNAM,10,26.1,75.0,MEDIUM,SYNTHETIC_GENERATOR_V1,SYNTHETIC
PA_006791,2024-07-30,VISAKHAPATNAM,14,39.7,87.7,MEDIUM,SYNTHETIC_GENERATOR_V1,SYNTHETIC
PA_006792,2024-07-31,VISAKHAPATNAM,11,30.6,77.9,MEDIUM,SYNTHETIC_GENERATOR_V1,SYNTHETIC
PA_006793,2024-08-01,VISAKHAPATNAM,14,44.7,92.4,MEDIUM,SYNTHETIC_GENERATOR_V1,SYNTHETIC
PA_006794,2024-08-02,VISAKHAPATNAM,11,35.5,84.2,MEDIUM,SYNTHETIC_GENERATOR_V1,SYNTHETIC
PA_006795,2024-08-03,VISAKHAPATNAM,11,35.5,74.2,MEDIUM,SYNTHETIC_GENERATOR_V1,SYNTHETIC
PA_006796,2024-08-04,VISAKHAPATNAM,6,14.9,56.2,LOW,SYNTHETIC_GENERATOR_V1,SYNTHETIC
PA_006797,2024-08-05,VISAKHAPATNAM,13,38.4,87.9,MEDIUM,SYNTHETIC_GENERATOR_V1,SYNTHETIC
PA_006798,2024-08-06,VISAKHAPATNAM,12,37.3,78.6,MEDIUM,SYNTHETIC_GENERATOR_V1,SYNTHETIC
PA_006799,2024-08-07,VISAKHAPATNAM,14,47.7,88.8,MEDIUM,SYNTHETIC_GENERATOR_V1,SYNTHETIC
PA_006800,2024-08-08,VISAKHAPATNAM,17,66.0,115.5,HIGH,SYNTHETIC_GENERATOR_V1,SYNTHETIC
PA_006801,2024-08-09,VISAKHAPATNAM,15,56.9,94.9,MEDIUM,SYNTHETIC_GENERATOR_V1,SYNTHETIC
PA_006802,2024-08-10,VISAKHAPATNAM,9,20.1,72.0,LOW,SYNTHETIC_GENERATOR_V1,SYNTHETIC
PA_006803,2024-08-11,VISAKHAPATNAM,13,36.2,85.5,MEDIUM,SYNTHETIC_GENERATOR_V1,SYNTHETIC
PA_006804,2024-08-12,VISAKHAPATNAM,11,27.6,74.9,MEDIUM,SYNTHETIC_GENERATOR_V1,SYNTHETIC
PA_006805,2024-08-13,VISAKHAPATNAM,9,23.3,66.5,LOW,SYNTHETIC_GENERATOR_V1,SYNTHETIC
PA_006806,2024-08-14,VISAKHAPATNAM,16,58.8,109.4,MEDIUM,SYNTHETIC_GENERATOR_V1,SYNTHETIC
PA_006807,2024-08-15,VISAKHAPATNAM,7,16.7,62.9,LOW,SYNTHETIC_GENERATOR_V1,SYNTHETIC
PA_006808,2024-08-16,VISAKHAPATNAM,11,28.6,73.1,MEDIUM,SYNTHETIC_GENERATOR_V1,SYNTHETIC
PA_006809,2024-08-17,VISAKHAPATNAM,11,29.9,83.0,MEDIUM,SYNTHETIC_GENERATOR_V1,SYNTHETIC
PA_006810,2024-08-18,VISAKHAPATNAM,8,13.9,63.6,LOW,SYNTHETIC_GENERATOR_V1,SYNTHETIC
PA_006811,2024-08-19,VISAKHAPATNAM,14,36.0,79.1,MEDIUM,SYNTHETIC_GENERATOR_V1,SYNTHETIC
PA_006812,2024-08-20,VISAKHAPATNAM,11,24.9,72.0,MEDIUM,SYNTHETIC_GENERATOR_V1,SYNTHETIC
PA_006813,2024-08-21,VISAKHAPATNAM,4,1.8,45.4,LOW,SYNTHETIC_GENERATOR_V1,SYNTHETIC
PA_006814,2024-08-22,VISAKHAPATNAM,12,41.2,89.0,MEDIUM,SYNTHETIC_GENERATOR_V1,SYNTHETIC
PA_006815,2024-08-23,VISAKHAPATNAM,9,17.3,60.9,LOW,SYNTHETIC_GENERATOR_V1,SYNTHETIC
PA_006816,2024-08-24,VISAKHAPATNAM,5,6.8,54.2,LOW,SYNTHETIC_GENERATOR_V1,SYNTHETIC
PA_006817,2024-08-25,VISAKHAPATNAM,8,16.3,63.6,LOW,SYNTHETIC_GENERATOR_V1,SYNTHETIC
PA_006818,2024-08-26,VISAKHAPATNAM,10,26.6,79.6,MEDIUM,SYNTHETIC_GENERATOR_V1,SYNTHETIC
PA_006819,2024-08-27,VISAKHAPATNAM,9,27.6,73.7,MEDIUM,SYNTHETIC_GENERATOR_V1,SYNTHETIC
PA_006820,2024-08-28,VISAKHAPATNAM,15,50.4,100.2,MEDIUM,SYNTHETIC_GENERATOR_V1,SYNTHETIC
PA_006821,2024-08-29,VISAKHAPATNAM,14,45.0,92.9,MEDIUM,SYNTHETIC_GENERATOR_V1,SYNTHETIC
PA_006822,2024-08-30,VISAKHAPATNAM,12,35.6,83.6,MEDIUM,SYNTHETIC_GENERATOR_V1,SYNTHETIC
PA_006823,2024-08-31,VISAKHAPATNAM,14,40.7,82.7,MEDIUM,SYNTHETIC_GENERATOR_V1,SYNTHETIC
PA_006824,2024-09-01,VISAKHAPATNAM,12,30.5,82.4,MEDIUM,SYNTHETIC_GENERATOR_V1,SYNTHETIC
PA_006825,2024-09-02,VISAKHAPATNAM,9,23.6,75.6,LOW,SYNTHETIC_GENERATOR_V1,SYNTHETIC
PA_006826,2024-09-03,VISAKHAPATNAM,12,30.1,81.1,MEDIUM,SYNTHETIC_GENERATOR_V1,SYNTHETIC
PA_006827,2024-09-04,VISAKHAPATNAM,11,30.4,80.9,MEDIUM,SYNTHETIC_GENERATOR_V1,SYNTHETIC
PA_006828,2024-09-05,VISAKHAPATNAM,7,16.1,59.9,LOW,SYNTHETIC_GENERATOR_V1,SYNTHETIC
PA_006829,2024-09-06,VISAKHAPATNAM,9,18.9,67.0,LOW,SYNTHETIC_GENERATOR_V1,SYNTHETIC
PA_006830,2024-09-07,VISAKHAPATNAM,15,50.8,96.3,MEDIUM,SYNTHETIC_GENERATOR_V1,SYNTHETIC
PA_006831,2024-09-08,VISAKHAPATNAM,13,35.0,82.0,MEDIUM,SYNTHETIC_GENERATOR_V1,SYNTHETIC
PA_006832,2024-09-09,VISAKHAPATNAM,2,5.9,55.1,LOW,SYNTHETIC_GENERATOR_V1,SYNTHETIC
PA_006833,2024-09-10,VISAKHAPATNAM,13,37.8,84.4,MEDIUM,SYNTHETIC_GENERATOR_V1,SYNTHETIC
PA_006834,2024-09-11,VISAKHAPATNAM,11,24.8,69.7,MEDIUM,SYNTHETIC_GENERATOR_V1,SYNTHETIC
PA_006835,2024-09-12,VISAKHAPATNAM,8,25.2,79.1,MEDIUM,SYNTHETIC_GENERATOR_V1,SYNTHETIC
PA_006836,2024-09-13,VISAKHAPATNAM,9,19.5,67.2,LOW,SYNTHETIC_GENERATOR_V1,SYNTHETIC
PA_006837,2024-09-14,VISAKHAPATNAM,17,57.8,109.7,MEDIUM,SYNTHETIC_GENERATOR_V1,SYNTHETIC
PA_006838,2024-09-15,VISAKHAPATNAM,6,9.9,49.3,LOW,SYNTHETIC_GENERATOR_V1,SYNTHETIC
PA_006839,2024-09-16,VISAKHAPATNAM,10,22.7,72.4,LOW,SYNTHETIC_GENERATOR_V1,SYNTHETIC
PA_006840,2024-09-17,VISAKHAPATNAM,8,18.0,59.7,LOW,SYNTHETIC_GENERATOR_V1,SYNTHETIC
PA_006841,2024-09-18,VISAKHAPATNAM,12,33.9,84.8,MEDIUM,SYNTHETIC_GENERATOR_V1,SYNTHETIC
PA_006842,2024-09-19,VISAKHAPATNAM,12,32.0,84.6,MEDIUM,SYNTHETIC_GENERATOR_V1,SYNTHETIC
PA_006843,2024-09-20,VISAKHAPATNAM,6,9.3,61.9,LOW,SYNTHETIC_GENERATOR_V1,SYNTHETIC
PA_006844,2024-09-21,VISAKHAPATNAM,13,26.3,68.4,MEDIUM,SYNTHETIC_GENERATOR_V1,SYNTHETIC
PA_006845,2024-09-22,VISAKHAPATNAM,11,31.9,81.5,MEDIUM,SYNTHETIC_GENERATOR_V1,SYNTHETIC
PA_006846,2024-09-23,VISAKHAPATNAM,7,16.0,67.2,LOW,SYNTHETIC_GENERATOR_V1,SYNTHETIC
PA_006847,2024-09-24,VISAKHAPATNAM,8,15.3,66.2,LOW,SYNTHETIC_GENERATOR_V1,SYNTHETIC
PA_006848,2024-09-25,VISAKHAPATNAM,12,33.1,81.4,MEDIUM,SYNTHETIC_GENERATOR_V1,SYNTHETIC
PA_006849,2024-09-26,VISAKHAPATNAM,9,21.5,71.5,LOW,SYNTHETIC_GENERATOR_V1,SYNTHETIC
PA_006850,2024-09-27,VISAKHAPATNAM,12,30.1,81.3,MEDIUM,SYNTHETIC_GENERATOR_V1,SYNTHETIC
PA_006851,2024-09-28,VISAKHAPATNAM,8,18.7,62.8,LOW,SYNTHETIC_GENERATOR_V1,SYNTHETIC
PA_006852,2024-09-29,VISAKHAPATNAM,17,56.0,99.0,MEDIUM,SYNTHETIC_GENERATOR_V1,SYNTHETIC
PA_006853,2024-09-30,VISAKHAPATNAM,11,29.8,77.9,MEDIUM,SYNTHETIC_GENERATOR_V1,SYNTHETIC
PA_006854,2024-10-01,VISAKHAPATNAM,13,38.3,82.3,MEDIUM,SYNTHETIC_GENERATOR_V1,SYNTHETIC
PA_006855,2024-10-02,VISAKHAPATNAM,10,31.8,90.2,MEDIUM,SYNTHETIC_GENERATOR_V1,SYNTHETIC
PA_006856,2024-10-03,VISAKHAPATNAM,9,24.3,75.7,MEDIUM,SYNTHETIC_GENERATOR_V1,SYNTHETIC
PA_006857,2024-10-04,VISAKHAPATNAM,6,19.3,69.0,LOW,SYNTHETIC_GENERATOR_V1,SYNTHETIC
PA_006858,2024-10-05,VISAKHAPATNAM,10,23.0,64.7,LOW,SYNTHETIC_GENERATOR_V1,SYNTHETIC
PA_006859,2024-10-06,VISAKHAPATNAM,16,47.7,92.5,MEDIUM,SYNTHETIC_GENERATOR_V1,SYNTHETIC
PA_006860,2024-10-07,VISAKHAPATNAM,4,8.0,56.9,LOW,SYNTHETIC_GENERATOR_V1,SYNTHETIC
PA_006861,2024-10-08,VISAKHAPATNAM,11,31.4,81.8,MEDIUM,SYNTHETIC_GENERATOR_V1,SYNTHETIC
PA_006862,2024-10-09,VISAKHAPATNAM,8,23.3,80.6,LOW,SYNTHETIC_GENERATOR_V1,SYNTHETIC
PA_006863,2024-10-10,VISAKHAPATNAM,12,34.6,82.6,MEDIUM,SYNTHETIC_GENERATOR_V1,SYNTHETIC
PA_006864,2024-10-11,VISAKHAPATNAM,11,26.8,77.2,MEDIUM,SYNTHETIC_GENERATOR_V1,SYNTHETIC
PA_006865,2024-10-12,VISAKHAPATNAM,3,6.4,50.4,LOW,SYNTHETIC_GENERATOR_V1,SYNTHETIC
PA_006866,2024-10-13,VISAKHAPATNAM,10,21.3,59.2,LOW,SYNTHETIC_GENERATOR_V1,SYNTHETIC
PA_006867,2024-10-14,VISAKHAPATNAM,10,25.0,74.9,MEDIUM,SYNTHETIC_GENERATOR_V1,SYNTHETIC
PA_006868,2024-10-15,VISAKHAPATNAM,10,30.7,74.5,MEDIUM,SYNTHETIC_GENERATOR_V1,SYNTHETIC
PA_006869,2024-10-16,VISAKHAPATNAM,8,11.1,58.8,LOW,SYNTHETIC_GENERATOR_V1,SYNTHETIC
PA_006870,2024-10-17,VISAKHAPATNAM,12,33.9,82.2,MEDIUM,SYNTHETIC_GENERATOR_V1,SYNTHETIC
PA_006871,2024-10-18,VISAKHAPATNAM,15,43.5,84.1,MEDIUM,SYNTHETIC_GENERATOR_V1,SYNTHETIC
PA_006872,2024-10-19,VISAKHAPATNAM,7,12.1,56.6,LOW,SYNTHETIC_GENERATOR_V1,SYNTHETIC
PA_006873,2024-10-20,VISAKHAPATNAM,6,11.3,60.6,LOW,SYNTHETIC_GENERATOR_V1,SYNTHETIC
PA_006874,2024-10-21,VISAKHAPATNAM,11,32.3,72.5,MEDIUM,SYNTHETIC_GENERATOR_V1,SYNTHETIC
PA_006875,2024-10-22,VISAKHAPATNAM,15,46.3,96.3,MEDIUM,SYNTHETIC_GENERATOR_V1,SYNTHETIC
PA_006876,2024-10-23,VISAKHAPATNAM,10,30.8,78.9,MEDIUM,SYNTHETIC_GENERATOR_V1,SYNTHETIC
PA_006877,2024-10-24,VISAKHAPATNAM,10,32.9,76.9,MEDIUM,SYNTHETIC_GENERATOR_V1,SYNTHETIC
PA_006878,2024-10-25,VISAKHAPATNAM,10,24.5,74.7,MEDIUM,SYNTHETIC_GENERATOR_V1,SYNTHETIC
PA_006879,2024-10-26,VISAKHAPATNAM,10,27.1,70.9,MEDIUM,SYNTHETIC_GENERATOR_V1,SYNTHETIC
PA_006880,2024-10-27,VISAKHAPATNAM,16,52.2,98.4,MEDIUM,SYNTHETIC_GENERATOR_V1,SYNTHETIC
PA_006881,2024-10-28,VISAKHAPATNAM,14,41.8,89.2,MEDIUM,SYNTHETIC_GENERATOR_V1,SYNTHETIC
PA_006882,2024-10-29,VISAKHAPATNAM,9,17.1,69.9,LOW,SYNTHETIC_GENERATOR_V1,SYNTHETIC
PA_006883,2024-10-30,VISAKHAPATNAM,12,27.2,78.0,MEDIUM,SYNTHETIC_GENERATOR_V1,SYNTHETIC
PA_006884,2024-10-31,VISAKHAPATNAM,7,23.0,73.0,LOW,SYNTHETIC_GENERATOR_V1,SYNTHETIC
PA_006885,2024-11-01,VISAKHAPATNAM,10,24.2,70.0,MEDIUM,SYNTHETIC_GENERATOR_V1,SYNTHETIC
PA_006886,2024-11-02,VISAKHAPATNAM,8,10.9,51.4,LOW,SYNTHETIC_GENERATOR_V1,SYNTHETIC
PA_006887,2024-11-03,VISAKHAPATNAM,6,16.0,64.7,LOW,SYNTHETIC_GENERATOR_V1,SYNTHETIC
PA_006888,2024-11-04,VISAKHAPATNAM,18,60.9,116.3,HIGH,SYNTHETIC_GENERATOR_V1,SYNTHETIC
PA_006889,2024-11-05,VISAKHAPATNAM,9,18.6,64.3,LOW,SYNTHETIC_GENERATOR_V1,SYNTHETIC
PA_006890,2024-11-06,VISAKHAPATNAM,11,32.8,81.2,MEDIUM,SYNTHETIC_GENERATOR_V1,SYNTHETIC
PA_006891,2024-11-07,VISAKHAPATNAM,14,47.3,93.9,MEDIUM,SYNTHETIC_GENERATOR_V1,SYNTHETIC
PA_006892,2024-11-08,VISAKHAPATNAM,12,38.7,86.4,MEDIUM,SYNTHETIC_GENERATOR_V1,SYNTHETIC
PA_006893,2024-11-09,VISAKHAPATNAM,16,54.5,101.9,MEDIUM,SYNTHETIC_GENERATOR_V1,SYNTHETIC
PA_006894,2024-11-10,VISAKHAPATNAM,7,15.1,64.9,LOW,SYNTHETIC_GENERATOR_V1,SYNTHETIC
PA_006895,2024-11-11,VISAKHAPATNAM,3,4.1,55.2,LOW,SYNTHETIC_GENERATOR_V1,SYNTHETIC
PA_006896,2024-11-12,VISAKHAPATNAM,9,24.2,76.5,MEDIUM,SYNTHETIC_GENERATOR_V1,SYNTHETIC
PA_006897,2024-11-13,VISAKHAPATNAM,11,38.1,91.2,MEDIUM,SYNTHETIC_GENERATOR_V1,SYNTHETIC
PA_006898,2024-11-14,VISAKHAPATNAM,9,23.1,72.7,LOW,SYNTHETIC_GENERATOR_V1,SYNTHETIC
PA_006899,2024-11-15,VISAKHAPATNAM,12,31.7,88.9,MEDIUM,SYNTHETIC_GENERATOR_V1,SYNTHETIC
PA_006900,2024-11-16,VISAKHAPATNAM,6,17.8,64.3,LOW,SYNTHETIC_GENERATOR_V1,SYNTHETIC
PA_006901,2024-11-17,VISAKHAPATNAM,12,32.7,85.6,MEDIUM,SYNTHETIC_GENERATOR_V1,SYNTHETIC
PA_006902,2024-11-18,VISAKHAPATNAM,10,32.3,87.0,MEDIUM,SYNTHETIC_GENERATOR_V1,SYNTHETIC
PA_006903,2024-11-19,VISAKHAPATNAM,8,23.3,69.3,LOW,SYNTHETIC_GENERATOR_V1,SYNTHETIC
PA_006904,2024-11-20,VISAKHAPATNAM,11,29.2,76.4,MEDIUM,SYNTHETIC_GENERATOR_V1,SYNTHETIC
PA_006905,2024-11-21,VISAKHAPATNAM,11,30.1,76.8,MEDIUM,SYNTHETIC_GENERATOR_V1,SYNTHETIC
PA_006906,2024-11-22,VISAKHAPATNAM,7,15.2,66.4,LOW,SYNTHETIC_GENERATOR_V1,SYNTHETIC
PA_006907,2024-11-23,VISAKHAPATNAM,12,33.9,82.5,MEDIUM,SYNTHETIC_GENERATOR_V1,SYNTHETIC
PA_006908,2024-11-24,VISAKHAPATNAM,8,13.9,66.7,LOW,SYNTHETIC_GENERATOR_V1,SYNTHETIC
PA_006909,2024-11-25,VISAKHAPATNAM,11,29.8,74.4,MEDIUM,SYNTHETIC_GENERATOR_V1,SYNTHETIC
PA_006910,2024-11-26,VISAKHAPATNAM,9,21.2,65.1,LOW,SYNTHETIC_GENERATOR_V1,SYNTHETIC
PA_006911,2024-11-27,VISAKHAPATNAM,8,15.6,67.0,LOW,SYNTHETIC_GENERATOR_V1,SYNTHETIC
PA_006912,2024-11-28,VISAKHAPATNAM,12,30.7,73.3,MEDIUM,SYNTHETIC_GENERATOR_V1,SYNTHETIC
PA_006913,2024-11-29,VISAKHAPATNAM,9,20.1,71.7,LOW,SYNTHETIC_GENERATOR_V1,SYNTHETIC
PA_006914,2024-11-30,VISAKHAPATNAM,4,4.6,58.2,LOW,SYNTHETIC_GENERATOR_V1,SYNTHETIC
PA_006915,2024-12-01,VISAKHAPATNAM,9,21.8,68.7,LOW,SYNTHETIC_GENERATOR_V1,SYNTHETIC
PA_006916,2024-12-02,VISAKHAPATNAM,12,36.8,83.8,MEDIUM,SYNTHETIC_GENERATOR_V1,SYNTHETIC
PA_006917,2024-12-03,VISAKHAPATNAM,10,24.3,69.6,MEDIUM,SYNTHETIC_GENERATOR_V1,SYNTHETIC
PA_006918,2024-12-04,VISAKHAPATNAM,19,67.4,117.6,HIGH,SYNTHETIC_GENERATOR_V1,SYNTHETIC
PA_006919,2024-12-05,VISAKHAPATNAM,15,47.8,100.4,MEDIUM,SYNTHETIC_GENERATOR_V1,SYNTHETIC
PA_006920,2024-12-06,VISAKHAPATNAM,9,23.4,77.2,LOW,SYNTHETIC_GENERATOR_V1,SYNTHETIC
PA_006921,2024-12-07,VISAKHAPATNAM,9,29.1,79.9,MEDIUM,SYNTHETIC_GENERATOR_V1,SYNTHETIC
PA_006922,2024-12-08,VISAKHAPATNAM,6,11.1,57.9,LOW,SYNTHETIC_GENERATOR_V1,SYNTHETIC
PA_006923,2024-12-09,VISAKHAPATNAM,2,2.1,55.2,LOW,SYNTHETIC_GENERATOR_V1,SYNTHETIC
PA_006924,2024-12-10,VISAKHAPATNAM,14,42.1,91.5,MEDIUM,SYNTHETIC_GENERATOR_V1,SYNTHETIC
PA_006925,2024-12-11,VISAKHAPATNAM,10,25.0,74.4,MEDIUM,SYNTHETIC_GENERATOR_V1,SYNTHETIC
PA_006926,2024-12-12,VISAKHAPATNAM,10,23.0,74.4,LOW,SYNTHETIC_GENERATOR_V1,SYNTHETIC
PA_006927,2024-12-13,VISAKHAPATNAM,9,21.4,72.6,LOW,SYNTHETIC_GENERATOR_V1,SYNTHETIC
PA_006928,2024-12-14,VISAKHAPATNAM,15,45.4,104.4,MEDIUM,SYNTHETIC_GENERATOR_V1,SYNTHETIC
PA_006929,2024-12-15,VISAKHAPATNAM,10,25.3,71.5,MEDIUM,SYNTHETIC_GENERATOR_V1,SYNTHETIC
PA_006930,2024-12-16,VISAKHAPATNAM,6,13.1,60.7,LOW,SYNTHETIC_GENERATOR_V1,SYNTHETIC
PA_006931,2024-12-17,VISAKHAPATNAM,11,33.9,86.9,MEDIUM,SYNTHETIC_GENERATOR_V1,SYNTHETIC
PA_006932,2024-12-18,VISAKHAPATNAM,7,13.2,58.2,LOW,SYNTHETIC_GENERATOR_V1,SYNTHETIC
PA_006933,2024-12-19,VISAKHAPATNAM,7,15.1,55.2,LOW,SYNTHETIC_GENERATOR_V1,SYNTHETIC
PA_006934,2024-12-20,VISAKHAPATNAM,15,49.5,99.4,MEDIUM,SYNTHETIC_GENERATOR_V1,SYNTHETIC
PA_006935,2024-12-21,VISAKHAPATNAM,4,2.1,48.7,LOW,SYNTHETIC_GENERATOR_V1,SYNTHETIC
PA_006936,2024-12-22,VISAKHAPATNAM,11,29.3,83.5,MEDIUM,SYNTHETIC_GENERATOR_V1,SYNTHETIC
PA_006937,2024-12-23,VISAKHAPATNAM,11,28.3,78.2,MEDIUM,SYNTHETIC_GENERATOR_V1,SYNTHETIC
PA_006938,2024-12-24,VISAKHAPATNAM,10,26.2,75.5,MEDIUM,SYNTHETIC_GENERATOR_V1,SYNTHETIC
PA_006939,2024-12-25,VISAKHAPATNAM,10,25.7,71.3,MEDIUM,SYNTHETIC_GENERATOR_V1,SYNTHETIC
PA_006940,2024-12-26,VISAKHAPATNAM,16,50.6,91.5,MEDIUM,SYNTHETIC_GENERATOR_V1,SYNTHETIC
PA_006941,2024-12-27,VISAKHAPATNAM,13,42.7,86.3,MEDIUM,SYNTHETIC_GENERATOR_V1,SYNTHETIC
PA_006942,2024-12-28,VISAKHAPATNAM,10,27.2,76.3,MEDIUM,SYNTHETIC_GENERATOR_V1,SYNTHETIC
PA_006943,2024-12-29,VISAKHAPATNAM,10,23.3,75.9,LOW,SYNTHETIC_GENERATOR_V1,SYNTHETIC
PA_006944,2024-12-30,VISAKHAPATNAM,14,41.3,95.1,MEDIUM,SYNTHETIC_GENERATOR_V1,SYNTHETIC
PA_006945,2024-12-31,VISAKHAPATNAM,8,26.0,70.7,MEDIUM,SYNTHETIC_GENERATOR_V1,SYNTHETIC
PA_006946,2025-01-01,VISAKHAPATNAM,11,26.3,73.1,MEDIUM,SYNTHETIC_GENERATOR_V1,SYNTHETIC
PA_006947,2025-01-02,VISAKHAPATNAM,7,13.4,68.4,LOW,SYNTHETIC_GENERATOR_V1,SYNTHETIC
PA_006948,2025-01-03,VISAKHAPATNAM,14,41.7,87.3,MEDIUM,SYNTHETIC_GENERATOR_V1,SYNTHETIC
PA_006949,2025-01-04,VISAKHAPATNAM,13,47.1,95.5,MEDIUM,SYNTHETIC_GENERATOR_V1,SYNTHETIC
PA_006950,2025-01-05,VISAKHAPATNAM,12,35.4,84.3,MEDIUM,SYNTHETIC_GENERATOR_V1,SYNTHETIC
PA_006951,2025-01-06,VISAKHAPATNAM,7,13.0,59.9,LOW,SYNTHETIC_GENERATOR_V1,SYNTHETIC
PA_006952,2025-01-07,VISAKHAPATNAM,10,19.8,67.5,LOW,SYNTHETIC_GENERATOR_V1,SYNTHETIC
PA_006953,2025-01-08,VISAKHAPATNAM,13,43.3,94.3,MEDIUM,SYNTHETIC_GENERATOR_V1,SYNTHETIC
PA_006954,2025-01-09,VISAKHAPATNAM,13,37.1,90.2,MEDIUM,SYNTHETIC_GENERATOR_V1,SYNTHETIC
PA_006955,2025-01-10,VISAKHAPATNAM,8,15.2,63.2,LOW,SYNTHETIC_GENERATOR_V1,SYNTHETIC
PA_006956,2025-01-11,VISAKHAPATNAM,9,23.5,75.6,LOW,SYNTHETIC_GENERATOR_V1,SYNTHETIC
PA_006957,2025-01-12,VISAKHAPATNAM,13,32.4,78.9,MEDIUM,SYNTHETIC_GENERATOR_V1,SYNTHETIC
PA_006958,2025-01-13,VISAKHAPATNAM,13,46.6,97.7,MEDIUM,SYNTHETIC_GENERATOR_V1,SYNTHETIC
PA_006959,2025-01-14,VISAKHAPATNAM,10,30.9,80.5,MEDIUM,SYNTHETIC_GENERATOR_V1,SYNTHETIC
PA_006960,2025-01-15,VISAKHAPATNAM,8,15.5,58.3,LOW,SYNTHETIC_GENERATOR_V1,SYNTHETIC
PA_006961,2025-01-16,VISAKHAPATNAM,13,41.0,93.0,MEDIUM,SYNTHETIC_GENERATOR_V1,SYNTHETIC
PA_006962,2025-01-17,VISAKHAPATNAM,8,16.2,55.1,LOW,SYNTHETIC_GENERATOR_V1,SYNTHETIC
PA_006963,2025-01-18,VISAKHAPATNAM,9,21.4,64.7,LOW,SYNTHETIC_GENERATOR_V1,SYNTHETIC
PA_006964,2025-01-19,VISAKHAPATNAM,16,54.3,102.6,MEDIUM,SYNTHETIC_GENERATOR_V1,SYNTHETIC
PA_006965,2025-01-20,VISAKHAPATNAM,8,13.1,58.9,LOW,SYNTHETIC_GENERATOR_V1,SYNTHETIC
PA_006966,2025-01-21,VISAKHAPATNAM,14,44.3,89.9,MEDIUM,SYNTHETIC_GENERATOR_V1,SYNTHETIC
PA_006967,2025-01-22,VISAKHAPATNAM,15,44.3,90.8,MEDIUM,SYNTHETIC_GENERATOR_V1,SYNTHETIC
PA_006968,2025-01-23,VISAKHAPATNAM,10,18.3,61.3,LOW,SYNTHETIC_GENERATOR_V1,SYNTHETIC
PA_006969,2025-01-24,VISAKHAPATNAM,13,38.2,93.5,MEDIUM,SYNTHETIC_GENERATOR_V1,SYNTHETIC
PA_006970,2025-01-25,VISAKHAPATNAM,5,11.6,59.0,LOW,SYNTHETIC_GENERATOR_V1,SYNTHETIC
PA_006971,2025-01-26,VISAKHAPATNAM,12,32.9,84.8,MEDIUM,SYNTHETIC_GENERATOR_V1,SYNTHETIC
PA_006972,2025-01-27,VISAKHAPATNAM,13,40.4,87.2,MEDIUM,SYNTHETIC_GENERATOR_V1,SYNTHETIC
PA_006973,2025-01-28,VISAKHAPATNAM,7,17.9,61.4,LOW,SYNTHETIC_GENERATOR_V1,SYNTHETIC
PA_006974,2025-01-29,VISAKHAPATNAM,12,34.2,83.7,MEDIUM,SYNTHETIC_GENERATOR_V1,SYNTHETIC
PA_006975,2025-01-30,VISAKHAPATNAM,9,24.1,73.2,MEDIUM,SYNTHETIC_GENERATOR_V1,SYNTHETIC
PA_006976,2025-01-31,VISAKHAPATNAM,10,28.1,67.6,MEDIUM,SYNTHETIC_GENERATOR_V1,SYNTHETIC
PA_006977,2025-02-01,VISAKHAPATNAM,9,28.5,78.0,MEDIUM,SYNTHETIC_GENERATOR_V1,SYNTHETIC
PA_006978,2025-02-02,VISAKHAPATNAM,12,36.0,84.4,MEDIUM,SYNTHETIC_GENERATOR_V1,SYNTHETIC
PA_006979,2025-02-03,VISAKHAPATNAM,12,31.2,87.6,MEDIUM,SYNTHETIC_GENERATOR_V1,SYNTHETIC
PA_006980,2025-02-04,VISAKHAPATNAM,9,21.0,61.4,LOW,SYNTHETIC_GENERATOR_V1,SYNTHETIC
PA_006981,2025-02-05,VISAKHAPATNAM,12,34.0,75.7,MEDIUM,SYNTHETIC_GENERATOR_V1,SYNTHETIC
PA_006982,2025-02-06,VISAKHAPATNAM,12,33.0,73.9,MEDIUM,SYNTHETIC_GENERATOR_V1,SYNTHETIC
PA_006983,2025-02-07,VISAKHAPATNAM,11,33.7,78.8,MEDIUM,SYNTHETIC_GENERATOR_V1,SYNTHETIC
PA_006984,2025-02-08,VISAKHAPATNAM,10,27.2,79.7,MEDIUM,SYNTHETIC_GENERATOR_V1,SYNTHETIC
PA_006985,2025-02-09,VISAKHAPATNAM,14,41.5,93.7,MEDIUM,SYNTHETIC_GENERATOR_V1,SYNTHETIC
PA_006986,2025-02-10,VISAKHAPATNAM,12,34.0,77.6,MEDIUM,SYNTHETIC_GENERATOR_V1,SYNTHETIC
PA_006987,2025-02-11,VISAKHAPATNAM,11,26.7,72.1,MEDIUM,SYNTHETIC_GENERATOR_V1,SYNTHETIC
PA_006988,2025-02-12,VISAKHAPATNAM,6,6.3,57.8,LOW,SYNTHETIC_GENERATOR_V1,SYNTHETIC
PA_006989,2025-02-13,VISAKHAPATNAM,10,30.9,82.0,MEDIUM,SYNTHETIC_GENERATOR_V1,SYNTHETIC
PA_006990,2025-02-14,VISAKHAPATNAM,11,27.9,77.9,MEDIUM,SYNTHETIC_GENERATOR_V1,SYNTHETIC
PA_006991,2025-02-15,VISAKHAPATNAM,12,27.9,81.3,MEDIUM,SYNTHETIC_GENERATOR_V1,SYNTHETIC
PA_006992,2025-02-16,VISAKHAPATNAM,7,14.6,66.2,LOW,SYNTHETIC_GENERATOR_V1,SYNTHETIC
PA_006993,2025-02-17,VISAKHAPATNAM,12,28.4,79.8,MEDIUM,SYNTHETIC_GENERATOR_V1,SYNTHETIC
PA_006994,2025-02-18,VISAKHAPATNAM,9,28.9,78.0,MEDIUM,SYNTHETIC_GENERATOR_V1,SYNTHETIC
PA_006995,2025-02-19,VISAKHAPATNAM,17,62.6,102.4,HIGH,SYNTHETIC_GENERATOR_V1,SYNTHETIC
PA_006996,2025-02-20,VISAKHAPATNAM,10,18.0,80.3,LOW,SYNTHETIC_GENERATOR_V1,SYNTHETIC
PA_006997,2025-02-21,VISAKHAPATNAM,11,35.5,87.2,MEDIUM,SYNTHETIC_GENERATOR_V1,SYNTHETIC
PA_006998,2025-02-22,VISAKHAPATNAM,6,14.8,62.2,LOW,SYNTHETIC_GENERATOR_V1,SYNTHETIC
PA_006999,2025-02-23,VISAKHAPATNAM,11,34.4,83.9,MEDIUM,SYNTHETIC_GENERATOR_V1,SYNTHETIC
PA_007000,2025-02-24,VISAKHAPATNAM,13,32.6,77.7,MEDIUM,SYNTHETIC_GENERATOR_V1,SYNTHETIC
PA_007001,2025-02-25,VISAKHAPATNAM,8,19.9,70.7,LOW,SYNTHETIC_GENERATOR_V1,SYNTHETIC
PA_007002,2025-02-26,VISAKHAPATNAM,6,8.6,53.6,LOW,SYNTHETIC_GENERATOR_V1,SYNTHETIC
PA_007003,2025-02-27,VISAKHAPATNAM,8,16.7,70.8,LOW,SYNTHETIC_GENERATOR_V1,SYNTHETIC
PA_007004,2025-02-28,VISAKHAPATNAM,18,56.9,103.1,MEDIUM,SYNTHETIC_GENERATOR_V1,SYNTHETIC
PA_007005,2025-03-01,VISAKHAPATNAM,9,18.6,70.4,LOW,SYNTHETIC_GENERATOR_V1,SYNTHETIC
PA_007006,2025-03-02,VISAKHAPATNAM,10,21.0,64.9,LOW,SYNTHETIC_GENERATOR_V1,SYNTHETIC
PA_007007,2025-03-03,VISAKHAPATNAM,10,21.1,72.8,LOW,SYNTHETIC_GENERATOR_V1,SYNTHETIC
PA_007008,2025-03-04,VISAKHAPATNAM,9,27.4,73.7,MEDIUM,SYNTHETIC_GENERATOR_V1,SYNTHETIC
PA_007009,2025-03-05,VISAKHAPATNAM,17,57.8,106.9,MEDIUM,SYNTHETIC_GENERATOR_V1,SYNTHETIC
PA_007010,2025-03-06,VISAKHAPATNAM,9,21.9,69.5,LOW,SYNTHETIC_GENERATOR_V1,SYNTHETIC
PA_007011,2025-03-07,VISAKHAPATNAM,11,23.9,81.5,LOW,SYNTHETIC_GENERATOR_V1,SYNTHETIC
PA_007012,2025-03-08,VISAKHAPATNAM,8,20.8,72.5,LOW,SYNTHETIC_GENERATOR_V1,SYNTHETIC
PA_007013,2025-03-09,VISAKHAPATNAM,9,18.5,69.3,LOW,SYNTHETIC_GENERATOR_V1,SYNTHETIC
PA_007014,2025-03-10,VISAKHAPATNAM,12,30.2,79.2,MEDIUM,SYNTHETIC_GENERATOR_V1,SYNTHETIC
PA_007015,2025-03-11,VISAKHAPATNAM,14,45.1,94.8,MEDIUM,SYNTHETIC_GENERATOR_V1,SYNTHETIC
PA_007016,2025-03-12,VISAKHAPATNAM,12,35.2,90.3,MEDIUM,SYNTHETIC_GENERATOR_V1,SYNTHETIC
PA_007017,2025-03-13,VISAKHAPATNAM,11,31.8,79.3,MEDIUM,SYNTHETIC_GENERATOR_V1,SYNTHETIC
PA_007018,2025-03-14,VISAKHAPATNAM,4,3.4,51.8,LOW,SYNTHETIC_GENERATOR_V1,SYNTHETIC
PA_007019,2025-03-15,VISAKHAPATNAM,9,27.0,72.5,MEDIUM,SYNTHETIC_GENERATOR_V1,SYNTHETIC
PA_007020,2025-03-16,VISAKHAPATNAM,14,53.3,102.3,MEDIUM,SYNTHETIC_GENERATOR_V1,SYNTHETIC
PA_007021,2025-03-17,VISAKHAPATNAM,12,38.2,79.8,MEDIUM,SYNTHETIC_GENERATOR_V1,SYNTHETIC
PA_007022,2025-03-18,VISAKHAPATNAM,14,38.8,92.4,MEDIUM,SYNTHETIC_GENERATOR_V1,SYNTHETIC
PA_007023,2025-03-19,VISAKHAPATNAM,17,52.2,96.2,MEDIUM,SYNTHETIC_GENERATOR_V1,SYNTHETIC
PA_007024,2025-03-20,VISAKHAPATNAM,12,40.0,91.6,MEDIUM,SYNTHETIC_GENERATOR_V1,SYNTHETIC
PA_007025,2025-03-21,VISAKHAPATNAM,5,10.3,54.6,LOW,SYNTHETIC_GENERATOR_V1,SYNTHETIC
PA_007026,2025-03-22,VISAKHAPATNAM,9,23.9,70.9,LOW,SYNTHETIC_GENERATOR_V1,SYNTHETIC
PA_007027,2025-03-23,VISAKHAPATNAM,17,59.2,112.6,MEDIUM,SYNTHETIC_GENERATOR_V1,SYNTHETIC
PA_007028,2025-03-24,VISAKHAPATNAM,7,19.6,70.4,LOW,SYNTHETIC_GENERATOR_V1,SYNTHETIC
PA_007029,2025-03-25,VISAKHAPATNAM,10,27.1,81.7,MEDIUM,SYNTHETIC_GENERATOR_V1,SYNTHETIC
PA_007030,2025-03-26,VISAKHAPATNAM,12,32.6,78.2,MEDIUM,SYNTHETIC_GENERATOR_V1,SYNTHETIC
PA_007031,2025-03-27,VISAKHAPATNAM,11,31.1,82.7,MEDIUM,SYNTHETIC_GENERATOR_V1,SYNTHETIC
PA_007032,2025-03-28,VISAKHAPATNAM,11,29.9,73.9,MEDIUM,SYNTHETIC_GENERATOR_V1,SYNTHETIC
PA_007033,2025-03-29,VISAKHAPATNAM,5,18.0,67.1,LOW,SYNTHETIC_GENERATOR_V1,SYNTHETIC
PA_007034,2025-03-30,VISAKHAPATNAM,10,28.9,73.9,MEDIUM,SYNTHETIC_GENERATOR_V1,SYNTHETIC
PA_007035,2025-03-31,VISAKHAPATNAM,15,51.3,89.1,MEDIUM,SYNTHETIC_GENERATOR_V1,SYNTHETIC
PA_007036,2025-04-01,VISAKHAPATNAM,6,8.5,57.6,LOW,SYNTHETIC_GENERATOR_V1,SYNTHETIC
PA_007037,2025-04-02,VISAKHAPATNAM,8,16.9,65.9,LOW,SYNTHETIC_GENERATOR_V1,SYNTHETIC
PA_007038,2025-04-03,VISAKHAPATNAM,13,43.3,89.6,MEDIUM,SYNTHETIC_GENERATOR_V1,SYNTHETIC
PA_007039,2025-04-04,VISAKHAPATNAM,10,21.7,70.4,LOW,SYNTHETIC_GENERATOR_V1,SYNTHETIC
PA_007040,2025-04-05,VISAKHAPATNAM,15,47.8,91.9,MEDIUM,SYNTHETIC_GENERATOR_V1,SYNTHETIC
PA_007041,2025-04-06,VISAKHAPATNAM,8,16.4,68.4,LOW,SYNTHETIC_GENERATOR_V1,SYNTHETIC
PA_007042,2025-04-07,VISAKHAPATNAM,18,60.9,109.0,HIGH,SYNTHETIC_GENERATOR_V1,SYNTHETIC
PA_007043,2025-04-08,VISAKHAPATNAM,11,29.8,73.8,MEDIUM,SYNTHETIC_GENERATOR_V1,SYNTHETIC
PA_007044,2025-04-09,VISAKHAPATNAM,12,31.4,83.6,MEDIUM,SYNTHETIC_GENERATOR_V1,SYNTHETIC
PA_007045,2025-04-10,VISAKHAPATNAM,12,34.9,83.3,MEDIUM,SYNTHETIC_GENERATOR_V1,SYNTHETIC
PA_007046,2025-04-11,VISAKHAPATNAM,6,11.0,55.3,LOW,SYNTHETIC_GENERATOR_V1,SYNTHETIC
PA_007047,2025-04-12,VISAKHAPATNAM,11,28.0,84.8,MEDIUM,SYNTHETIC_GENERATOR_V1,SYNTHETIC
PA_007048,2025-04-13,VISAKHAPATNAM,3,6.5,56.1,LOW,SYNTHETIC_GENERATOR_V1,SYNTHETIC
PA_007049,2025-04-14,VISAKHAPATNAM,9,21.5,70.6,LOW,SYNTHETIC_GENERATOR_V1,SYNTHETIC
PA_007050,2025-04-15,VISAKHAPATNAM,10,28.5,78.7,MEDIUM,SYNTHETIC_GENERATOR_V1,SYNTHETIC
PA_007051,2025-04-16,VISAKHAPATNAM,10,27.1,83.9,MEDIUM,SYNTHETIC_GENERATOR_V1,SYNTHETIC
PA_007052,2025-04-17,VISAKHAPATNAM,13,44.6,90.8,MEDIUM,SYNTHETIC_GENERATOR_V1,SYNTHETIC
PA_007053,2025-04-18,VISAKHAPATNAM,8,16.9,56.7,LOW,SYNTHETIC_GENERATOR_V1,SYNTHETIC
PA_007054,2025-04-19,VISAKHAPATNAM,13,31.6,78.0,MEDIUM,SYNTHETIC_GENERATOR_V1,SYNTHETIC
PA_007055,2025-04-20,VISAKHAPATNAM,16,52.4,95.5,MEDIUM,SYNTHETIC_GENERATOR_V1,SYNTHETIC
PA_007056,2025-04-21,VISAKHAPATNAM,23,90.5,140.6,HIGH,SYNTHETIC_GENERATOR_V1,SYNTHETIC
PA_007057,2025-04-22,VISAKHAPATNAM,15,46.2,93.9,MEDIUM,SYNTHETIC_GENERATOR_V1,SYNTHETIC
PA_007058,2025-04-23,VISAKHAPATNAM,9,22.1,71.3,LOW,SYNTHETIC_GENERATOR_V1,SYNTHETIC
PA_007059,2025-04-24,VISAKHAPATNAM,9,26.6,78.9,MEDIUM,SYNTHETIC_GENERATOR_V1,SYNTHETIC
PA_007060,2025-04-25,VISAKHAPATNAM,13,40.8,89.8,MEDIUM,SYNTHETIC_GENERATOR_V1,SYNTHETIC
PA_007061,2025-04-26,VISAKHAPATNAM,13,37.4,85.4,MEDIUM,SYNTHETIC_GENERATOR_V1,SYNTHETIC
PA_007062,2025-04-27,VISAKHAPATNAM,8,16.0,63.7,LOW,SYNTHETIC_GENERATOR_V1,SYNTHETIC
PA_007063,2025-04-28,VISAKHAPATNAM,9,20.4,66.6,LOW,SYNTHETIC_GENERATOR_V1,SYNTHETIC
PA_007064,2025-04-29,VISAKHAPATNAM,8,12.3,63.1,LOW,SYNTHETIC_GENERATOR_V1,SYNTHETIC
PA_007065,2025-04-30,VISAKHAPATNAM,8,14.9,61.3,LOW,SYNTHETIC_GENERATOR_V1,SYNTHETIC
PA_007066,2025-05-01,VISAKHAPATNAM,13,38.9,79.1,MEDIUM,SYNTHETIC_GENERATOR_V1,SYNTHETIC
PA_007067,2025-05-02,VISAKHAPATNAM,18,63.0,110.7,HIGH,SYNTHETIC_GENERATOR_V1,SYNTHETIC
PA_007068,2025-05-03,VISAKHAPATNAM,16,47.4,96.5,MEDIUM,SYNTHETIC_GENERATOR_V1,SYNTHETIC
PA_007069,2025-05-04,VISAKHAPATNAM,14,47.0,89.6,MEDIUM,SYNTHETIC_GENERATOR_V1,SYNTHETIC
PA_007070,2025-05-05,VISAKHAPATNAM,14,48.0,98.1,MEDIUM,SYNTHETIC_GENERATOR_V1,SYNTHETIC
PA_007071,2025-05-06,VISAKHAPATNAM,9,16.5,64.3,LOW,SYNTHETIC_GENERATOR_V1,SYNTHETIC
PA_007072,2025-05-07,VISAKHAPATNAM,15,44.1,92.7,MEDIUM,SYNTHETIC_GENERATOR_V1,SYNTHETIC
PA_007073,2025-05-08,VISAKHAPATNAM,13,41.9,88.8,MEDIUM,SYNTHETIC_GENERATOR_V1,SYNTHETIC
PA_007074,2025-05-09,VISAKHAPATNAM,15,48.4,98.2,MEDIUM,SYNTHETIC_GENERATOR_V1,SYNTHETIC
PA_007075,2025-05-10,VISAKHAPATNAM,11,30.2,84.0,MEDIUM,SYNTHETIC_GENERATOR_V1,SYNTHETIC
PA_007076,2025-05-11,VISAKHAPATNAM,10,26.5,62.1,MEDIUM,SYNTHETIC_GENERATOR_V1,SYNTHETIC
PA_007077,2025-05-12,VISAKHAPATNAM,9,21.2,69.5,LOW,SYNTHETIC_GENERATOR_V1,SYNTHETIC
PA_007078,2025-05-13,VISAKHAPATNAM,8,18.6,61.2,LOW,SYNTHETIC_GENERATOR_V1,SYNTHETIC
PA_007079,2025-05-14,VISAKHAPATNAM,13,37.7,85.8,MEDIUM,SYNTHETIC_GENERATOR_V1,SYNTHETIC
PA_007080,2025-05-15,VISAKHAPATNAM,7,14.3,70.9,LOW,SYNTHETIC_GENERATOR_V1,SYNTHETIC
PA_007081,2025-05-16,VISAKHAPATNAM,8,21.0,73.1,LOW,SYNTHETIC_GENERATOR_V1,SYNTHETIC
PA_007082,2025-05-17,VISAKHAPATNAM,13,39.3,84.2,MEDIUM,SYNTHETIC_GENERATOR_V1,SYNTHETIC
PA_007083,2025-05-18,VISAKHAPATNAM,12,32.7,84.4,MEDIUM,SYNTHETIC_GENERATOR_V1,SYNTHETIC
PA_007084,2025-05-19,VISAKHAPATNAM,11,29.8,79.2,MEDIUM,SYNTHETIC_GENERATOR_V1,SYNTHETIC
PA_007085,2025-05-20,VISAKHAPATNAM,4,8.8,53.2,LOW,SYNTHETIC_GENERATOR_V1,SYNTHETIC
PA_007086,2025-05-21,VISAKHAPATNAM,9,22.4,71.1,LOW,SYNTHETIC_GENERATOR_V1,SYNTHETIC
PA_007087,2025-05-22,VISAKHAPATNAM,10,24.2,71.4,MEDIUM,SYNTHETIC_GENERATOR_V1,SYNTHETIC
PA_007088,2025-05-23,VISAKHAPATNAM,5,5.6,54.6,LOW,SYNTHETIC_GENERATOR_V1,SYNTHETIC
PA_007089,2025-05-24,VISAKHAPATNAM,17,58.7,112.9,MEDIUM,SYNTHETIC_GENERATOR_V1,SYNTHETIC
PA_007090,2025-05-25,VISAKHAPATNAM,10,29.3,76.7,MEDIUM,SYNTHETIC_GENERATOR_V1,SYNTHETIC
PA_007091,2025-05-26,VISAKHAPATNAM,11,30.9,81.2,MEDIUM,SYNTHETIC_GENERATOR_V1,SYNTHETIC
PA_007092,2025-05-27,VISAKHAPATNAM,13,36.8,80.8,MEDIUM,SYNTHETIC_GENERATOR_V1,SYNTHETIC
PA_007093,2025-05-28,VISAKHAPATNAM,12,32.4,76.3,MEDIUM,SYNTHETIC_GENERATOR_V1,SYNTHETIC
PA_007094,2025-05-29,VISAKHAPATNAM,12,34.4,86.0,MEDIUM,SYNTHETIC_GENERATOR_V1,SYNTHETIC
PA_007095,2025-05-30,VISAKHAPATNAM,9,18.8,65.4,LOW,SYNTHETIC_GENERATOR_V1,SYNTHETIC
PA_007096,2025-05-31,VISAKHAPATNAM,12,27.4,77.4,MEDIUM,SYNTHETIC_GENERATOR_V1,SYNTHETIC
PA_007097,2025-06-01,VISAKHAPATNAM,9,22.4,72.5,LOW,SYNTHETIC_GENERATOR_V1,SYNTHETIC
PA_007098,2025-06-02,VISAKHAPATNAM,12,42.5,92.9,MEDIUM,SYNTHETIC_GENERATOR_V1,SYNTHETIC
PA_007099,2025-06-03,VISAKHAPATNAM,11,31.8,81.9,MEDIUM,SYNTHETIC_GENERATOR_V1,SYNTHETIC
PA_007100,2025-06-04,VISAKHAPATNAM,12,34.6,81.5,MEDIUM,SYNTHETIC_GENERATOR_V1,SYNTHETIC
PA_007101,2025-06-05,VISAKHAPATNAM,13,39.5,86.6,MEDIUM,SYNTHETIC_GENERATOR_V1,SYNTHETIC
PA_007102,2025-06-06,VISAKHAPATNAM,9,14.8,66.7,LOW,SYNTHETIC_GENERATOR_V1,SYNTHETIC
PA_007103,2025-06-07,VISAKHAPATNAM,9,24.5,79.3,MEDIUM,SYNTHETIC_GENERATOR_V1,SYNTHETIC
PA_007104,2025-06-08,VISAKHAPATNAM,13,45.3,95.9,MEDIUM,SYNTHETIC_GENERATOR_V1,SYNTHETIC
PA_007105,2025-06-09,VISAKHAPATNAM,9,29.9,80.1,MEDIUM,SYNTHETIC_GENERATOR_V1,SYNTHETIC
PA_007106,2025-06-10,VISAKHAPATNAM,10,18.2,70.8,LOW,SYNTHETIC_GENERATOR_V1,SYNTHETIC
PA_007107,2025-06-11,VISAKHAPATNAM,14,46.1,92.1,MEDIUM,SYNTHETIC_GENERATOR_V1,SYNTHETIC
PA_007108,2025-06-12,VISAKHAPATNAM,4,6.6,53.4,LOW,SYNTHETIC_GENERATOR_V1,SYNTHETIC
PA_007109,2025-06-13,VISAKHAPATNAM,11,25.3,73.9,MEDIUM,SYNTHETIC_GENERATOR_V1,SYNTHETIC
PA_007110,2025-06-14,VISAKHAPATNAM,16,52.6,104.9,MEDIUM,SYNTHETIC_GENERATOR_V1,SYNTHETIC
PA_007111,2025-06-15,VISAKHAPATNAM,8,16.2,63.2,LOW,SYNTHETIC_GENERATOR_V1,SYNTHETIC
PA_007112,2025-06-16,VISAKHAPATNAM,14,47.4,102.0,MEDIUM,SYNTHETIC_GENERATOR_V1,SYNTHETIC
PA_007113,2025-06-17,VISAKHAPATNAM,11,24.6,67.2,MEDIUM,SYNTHETIC_GENERATOR_V1,SYNTHETIC
PA_007114,2025-06-18,VISAKHAPATNAM,12,37.3,85.6,MEDIUM,SYNTHETIC_GENERATOR_V1,SYNTHETIC
PA_007115,2025-06-19,VISAKHAPATNAM,7,18.2,61.1,LOW,SYNTHETIC_GENERATOR_V1,SYNTHETIC
PA_007116,2025-06-20,VISAKHAPATNAM,8,21.3,62.8,LOW,SYNTHETIC_GENERATOR_V1,SYNTHETIC
PA_007117,2025-06-21,VISAKHAPATNAM,13,34.0,78.1,MEDIUM,SYNTHETIC_GENERATOR_V1,SYNTHETIC
PA_007118,2025-06-22,VISAKHAPATNAM,13,33.9,78.6,MEDIUM,SYNTHETIC_GENERATOR_V1,SYNTHETIC
PA_007119,2025-06-23,VISAKHAPATNAM,13,42.7,95.0,MEDIUM,SYNTHETIC_GENERATOR_V1,SYNTHETIC
PA_007120,2025-06-24,VISAKHAPATNAM,15,48.6,99.4,MEDIUM,SYNTHETIC_GENERATOR_V1,SYNTHETIC
PA_007121,2025-06-25,VISAKHAPATNAM,8,24.7,61.7,MEDIUM,SYNTHETIC_GENERATOR_V1,SYNTHETIC
PA_007122,2025-06-26,VISAKHAPATNAM,11,25.1,73.3,MEDIUM,SYNTHETIC_GENERATOR_V1,SYNTHETIC
PA_007123,2025-06-27,VISAKHAPATNAM,8,12.3,63.1,LOW,SYNTHETIC_GENERATOR_V1,SYNTHETIC
PA_007124,2025-06-28,VISAKHAPATNAM,8,15.6,68.8,LOW,SYNTHETIC_GENERATOR_V1,SYNTHETIC
PA_007125,2025-06-29,VISAKHAPATNAM,4,11.2,64.9,LOW,SYNTHETIC_GENERATOR_V1,SYNTHETIC
PA_007126,2025-06-30,VISAKHAPATNAM,13,35.4,87.8,MEDIUM,SYNTHETIC_GENERATOR_V1,SYNTHETIC
PA_007127,2025-07-01,VISAKHAPATNAM,15,43.5,91.1,MEDIUM,SYNTHETIC_GENERATOR_V1,SYNTHETIC
PA_007128,2025-07-02,VISAKHAPATNAM,13,36.2,79.6,MEDIUM,SYNTHETIC_GENERATOR_V1,SYNTHETIC
PA_007129,2025-07-03,VISAKHAPATNAM,10,26.3,78.8,MEDIUM,SYNTHETIC_GENERATOR_V1,SYNTHETIC
PA_007130,2025-07-04,VISAKHAPATNAM,11,31.7,78.7,MEDIUM,SYNTHETIC_GENERATOR_V1,SYNTHETIC
PA_007131,2025-07-05,VISAKHAPATNAM,10,23.1,73.3,LOW,SYNTHETIC_GENERATOR_V1,SYNTHETIC
PA_007132,2025-07-06,VISAKHAPATNAM,9,14.6,60.7,LOW,SYNTHETIC_GENERATOR_V1,SYNTHETIC
PA_007133,2025-07-07,VISAKHAPATNAM,11,32.2,85.0,MEDIUM,SYNTHETIC_GENERATOR_V1,SYNTHETIC
PA_007134,2025-07-08,VISAKHAPATNAM,6,9.1,54.7,LOW,SYNTHETIC_GENERATOR_V1,SYNTHETIC
PA_007135,2025-07-09,VISAKHAPATNAM,8,22.9,79.5,LOW,SYNTHETIC_GENERATOR_V1,SYNTHETIC
PA_007136,2025-07-10,VISAKHAPATNAM,7,15.6,64.4,LOW,SYNTHETIC_GENERATOR_V1,SYNTHETIC
PA_007137,2025-07-11,VISAKHAPATNAM,12,35.6,86.2,MEDIUM,SYNTHETIC_GENERATOR_V1,SYNTHETIC
PA_007138,2025-07-12,VISAKHAPATNAM,19,63.0,106.6,HIGH,SYNTHETIC_GENERATOR_V1,SYNTHETIC
PA_007139,2025-07-13,VISAKHAPATNAM,13,32.0,77.4,MEDIUM,SYNTHETIC_GENERATOR_V1,SYNTHETIC
PA_007140,2025-07-14,VISAKHAPATNAM,12,37.2,90.1,MEDIUM,SYNTHETIC_GENERATOR_V1,SYNTHETIC
PA_007141,2025-07-15,VISAKHAPATNAM,18,62.8,106.7,HIGH,SYNTHETIC_GENERATOR_V1,SYNTHETIC
PA_007142,2025-07-16,VISAKHAPATNAM,11,28.5,79.4,MEDIUM,SYNTHETIC_GENERATOR_V1,SYNTHETIC
PA_007143,2025-07-17,VISAKHAPATNAM,7,12.3,63.7,LOW,SYNTHETIC_GENERATOR_V1,SYNTHETIC
PA_007144,2025-07-18,VISAKHAPATNAM,10,30.7,68.3,MEDIUM,SYNTHETIC_GENERATOR_V1,SYNTHETIC
PA_007145,2025-07-19,VISAKHAPATNAM,15,50.9,95.2,MEDIUM,SYNTHETIC_GENERATOR_V1,SYNTHETIC
PA_007146,2025-07-20,VISAKHAPATNAM,10,23.5,73.7,LOW,SYNTHETIC_GENERATOR_V1,SYNTHETIC
PA_007147,2025-07-21,VISAKHAPATNAM,15,46.8,95.9,MEDIUM,SYNTHETIC_GENERATOR_V1,SYNTHETIC
PA_007148,2025-07-22,VISAKHAPATNAM,9,15.6,64.0,LOW,SYNTHETIC_GENERATOR_V1,SYNTHETIC
PA_007149,2025-07-23,VISAKHAPATNAM,15,44.4,99.9,MEDIUM,SYNTHETIC_GENERATOR_V1,SYNTHETIC
PA_007150,2025-07-24,VISAKHAPATNAM,14,41.9,89.5,MEDIUM,SYNTHETIC_GENERATOR_V1,SYNTHETIC
PA_007151,2025-07-25,VISAKHAPATNAM,16,52.4,104.3,MEDIUM,SYNTHETIC_GENERATOR_V1,SYNTHETIC
PA_007152,2025-07-26,VISAKHAPATNAM,12,30.6,77.1,MEDIUM,SYNTHETIC_GENERATOR_V1,SYNTHETIC
PA_007153,2025-07-27,VISAKHAPATNAM,11,32.1,79.6,MEDIUM,SYNTHETIC_GENERATOR_V1,SYNTHETIC
PA_007154,2025-07-28,VISAKHAPATNAM,8,16.0,58.3,LOW,SYNTHETIC_GENERATOR_V1,SYNTHETIC
PA_007155,2025-07-29,VISAKHAPATNAM,7,16.6,65.9,LOW,SYNTHETIC_GENERATOR_V1,SYNTHETIC
PA_007156,2025-07-30,VISAKHAPATNAM,14,41.9,87.2,MEDIUM,SYNTHETIC_GENERATOR_V1,SYNTHETIC
PA_007157,2025-07-31,VISAKHAPATNAM,11,33.8,81.2,MEDIUM,SYNTHETIC_GENERATOR_V1,SYNTHETIC
PA_007158,2025-08-01,VISAKHAPATNAM,7,15.5,64.6,LOW,SYNTHETIC_GENERATOR_V1,SYNTHETIC
PA_007159,2025-08-02,VISAKHAPATNAM,13,36.3,83.3,MEDIUM,SYNTHETIC_GENERATOR_V1,SYNTHETIC
PA_007160,2025-08-03,VISAKHAPATNAM,14,42.5,89.3,MEDIUM,SYNTHETIC_GENERATOR_V1,SYNTHETIC
PA_007161,2025-08-04,VISAKHAPATNAM,5,10.7,59.9,LOW,SYNTHETIC_GENERATOR_V1,SYNTHETIC
PA_007162,2025-08-05,VISAKHAPATNAM,13,43.6,96.1,MEDIUM,SYNTHETIC_GENERATOR_V1,SYNTHETIC
PA_007163,2025-08-06,VISAKHAPATNAM,13,38.6,85.0,MEDIUM,SYNTHETIC_GENERATOR_V1,SYNTHETIC
PA_007164,2025-08-07,VISAKHAPATNAM,10,21.2,74.7,LOW,SYNTHETIC_GENERATOR_V1,SYNTHETIC
PA_007165,2025-08-08,VISAKHAPATNAM,7,14.4,61.4,LOW,SYNTHETIC_GENERATOR_V1,SYNTHETIC
PA_007166,2025-08-09,VISAKHAPATNAM,14,39.5,94.7,MEDIUM,SYNTHETIC_GENERATOR_V1,SYNTHETIC
PA_007167,2025-08-10,VISAKHAPATNAM,12,34.0,88.2,MEDIUM,SYNTHETIC_GENERATOR_V1,SYNTHETIC
PA_007168,2025-08-11,VISAKHAPATNAM,10,25.4,70.6,MEDIUM,SYNTHETIC_GENERATOR_V1,SYNTHETIC
PA_007169,2025-08-12,VISAKHAPATNAM,9,18.2,71.0,LOW,SYNTHETIC_GENERATOR_V1,SYNTHETIC
PA_007170,2025-08-13,VISAKHAPATNAM,5,10.3,59.0,LOW,SYNTHETIC_GENERATOR_V1,SYNTHETIC
PA_007171,2025-08-14,VISAKHAPATNAM,11,31.9,81.9,MEDIUM,SYNTHETIC_GENERATOR_V1,SYNTHETIC
PA_007172,2025-08-15,VISAKHAPATNAM,8,19.2,66.2,LOW,SYNTHETIC_GENERATOR_V1,SYNTHETIC
PA_007173,2025-08-16,VISAKHAPATNAM,7,14.6,62.9,LOW,SYNTHETIC_GENERATOR_V1,SYNTHETIC
PA_007174,2025-08-17,VISAKHAPATNAM,10,26.4,71.1,MEDIUM,SYNTHETIC_GENERATOR_V1,SYNTHETIC
PA_007175,2025-08-18,VISAKHAPATNAM,11,29.1,77.4,MEDIUM,SYNTHETIC_GENERATOR_V1,SYNTHETIC
PA_007176,2025-08-19,VISAKHAPATNAM,18,61.3,109.8,HIGH,SYNTHETIC_GENERATOR_V1,SYNTHETIC
PA_007177,2025-08-20,VISAKHAPATNAM,12,32.8,77.5,MEDIUM,SYNTHETIC_GENERATOR_V1,SYNTHETIC
PA_007178,2025-08-21,VISAKHAPATNAM,13,34.1,78.0,MEDIUM,SYNTHETIC_GENERATOR_V1,SYNTHETIC
PA_007179,2025-08-22,VISAKHAPATNAM,15,47.6,97.8,MEDIUM,SYNTHETIC_GENERATOR_V1,SYNTHETIC
PA_007180,2025-08-23,VISAKHAPATNAM,9,23.7,75.0,LOW,SYNTHETIC_GENERATOR_V1,SYNTHETIC
PA_007181,2025-08-24,VISAKHAPATNAM,10,23.1,71.8,LOW,SYNTHETIC_GENERATOR_V1,SYNTHETIC
PA_007182,2025-08-25,VISAKHAPATNAM,14,49.9,107.4,MEDIUM,SYNTHETIC_GENERATOR_V1,SYNTHETIC
PA_007183,2025-08-26,VISAKHAPATNAM,12,33.8,74.3,MEDIUM,SYNTHETIC_GENERATOR_V1,SYNTHETIC
PA_007184,2025-08-27,VISAKHAPATNAM,4,6.6,46.4,LOW,SYNTHETIC_GENERATOR_V1,SYNTHETIC
PA_007185,2025-08-28,VISAKHAPATNAM,13,36.1,81.6,MEDIUM,SYNTHETIC_GENERATOR_V1,SYNTHETIC
PA_007186,2025-08-29,VISAKHAPATNAM,13,40.2,83.7,MEDIUM,SYNTHETIC_GENERATOR_V1,SYNTHETIC
PA_007187,2025-08-30,VISAKHAPATNAM,13,45.0,100.4,MEDIUM,SYNTHETIC_GENERATOR_V1,SYNTHETIC
PA_007188,2025-08-31,VISAKHAPATNAM,13,44.8,97.5,MEDIUM,SYNTHETIC_GENERATOR_V1,SYNTHETIC
PA_007189,2025-09-01,VISAKHAPATNAM,7,12.4,61.8,LOW,SYNTHETIC_GENERATOR_V1,SYNTHETIC
PA_007190,2025-09-02,VISAKHAPATNAM,17,61.2,109.4,HIGH,SYNTHETIC_GENERATOR_V1,SYNTHETIC
PA_007191,2025-09-03,VISAKHAPATNAM,11,31.3,80.1,MEDIUM,SYNTHETIC_GENERATOR_V1,SYNTHETIC
PA_007192,2025-09-04,VISAKHAPATNAM,7,13.0,61.6,LOW,SYNTHETIC_GENERATOR_V1,SYNTHETIC
PA_007193,2025-09-05,VISAKHAPATNAM,10,27.3,73.5,MEDIUM,SYNTHETIC_GENERATOR_V1,SYNTHETIC
PA_007194,2025-09-06,VISAKHAPATNAM,7,17.7,70.6,LOW,SYNTHETIC_GENERATOR_V1,SYNTHETIC
PA_007195,2025-09-07,VISAKHAPATNAM,15,52.9,100.7,MEDIUM,SYNTHETIC_GENERATOR_V1,SYNTHETIC
PA_007196,2025-09-08,VISAKHAPATNAM,10,26.8,69.8,MEDIUM,SYNTHETIC_GENERATOR_V1,SYNTHETIC
PA_007197,2025-09-09,VISAKHAPATNAM,14,38.9,89.7,MEDIUM,SYNTHETIC_GENERATOR_V1,SYNTHETIC
PA_007198,2025-09-10,VISAKHAPATNAM,8,14.8,61.2,LOW,SYNTHETIC_GENERATOR_V1,SYNTHETIC
PA_007199,2025-09-11,VISAKHAPATNAM,16,59.1,105.0,MEDIUM,SYNTHETIC_GENERATOR_V1,SYNTHETIC
PA_007200,2025-09-12,VISAKHAPATNAM,9,20.3,62.2,LOW,SYNTHETIC_GENERATOR_V1,SYNTHETIC
PA_007201,2025-09-13,VISAKHAPATNAM,11,28.2,79.4,MEDIUM,SYNTHETIC_GENERATOR_V1,SYNTHETIC
PA_007202,2025-09-14,VISAKHAPATNAM,15,47.6,96.2,MEDIUM,SYNTHETIC_GENERATOR_V1,SYNTHETIC
PA_007203,2025-09-15,VISAKHAPATNAM,17,57.7,100.0,MEDIUM,SYNTHETIC_GENERATOR_V1,SYNTHETIC
PA_007204,2025-09-16,VISAKHAPATNAM,14,42.7,89.8,MEDIUM,SYNTHETIC_GENERATOR_V1,SYNTHETIC
PA_007205,2025-09-17,VISAKHAPATNAM,15,54.8,98.1,MEDIUM,SYNTHETIC_GENERATOR_V1,SYNTHETIC
PA_007206,2025-09-18,VISAKHAPATNAM,10,18.3,66.4,LOW,SYNTHETIC_GENERATOR_V1,SYNTHETIC
PA_007207,2025-09-19,VISAKHAPATNAM,12,30.8,79.2,MEDIUM,SYNTHETIC_GENERATOR_V1,SYNTHETIC
PA_007208,2025-09-20,VISAKHAPATNAM,13,41.1,87.8,MEDIUM,SYNTHETIC_GENERATOR_V1,SYNTHETIC
PA_007209,2025-09-21,VISAKHAPATNAM,13,43.2,90.3,MEDIUM,SYNTHETIC_GENERATOR_V1,SYNTHETIC
PA_007210,2025-09-22,VISAKHAPATNAM,8,16.4,69.1,LOW,SYNTHETIC_GENERATOR_V1,SYNTHETIC
PA_007211,2025-09-23,VISAKHAPATNAM,8,18.9,58.8,LOW,SYNTHETIC_GENERATOR_V1,SYNTHETIC
PA_007212,2025-09-24,VISAKHAPATNAM,9,15.8,64.7,LOW,SYNTHETIC_GENERATOR_V1,SYNTHETIC
PA_007213,2025-09-25,VISAKHAPATNAM,10,23.1,73.8,LOW,SYNTHETIC_GENERATOR_V1,SYNTHETIC
PA_007214,2025-09-26,VISAKHAPATNAM,12,33.0,86.3,MEDIUM,SYNTHETIC_GENERATOR_V1,SYNTHETIC
PA_007215,2025-09-27,VISAKHAPATNAM,10,22.3,68.8,LOW,SYNTHETIC_GENERATOR_V1,SYNTHETIC
PA_007216,2025-09-28,VISAKHAPATNAM,12,31.8,85.3,MEDIUM,SYNTHETIC_GENERATOR_V1,SYNTHETIC
PA_007217,2025-09-29,VISAKHAPATNAM,18,61.3,111.5,HIGH,SYNTHETIC_GENERATOR_V1,SYNTHETIC
PA_007218,2025-09-30,VISAKHAPATNAM,6,12.1,58.1,LOW,SYNTHETIC_GENERATOR_V1,SYNTHETIC
PA_007219,2025-10-01,VISAKHAPATNAM,12,34.1,83.3,MEDIUM,SYNTHETIC_GENERATOR_V1,SYNTHETIC
PA_007220,2025-10-02,VISAKHAPATNAM,13,42.2,92.2,MEDIUM,SYNTHETIC_GENERATOR_V1,SYNTHETIC
PA_007221,2025-10-03,VISAKHAPATNAM,12,37.0,93.0,MEDIUM,SYNTHETIC_GENERATOR_V1,SYNTHETIC
PA_007222,2025-10-04,VISAKHAPATNAM,8,17.2,65.5,LOW,SYNTHETIC_GENERATOR_V1,SYNTHETIC
PA_007223,2025-10-05,VISAKHAPATNAM,14,50.4,105.6,MEDIUM,SYNTHETIC_GENERATOR_V1,SYNTHETIC
PA_007224,2025-10-06,VISAKHAPATNAM,11,31.0,72.5,MEDIUM,SYNTHETIC_GENERATOR_V1,SYNTHETIC
PA_007225,2025-10-07,VISAKHAPATNAM,16,52.3,99.2,MEDIUM,SYNTHETIC_GENERATOR_V1,SYNTHETIC
PA_007226,2025-10-08,VISAKHAPATNAM,15,55.1,99.2,MEDIUM,SYNTHETIC_GENERATOR_V1,SYNTHETIC
PA_007227,2025-10-09,VISAKHAPATNAM,11,32.7,87.7,MEDIUM,SYNTHETIC_GENERATOR_V1,SYNTHETIC
PA_007228,2025-10-10,VISAKHAPATNAM,12,30.0,82.8,MEDIUM,SYNTHETIC_GENERATOR_V1,SYNTHETIC
PA_007229,2025-10-11,VISAKHAPATNAM,11,31.2,80.6,MEDIUM,SYNTHETIC_GENERATOR_V1,SYNTHETIC
PA_007230,2025-10-12,VISAKHAPATNAM,10,24.3,71.9,MEDIUM,SYNTHETIC_GENERATOR_V1,SYNTHETIC
PA_007231,2025-10-13,VISAKHAPATNAM,7,16.8,66.7,LOW,SYNTHETIC_GENERATOR_V1,SYNTHETIC
PA_007232,2025-10-14,VISAKHAPATNAM,13,35.6,81.0,MEDIUM,SYNTHETIC_GENERATOR_V1,SYNTHETIC
PA_007233,2025-10-15,VISAKHAPATNAM,12,39.0,87.5,MEDIUM,SYNTHETIC_GENERATOR_V1,SYNTHETIC
PA_007234,2025-10-16,VISAKHAPATNAM,12,35.5,81.4,MEDIUM,SYNTHETIC_GENERATOR_V1,SYNTHETIC
PA_007235,2025-10-17,VISAKHAPATNAM,14,47.3,89.9,MEDIUM,SYNTHETIC_GENERATOR_V1,SYNTHETIC
PA_007236,2025-10-18,VISAKHAPATNAM,17,60.6,110.4,HIGH,SYNTHETIC_GENERATOR_V1,SYNTHETIC
PA_007237,2025-10-19,VISAKHAPATNAM,12,34.1,77.4,MEDIUM,SYNTHETIC_GENERATOR_V1,SYNTHETIC
PA_007238,2025-10-20,VISAKHAPATNAM,11,32.4,80.6,MEDIUM,SYNTHETIC_GENERATOR_V1,SYNTHETIC
PA_007239,2025-10-21,VISAKHAPATNAM,10,27.3,75.3,MEDIUM,SYNTHETIC_GENERATOR_V1,SYNTHETIC
PA_007240,2025-10-22,VISAKHAPATNAM,8,11.1,57.3,LOW,SYNTHETIC_GENERATOR_V1,SYNTHETIC
PA_007241,2025-10-23,VISAKHAPATNAM,13,39.9,89.7,MEDIUM,SYNTHETIC_GENERATOR_V1,SYNTHETIC
PA_007242,2025-10-24,VISAKHAPATNAM,8,14.8,62.3,LOW,SYNTHETIC_GENERATOR_V1,SYNTHETIC
PA_007243,2025-10-25,VISAKHAPATNAM,12,36.2,79.3,MEDIUM,SYNTHETIC_GENERATOR_V1,SYNTHETIC
PA_007244,2025-10-26,VISAKHAPATNAM,17,57.4,102.8,MEDIUM,SYNTHETIC_GENERATOR_V1,SYNTHETIC
PA_007245,2025-10-27,VISAKHAPATNAM,10,24.3,74.7,MEDIUM,SYNTHETIC_GENERATOR_V1,SYNTHETIC
PA_007246,2025-10-28,VISAKHAPATNAM,8,25.8,66.5,MEDIUM,SYNTHETIC_GENERATOR_V1,SYNTHETIC
PA_007247,2025-10-29,VISAKHAPATNAM,7,15.5,63.4,LOW,SYNTHETIC_GENERATOR_V1,SYNTHETIC
PA_007248,2025-10-30,VISAKHAPATNAM,10,28.3,80.3,MEDIUM,SYNTHETIC_GENERATOR_V1,SYNTHETIC
PA_007249,2025-10-31,VISAKHAPATNAM,8,18.1,66.5,LOW,SYNTHETIC_GENERATOR_V1,SYNTHETIC
PA_007250,2025-11-01,VISAKHAPATNAM,8,28.7,86.1,MEDIUM,SYNTHETIC_GENERATOR_V1,SYNTHETIC
PA_007251,2025-11-02,VISAKHAPATNAM,8,19.1,66.4,LOW,SYNTHETIC_GENERATOR_V1,SYNTHETIC
PA_007252,2025-11-03,VISAKHAPATNAM,5,9.0,63.9,LOW,SYNTHETIC_GENERATOR_V1,SYNTHETIC
PA_007253,2025-11-04,VISAKHAPATNAM,8,19.0,68.5,LOW,SYNTHETIC_GENERATOR_V1,SYNTHETIC
PA_007254,2025-11-05,VISAKHAPATNAM,12,33.3,88.0,MEDIUM,SYNTHETIC_GENERATOR_V1,SYNTHETIC
PA_007255,2025-11-06,VISAKHAPATNAM,8,13.2,62.2,LOW,SYNTHETIC_GENERATOR_V1,SYNTHETIC
PA_007256,2025-11-07,VISAKHAPATNAM,9,24.3,74.4,MEDIUM,SYNTHETIC_GENERATOR_V1,SYNTHETIC
PA_007257,2025-11-08,VISAKHAPATNAM,12,28.8,74.9,MEDIUM,SYNTHETIC_GENERATOR_V1,SYNTHETIC
PA_007258,2025-11-09,VISAKHAPATNAM,9,23.6,71.8,LOW,SYNTHETIC_GENERATOR_V1,SYNTHETIC
PA_007259,2025-11-10,VISAKHAPATNAM,15,50.5,102.7,MEDIUM,SYNTHETIC_GENERATOR_V1,SYNTHETIC
PA_007260,2025-11-11,VISAKHAPATNAM,12,29.9,76.8,MEDIUM,SYNTHETIC_GENERATOR_V1,SYNTHETIC
PA_007261,2025-11-12,VISAKHAPATNAM,7,10.1,61.0,LOW,SYNTHETIC_GENERATOR_V1,SYNTHETIC
PA_007262,2025-11-13,VISAKHAPATNAM,8,21.5,73.9,LOW,SYNTHETIC_GENERATOR_V1,SYNTHETIC
PA_007263,2025-11-14,VISAKHAPATNAM,14,40.8,82.0,MEDIUM,SYNTHETIC_GENERATOR_V1,SYNTHETIC
PA_007264,2025-11-15,VISAKHAPATNAM,4,5.5,55.8,LOW,SYNTHETIC_GENERATOR_V1,SYNTHETIC
PA_007265,2025-11-16,VISAKHAPATNAM,11,25.6,71.5,MEDIUM,SYNTHETIC_GENERATOR_V1,SYNTHETIC
PA_007266,2025-11-17,VISAKHAPATNAM,11,27.1,77.2,MEDIUM,SYNTHETIC_GENERATOR_V1,SYNTHETIC
PA_007267,2025-11-18,VISAKHAPATNAM,10,21.2,61.7,LOW,SYNTHETIC_GENERATOR_V1,SYNTHETIC
PA_007268,2025-11-19,VISAKHAPATNAM,15,50.0,94.6,MEDIUM,SYNTHETIC_GENERATOR_V1,SYNTHETIC
PA_007269,2025-11-20,VISAKHAPATNAM,10,22.2,73.9,LOW,SYNTHETIC_GENERATOR_V1,SYNTHETIC
PA_007270,2025-11-21,VISAKHAPATNAM,9,17.8,64.2,LOW,SYNTHETIC_GENERATOR_V1,SYNTHETIC
PA_007271,2025-11-22,VISAKHAPATNAM,8,21.0,68.1,LOW,SYNTHETIC_GENERATOR_V1,SYNTHETIC
PA_007272,2025-11-23,VISAKHAPATNAM,6,12.1,64.7,LOW,SYNTHETIC_GENERATOR_V1,SYNTHETIC
PA_007273,2025-11-24,VISAKHAPATNAM,12,34.6,80.4,MEDIUM,SYNTHETIC_GENERATOR_V1,SYNTHETIC
PA_007274,2025-11-25,VISAKHAPATNAM,7,18.1,63.0,LOW,SYNTHETIC_GENERATOR_V1,SYNTHETIC
PA_007275,2025-11-26,VISAKHAPATNAM,10,27.0,71.9,MEDIUM,SYNTHETIC_GENERATOR_V1,SYNTHETIC
PA_007276,2025-11-27,VISAKHAPATNAM,10,28.8,84.9,MEDIUM,SYNTHETIC_GENERATOR_V1,SYNTHETIC
PA_007277,2025-11-28,VISAKHAPATNAM,8,22.8,70.3,LOW,SYNTHETIC_GENERATOR_V1,SYNTHETIC
PA_007278,2025-11-29,VISAKHAPATNAM,9,23.7,77.8,LOW,SYNTHETIC_GENERATOR_V1,SYNTHETIC
PA_007279,2025-11-30,VISAKHAPATNAM,15,47.9,98.3,MEDIUM,SYNTHETIC_GENERATOR_V1,SYNTHETIC
PA_007280,2025-12-01,VISAKHAPATNAM,8,19.1,64.4,LOW,SYNTHETIC_GENERATOR_V1,SYNTHETIC
PA_007281,2025-12-02,VISAKHAPATNAM,7,12.3,67.2,LOW,SYNTHETIC_GENERATOR_V1,SYNTHETIC
PA_007282,2025-12-03,VISAKHAPATNAM,13,35.7,87.1,MEDIUM,SYNTHETIC_GENERATOR_V1,SYNTHETIC
PA_007283,2025-12-04,VISAKHAPATNAM,13,32.5,76.7,MEDIUM,SYNTHETIC_GENERATOR_V1,SYNTHETIC
PA_007284,2025-12-05,VISAKHAPATNAM,10,27.4,66.6,MEDIUM,SYNTHETIC_GENERATOR_V1,SYNTHETIC
PA_007285,2025-12-06,VISAKHAPATNAM,6,10.2,58.7,LOW,SYNTHETIC_GENERATOR_V1,SYNTHETIC
PA_007286,2025-12-07,VISAKHAPATNAM,10,21.2,68.1,LOW,SYNTHETIC_GENERATOR_V1,SYNTHETIC
PA_007287,2025-12-08,VISAKHAPATNAM,7,17.1,64.5,LOW,SYNTHETIC_GENERATOR_V1,SYNTHETIC
PA_007288,2025-12-09,VISAKHAPATNAM,9,20.8,70.4,LOW,SYNTHETIC_GENERATOR_V1,SYNTHETIC
PA_007289,2025-12-10,VISAKHAPATNAM,14,45.9,95.6,MEDIUM,SYNTHETIC_GENERATOR_V1,SYNTHETIC
PA_007290,2025-12-11,VISAKHAPATNAM,11,29.5,81.4,MEDIUM,SYNTHETIC_GENERATOR_V1,SYNTHETIC
PA_007291,2025-12-12,VISAKHAPATNAM,16,53.9,105.8,MEDIUM,SYNTHETIC_GENERATOR_V1,SYNTHETIC
PA_007292,2025-12-13,VISAKHAPATNAM,7,16.1,66.6,LOW,SYNTHETIC_GENERATOR_V1,SYNTHETIC
PA_007293,2025-12-14,VISAKHAPATNAM,15,47.0,91.9,MEDIUM,SYNTHETIC_GENERATOR_V1,SYNTHETIC
PA_007294,2025-12-15,VISAKHAPATNAM,10,25.4,79.2,MEDIUM,SYNTHETIC_GENERATOR_V1,SYNTHETIC
PA_007295,2025-12-16,VISAKHAPATNAM,9,26.2,72.6,MEDIUM,SYNTHETIC_GENERATOR_V1,SYNTHETIC
PA_007296,2025-12-17,VISAKHAPATNAM,15,51.3,99.3,MEDIUM,SYNTHETIC_GENERATOR_V1,SYNTHETIC
PA_007297,2025-12-18,VISAKHAPATNAM,10,29.5,77.4,MEDIUM,SYNTHETIC_GENERATOR_V1,SYNTHETIC
PA_007298,2025-12-19,VISAKHAPATNAM,7,10.7,54.6,LOW,SYNTHETIC_GENERATOR_V1,SYNTHETIC
PA_007299,2025-12-20,VISAKHAPATNAM,13,39.0,85.0,MEDIUM,SYNTHETIC_GENERATOR_V1,SYNTHETIC
PA_007300,2025-12-21,VISAKHAPATNAM,17,54.1,105.6,MEDIUM,SYNTHETIC_GENERATOR_V1,SYNTHETIC
PA_007301,2025-12-22,VISAKHAPATNAM,11,29.3,73.2,MEDIUM,SYNTHETIC_GENERATOR_V1,SYNTHETIC
PA_007302,2025-12-23,VISAKHAPATNAM,11,38.9,95.1,MEDIUM,SYNTHETIC_GENERATOR_V1,SYNTHETIC
PA_007303,2025-12-24,VISAKHAPATNAM,6,16.1,67.3,LOW,SYNTHETIC_GENERATOR_V1,SYNTHETIC
PA_007304,2025-12-25,VISAKHAPATNAM,13,38.4,87.2,MEDIUM,SYNTHETIC_GENERATOR_V1,SYNTHETIC
PA_007305,2025-12-26,VISAKHAPATNAM,14,45.3,87.5,MEDIUM,SYNTHETIC_GENERATOR_V1,SYNTHETIC
PA_007306,2025-12-27,VISAKHAPATNAM,6,3.3,55.8,LOW,SYNTHETIC_GENERATOR_V1,SYNTHETIC
PA_007307,2025-12-28,VISAKHAPATNAM,5,8.7,56.3,LOW,SYNTHETIC_GENERATOR_V1,SYNTHETIC
PA_007308,2025-12-29,VISAKHAPATNAM,8,18.7,67.7,LOW,SYNTHETIC_GENERATOR_V1,SYNTHETIC
PA_007309,2025-12-30,VISAKHAPATNAM,12,34.4,78.0,MEDIUM,SYNTHETIC_GENERATOR_V1,SYNTHETIC
PA_007310,2025-12-31,VISAKHAPATNAM,16,54.4,101.8,MEDIUM,SYNTHETIC_GENERATOR_V1,SYNTHETIC
PA_007311,2024-01-01,GANGAVARAM,8,20.5,73.4,LOW,SYNTHETIC_GENERATOR_V1,SYNTHETIC
PA_007312,2024-01-02,GANGAVARAM,8,17.9,63.0,LOW,SYNTHETIC_GENERATOR_V1,SYNTHETIC
PA_007313,2024-01-03,GANGAVARAM,9,28.6,74.1,MEDIUM,SYNTHETIC_GENERATOR_V1,SYNTHETIC
PA_007314,2024-01-04,GANGAVARAM,9,18.6,67.5,LOW,SYNTHETIC_GENERATOR_V1,SYNTHETIC
PA_007315,2024-01-05,GANGAVARAM,12,40.9,95.5,MEDIUM,SYNTHETIC_GENERATOR_V1,SYNTHETIC
PA_007316,2024-01-06,GANGAVARAM,12,35.5,81.1,MEDIUM,SYNTHETIC_GENERATOR_V1,SYNTHETIC
PA_007317,2024-01-07,GANGAVARAM,7,15.5,62.8,LOW,SYNTHETIC_GENERATOR_V1,SYNTHETIC
PA_007318,2024-01-08,GANGAVARAM,9,25.6,75.2,MEDIUM,SYNTHETIC_GENERATOR_V1,SYNTHETIC
PA_007319,2024-01-09,GANGAVARAM,10,30.2,76.3,MEDIUM,SYNTHETIC_GENERATOR_V1,SYNTHETIC
PA_007320,2024-01-10,GANGAVARAM,6,6.8,52.8,LOW,SYNTHETIC_GENERATOR_V1,SYNTHETIC
PA_007321,2024-01-11,GANGAVARAM,4,6.7,58.7,LOW,SYNTHETIC_GENERATOR_V1,SYNTHETIC
PA_007322,2024-01-12,GANGAVARAM,5,9.7,62.2,LOW,SYNTHETIC_GENERATOR_V1,SYNTHETIC
PA_007323,2024-01-13,GANGAVARAM,13,42.0,84.7,MEDIUM,SYNTHETIC_GENERATOR_V1,SYNTHETIC
PA_007324,2024-01-14,GANGAVARAM,9,26.2,81.0,MEDIUM,SYNTHETIC_GENERATOR_V1,SYNTHETIC
PA_007325,2024-01-15,GANGAVARAM,6,8.2,58.4,LOW,SYNTHETIC_GENERATOR_V1,SYNTHETIC
PA_007326,2024-01-16,GANGAVARAM,10,28.5,75.0,MEDIUM,SYNTHETIC_GENERATOR_V1,SYNTHETIC
PA_007327,2024-01-17,GANGAVARAM,10,30.4,77.6,MEDIUM,SYNTHETIC_GENERATOR_V1,SYNTHETIC
PA_007328,2024-01-18,GANGAVARAM,11,35.9,79.9,MEDIUM,SYNTHETIC_GENERATOR_V1,SYNTHETIC
PA_007329,2024-01-19,GANGAVARAM,8,24.4,73.5,MEDIUM,SYNTHETIC_GENERATOR_V1,SYNTHETIC
PA_007330,2024-01-20,GANGAVARAM,8,26.3,71.3,MEDIUM,SYNTHETIC_GENERATOR_V1,SYNTHETIC
PA_007331,2024-01-21,GANGAVARAM,9,26.8,72.9,MEDIUM,SYNTHETIC_GENERATOR_V1,SYNTHETIC
PA_007332,2024-01-22,GANGAVARAM,9,25.4,74.3,MEDIUM,SYNTHETIC_GENERATOR_V1,SYNTHETIC
PA_007333,2024-01-23,GANGAVARAM,7,9.7,66.3,LOW,SYNTHETIC_GENERATOR_V1,SYNTHETIC
PA_007334,2024-01-24,GANGAVARAM,6,10.4,60.5,LOW,SYNTHETIC_GENERATOR_V1,SYNTHETIC
PA_007335,2024-01-25,GANGAVARAM,13,44.0,93.3,MEDIUM,SYNTHETIC_GENERATOR_V1,SYNTHETIC
PA_007336,2024-01-26,GANGAVARAM,10,22.3,68.2,LOW,SYNTHETIC_GENERATOR_V1,SYNTHETIC
PA_007337,2024-01-27,GANGAVARAM,9,25.6,79.6,MEDIUM,SYNTHETIC_GENERATOR_V1,SYNTHETIC
PA_007338,2024-01-28,GANGAVARAM,6,8.8,64.9,LOW,SYNTHETIC_GENERATOR_V1,SYNTHETIC
PA_007339,2024-01-29,GANGAVARAM,10,28.2,77.0,MEDIUM,SYNTHETIC_GENERATOR_V1,SYNTHETIC
PA_007340,2024-01-30,GANGAVARAM,7,20.4,71.1,LOW,SYNTHETIC_GENERATOR_V1,SYNTHETIC
PA_007341,2024-01-31,GANGAVARAM,8,21.7,68.4,LOW,SYNTHETIC_GENERATOR_V1,SYNTHETIC
PA_007342,2024-02-01,GANGAVARAM,4,0.0,49.4,LOW,SYNTHETIC_GENERATOR_V1,SYNTHETIC
PA_007343,2024-02-02,GANGAVARAM,9,23.3,73.9,LOW,SYNTHETIC_GENERATOR_V1,SYNTHETIC
PA_007344,2024-02-03,GANGAVARAM,11,31.2,70.8,MEDIUM,SYNTHETIC_GENERATOR_V1,SYNTHETIC
PA_007345,2024-02-04,GANGAVARAM,9,25.8,70.2,MEDIUM,SYNTHETIC_GENERATOR_V1,SYNTHETIC
PA_007346,2024-02-05,GANGAVARAM,11,31.2,83.2,MEDIUM,SYNTHETIC_GENERATOR_V1,SYNTHETIC
PA_007347,2024-02-06,GANGAVARAM,14,45.5,95.3,MEDIUM,SYNTHETIC_GENERATOR_V1,SYNTHETIC
PA_007348,2024-02-07,GANGAVARAM,9,26.4,80.5,MEDIUM,SYNTHETIC_GENERATOR_V1,SYNTHETIC
PA_007349,2024-02-08,GANGAVARAM,10,23.3,77.6,LOW,SYNTHETIC_GENERATOR_V1,SYNTHETIC
PA_007350,2024-02-09,GANGAVARAM,10,28.6,83.3,MEDIUM,SYNTHETIC_GENERATOR_V1,SYNTHETIC
PA_007351,2024-02-10,GANGAVARAM,6,13.1,58.6,LOW,SYNTHETIC_GENERATOR_V1,SYNTHETIC
PA_007352,2024-02-11,GANGAVARAM,11,23.4,70.8,LOW,SYNTHETIC_GENERATOR_V1,SYNTHETIC
PA_007353,2024-02-12,GANGAVARAM,8,22.3,69.9,LOW,SYNTHETIC_GENERATOR_V1,SYNTHETIC
PA_007354,2024-02-13,GANGAVARAM,9,26.2,81.5,MEDIUM,SYNTHETIC_GENERATOR_V1,SYNTHETIC
PA_007355,2024-02-14,GANGAVARAM,8,19.7,67.1,LOW,SYNTHETIC_GENERATOR_V1,SYNTHETIC
PA_007356,2024-02-15,GANGAVARAM,6,19.4,70.4,LOW,SYNTHETIC_GENERATOR_V1,SYNTHETIC
PA_007357,2024-02-16,GANGAVARAM,11,29.0,67.8,MEDIUM,SYNTHETIC_GENERATOR_V1,SYNTHETIC
PA_007358,2024-02-17,GANGAVARAM,11,31.0,72.6,MEDIUM,SYNTHETIC_GENERATOR_V1,SYNTHETIC
PA_007359,2024-02-18,GANGAVARAM,9,18.7,62.7,LOW,SYNTHETIC_GENERATOR_V1,SYNTHETIC
PA_007360,2024-02-19,GANGAVARAM,11,34.7,84.1,MEDIUM,SYNTHETIC_GENERATOR_V1,SYNTHETIC
PA_007361,2024-02-20,GANGAVARAM,9,28.9,75.8,MEDIUM,SYNTHETIC_GENERATOR_V1,SYNTHETIC
PA_007362,2024-02-21,GANGAVARAM,9,20.5,69.1,LOW,SYNTHETIC_GENERATOR_V1,SYNTHETIC
PA_007363,2024-02-22,GANGAVARAM,12,34.0,78.6,MEDIUM,SYNTHETIC_GENERATOR_V1,SYNTHETIC
PA_007364,2024-02-23,GANGAVARAM,12,39.7,92.6,MEDIUM,SYNTHETIC_GENERATOR_V1,SYNTHETIC
PA_007365,2024-02-24,GANGAVARAM,9,26.3,74.4,MEDIUM,SYNTHETIC_GENERATOR_V1,SYNTHETIC
PA_007366,2024-02-25,GANGAVARAM,12,33.0,78.3,MEDIUM,SYNTHETIC_GENERATOR_V1,SYNTHETIC
PA_007367,2024-02-26,GANGAVARAM,9,22.8,67.2,LOW,SYNTHETIC_GENERATOR_V1,SYNTHETIC
PA_007368,2024-02-27,GANGAVARAM,7,16.8,62.7,LOW,SYNTHETIC_GENERATOR_V1,SYNTHETIC
PA_007369,2024-02-28,GANGAVARAM,13,47.6,94.3,MEDIUM,SYNTHETIC_GENERATOR_V1,SYNTHETIC
PA_007370,2024-02-29,GANGAVARAM,12,36.6,88.5,MEDIUM,SYNTHETIC_GENERATOR_V1,SYNTHETIC
PA_007371,2024-03-01,GANGAVARAM,7,13.6,63.4,LOW,SYNTHETIC_GENERATOR_V1,SYNTHETIC
PA_007372,2024-03-02,GANGAVARAM,11,34.9,90.3,MEDIUM,SYNTHETIC_GENERATOR_V1,SYNTHETIC
PA_007373,2024-03-03,GANGAVARAM,9,27.1,66.6,MEDIUM,SYNTHETIC_GENERATOR_V1,SYNTHETIC
PA_007374,2024-03-04,GANGAVARAM,7,13.5,61.7,LOW,SYNTHETIC_GENERATOR_V1,SYNTHETIC
PA_007375,2024-03-05,GANGAVARAM,7,15.9,58.6,LOW,SYNTHETIC_GENERATOR_V1,SYNTHETIC
PA_007376,2024-03-06,GANGAVARAM,7,18.5,62.8,LOW,SYNTHETIC_GENERATOR_V1,SYNTHETIC
PA_007377,2024-03-07,GANGAVARAM,7,13.9,62.9,LOW,SYNTHETIC_GENERATOR_V1,SYNTHETIC
PA_007378,2024-03-08,GANGAVARAM,10,29.5,72.5,MEDIUM,SYNTHETIC_GENERATOR_V1,SYNTHETIC
PA_007379,2024-03-09,GANGAVARAM,8,25.5,79.1,MEDIUM,SYNTHETIC_GENERATOR_V1,SYNTHETIC
PA_007380,2024-03-10,GANGAVARAM,14,43.6,85.5,MEDIUM,SYNTHETIC_GENERATOR_V1,SYNTHETIC
PA_007381,2024-03-11,GANGAVARAM,4,4.1,51.6,LOW,SYNTHETIC_GENERATOR_V1,SYNTHETIC
PA_007382,2024-03-12,GANGAVARAM,8,20.1,67.2,LOW,SYNTHETIC_GENERATOR_V1,SYNTHETIC
PA_007383,2024-03-13,GANGAVARAM,10,22.6,79.6,LOW,SYNTHETIC_GENERATOR_V1,SYNTHETIC
PA_007384,2024-03-14,GANGAVARAM,6,21.0,75.0,LOW,SYNTHETIC_GENERATOR_V1,SYNTHETIC
PA_007385,2024-03-15,GANGAVARAM,7,17.1,70.8,LOW,SYNTHETIC_GENERATOR_V1,SYNTHETIC
PA_007386,2024-03-16,GANGAVARAM,10,31.4,88.0,MEDIUM,SYNTHETIC_GENERATOR_V1,SYNTHETIC
PA_007387,2024-03-17,GANGAVARAM,8,23.2,70.2,LOW,SYNTHETIC_GENERATOR_V1,SYNTHETIC
PA_007388,2024-03-18,GANGAVARAM,7,14.9,64.4,LOW,SYNTHETIC_GENERATOR_V1,SYNTHETIC
PA_007389,2024-03-19,GANGAVARAM,10,29.7,73.2,MEDIUM,SYNTHETIC_GENERATOR_V1,SYNTHETIC
PA_007390,2024-03-20,GANGAVARAM,13,41.8,84.2,MEDIUM,SYNTHETIC_GENERATOR_V1,SYNTHETIC
PA_007391,2024-03-21,GANGAVARAM,9,26.6,78.4,MEDIUM,SYNTHETIC_GENERATOR_V1,SYNTHETIC
PA_007392,2024-03-22,GANGAVARAM,5,8.3,52.8,LOW,SYNTHETIC_GENERATOR_V1,SYNTHETIC
PA_007393,2024-03-23,GANGAVARAM,7,17.2,72.8,LOW,SYNTHETIC_GENERATOR_V1,SYNTHETIC
PA_007394,2024-03-24,GANGAVARAM,8,16.2,60.9,LOW,SYNTHETIC_GENERATOR_V1,SYNTHETIC
PA_007395,2024-03-25,GANGAVARAM,10,33.7,87.1,MEDIUM,SYNTHETIC_GENERATOR_V1,SYNTHETIC
PA_007396,2024-03-26,GANGAVARAM,17,62.1,109.6,HIGH,SYNTHETIC_GENERATOR_V1,SYNTHETIC
PA_007397,2024-03-27,GANGAVARAM,11,33.1,75.3,MEDIUM,SYNTHETIC_GENERATOR_V1,SYNTHETIC
PA_007398,2024-03-28,GANGAVARAM,5,7.0,48.6,LOW,SYNTHETIC_GENERATOR_V1,SYNTHETIC
PA_007399,2024-03-29,GANGAVARAM,7,13.1,56.7,LOW,SYNTHETIC_GENERATOR_V1,SYNTHETIC
PA_007400,2024-03-30,GANGAVARAM,10,25.6,68.3,MEDIUM,SYNTHETIC_GENERATOR_V1,SYNTHETIC
PA_007401,2024-03-31,GANGAVARAM,11,32.0,86.5,MEDIUM,SYNTHETIC_GENERATOR_V1,SYNTHETIC
PA_007402,2024-04-01,GANGAVARAM,13,46.6,90.5,MEDIUM,SYNTHETIC_GENERATOR_V1,SYNTHETIC
PA_007403,2024-04-02,GANGAVARAM,6,15.3,60.3,LOW,SYNTHETIC_GENERATOR_V1,SYNTHETIC
PA_007404,2024-04-03,GANGAVARAM,5,10.6,52.3,LOW,SYNTHETIC_GENERATOR_V1,SYNTHETIC
PA_007405,2024-04-04,GANGAVARAM,7,15.2,69.9,LOW,SYNTHETIC_GENERATOR_V1,SYNTHETIC
PA_007406,2024-04-05,GANGAVARAM,10,27.6,77.7,MEDIUM,SYNTHETIC_GENERATOR_V1,SYNTHETIC
PA_007407,2024-04-06,GANGAVARAM,12,38.4,88.8,MEDIUM,SYNTHETIC_GENERATOR_V1,SYNTHETIC
PA_007408,2024-04-07,GANGAVARAM,9,21.4,70.3,LOW,SYNTHETIC_GENERATOR_V1,SYNTHETIC
PA_007409,2024-04-08,GANGAVARAM,17,57.5,103.5,MEDIUM,SYNTHETIC_GENERATOR_V1,SYNTHETIC
PA_007410,2024-04-09,GANGAVARAM,8,18.5,69.3,LOW,SYNTHETIC_GENERATOR_V1,SYNTHETIC
PA_007411,2024-04-10,GANGAVARAM,9,25.3,75.1,MEDIUM,SYNTHETIC_GENERATOR_V1,SYNTHETIC
PA_007412,2024-04-11,GANGAVARAM,7,19.7,68.0,LOW,SYNTHETIC_GENERATOR_V1,SYNTHETIC
PA_007413,2024-04-12,GANGAVARAM,9,24.7,64.2,MEDIUM,SYNTHETIC_GENERATOR_V1,SYNTHETIC
PA_007414,2024-04-13,GANGAVARAM,8,21.2,66.4,LOW,SYNTHETIC_GENERATOR_V1,SYNTHETIC
PA_007415,2024-04-14,GANGAVARAM,11,29.8,78.1,MEDIUM,SYNTHETIC_GENERATOR_V1,SYNTHETIC
PA_007416,2024-04-15,GANGAVARAM,11,28.3,75.0,MEDIUM,SYNTHETIC_GENERATOR_V1,SYNTHETIC
PA_007417,2024-04-16,GANGAVARAM,6,17.5,63.4,LOW,SYNTHETIC_GENERATOR_V1,SYNTHETIC
PA_007418,2024-04-17,GANGAVARAM,9,22.7,72.1,LOW,SYNTHETIC_GENERATOR_V1,SYNTHETIC
PA_007419,2024-04-18,GANGAVARAM,10,29.9,74.7,MEDIUM,SYNTHETIC_GENERATOR_V1,SYNTHETIC
PA_007420,2024-04-19,GANGAVARAM,6,14.2,58.1,LOW,SYNTHETIC_GENERATOR_V1,SYNTHETIC
PA_007421,2024-04-20,GANGAVARAM,4,1.8,44.9,LOW,SYNTHETIC_GENERATOR_V1,SYNTHETIC
PA_007422,2024-04-21,GANGAVARAM,9,20.7,70.5,LOW,SYNTHETIC_GENERATOR_V1,SYNTHETIC
PA_007423,2024-04-22,GANGAVARAM,4,8.3,63.5,LOW,SYNTHETIC_GENERATOR_V1,SYNTHETIC
PA_007424,2024-04-23,GANGAVARAM,12,40.3,86.5,MEDIUM,SYNTHETIC_GENERATOR_V1,SYNTHETIC
PA_007425,2024-04-24,GANGAVARAM,10,28.8,74.9,MEDIUM,SYNTHETIC_GENERATOR_V1,SYNTHETIC
PA_007426,2024-04-25,GANGAVARAM,7,19.1,71.7,LOW,SYNTHETIC_GENERATOR_V1,SYNTHETIC
PA_007427,2024-04-26,GANGAVARAM,7,17.7,65.9,LOW,SYNTHETIC_GENERATOR_V1,SYNTHETIC
PA_007428,2024-04-27,GANGAVARAM,15,50.1,101.7,MEDIUM,SYNTHETIC_GENERATOR_V1,SYNTHETIC
PA_007429,2024-04-28,GANGAVARAM,7,13.1,59.7,LOW,SYNTHETIC_GENERATOR_V1,SYNTHETIC
PA_007430,2024-04-29,GANGAVARAM,3,8.2,54.7,LOW,SYNTHETIC_GENERATOR_V1,SYNTHETIC
PA_007431,2024-04-30,GANGAVARAM,5,15.0,64.8,LOW,SYNTHETIC_GENERATOR_V1,SYNTHETIC
PA_007432,2024-05-01,GANGAVARAM,11,28.2,73.4,MEDIUM,SYNTHETIC_GENERATOR_V1,SYNTHETIC
PA_007433,2024-05-02,GANGAVARAM,7,17.4,67.3,LOW,SYNTHETIC_GENERATOR_V1,SYNTHETIC
PA_007434,2024-05-03,GANGAVARAM,10,23.9,73.2,LOW,SYNTHETIC_GENERATOR_V1,SYNTHETIC
PA_007435,2024-05-04,GANGAVARAM,6,16.6,65.1,LOW,SYNTHETIC_GENERATOR_V1,SYNTHETIC
PA_007436,2024-05-05,GANGAVARAM,5,10.5,50.1,LOW,SYNTHETIC_GENERATOR_V1,SYNTHETIC
PA_007437,2024-05-06,GANGAVARAM,7,15.9,67.6,LOW,SYNTHETIC_GENERATOR_V1,SYNTHETIC
PA_007438,2024-05-07,GANGAVARAM,7,19.6,66.7,LOW,SYNTHETIC_GENERATOR_V1,SYNTHETIC
PA_007439,2024-05-08,GANGAVARAM,7,14.4,65.0,LOW,SYNTHETIC_GENERATOR_V1,SYNTHETIC
PA_007440,2024-05-09,GANGAVARAM,2,0.9,48.8,LOW,SYNTHETIC_GENERATOR_V1,SYNTHETIC
PA_007441,2024-05-10,GANGAVARAM,11,33.1,83.0,MEDIUM,SYNTHETIC_GENERATOR_V1,SYNTHETIC
PA_007442,2024-05-11,GANGAVARAM,16,57.8,109.7,MEDIUM,SYNTHETIC_GENERATOR_V1,SYNTHETIC
PA_007443,2024-05-12,GANGAVARAM,5,12.4,69.7,LOW,SYNTHETIC_GENERATOR_V1,SYNTHETIC
PA_007444,2024-05-13,GANGAVARAM,10,22.3,74.1,LOW,SYNTHETIC_GENERATOR_V1,SYNTHETIC
PA_007445,2024-05-14,GANGAVARAM,7,13.5,62.1,LOW,SYNTHETIC_GENERATOR_V1,SYNTHETIC
PA_007446,2024-05-15,GANGAVARAM,12,36.0,89.3,MEDIUM,SYNTHETIC_GENERATOR_V1,SYNTHETIC
PA_007447,2024-05-16,GANGAVARAM,13,40.3,87.7,MEDIUM,SYNTHETIC_GENERATOR_V1,SYNTHETIC
PA_007448,2024-05-17,GANGAVARAM,10,32.8,72.0,MEDIUM,SYNTHETIC_GENERATOR_V1,SYNTHETIC
PA_007449,2024-05-18,GANGAVARAM,5,10.3,59.2,LOW,SYNTHETIC_GENERATOR_V1,SYNTHETIC
PA_007450,2024-05-19,GANGAVARAM,10,29.9,77.7,MEDIUM,SYNTHETIC_GENERATOR_V1,SYNTHETIC
PA_007451,2024-05-20,GANGAVARAM,15,55.4,101.7,MEDIUM,SYNTHETIC_GENERATOR_V1,SYNTHETIC
PA_007452,2024-05-21,GANGAVARAM,4,4.6,46.2,LOW,SYNTHETIC_GENERATOR_V1,SYNTHETIC
PA_007453,2024-05-22,GANGAVARAM,7,20.2,70.3,LOW,SYNTHETIC_GENERATOR_V1,SYNTHETIC
PA_007454,2024-05-23,GANGAVARAM,11,28.7,75.0,MEDIUM,SYNTHETIC_GENERATOR_V1,SYNTHETIC
PA_007455,2024-05-24,GANGAVARAM,14,42.4,91.5,MEDIUM,SYNTHETIC_GENERATOR_V1,SYNTHETIC
PA_007456,2024-05-25,GANGAVARAM,8,26.4,68.6,MEDIUM,SYNTHETIC_GENERATOR_V1,SYNTHETIC
PA_007457,2024-05-26,GANGAVARAM,7,11.8,57.6,LOW,SYNTHETIC_GENERATOR_V1,SYNTHETIC
PA_007458,2024-05-27,GANGAVARAM,9,20.0,71.3,LOW,SYNTHETIC_GENERATOR_V1,SYNTHETIC
PA_007459,2024-05-28,GANGAVARAM,7,15.4,65.5,LOW,SYNTHETIC_GENERATOR_V1,SYNTHETIC
PA_007460,2024-05-29,GANGAVARAM,11,32.8,81.1,MEDIUM,SYNTHETIC_GENERATOR_V1,SYNTHETIC
PA_007461,2024-05-30,GANGAVARAM,8,23.0,70.1,LOW,SYNTHETIC_GENERATOR_V1,SYNTHETIC
PA_007462,2024-05-31,GANGAVARAM,14,51.6,97.6,MEDIUM,SYNTHETIC_GENERATOR_V1,SYNTHETIC
PA_007463,2024-06-01,GANGAVARAM,15,54.8,99.5,MEDIUM,SYNTHETIC_GENERATOR_V1,SYNTHETIC
PA_007464,2024-06-02,GANGAVARAM,10,27.9,73.9,MEDIUM,SYNTHETIC_GENERATOR_V1,SYNTHETIC
PA_007465,2024-06-03,GANGAVARAM,10,29.8,79.0,MEDIUM,SYNTHETIC_GENERATOR_V1,SYNTHETIC
PA_007466,2024-06-04,GANGAVARAM,10,28.0,71.8,MEDIUM,SYNTHETIC_GENERATOR_V1,SYNTHETIC
PA_007467,2024-06-05,GANGAVARAM,8,17.5,67.0,LOW,SYNTHETIC_GENERATOR_V1,SYNTHETIC
PA_007468,2024-06-06,GANGAVARAM,12,33.4,80.2,MEDIUM,SYNTHETIC_GENERATOR_V1,SYNTHETIC
PA_007469,2024-06-07,GANGAVARAM,9,21.1,66.9,LOW,SYNTHETIC_GENERATOR_V1,SYNTHETIC
PA_007470,2024-06-08,GANGAVARAM,16,61.1,104.9,HIGH,SYNTHETIC_GENERATOR_V1,SYNTHETIC
PA_007471,2024-06-09,GANGAVARAM,15,56.8,105.7,MEDIUM,SYNTHETIC_GENERATOR_V1,SYNTHETIC
PA_007472,2024-06-10,GANGAVARAM,8,19.6,66.9,LOW,SYNTHETIC_GENERATOR_V1,SYNTHETIC
PA_007473,2024-06-11,GANGAVARAM,9,25.2,74.5,MEDIUM,SYNTHETIC_GENERATOR_V1,SYNTHETIC
PA_007474,2024-06-12,GANGAVARAM,7,22.6,67.8,LOW,SYNTHETIC_GENERATOR_V1,SYNTHETIC
PA_007475,2024-06-13,GANGAVARAM,6,11.5,55.6,LOW,SYNTHETIC_GENERATOR_V1,SYNTHETIC
PA_007476,2024-06-14,GANGAVARAM,9,27.4,70.6,MEDIUM,SYNTHETIC_GENERATOR_V1,SYNTHETIC
PA_007477,2024-06-15,GANGAVARAM,11,33.3,82.8,MEDIUM,SYNTHETIC_GENERATOR_V1,SYNTHETIC
PA_007478,2024-06-16,GANGAVARAM,3,3.3,58.0,LOW,SYNTHETIC_GENERATOR_V1,SYNTHETIC
PA_007479,2024-06-17,GANGAVARAM,7,18.1,70.4,LOW,SYNTHETIC_GENERATOR_V1,SYNTHETIC
PA_007480,2024-06-18,GANGAVARAM,13,40.3,80.2,MEDIUM,SYNTHETIC_GENERATOR_V1,SYNTHETIC
PA_007481,2024-06-19,GANGAVARAM,10,26.3,76.4,MEDIUM,SYNTHETIC_GENERATOR_V1,SYNTHETIC
PA_007482,2024-06-20,GANGAVARAM,10,28.8,77.6,MEDIUM,SYNTHETIC_GENERATOR_V1,SYNTHETIC
PA_007483,2024-06-21,GANGAVARAM,4,8.1,52.5,LOW,SYNTHETIC_GENERATOR_V1,SYNTHETIC
PA_007484,2024-06-22,GANGAVARAM,7,15.8,64.2,LOW,SYNTHETIC_GENERATOR_V1,SYNTHETIC
PA_007485,2024-06-23,GANGAVARAM,12,39.1,93.1,MEDIUM,SYNTHETIC_GENERATOR_V1,SYNTHETIC
PA_007486,2024-06-24,GANGAVARAM,7,16.2,64.5,LOW,SYNTHETIC_GENERATOR_V1,SYNTHETIC
PA_007487,2024-06-25,GANGAVARAM,8,15.4,61.2,LOW,SYNTHETIC_GENERATOR_V1,SYNTHETIC
PA_007488,2024-06-26,GANGAVARAM,8,18.5,62.7,LOW,SYNTHETIC_GENERATOR_V1,SYNTHETIC
PA_007489,2024-06-27,GANGAVARAM,11,31.5,83.1,MEDIUM,SYNTHETIC_GENERATOR_V1,SYNTHETIC
PA_007490,2024-06-28,GANGAVARAM,6,18.6,71.9,LOW,SYNTHETIC_GENERATOR_V1,SYNTHETIC
PA_007491,2024-06-29,GANGAVARAM,10,26.9,73.1,MEDIUM,SYNTHETIC_GENERATOR_V1,SYNTHETIC
PA_007492,2024-06-30,GANGAVARAM,12,35.8,77.7,MEDIUM,SYNTHETIC_GENERATOR_V1,SYNTHETIC
PA_007493,2024-07-01,GANGAVARAM,13,38.2,93.0,MEDIUM,SYNTHETIC_GENERATOR_V1,SYNTHETIC
PA_007494,2024-07-02,GANGAVARAM,11,30.1,80.8,MEDIUM,SYNTHETIC_GENERATOR_V1,SYNTHETIC
PA_007495,2024-07-03,GANGAVARAM,10,19.1,61.6,LOW,SYNTHETIC_GENERATOR_V1,SYNTHETIC
PA_007496,2024-07-04,GANGAVARAM,8,20.9,65.3,LOW,SYNTHETIC_GENERATOR_V1,SYNTHETIC
PA_007497,2024-07-05,GANGAVARAM,11,30.5,81.6,MEDIUM,SYNTHETIC_GENERATOR_V1,SYNTHETIC
PA_007498,2024-07-06,GANGAVARAM,8,23.7,75.3,LOW,SYNTHETIC_GENERATOR_V1,SYNTHETIC
PA_007499,2024-07-07,GANGAVARAM,2,0.0,43.7,LOW,SYNTHETIC_GENERATOR_V1,SYNTHETIC
PA_007500,2024-07-08,GANGAVARAM,14,41.6,87.0,MEDIUM,SYNTHETIC_GENERATOR_V1,SYNTHETIC
PA_007501,2024-07-09,GANGAVARAM,9,22.7,70.0,LOW,SYNTHETIC_GENERATOR_V1,SYNTHETIC
PA_007502,2024-07-10,GANGAVARAM,7,16.4,63.4,LOW,SYNTHETIC_GENERATOR_V1,SYNTHETIC
PA_007503,2024-07-11,GANGAVARAM,4,6.2,53.1,LOW,SYNTHETIC_GENERATOR_V1,SYNTHETIC
PA_007504,2024-07-12,GANGAVARAM,8,20.9,73.2,LOW,SYNTHETIC_GENERATOR_V1,SYNTHETIC
PA_007505,2024-07-13,GANGAVARAM,8,18.0,68.6,LOW,SYNTHETIC_GENERATOR_V1,SYNTHETIC
PA_007506,2024-07-14,GANGAVARAM,11,31.8,82.4,MEDIUM,SYNTHETIC_GENERATOR_V1,SYNTHETIC
PA_007507,2024-07-15,GANGAVARAM,8,29.1,73.1,MEDIUM,SYNTHETIC_GENERATOR_V1,SYNTHETIC
PA_007508,2024-07-16,GANGAVARAM,8,14.7,64.5,LOW,SYNTHETIC_GENERATOR_V1,SYNTHETIC
PA_007509,2024-07-17,GANGAVARAM,12,35.2,80.9,MEDIUM,SYNTHETIC_GENERATOR_V1,SYNTHETIC
PA_007510,2024-07-18,GANGAVARAM,13,46.7,87.5,MEDIUM,SYNTHETIC_GENERATOR_V1,SYNTHETIC
PA_007511,2024-07-19,GANGAVARAM,11,33.4,85.2,MEDIUM,SYNTHETIC_GENERATOR_V1,SYNTHETIC
PA_007512,2024-07-20,GANGAVARAM,14,48.4,94.2,MEDIUM,SYNTHETIC_GENERATOR_V1,SYNTHETIC
PA_007513,2024-07-21,GANGAVARAM,10,29.2,71.8,MEDIUM,SYNTHETIC_GENERATOR_V1,SYNTHETIC
PA_007514,2024-07-22,GANGAVARAM,6,24.5,73.3,MEDIUM,SYNTHETIC_GENERATOR_V1,SYNTHETIC
PA_007515,2024-07-23,GANGAVARAM,9,24.3,70.7,MEDIUM,SYNTHETIC_GENERATOR_V1,SYNTHETIC
PA_007516,2024-07-24,GANGAVARAM,5,12.7,54.2,LOW,SYNTHETIC_GENERATOR_V1,SYNTHETIC
PA_007517,2024-07-25,GANGAVARAM,7,19.3,68.2,LOW,SYNTHETIC_GENERATOR_V1,SYNTHETIC
PA_007518,2024-07-26,GANGAVARAM,9,25.6,69.9,MEDIUM,SYNTHETIC_GENERATOR_V1,SYNTHETIC
PA_007519,2024-07-27,GANGAVARAM,6,7.4,53.7,LOW,SYNTHETIC_GENERATOR_V1,SYNTHETIC
PA_007520,2024-07-28,GANGAVARAM,9,27.6,76.3,MEDIUM,SYNTHETIC_GENERATOR_V1,SYNTHETIC
PA_007521,2024-07-29,GANGAVARAM,7,17.5,66.6,LOW,SYNTHETIC_GENERATOR_V1,SYNTHETIC
PA_007522,2024-07-30,GANGAVARAM,8,21.4,68.9,LOW,SYNTHETIC_GENERATOR_V1,SYNTHETIC
PA_007523,2024-07-31,GANGAVARAM,13,44.1,98.0,MEDIUM,SYNTHETIC_GENERATOR_V1,SYNTHETIC
PA_007524,2024-08-01,GANGAVARAM,10,33.1,88.8,MEDIUM,SYNTHETIC_GENERATOR_V1,SYNTHETIC
PA_007525,2024-08-02,GANGAVARAM,13,46.1,92.1,MEDIUM,SYNTHETIC_GENERATOR_V1,SYNTHETIC
PA_007526,2024-08-03,GANGAVARAM,10,27.0,73.2,MEDIUM,SYNTHETIC_GENERATOR_V1,SYNTHETIC
PA_007527,2024-08-04,GANGAVARAM,9,22.8,75.7,LOW,SYNTHETIC_GENERATOR_V1,SYNTHETIC
PA_007528,2024-08-05,GANGAVARAM,12,35.1,80.3,MEDIUM,SYNTHETIC_GENERATOR_V1,SYNTHETIC
PA_007529,2024-08-06,GANGAVARAM,8,28.8,78.4,MEDIUM,SYNTHETIC_GENERATOR_V1,SYNTHETIC
PA_007530,2024-08-07,GANGAVARAM,14,46.0,94.7,MEDIUM,SYNTHETIC_GENERATOR_V1,SYNTHETIC
PA_007531,2024-08-08,GANGAVARAM,9,33.2,79.4,MEDIUM,SYNTHETIC_GENERATOR_V1,SYNTHETIC
PA_007532,2024-08-09,GANGAVARAM,5,6.6,44.5,LOW,SYNTHETIC_GENERATOR_V1,SYNTHETIC
PA_007533,2024-08-10,GANGAVARAM,6,12.1,62.9,LOW,SYNTHETIC_GENERATOR_V1,SYNTHETIC
PA_007534,2024-08-11,GANGAVARAM,9,23.8,76.0,LOW,SYNTHETIC_GENERATOR_V1,SYNTHETIC
PA_007535,2024-08-12,GANGAVARAM,13,39.8,87.2,MEDIUM,SYNTHETIC_GENERATOR_V1,SYNTHETIC
PA_007536,2024-08-13,GANGAVARAM,7,17.7,66.5,LOW,SYNTHETIC_GENERATOR_V1,SYNTHETIC
PA_007537,2024-08-14,GANGAVARAM,15,45.3,90.2,MEDIUM,SYNTHETIC_GENERATOR_V1,SYNTHETIC
PA_007538,2024-08-15,GANGAVARAM,7,18.5,64.6,LOW,SYNTHETIC_GENERATOR_V1,SYNTHETIC
PA_007539,2024-08-16,GANGAVARAM,8,17.5,64.8,LOW,SYNTHETIC_GENERATOR_V1,SYNTHETIC
PA_007540,2024-08-17,GANGAVARAM,7,16.1,60.6,LOW,SYNTHETIC_GENERATOR_V1,SYNTHETIC
PA_007541,2024-08-18,GANGAVARAM,12,37.1,85.5,MEDIUM,SYNTHETIC_GENERATOR_V1,SYNTHETIC
PA_007542,2024-08-19,GANGAVARAM,8,17.5,63.3,LOW,SYNTHETIC_GENERATOR_V1,SYNTHETIC
PA_007543,2024-08-20,GANGAVARAM,15,48.3,98.3,MEDIUM,SYNTHETIC_GENERATOR_V1,SYNTHETIC
PA_007544,2024-08-21,GANGAVARAM,10,27.8,80.9,MEDIUM,SYNTHETIC_GENERATOR_V1,SYNTHETIC
PA_007545,2024-08-22,GANGAVARAM,7,18.2,69.4,LOW,SYNTHETIC_GENERATOR_V1,SYNTHETIC
PA_007546,2024-08-23,GANGAVARAM,8,16.2,60.1,LOW,SYNTHETIC_GENERATOR_V1,SYNTHETIC
PA_007547,2024-08-24,GANGAVARAM,6,21.4,70.7,LOW,SYNTHETIC_GENERATOR_V1,SYNTHETIC
PA_007548,2024-08-25,GANGAVARAM,6,12.5,59.0,LOW,SYNTHETIC_GENERATOR_V1,SYNTHETIC
PA_007549,2024-08-26,GANGAVARAM,12,47.6,92.6,MEDIUM,SYNTHETIC_GENERATOR_V1,SYNTHETIC
PA_007550,2024-08-27,GANGAVARAM,4,7.0,51.0,LOW,SYNTHETIC_GENERATOR_V1,SYNTHETIC
PA_007551,2024-08-28,GANGAVARAM,6,12.1,58.5,LOW,SYNTHETIC_GENERATOR_V1,SYNTHETIC
PA_007552,2024-08-29,GANGAVARAM,4,9.2,59.5,LOW,SYNTHETIC_GENERATOR_V1,SYNTHETIC
PA_007553,2024-08-30,GANGAVARAM,7,13.6,63.7,LOW,SYNTHETIC_GENERATOR_V1,SYNTHETIC
PA_007554,2024-08-31,GANGAVARAM,12,42.3,95.4,MEDIUM,SYNTHETIC_GENERATOR_V1,SYNTHETIC
PA_007555,2024-09-01,GANGAVARAM,11,35.6,88.5,MEDIUM,SYNTHETIC_GENERATOR_V1,SYNTHETIC
PA_007556,2024-09-02,GANGAVARAM,7,14.7,61.0,LOW,SYNTHETIC_GENERATOR_V1,SYNTHETIC
PA_007557,2024-09-03,GANGAVARAM,7,16.7,62.3,LOW,SYNTHETIC_GENERATOR_V1,SYNTHETIC
PA_007558,2024-09-04,GANGAVARAM,5,11.3,57.5,LOW,SYNTHETIC_GENERATOR_V1,SYNTHETIC
PA_007559,2024-09-05,GANGAVARAM,9,18.2,64.6,LOW,SYNTHETIC_GENERATOR_V1,SYNTHETIC
PA_007560,2024-09-06,GANGAVARAM,6,11.6,57.7,LOW,SYNTHETIC_GENERATOR_V1,SYNTHETIC
PA_007561,2024-09-07,GANGAVARAM,9,24.8,76.0,MEDIUM,SYNTHETIC_GENERATOR_V1,SYNTHETIC
PA_007562,2024-09-08,GANGAVARAM,12,39.7,84.4,MEDIUM,SYNTHETIC_GENERATOR_V1,SYNTHETIC
PA_007563,2024-09-09,GANGAVARAM,8,17.8,66.3,LOW,SYNTHETIC_GENERATOR_V1,SYNTHETIC
PA_007564,2024-09-10,GANGAVARAM,7,17.4,68.7,LOW,SYNTHETIC_GENERATOR_V1,SYNTHETIC
PA_007565,2024-09-11,GANGAVARAM,11,36.9,88.1,MEDIUM,SYNTHETIC_GENERATOR_V1,SYNTHETIC
PA_007566,2024-09-12,GANGAVARAM,13,42.7,88.5,MEDIUM,SYNTHETIC_GENERATOR_V1,SYNTHETIC
PA_007567,2024-09-13,GANGAVARAM,9,20.5,65.5,LOW,SYNTHETIC_GENERATOR_V1,SYNTHETIC
PA_007568,2024-09-14,GANGAVARAM,10,25.7,77.6,MEDIUM,SYNTHETIC_GENERATOR_V1,SYNTHETIC
PA_007569,2024-09-15,GANGAVARAM,14,41.6,89.4,MEDIUM,SYNTHETIC_GENERATOR_V1,SYNTHETIC
PA_007570,2024-09-16,GANGAVARAM,8,26.4,80.6,MEDIUM,SYNTHETIC_GENERATOR_V1,SYNTHETIC
PA_007571,2024-09-17,GANGAVARAM,9,27.1,75.8,MEDIUM,SYNTHETIC_GENERATOR_V1,SYNTHETIC
PA_007572,2024-09-18,GANGAVARAM,11,36.5,81.5,MEDIUM,SYNTHETIC_GENERATOR_V1,SYNTHETIC
PA_007573,2024-09-19,GANGAVARAM,6,15.3,62.6,LOW,SYNTHETIC_GENERATOR_V1,SYNTHETIC
PA_007574,2024-09-20,GANGAVARAM,9,25.3,69.1,MEDIUM,SYNTHETIC_GENERATOR_V1,SYNTHETIC
PA_007575,2024-09-21,GANGAVARAM,9,26.6,69.7,MEDIUM,SYNTHETIC_GENERATOR_V1,SYNTHETIC
PA_007576,2024-09-22,GANGAVARAM,6,13.1,52.4,LOW,SYNTHETIC_GENERATOR_V1,SYNTHETIC
PA_007577,2024-09-23,GANGAVARAM,9,22.4,73.9,LOW,SYNTHETIC_GENERATOR_V1,SYNTHETIC
PA_007578,2024-09-24,GANGAVARAM,8,23.2,77.3,LOW,SYNTHETIC_GENERATOR_V1,SYNTHETIC
PA_007579,2024-09-25,GANGAVARAM,8,25.5,75.2,MEDIUM,SYNTHETIC_GENERATOR_V1,SYNTHETIC
PA_007580,2024-09-26,GANGAVARAM,10,27.2,76.4,MEDIUM,SYNTHETIC_GENERATOR_V1,SYNTHETIC
PA_007581,2024-09-27,GANGAVARAM,11,35.1,92.9,MEDIUM,SYNTHETIC_GENERATOR_V1,SYNTHETIC
PA_007582,2024-09-28,GANGAVARAM,12,35.1,82.9,MEDIUM,SYNTHETIC_GENERATOR_V1,SYNTHETIC
PA_007583,2024-09-29,GANGAVARAM,14,47.4,91.0,MEDIUM,SYNTHETIC_GENERATOR_V1,SYNTHETIC
PA_007584,2024-09-30,GANGAVARAM,6,11.0,56.7,LOW,SYNTHETIC_GENERATOR_V1,SYNTHETIC
PA_007585,2024-10-01,GANGAVARAM,6,15.3,63.8,LOW,SYNTHETIC_GENERATOR_V1,SYNTHETIC
PA_007586,2024-10-02,GANGAVARAM,9,20.7,72.9,LOW,SYNTHETIC_GENERATOR_V1,SYNTHETIC
PA_007587,2024-10-03,GANGAVARAM,11,27.9,71.3,MEDIUM,SYNTHETIC_GENERATOR_V1,SYNTHETIC
PA_007588,2024-10-04,GANGAVARAM,8,15.8,67.6,LOW,SYNTHETIC_GENERATOR_V1,SYNTHETIC
PA_007589,2024-10-05,GANGAVARAM,8,20.5,65.5,LOW,SYNTHETIC_GENERATOR_V1,SYNTHETIC
PA_007590,2024-10-06,GANGAVARAM,7,14.3,64.1,LOW,SYNTHETIC_GENERATOR_V1,SYNTHETIC
PA_007591,2024-10-07,GANGAVARAM,6,15.0,67.6,LOW,SYNTHETIC_GENERATOR_V1,SYNTHETIC
PA_007592,2024-10-08,GANGAVARAM,15,48.6,96.7,MEDIUM,SYNTHETIC_GENERATOR_V1,SYNTHETIC
PA_007593,2024-10-09,GANGAVARAM,13,43.2,92.9,MEDIUM,SYNTHETIC_GENERATOR_V1,SYNTHETIC
PA_007594,2024-10-10,GANGAVARAM,11,30.9,76.1,MEDIUM,SYNTHETIC_GENERATOR_V1,SYNTHETIC
PA_007595,2024-10-11,GANGAVARAM,11,32.0,87.0,MEDIUM,SYNTHETIC_GENERATOR_V1,SYNTHETIC
PA_007596,2024-10-12,GANGAVARAM,6,11.0,59.6,LOW,SYNTHETIC_GENERATOR_V1,SYNTHETIC
PA_007597,2024-10-13,GANGAVARAM,10,28.4,81.5,MEDIUM,SYNTHETIC_GENERATOR_V1,SYNTHETIC
PA_007598,2024-10-14,GANGAVARAM,5,5.4,48.8,LOW,SYNTHETIC_GENERATOR_V1,SYNTHETIC
PA_007599,2024-10-15,GANGAVARAM,7,18.1,65.6,LOW,SYNTHETIC_GENERATOR_V1,SYNTHETIC
PA_007600,2024-10-16,GANGAVARAM,15,52.4,95.7,MEDIUM,SYNTHETIC_GENERATOR_V1,SYNTHETIC
PA_007601,2024-10-17,GANGAVARAM,7,15.1,67.0,LOW,SYNTHETIC_GENERATOR_V1,SYNTHETIC
PA_007602,2024-10-18,GANGAVARAM,12,39.2,89.0,MEDIUM,SYNTHETIC_GENERATOR_V1,SYNTHETIC
PA_007603,2024-10-19,GANGAVARAM,9,23.2,78.5,LOW,SYNTHETIC_GENERATOR_V1,SYNTHETIC
PA_007604,2024-10-20,GANGAVARAM,7,14.8,65.3,LOW,SYNTHETIC_GENERATOR_V1,SYNTHETIC
PA_007605,2024-10-21,GANGAVARAM,8,14.6,68.5,LOW,SYNTHETIC_GENERATOR_V1,SYNTHETIC
PA_007606,2024-10-22,GANGAVARAM,11,32.5,75.1,MEDIUM,SYNTHETIC_GENERATOR_V1,SYNTHETIC
PA_007607,2024-10-23,GANGAVARAM,9,20.4,70.9,LOW,SYNTHETIC_GENERATOR_V1,SYNTHETIC
PA_007608,2024-10-24,GANGAVARAM,7,6.7,55.0,LOW,SYNTHETIC_GENERATOR_V1,SYNTHETIC
PA_007609,2024-10-25,GANGAVARAM,9,30.6,78.2,MEDIUM,SYNTHETIC_GENERATOR_V1,SYNTHETIC
PA_007610,2024-10-26,GANGAVARAM,5,15.4,61.5,LOW,SYNTHETIC_GENERATOR_V1,SYNTHETIC
PA_007611,2024-10-27,GANGAVARAM,10,30.1,78.4,MEDIUM,SYNTHETIC_GENERATOR_V1,SYNTHETIC
PA_007612,2024-10-28,GANGAVARAM,6,12.3,58.8,LOW,SYNTHETIC_GENERATOR_V1,SYNTHETIC
PA_007613,2024-10-29,GANGAVARAM,12,35.3,86.8,MEDIUM,SYNTHETIC_GENERATOR_V1,SYNTHETIC
PA_007614,2024-10-30,GANGAVARAM,13,41.0,81.0,MEDIUM,SYNTHETIC_GENERATOR_V1,SYNTHETIC
PA_007615,2024-10-31,GANGAVARAM,12,31.8,78.9,MEDIUM,SYNTHETIC_GENERATOR_V1,SYNTHETIC
PA_007616,2024-11-01,GANGAVARAM,7,19.0,65.6,LOW,SYNTHETIC_GENERATOR_V1,SYNTHETIC
PA_007617,2024-11-02,GANGAVARAM,4,7.6,51.5,LOW,SYNTHETIC_GENERATOR_V1,SYNTHETIC
PA_007618,2024-11-03,GANGAVARAM,13,47.3,95.3,MEDIUM,SYNTHETIC_GENERATOR_V1,SYNTHETIC
PA_007619,2024-11-04,GANGAVARAM,13,49.1,93.3,MEDIUM,SYNTHETIC_GENERATOR_V1,SYNTHETIC
PA_007620,2024-11-05,GANGAVARAM,9,24.1,71.6,MEDIUM,SYNTHETIC_GENERATOR_V1,SYNTHETIC
PA_007621,2024-11-06,GANGAVARAM,7,14.3,67.6,LOW,SYNTHETIC_GENERATOR_V1,SYNTHETIC
PA_007622,2024-11-07,GANGAVARAM,12,38.2,86.6,MEDIUM,SYNTHETIC_GENERATOR_V1,SYNTHETIC
PA_007623,2024-11-08,GANGAVARAM,8,19.7,72.1,LOW,SYNTHETIC_GENERATOR_V1,SYNTHETIC
PA_007624,2024-11-09,GANGAVARAM,10,27.8,79.8,MEDIUM,SYNTHETIC_GENERATOR_V1,SYNTHETIC
PA_007625,2024-11-10,GANGAVARAM,6,7.7,57.8,LOW,SYNTHETIC_GENERATOR_V1,SYNTHETIC
PA_007626,2024-11-11,GANGAVARAM,11,34.5,85.3,MEDIUM,SYNTHETIC_GENERATOR_V1,SYNTHETIC
PA_007627,2024-11-12,GANGAVARAM,12,39.8,89.3,MEDIUM,SYNTHETIC_GENERATOR_V1,SYNTHETIC
PA_007628,2024-11-13,GANGAVARAM,8,20.1,69.2,LOW,SYNTHETIC_GENERATOR_V1,SYNTHETIC
PA_007629,2024-11-14,GANGAVARAM,6,18.2,63.6,LOW,SYNTHETIC_GENERATOR_V1,SYNTHETIC
PA_007630,2024-11-15,GANGAVARAM,13,41.9,89.6,MEDIUM,SYNTHETIC_GENERATOR_V1,SYNTHETIC
PA_007631,2024-11-16,GANGAVARAM,11,33.0,88.3,MEDIUM,SYNTHETIC_GENERATOR_V1,SYNTHETIC
PA_007632,2024-11-17,GANGAVARAM,13,37.2,88.0,MEDIUM,SYNTHETIC_GENERATOR_V1,SYNTHETIC
PA_007633,2024-11-18,GANGAVARAM,7,15.6,62.9,LOW,SYNTHETIC_GENERATOR_V1,SYNTHETIC
PA_007634,2024-11-19,GANGAVARAM,8,15.1,62.4,LOW,SYNTHETIC_GENERATOR_V1,SYNTHETIC
PA_007635,2024-11-20,GANGAVARAM,11,36.1,87.2,MEDIUM,SYNTHETIC_GENERATOR_V1,SYNTHETIC
PA_007636,2024-11-21,GANGAVARAM,8,26.7,77.0,MEDIUM,SYNTHETIC_GENERATOR_V1,SYNTHETIC
PA_007637,2024-11-22,GANGAVARAM,9,25.4,66.8,MEDIUM,SYNTHETIC_GENERATOR_V1,SYNTHETIC
PA_007638,2024-11-23,GANGAVARAM,4,1.4,54.1,LOW,SYNTHETIC_GENERATOR_V1,SYNTHETIC
PA_007639,2024-11-24,GANGAVARAM,13,48.6,98.3,MEDIUM,SYNTHETIC_GENERATOR_V1,SYNTHETIC
PA_007640,2024-11-25,GANGAVARAM,13,38.7,81.8,MEDIUM,SYNTHETIC_GENERATOR_V1,SYNTHETIC
PA_007641,2024-11-26,GANGAVARAM,12,33.1,81.0,MEDIUM,SYNTHETIC_GENERATOR_V1,SYNTHETIC
PA_007642,2024-11-27,GANGAVARAM,5,11.8,60.1,LOW,SYNTHETIC_GENERATOR_V1,SYNTHETIC
PA_007643,2024-11-28,GANGAVARAM,11,37.6,83.4,MEDIUM,SYNTHETIC_GENERATOR_V1,SYNTHETIC
PA_007644,2024-11-29,GANGAVARAM,13,39.5,99.5,MEDIUM,SYNTHETIC_GENERATOR_V1,SYNTHETIC
PA_007645,2024-11-30,GANGAVARAM,11,29.5,79.6,MEDIUM,SYNTHETIC_GENERATOR_V1,SYNTHETIC
PA_007646,2024-12-01,GANGAVARAM,4,8.7,52.6,LOW,SYNTHETIC_GENERATOR_V1,SYNTHETIC
PA_007647,2024-12-02,GANGAVARAM,8,24.7,81.7,MEDIUM,SYNTHETIC_GENERATOR_V1,SYNTHETIC
PA_007648,2024-12-03,GANGAVARAM,6,17.8,66.6,LOW,SYNTHETIC_GENERATOR_V1,SYNTHETIC
PA_007649,2024-12-04,GANGAVARAM,7,15.9,63.3,LOW,SYNTHETIC_GENERATOR_V1,SYNTHETIC
PA_007650,2024-12-05,GANGAVARAM,10,33.2,87.0,MEDIUM,SYNTHETIC_GENERATOR_V1,SYNTHETIC
PA_007651,2024-12-06,GANGAVARAM,7,14.1,57.7,LOW,SYNTHETIC_GENERATOR_V1,SYNTHETIC
PA_007652,2024-12-07,GANGAVARAM,4,12.7,62.1,LOW,SYNTHETIC_GENERATOR_V1,SYNTHETIC
PA_007653,2024-12-08,GANGAVARAM,9,24.9,75.1,MEDIUM,SYNTHETIC_GENERATOR_V1,SYNTHETIC
PA_007654,2024-12-09,GANGAVARAM,9,23.4,72.6,LOW,SYNTHETIC_GENERATOR_V1,SYNTHETIC
PA_007655,2024-12-10,GANGAVARAM,11,30.3,80.9,MEDIUM,SYNTHETIC_GENERATOR_V1,SYNTHETIC
PA_007656,2024-12-11,GANGAVARAM,10,25.2,71.1,MEDIUM,SYNTHETIC_GENERATOR_V1,SYNTHETIC
PA_007657,2024-12-12,GANGAVARAM,12,37.2,89.4,MEDIUM,SYNTHETIC_GENERATOR_V1,SYNTHETIC
PA_007658,2024-12-13,GANGAVARAM,12,35.2,88.1,MEDIUM,SYNTHETIC_GENERATOR_V1,SYNTHETIC
PA_007659,2024-12-14,GANGAVARAM,7,17.5,65.5,LOW,SYNTHETIC_GENERATOR_V1,SYNTHETIC
PA_007660,2024-12-15,GANGAVARAM,7,19.7,70.5,LOW,SYNTHETIC_GENERATOR_V1,SYNTHETIC
PA_007661,2024-12-16,GANGAVARAM,6,14.2,60.7,LOW,SYNTHETIC_GENERATOR_V1,SYNTHETIC
PA_007662,2024-12-17,GANGAVARAM,5,5.7,53.4,LOW,SYNTHETIC_GENERATOR_V1,SYNTHETIC
PA_007663,2024-12-18,GANGAVARAM,13,36.8,86.0,MEDIUM,SYNTHETIC_GENERATOR_V1,SYNTHETIC
PA_007664,2024-12-19,GANGAVARAM,9,23.0,74.5,LOW,SYNTHETIC_GENERATOR_V1,SYNTHETIC
PA_007665,2024-12-20,GANGAVARAM,12,41.9,89.0,MEDIUM,SYNTHETIC_GENERATOR_V1,SYNTHETIC
PA_007666,2024-12-21,GANGAVARAM,7,17.0,67.9,LOW,SYNTHETIC_GENERATOR_V1,SYNTHETIC
PA_007667,2024-12-22,GANGAVARAM,10,24.1,71.0,MEDIUM,SYNTHETIC_GENERATOR_V1,SYNTHETIC
PA_007668,2024-12-23,GANGAVARAM,7,8.4,55.7,LOW,SYNTHETIC_GENERATOR_V1,SYNTHETIC
PA_007669,2024-12-24,GANGAVARAM,8,19.5,63.7,LOW,SYNTHETIC_GENERATOR_V1,SYNTHETIC
PA_007670,2024-12-25,GANGAVARAM,5,6.5,59.4,LOW,SYNTHETIC_GENERATOR_V1,SYNTHETIC
PA_007671,2024-12-26,GANGAVARAM,11,30.1,71.9,MEDIUM,SYNTHETIC_GENERATOR_V1,SYNTHETIC
PA_007672,2024-12-27,GANGAVARAM,11,29.1,75.4,MEDIUM,SYNTHETIC_GENERATOR_V1,SYNTHETIC
PA_007673,2024-12-28,GANGAVARAM,9,24.0,72.5,MEDIUM,SYNTHETIC_GENERATOR_V1,SYNTHETIC
PA_007674,2024-12-29,GANGAVARAM,6,13.8,56.6,LOW,SYNTHETIC_GENERATOR_V1,SYNTHETIC
PA_007675,2024-12-30,GANGAVARAM,6,13.7,58.5,LOW,SYNTHETIC_GENERATOR_V1,SYNTHETIC
PA_007676,2024-12-31,GANGAVARAM,9,24.7,75.0,MEDIUM,SYNTHETIC_GENERATOR_V1,SYNTHETIC
PA_007677,2025-01-01,GANGAVARAM,10,24.4,77.1,MEDIUM,SYNTHETIC_GENERATOR_V1,SYNTHETIC
PA_007678,2025-01-02,GANGAVARAM,8,18.1,67.8,LOW,SYNTHETIC_GENERATOR_V1,SYNTHETIC
PA_007679,2025-01-03,GANGAVARAM,9,26.9,75.0,MEDIUM,SYNTHETIC_GENERATOR_V1,SYNTHETIC
PA_007680,2025-01-04,GANGAVARAM,15,54.2,99.7,MEDIUM,SYNTHETIC_GENERATOR_V1,SYNTHETIC
PA_007681,2025-01-05,GANGAVARAM,14,43.7,93.9,MEDIUM,SYNTHETIC_GENERATOR_V1,SYNTHETIC
PA_007682,2025-01-06,GANGAVARAM,7,15.1,60.3,LOW,SYNTHETIC_GENERATOR_V1,SYNTHETIC
PA_007683,2025-01-07,GANGAVARAM,6,7.3,43.4,LOW,SYNTHETIC_GENERATOR_V1,SYNTHETIC
PA_007684,2025-01-08,GANGAVARAM,11,33.0,70.6,MEDIUM,SYNTHETIC_GENERATOR_V1,SYNTHETIC
PA_007685,2025-01-09,GANGAVARAM,7,10.8,51.4,LOW,SYNTHETIC_GENERATOR_V1,SYNTHETIC
PA_007686,2025-01-10,GANGAVARAM,5,5.7,51.2,LOW,SYNTHETIC_GENERATOR_V1,SYNTHETIC
PA_007687,2025-01-11,GANGAVARAM,9,13.5,64.9,LOW,SYNTHETIC_GENERATOR_V1,SYNTHETIC
PA_007688,2025-01-12,GANGAVARAM,13,39.8,87.4,MEDIUM,SYNTHETIC_GENERATOR_V1,SYNTHETIC
PA_007689,2025-01-13,GANGAVARAM,4,12.3,57.3,LOW,SYNTHETIC_GENERATOR_V1,SYNTHETIC
PA_007690,2025-01-14,GANGAVARAM,8,24.2,79.5,MEDIUM,SYNTHETIC_GENERATOR_V1,SYNTHETIC
PA_007691,2025-01-15,GANGAVARAM,12,31.7,77.6,MEDIUM,SYNTHETIC_GENERATOR_V1,SYNTHETIC
PA_007692,2025-01-16,GANGAVARAM,11,36.6,88.4,MEDIUM,SYNTHETIC_GENERATOR_V1,SYNTHETIC
PA_007693,2025-01-17,GANGAVARAM,6,4.3,47.3,LOW,SYNTHETIC_GENERATOR_V1,SYNTHETIC
PA_007694,2025-01-18,GANGAVARAM,16,52.7,102.2,MEDIUM,SYNTHETIC_GENERATOR_V1,SYNTHETIC
PA_007695,2025-01-19,GANGAVARAM,9,30.6,79.0,MEDIUM,SYNTHETIC_GENERATOR_V1,SYNTHETIC
PA_007696,2025-01-20,GANGAVARAM,10,20.8,72.5,LOW,SYNTHETIC_GENERATOR_V1,SYNTHETIC
PA_007697,2025-01-21,GANGAVARAM,18,68.4,123.2,HIGH,SYNTHETIC_GENERATOR_V1,SYNTHETIC
PA_007698,2025-01-22,GANGAVARAM,9,20.2,59.3,LOW,SYNTHETIC_GENERATOR_V1,SYNTHETIC
PA_007699,2025-01-23,GANGAVARAM,6,7.7,58.8,LOW,SYNTHETIC_GENERATOR_V1,SYNTHETIC
PA_007700,2025-01-24,GANGAVARAM,10,25.7,68.3,MEDIUM,SYNTHETIC_GENERATOR_V1,SYNTHETIC
PA_007701,2025-01-25,GANGAVARAM,7,18.2,69.3,LOW,SYNTHETIC_GENERATOR_V1,SYNTHETIC
PA_007702,2025-01-26,GANGAVARAM,11,27.1,72.0,MEDIUM,SYNTHETIC_GENERATOR_V1,SYNTHETIC
PA_007703,2025-01-27,GANGAVARAM,9,24.1,72.9,MEDIUM,SYNTHETIC_GENERATOR_V1,SYNTHETIC
PA_007704,2025-01-28,GANGAVARAM,12,39.5,82.9,MEDIUM,SYNTHETIC_GENERATOR_V1,SYNTHETIC
PA_007705,2025-01-29,GANGAVARAM,10,27.4,76.5,MEDIUM,SYNTHETIC_GENERATOR_V1,SYNTHETIC
PA_007706,2025-01-30,GANGAVARAM,7,21.5,70.0,LOW,SYNTHETIC_GENERATOR_V1,SYNTHETIC
PA_007707,2025-01-31,GANGAVARAM,4,3.3,46.7,LOW,SYNTHETIC_GENERATOR_V1,SYNTHETIC
PA_007708,2025-02-01,GANGAVARAM,10,34.5,78.1,MEDIUM,SYNTHETIC_GENERATOR_V1,SYNTHETIC
PA_007709,2025-02-02,GANGAVARAM,14,47.2,90.1,MEDIUM,SYNTHETIC_GENERATOR_V1,SYNTHETIC
PA_007710,2025-02-03,GANGAVARAM,5,17.3,66.8,LOW,SYNTHETIC_GENERATOR_V1,SYNTHETIC
PA_007711,2025-02-04,GANGAVARAM,18,66.1,111.4,HIGH,SYNTHETIC_GENERATOR_V1,SYNTHETIC
PA_007712,2025-02-05,GANGAVARAM,6,13.1,60.6,LOW,SYNTHETIC_GENERATOR_V1,SYNTHETIC
PA_007713,2025-02-06,GANGAVARAM,10,28.1,78.2,MEDIUM,SYNTHETIC_GENERATOR_V1,SYNTHETIC
PA_007714,2025-02-07,GANGAVARAM,11,36.9,85.7,MEDIUM,SYNTHETIC_GENERATOR_V1,SYNTHETIC
PA_007715,2025-02-08,GANGAVARAM,8,15.4,71.7,LOW,SYNTHETIC_GENERATOR_V1,SYNTHETIC
PA_007716,2025-02-09,GANGAVARAM,6,10.6,60.6,LOW,SYNTHETIC_GENERATOR_V1,SYNTHETIC
PA_007717,2025-02-10,GANGAVARAM,10,36.7,83.2,MEDIUM,SYNTHETIC_GENERATOR_V1,SYNTHETIC
PA_007718,2025-02-11,GANGAVARAM,16,58.6,108.2,MEDIUM,SYNTHETIC_GENERATOR_V1,SYNTHETIC
PA_007719,2025-02-12,GANGAVARAM,8,23.7,75.4,LOW,SYNTHETIC_GENERATOR_V1,SYNTHETIC
PA_007720,2025-02-13,GANGAVARAM,9,26.1,71.4,MEDIUM,SYNTHETIC_GENERATOR_V1,SYNTHETIC
PA_007721,2025-02-14,GANGAVARAM,9,22.8,72.6,LOW,SYNTHETIC_GENERATOR_V1,SYNTHETIC
PA_007722,2025-02-15,GANGAVARAM,13,41.0,88.4,MEDIUM,SYNTHETIC_GENERATOR_V1,SYNTHETIC
PA_007723,2025-02-16,GANGAVARAM,8,15.0,63.5,LOW,SYNTHETIC_GENERATOR_V1,SYNTHETIC
PA_007724,2025-02-17,GANGAVARAM,9,21.4,66.5,LOW,SYNTHETIC_GENERATOR_V1,SYNTHETIC
PA_007725,2025-02-18,GANGAVARAM,14,44.2,87.2,MEDIUM,SYNTHETIC_GENERATOR_V1,SYNTHETIC
PA_007726,2025-02-19,GANGAVARAM,17,65.2,113.8,HIGH,SYNTHETIC_GENERATOR_V1,SYNTHETIC
PA_007727,2025-02-20,GANGAVARAM,13,41.6,91.0,MEDIUM,SYNTHETIC_GENERATOR_V1,SYNTHETIC
PA_007728,2025-02-21,GANGAVARAM,12,35.5,81.1,MEDIUM,SYNTHETIC_GENERATOR_V1,SYNTHETIC
PA_007729,2025-02-22,GANGAVARAM,8,12.7,57.1,LOW,SYNTHETIC_GENERATOR_V1,SYNTHETIC
PA_007730,2025-02-23,GANGAVARAM,10,24.8,73.0,MEDIUM,SYNTHETIC_GENERATOR_V1,SYNTHETIC
PA_007731,2025-02-24,GANGAVARAM,12,34.8,91.2,MEDIUM,SYNTHETIC_GENERATOR_V1,SYNTHETIC
PA_007732,2025-02-25,GANGAVARAM,14,43.5,90.1,MEDIUM,SYNTHETIC_GENERATOR_V1,SYNTHETIC
PA_007733,2025-02-26,GANGAVARAM,7,15.8,65.4,LOW,SYNTHETIC_GENERATOR_V1,SYNTHETIC
PA_007734,2025-02-27,GANGAVARAM,10,26.6,77.6,MEDIUM,SYNTHETIC_GENERATOR_V1,SYNTHETIC
PA_007735,2025-02-28,GANGAVARAM,8,19.8,73.2,LOW,SYNTHETIC_GENERATOR_V1,SYNTHETIC
PA_007736,2025-03-01,GANGAVARAM,8,20.5,59.4,LOW,SYNTHETIC_GENERATOR_V1,SYNTHETIC
PA_007737,2025-03-02,GANGAVARAM,10,25.3,69.7,MEDIUM,SYNTHETIC_GENERATOR_V1,SYNTHETIC
PA_007738,2025-03-03,GANGAVARAM,8,17.6,61.7,LOW,SYNTHETIC_GENERATOR_V1,SYNTHETIC
PA_007739,2025-03-04,GANGAVARAM,8,22.1,64.4,LOW,SYNTHETIC_GENERATOR_V1,SYNTHETIC
PA_007740,2025-03-05,GANGAVARAM,12,43.9,93.4,MEDIUM,SYNTHETIC_GENERATOR_V1,SYNTHETIC
PA_007741,2025-03-06,GANGAVARAM,8,20.0,67.9,LOW,SYNTHETIC_GENERATOR_V1,SYNTHETIC
PA_007742,2025-03-07,GANGAVARAM,7,13.0,63.6,LOW,SYNTHETIC_GENERATOR_V1,SYNTHETIC
PA_007743,2025-03-08,GANGAVARAM,13,41.4,88.7,MEDIUM,SYNTHETIC_GENERATOR_V1,SYNTHETIC
PA_007744,2025-03-09,GANGAVARAM,14,42.0,90.2,MEDIUM,SYNTHETIC_GENERATOR_V1,SYNTHETIC
PA_007745,2025-03-10,GANGAVARAM,10,25.0,70.2,MEDIUM,SYNTHETIC_GENERATOR_V1,SYNTHETIC
PA_007746,2025-03-11,GANGAVARAM,5,10.2,58.7,LOW,SYNTHETIC_GENERATOR_V1,SYNTHETIC
PA_007747,2025-03-12,GANGAVARAM,14,48.3,90.9,MEDIUM,SYNTHETIC_GENERATOR_V1,SYNTHETIC
PA_007748,2025-03-13,GANGAVARAM,9,22.7,78.5,LOW,SYNTHETIC_GENERATOR_V1,SYNTHETIC
PA_007749,2025-03-14,GANGAVARAM,6,9.9,62.3,LOW,SYNTHETIC_GENERATOR_V1,SYNTHETIC
PA_007750,2025-03-15,GANGAVARAM,6,13.7,58.0,LOW,SYNTHETIC_GENERATOR_V1,SYNTHETIC
PA_007751,2025-03-16,GANGAVARAM,11,31.4,74.8,MEDIUM,SYNTHETIC_GENERATOR_V1,SYNTHETIC
PA_007752,2025-03-17,GANGAVARAM,3,6.2,53.9,LOW,SYNTHETIC_GENERATOR_V1,SYNTHETIC
PA_007753,2025-03-18,GANGAVARAM,10,32.2,78.6,MEDIUM,SYNTHETIC_GENERATOR_V1,SYNTHETIC
PA_007754,2025-03-19,GANGAVARAM,9,22.9,78.9,LOW,SYNTHETIC_GENERATOR_V1,SYNTHETIC
PA_007755,2025-03-20,GANGAVARAM,16,60.3,114.4,HIGH,SYNTHETIC_GENERATOR_V1,SYNTHETIC
PA_007756,2025-03-21,GANGAVARAM,7,13.3,63.0,LOW,SYNTHETIC_GENERATOR_V1,SYNTHETIC
PA_007757,2025-03-22,GANGAVARAM,13,38.9,87.0,MEDIUM,SYNTHETIC_GENERATOR_V1,SYNTHETIC
PA_007758,2025-03-23,GANGAVARAM,7,12.8,64.6,LOW,SYNTHETIC_GENERATOR_V1,SYNTHETIC
PA_007759,2025-03-24,GANGAVARAM,9,23.2,79.6,LOW,SYNTHETIC_GENERATOR_V1,SYNTHETIC
PA_007760,2025-03-25,GANGAVARAM,7,15.3,56.3,LOW,SYNTHETIC_GENERATOR_V1,SYNTHETIC
PA_007761,2025-03-26,GANGAVARAM,6,21.6,70.5,LOW,SYNTHETIC_GENERATOR_V1,SYNTHETIC
PA_007762,2025-03-27,GANGAVARAM,5,9.9,58.0,LOW,SYNTHETIC_GENERATOR_V1,SYNTHETIC
PA_007763,2025-03-28,GANGAVARAM,11,31.3,80.1,MEDIUM,SYNTHETIC_GENERATOR_V1,SYNTHETIC
PA_007764,2025-03-29,GANGAVARAM,9,26.2,73.6,MEDIUM,SYNTHETIC_GENERATOR_V1,SYNTHETIC
PA_007765,2025-03-30,GANGAVARAM,5,13.3,64.3,LOW,SYNTHETIC_GENERATOR_V1,SYNTHETIC
PA_007766,2025-03-31,GANGAVARAM,12,36.8,80.3,MEDIUM,SYNTHETIC_GENERATOR_V1,SYNTHETIC
PA_007767,2025-04-01,GANGAVARAM,8,18.4,69.2,LOW,SYNTHETIC_GENERATOR_V1,SYNTHETIC
PA_007768,2025-04-02,GANGAVARAM,8,21.6,71.8,LOW,SYNTHETIC_GENERATOR_V1,SYNTHETIC
PA_007769,2025-04-03,GANGAVARAM,13,38.4,92.1,MEDIUM,SYNTHETIC_GENERATOR_V1,SYNTHETIC
PA_007770,2025-04-04,GANGAVARAM,10,30.5,80.2,MEDIUM,SYNTHETIC_GENERATOR_V1,SYNTHETIC
PA_007771,2025-04-05,GANGAVARAM,5,8.5,66.0,LOW,SYNTHETIC_GENERATOR_V1,SYNTHETIC
PA_007772,2025-04-06,GANGAVARAM,13,40.7,92.1,MEDIUM,SYNTHETIC_GENERATOR_V1,SYNTHETIC
PA_007773,2025-04-07,GANGAVARAM,6,6.5,56.8,LOW,SYNTHETIC_GENERATOR_V1,SYNTHETIC
PA_007774,2025-04-08,GANGAVARAM,9,23.5,72.5,LOW,SYNTHETIC_GENERATOR_V1,SYNTHETIC
PA_007775,2025-04-09,GANGAVARAM,11,30.4,75.0,MEDIUM,SYNTHETIC_GENERATOR_V1,SYNTHETIC
PA_007776,2025-04-10,GANGAVARAM,8,22.2,76.6,LOW,SYNTHETIC_GENERATOR_V1,SYNTHETIC
PA_007777,2025-04-11,GANGAVARAM,6,12.8,63.5,LOW,SYNTHETIC_GENERATOR_V1,SYNTHETIC
PA_007778,2025-04-12,GANGAVARAM,6,8.8,54.9,LOW,SYNTHETIC_GENERATOR_V1,SYNTHETIC
PA_007779,2025-04-13,GANGAVARAM,14,48.2,97.0,MEDIUM,SYNTHETIC_GENERATOR_V1,SYNTHETIC
PA_007780,2025-04-14,GANGAVARAM,13,39.8,87.3,MEDIUM,SYNTHETIC_GENERATOR_V1,SYNTHETIC
PA_007781,2025-04-15,GANGAVARAM,15,49.1,94.6,MEDIUM,SYNTHETIC_GENERATOR_V1,SYNTHETIC
PA_007782,2025-04-16,GANGAVARAM,12,41.4,87.1,MEDIUM,SYNTHETIC_GENERATOR_V1,SYNTHETIC
PA_007783,2025-04-17,GANGAVARAM,8,19.4,68.4,LOW,SYNTHETIC_GENERATOR_V1,SYNTHETIC
PA_007784,2025-04-18,GANGAVARAM,2,0.3,44.7,LOW,SYNTHETIC_GENERATOR_V1,SYNTHETIC
PA_007785,2025-04-19,GANGAVARAM,10,30.5,85.4,MEDIUM,SYNTHETIC_GENERATOR_V1,SYNTHETIC
PA_007786,2025-04-20,GANGAVARAM,5,9.7,57.9,LOW,SYNTHETIC_GENERATOR_V1,SYNTHETIC
PA_007787,2025-04-21,GANGAVARAM,7,15.6,77.5,LOW,SYNTHETIC_GENERATOR_V1,SYNTHETIC
PA_007788,2025-04-22,GANGAVARAM,14,42.9,83.0,MEDIUM,SYNTHETIC_GENERATOR_V1,SYNTHETIC
PA_007789,2025-04-23,GANGAVARAM,13,47.1,97.1,MEDIUM,SYNTHETIC_GENERATOR_V1,SYNTHETIC
PA_007790,2025-04-24,GANGAVARAM,8,19.2,71.1,LOW,SYNTHETIC_GENERATOR_V1,SYNTHETIC
PA_007791,2025-04-25,GANGAVARAM,10,24.9,75.2,MEDIUM,SYNTHETIC_GENERATOR_V1,SYNTHETIC
PA_007792,2025-04-26,GANGAVARAM,16,60.0,108.1,HIGH,SYNTHETIC_GENERATOR_V1,SYNTHETIC
PA_007793,2025-04-27,GANGAVARAM,9,24.6,77.2,MEDIUM,SYNTHETIC_GENERATOR_V1,SYNTHETIC
PA_007794,2025-04-28,GANGAVARAM,8,21.3,72.0,LOW,SYNTHETIC_GENERATOR_V1,SYNTHETIC
PA_007795,2025-04-29,GANGAVARAM,14,50.1,98.3,MEDIUM,SYNTHETIC_GENERATOR_V1,SYNTHETIC
PA_007796,2025-04-30,GANGAVARAM,9,29.0,83.2,MEDIUM,SYNTHETIC_GENERATOR_V1,SYNTHETIC
PA_007797,2025-05-01,GANGAVARAM,7,20.9,70.2,LOW,SYNTHETIC_GENERATOR_V1,SYNTHETIC
PA_007798,2025-05-02,GANGAVARAM,6,16.8,63.6,LOW,SYNTHETIC_GENERATOR_V1,SYNTHETIC
PA_007799,2025-05-03,GANGAVARAM,9,21.1,67.6,LOW,SYNTHETIC_GENERATOR_V1,SYNTHETIC
PA_007800,2025-05-04,GANGAVARAM,12,34.3,80.7,MEDIUM,SYNTHETIC_GENERATOR_V1,SYNTHETIC
PA_007801,2025-05-05,GANGAVARAM,5,5.0,53.3,LOW,SYNTHETIC_GENERATOR_V1,SYNTHETIC
PA_007802,2025-05-06,GANGAVARAM,7,20.5,74.7,LOW,SYNTHETIC_GENERATOR_V1,SYNTHETIC
PA_007803,2025-05-07,GANGAVARAM,9,20.8,70.8,LOW,SYNTHETIC_GENERATOR_V1,SYNTHETIC
PA_007804,2025-05-08,GANGAVARAM,3,4.0,51.0,LOW,SYNTHETIC_GENERATOR_V1,SYNTHETIC
PA_007805,2025-05-09,GANGAVARAM,12,43.0,90.5,MEDIUM,SYNTHETIC_GENERATOR_V1,SYNTHETIC
PA_007806,2025-05-10,GANGAVARAM,8,22.8,62.3,LOW,SYNTHETIC_GENERATOR_V1,SYNTHETIC
PA_007807,2025-05-11,GANGAVARAM,5,7.9,61.5,LOW,SYNTHETIC_GENERATOR_V1,SYNTHETIC
PA_007808,2025-05-12,GANGAVARAM,12,39.6,85.4,MEDIUM,SYNTHETIC_GENERATOR_V1,SYNTHETIC
PA_007809,2025-05-13,GANGAVARAM,11,35.2,82.6,MEDIUM,SYNTHETIC_GENERATOR_V1,SYNTHETIC
PA_007810,2025-05-14,GANGAVARAM,11,35.1,86.9,MEDIUM,SYNTHETIC_GENERATOR_V1,SYNTHETIC
PA_007811,2025-05-15,GANGAVARAM,13,34.0,90.5,MEDIUM,SYNTHETIC_GENERATOR_V1,SYNTHETIC
PA_007812,2025-05-16,GANGAVARAM,5,13.8,59.4,LOW,SYNTHETIC_GENERATOR_V1,SYNTHETIC
PA_007813,2025-05-17,GANGAVARAM,8,28.8,84.3,MEDIUM,SYNTHETIC_GENERATOR_V1,SYNTHETIC
PA_007814,2025-05-18,GANGAVARAM,8,20.2,69.6,LOW,SYNTHETIC_GENERATOR_V1,SYNTHETIC
PA_007815,2025-05-19,GANGAVARAM,7,17.6,66.2,LOW,SYNTHETIC_GENERATOR_V1,SYNTHETIC
PA_007816,2025-05-20,GANGAVARAM,5,10.0,57.2,LOW,SYNTHETIC_GENERATOR_V1,SYNTHETIC
PA_007817,2025-05-21,GANGAVARAM,12,34.5,85.2,MEDIUM,SYNTHETIC_GENERATOR_V1,SYNTHETIC
PA_007818,2025-05-22,GANGAVARAM,8,22.9,77.1,LOW,SYNTHETIC_GENERATOR_V1,SYNTHETIC
PA_007819,2025-05-23,GANGAVARAM,11,33.8,80.9,MEDIUM,SYNTHETIC_GENERATOR_V1,SYNTHETIC
PA_007820,2025-05-24,GANGAVARAM,13,39.5,85.0,MEDIUM,SYNTHETIC_GENERATOR_V1,SYNTHETIC
PA_007821,2025-05-25,GANGAVARAM,4,9.0,56.5,LOW,SYNTHETIC_GENERATOR_V1,SYNTHETIC
PA_007822,2025-05-26,GANGAVARAM,12,34.8,79.3,MEDIUM,SYNTHETIC_GENERATOR_V1,SYNTHETIC
PA_007823,2025-05-27,GANGAVARAM,7,17.5,62.8,LOW,SYNTHETIC_GENERATOR_V1,SYNTHETIC
PA_007824,2025-05-28,GANGAVARAM,4,5.0,54.6,LOW,SYNTHETIC_GENERATOR_V1,SYNTHETIC
PA_007825,2025-05-29,GANGAVARAM,12,35.0,83.0,MEDIUM,SYNTHETIC_GENERATOR_V1,SYNTHETIC
PA_007826,2025-05-30,GANGAVARAM,10,27.2,73.3,MEDIUM,SYNTHETIC_GENERATOR_V1,SYNTHETIC
PA_007827,2025-05-31,GANGAVARAM,5,9.4,52.3,LOW,SYNTHETIC_GENERATOR_V1,SYNTHETIC
PA_007828,2025-06-01,GANGAVARAM,12,35.1,80.6,MEDIUM,SYNTHETIC_GENERATOR_V1,SYNTHETIC
PA_007829,2025-06-02,GANGAVARAM,10,29.1,74.0,MEDIUM,SYNTHETIC_GENERATOR_V1,SYNTHETIC
PA_007830,2025-06-03,GANGAVARAM,9,24.1,74.4,MEDIUM,SYNTHETIC_GENERATOR_V1,SYNTHETIC
PA_007831,2025-06-04,GANGAVARAM,4,10.1,58.2,LOW,SYNTHETIC_GENERATOR_V1,SYNTHETIC
PA_007832,2025-06-05,GANGAVARAM,12,38.1,90.2,MEDIUM,SYNTHETIC_GENERATOR_V1,SYNTHETIC
PA_007833,2025-06-06,GANGAVARAM,9,24.9,72.6,MEDIUM,SYNTHETIC_GENERATOR_V1,SYNTHETIC
PA_007834,2025-06-07,GANGAVARAM,9,22.7,68.5,LOW,SYNTHETIC_GENERATOR_V1,SYNTHETIC
PA_007835,2025-06-08,GANGAVARAM,7,14.4,57.9,LOW,SYNTHETIC_GENERATOR_V1,SYNTHETIC
PA_007836,2025-06-09,GANGAVARAM,18,71.9,119.7,HIGH,SYNTHETIC_GENERATOR_V1,SYNTHETIC
PA_007837,2025-06-10,GANGAVARAM,9,23.7,73.1,LOW,SYNTHETIC_GENERATOR_V1,SYNTHETIC
PA_007838,2025-06-11,GANGAVARAM,6,14.9,61.6,LOW,SYNTHETIC_GENERATOR_V1,SYNTHETIC
PA_007839,2025-06-12,GANGAVARAM,13,40.3,88.6,MEDIUM,SYNTHETIC_GENERATOR_V1,SYNTHETIC
PA_007840,2025-06-13,GANGAVARAM,6,17.0,60.0,LOW,SYNTHETIC_GENERATOR_V1,SYNTHETIC
PA_007841,2025-06-14,GANGAVARAM,11,33.1,80.9,MEDIUM,SYNTHETIC_GENERATOR_V1,SYNTHETIC
PA_007842,2025-06-15,GANGAVARAM,8,23.8,70.3,LOW,SYNTHETIC_GENERATOR_V1,SYNTHETIC
PA_007843,2025-06-16,GANGAVARAM,7,14.6,60.6,LOW,SYNTHETIC_GENERATOR_V1,SYNTHETIC
PA_007844,2025-06-17,GANGAVARAM,12,37.5,82.3,MEDIUM,SYNTHETIC_GENERATOR_V1,SYNTHETIC
PA_007845,2025-06-18,GANGAVARAM,12,39.5,83.7,MEDIUM,SYNTHETIC_GENERATOR_V1,SYNTHETIC
PA_007846,2025-06-19,GANGAVARAM,7,18.5,57.4,LOW,SYNTHETIC_GENERATOR_V1,SYNTHETIC
PA_007847,2025-06-20,GANGAVARAM,8,21.2,72.5,LOW,SYNTHETIC_GENERATOR_V1,SYNTHETIC
PA_007848,2025-06-21,GANGAVARAM,6,11.2,65.5,LOW,SYNTHETIC_GENERATOR_V1,SYNTHETIC
PA_007849,2025-06-22,GANGAVARAM,10,28.5,78.0,MEDIUM,SYNTHETIC_GENERATOR_V1,SYNTHETIC
PA_007850,2025-06-23,GANGAVARAM,7,19.0,62.9,LOW,SYNTHETIC_GENERATOR_V1,SYNTHETIC
PA_007851,2025-06-24,GANGAVARAM,7,13.4,59.4,LOW,SYNTHETIC_GENERATOR_V1,SYNTHETIC
PA_007852,2025-06-25,GANGAVARAM,6,11.8,54.6,LOW,SYNTHETIC_GENERATOR_V1,SYNTHETIC
PA_007853,2025-06-26,GANGAVARAM,11,33.4,84.7,MEDIUM,SYNTHETIC_GENERATOR_V1,SYNTHETIC
PA_007854,2025-06-27,GANGAVARAM,9,24.0,75.9,MEDIUM,SYNTHETIC_GENERATOR_V1,SYNTHETIC
PA_007855,2025-06-28,GANGAVARAM,10,23.4,74.2,LOW,SYNTHETIC_GENERATOR_V1,SYNTHETIC
PA_007856,2025-06-29,GANGAVARAM,9,26.3,70.0,MEDIUM,SYNTHETIC_GENERATOR_V1,SYNTHETIC
PA_007857,2025-06-30,GANGAVARAM,13,45.7,94.3,MEDIUM,SYNTHETIC_GENERATOR_V1,SYNTHETIC
PA_007858,2025-07-01,GANGAVARAM,8,20.8,67.7,LOW,SYNTHETIC_GENERATOR_V1,SYNTHETIC
PA_007859,2025-07-02,GANGAVARAM,3,9.1,60.3,LOW,SYNTHETIC_GENERATOR_V1,SYNTHETIC
PA_007860,2025-07-03,GANGAVARAM,12,41.3,85.0,MEDIUM,SYNTHETIC_GENERATOR_V1,SYNTHETIC
PA_007861,2025-07-04,GANGAVARAM,6,10.2,55.8,LOW,SYNTHETIC_GENERATOR_V1,SYNTHETIC
PA_007862,2025-07-05,GANGAVARAM,6,16.6,53.5,LOW,SYNTHETIC_GENERATOR_V1,SYNTHETIC
PA_007863,2025-07-06,GANGAVARAM,10,28.2,66.8,MEDIUM,SYNTHETIC_GENERATOR_V1,SYNTHETIC
PA_007864,2025-07-07,GANGAVARAM,14,49.7,96.5,MEDIUM,SYNTHETIC_GENERATOR_V1,SYNTHETIC
PA_007865,2025-07-08,GANGAVARAM,11,25.4,73.9,MEDIUM,SYNTHETIC_GENERATOR_V1,SYNTHETIC
PA_007866,2025-07-09,GANGAVARAM,12,39.3,87.3,MEDIUM,SYNTHETIC_GENERATOR_V1,SYNTHETIC
PA_007867,2025-07-10,GANGAVARAM,9,19.9,70.3,LOW,SYNTHETIC_GENERATOR_V1,SYNTHETIC
PA_007868,2025-07-11,GANGAVARAM,11,29.2,73.7,MEDIUM,SYNTHETIC_GENERATOR_V1,SYNTHETIC
PA_007869,2025-07-12,GANGAVARAM,9,21.2,66.0,LOW,SYNTHETIC_GENERATOR_V1,SYNTHETIC
PA_007870,2025-07-13,GANGAVARAM,7,11.6,65.4,LOW,SYNTHETIC_GENERATOR_V1,SYNTHETIC
PA_007871,2025-07-14,GANGAVARAM,15,49.7,92.4,MEDIUM,SYNTHETIC_GENERATOR_V1,SYNTHETIC
PA_007872,2025-07-15,GANGAVARAM,11,28.9,80.6,MEDIUM,SYNTHETIC_GENERATOR_V1,SYNTHETIC
PA_007873,2025-07-16,GANGAVARAM,11,31.7,74.1,MEDIUM,SYNTHETIC_GENERATOR_V1,SYNTHETIC
PA_007874,2025-07-17,GANGAVARAM,10,28.5,80.6,MEDIUM,SYNTHETIC_GENERATOR_V1,SYNTHETIC
PA_007875,2025-07-18,GANGAVARAM,14,45.2,97.5,MEDIUM,SYNTHETIC_GENERATOR_V1,SYNTHETIC
PA_007876,2025-07-19,GANGAVARAM,9,17.2,67.1,LOW,SYNTHETIC_GENERATOR_V1,SYNTHETIC
PA_007877,2025-07-20,GANGAVARAM,9,29.3,76.0,MEDIUM,SYNTHETIC_GENERATOR_V1,SYNTHETIC
PA_007878,2025-07-21,GANGAVARAM,9,18.2,67.1,LOW,SYNTHETIC_GENERATOR_V1,SYNTHETIC
PA_007879,2025-07-22,GANGAVARAM,12,39.7,89.2,MEDIUM,SYNTHETIC_GENERATOR_V1,SYNTHETIC
PA_007880,2025-07-23,GANGAVARAM,11,38.3,81.1,MEDIUM,SYNTHETIC_GENERATOR_V1,SYNTHETIC
PA_007881,2025-07-24,GANGAVARAM,10,25.6,69.9,MEDIUM,SYNTHETIC_GENERATOR_V1,SYNTHETIC
PA_007882,2025-07-25,GANGAVARAM,7,14.2,57.6,LOW,SYNTHETIC_GENERATOR_V1,SYNTHETIC
PA_007883,2025-07-26,GANGAVARAM,8,23.8,69.6,LOW,SYNTHETIC_GENERATOR_V1,SYNTHETIC
PA_007884,2025-07-27,GANGAVARAM,9,29.3,79.0,MEDIUM,SYNTHETIC_GENERATOR_V1,SYNTHETIC
PA_007885,2025-07-28,GANGAVARAM,6,13.0,61.1,LOW,SYNTHETIC_GENERATOR_V1,SYNTHETIC
PA_007886,2025-07-29,GANGAVARAM,7,14.4,68.1,LOW,SYNTHETIC_GENERATOR_V1,SYNTHETIC
PA_007887,2025-07-30,GANGAVARAM,12,35.8,81.6,MEDIUM,SYNTHETIC_GENERATOR_V1,SYNTHETIC
PA_007888,2025-07-31,GANGAVARAM,7,20.8,69.6,LOW,SYNTHETIC_GENERATOR_V1,SYNTHETIC
PA_007889,2025-08-01,GANGAVARAM,12,38.7,88.8,MEDIUM,SYNTHETIC_GENERATOR_V1,SYNTHETIC
PA_007890,2025-08-02,GANGAVARAM,8,25.6,69.4,MEDIUM,SYNTHETIC_GENERATOR_V1,SYNTHETIC
PA_007891,2025-08-03,GANGAVARAM,10,26.1,74.9,MEDIUM,SYNTHETIC_GENERATOR_V1,SYNTHETIC
PA_007892,2025-08-04,GANGAVARAM,6,16.3,66.8,LOW,SYNTHETIC_GENERATOR_V1,SYNTHETIC
PA_007893,2025-08-05,GANGAVARAM,19,74.2,125.9,HIGH,SYNTHETIC_GENERATOR_V1,SYNTHETIC
PA_007894,2025-08-06,GANGAVARAM,5,12.7,69.4,LOW,SYNTHETIC_GENERATOR_V1,SYNTHETIC
PA_007895,2025-08-07,GANGAVARAM,12,38.2,83.9,MEDIUM,SYNTHETIC_GENERATOR_V1,SYNTHETIC
PA_007896,2025-08-08,GANGAVARAM,9,23.4,70.9,LOW,SYNTHETIC_GENERATOR_V1,SYNTHETIC
PA_007897,2025-08-09,GANGAVARAM,11,34.8,88.8,MEDIUM,SYNTHETIC_GENERATOR_V1,SYNTHETIC
PA_007898,2025-08-10,GANGAVARAM,10,26.7,74.2,MEDIUM,SYNTHETIC_GENERATOR_V1,SYNTHETIC
PA_007899,2025-08-11,GANGAVARAM,12,39.5,86.1,MEDIUM,SYNTHETIC_GENERATOR_V1,SYNTHETIC
PA_007900,2025-08-12,GANGAVARAM,10,25.3,66.6,MEDIUM,SYNTHETIC_GENERATOR_V1,SYNTHETIC
PA_007901,2025-08-13,GANGAVARAM,5,16.5,65.0,LOW,SYNTHETIC_GENERATOR_V1,SYNTHETIC
PA_007902,2025-08-14,GANGAVARAM,9,24.1,71.5,MEDIUM,SYNTHETIC_GENERATOR_V1,SYNTHETIC
PA_007903,2025-08-15,GANGAVARAM,6,9.2,48.6,LOW,SYNTHETIC_GENERATOR_V1,SYNTHETIC
PA_007904,2025-08-16,GANGAVARAM,12,26.4,79.4,MEDIUM,SYNTHETIC_GENERATOR_V1,SYNTHETIC
PA_007905,2025-08-17,GANGAVARAM,9,23.9,77.7,LOW,SYNTHETIC_GENERATOR_V1,SYNTHETIC
PA_007906,2025-08-18,GANGAVARAM,11,27.3,77.1,MEDIUM,SYNTHETIC_GENERATOR_V1,SYNTHETIC
PA_007907,2025-08-19,GANGAVARAM,14,49.9,97.7,MEDIUM,SYNTHETIC_GENERATOR_V1,SYNTHETIC
PA_007908,2025-08-20,GANGAVARAM,16,54.8,99.8,MEDIUM,SYNTHETIC_GENERATOR_V1,SYNTHETIC
PA_007909,2025-08-21,GANGAVARAM,7,16.6,61.8,LOW,SYNTHETIC_GENERATOR_V1,SYNTHETIC
PA_007910,2025-08-22,GANGAVARAM,4,3.6,51.5,LOW,SYNTHETIC_GENERATOR_V1,SYNTHETIC
PA_007911,2025-08-23,GANGAVARAM,8,25.1,69.8,MEDIUM,SYNTHETIC_GENERATOR_V1,SYNTHETIC
PA_007912,2025-08-24,GANGAVARAM,6,10.3,60.5,LOW,SYNTHETIC_GENERATOR_V1,SYNTHETIC
PA_007913,2025-08-25,GANGAVARAM,8,20.7,71.2,LOW,SYNTHETIC_GENERATOR_V1,SYNTHETIC
PA_007914,2025-08-26,GANGAVARAM,7,17.2,63.0,LOW,SYNTHETIC_GENERATOR_V1,SYNTHETIC
PA_007915,2025-08-27,GANGAVARAM,9,19.0,70.5,LOW,SYNTHETIC_GENERATOR_V1,SYNTHETIC
PA_007916,2025-08-28,GANGAVARAM,8,21.8,70.6,LOW,SYNTHETIC_GENERATOR_V1,SYNTHETIC
PA_007917,2025-08-29,GANGAVARAM,12,34.1,87.0,MEDIUM,SYNTHETIC_GENERATOR_V1,SYNTHETIC
PA_007918,2025-08-30,GANGAVARAM,10,28.2,76.6,MEDIUM,SYNTHETIC_GENERATOR_V1,SYNTHETIC
PA_007919,2025-08-31,GANGAVARAM,14,39.9,89.4,MEDIUM,SYNTHETIC_GENERATOR_V1,SYNTHETIC
PA_007920,2025-09-01,GANGAVARAM,8,20.3,67.6,LOW,SYNTHETIC_GENERATOR_V1,SYNTHETIC
PA_007921,2025-09-02,GANGAVARAM,11,33.7,82.3,MEDIUM,SYNTHETIC_GENERATOR_V1,SYNTHETIC
PA_007922,2025-09-03,GANGAVARAM,5,11.3,58.8,LOW,SYNTHETIC_GENERATOR_V1,SYNTHETIC
PA_007923,2025-09-04,GANGAVARAM,11,31.9,82.3,MEDIUM,SYNTHETIC_GENERATOR_V1,SYNTHETIC
PA_007924,2025-09-05,GANGAVARAM,7,12.3,63.0,LOW,SYNTHETIC_GENERATOR_V1,SYNTHETIC
PA_007925,2025-09-06,GANGAVARAM,3,1.0,40.6,LOW,SYNTHETIC_GENERATOR_V1,SYNTHETIC
PA_007926,2025-09-07,GANGAVARAM,6,13.7,57.0,LOW,SYNTHETIC_GENERATOR_V1,SYNTHETIC
PA_007927,2025-09-08,GANGAVARAM,7,16.4,63.4,LOW,SYNTHETIC_GENERATOR_V1,SYNTHETIC
PA_007928,2025-09-09,GANGAVARAM,13,44.4,100.0,MEDIUM,SYNTHETIC_GENERATOR_V1,SYNTHETIC
PA_007929,2025-09-10,GANGAVARAM,7,14.9,63.4,LOW,SYNTHETIC_GENERATOR_V1,SYNTHETIC
PA_007930,2025-09-11,GANGAVARAM,4,6.2,53.3,LOW,SYNTHETIC_GENERATOR_V1,SYNTHETIC
PA_007931,2025-09-12,GANGAVARAM,4,3.6,47.8,LOW,SYNTHETIC_GENERATOR_V1,SYNTHETIC
PA_007932,2025-09-13,GANGAVARAM,6,12.0,65.7,LOW,SYNTHETIC_GENERATOR_V1,SYNTHETIC
PA_007933,2025-09-14,GANGAVARAM,6,9.9,60.1,LOW,SYNTHETIC_GENERATOR_V1,SYNTHETIC
PA_007934,2025-09-15,GANGAVARAM,7,18.6,62.8,LOW,SYNTHETIC_GENERATOR_V1,SYNTHETIC
PA_007935,2025-09-16,GANGAVARAM,7,17.0,63.9,LOW,SYNTHETIC_GENERATOR_V1,SYNTHETIC
PA_007936,2025-09-17,GANGAVARAM,10,29.0,79.4,MEDIUM,SYNTHETIC_GENERATOR_V1,SYNTHETIC
PA_007937,2025-09-18,GANGAVARAM,5,8.4,59.6,LOW,SYNTHETIC_GENERATOR_V1,SYNTHETIC
PA_007938,2025-09-19,GANGAVARAM,13,39.1,87.8,MEDIUM,SYNTHETIC_GENERATOR_V1,SYNTHETIC
PA_007939,2025-09-20,GANGAVARAM,8,16.8,65.2,LOW,SYNTHETIC_GENERATOR_V1,SYNTHETIC
PA_007940,2025-09-21,GANGAVARAM,10,24.0,72.8,MEDIUM,SYNTHETIC_GENERATOR_V1,SYNTHETIC
PA_007941,2025-09-22,GANGAVARAM,7,10.4,59.1,LOW,SYNTHETIC_GENERATOR_V1,SYNTHETIC
PA_007942,2025-09-23,GANGAVARAM,7,17.0,69.4,LOW,SYNTHETIC_GENERATOR_V1,SYNTHETIC
PA_007943,2025-09-24,GANGAVARAM,14,41.2,85.0,MEDIUM,SYNTHETIC_GENERATOR_V1,SYNTHETIC
PA_007944,2025-09-25,GANGAVARAM,10,31.2,75.6,MEDIUM,SYNTHETIC_GENERATOR_V1,SYNTHETIC
PA_007945,2025-09-26,GANGAVARAM,9,25.7,74.0,MEDIUM,SYNTHETIC_GENERATOR_V1,SYNTHETIC
PA_007946,2025-09-27,GANGAVARAM,9,26.5,76.3,MEDIUM,SYNTHETIC_GENERATOR_V1,SYNTHETIC
PA_007947,2025-09-28,GANGAVARAM,9,25.1,71.9,MEDIUM,SYNTHETIC_GENERATOR_V1,SYNTHETIC
PA_007948,2025-09-29,GANGAVARAM,5,5.3,50.8,LOW,SYNTHETIC_GENERATOR_V1,SYNTHETIC
PA_007949,2025-09-30,GANGAVARAM,8,17.9,67.9,LOW,SYNTHETIC_GENERATOR_V1,SYNTHETIC
PA_007950,2025-10-01,GANGAVARAM,7,21.8,69.4,LOW,SYNTHETIC_GENERATOR_V1,SYNTHETIC
PA_007951,2025-10-02,GANGAVARAM,5,5.5,51.4,LOW,SYNTHETIC_GENERATOR_V1,SYNTHETIC
PA_007952,2025-10-03,GANGAVARAM,4,8.5,52.9,LOW,SYNTHETIC_GENERATOR_V1,SYNTHETIC
PA_007953,2025-10-04,GANGAVARAM,7,20.8,63.2,LOW,SYNTHETIC_GENERATOR_V1,SYNTHETIC
PA_007954,2025-10-05,GANGAVARAM,7,19.4,66.9,LOW,SYNTHETIC_GENERATOR_V1,SYNTHETIC
PA_007955,2025-10-06,GANGAVARAM,9,27.0,74.4,MEDIUM,SYNTHETIC_GENERATOR_V1,SYNTHETIC
PA_007956,2025-10-07,GANGAVARAM,9,24.3,73.1,MEDIUM,SYNTHETIC_GENERATOR_V1,SYNTHETIC
PA_007957,2025-10-08,GANGAVARAM,8,21.4,69.8,LOW,SYNTHETIC_GENERATOR_V1,SYNTHETIC
PA_007958,2025-10-09,GANGAVARAM,7,17.2,64.6,LOW,SYNTHETIC_GENERATOR_V1,SYNTHETIC
PA_007959,2025-10-10,GANGAVARAM,11,33.6,87.5,MEDIUM,SYNTHETIC_GENERATOR_V1,SYNTHETIC
PA_007960,2025-10-11,GANGAVARAM,8,24.3,69.0,MEDIUM,SYNTHETIC_GENERATOR_V1,SYNTHETIC
PA_007961,2025-10-12,GANGAVARAM,9,21.4,73.1,LOW,SYNTHETIC_GENERATOR_V1,SYNTHETIC
PA_007962,2025-10-13,GANGAVARAM,8,21.3,65.7,LOW,SYNTHETIC_GENERATOR_V1,SYNTHETIC
PA_007963,2025-10-14,GANGAVARAM,7,17.8,65.9,LOW,SYNTHETIC_GENERATOR_V1,SYNTHETIC
PA_007964,2025-10-15,GANGAVARAM,9,17.8,62.6,LOW,SYNTHETIC_GENERATOR_V1,SYNTHETIC
PA_007965,2025-10-16,GANGAVARAM,10,32.6,87.2,MEDIUM,SYNTHETIC_GENERATOR_V1,SYNTHETIC
PA_007966,2025-10-17,GANGAVARAM,8,20.7,75.8,LOW,SYNTHETIC_GENERATOR_V1,SYNTHETIC
PA_007967,2025-10-18,GANGAVARAM,9,21.1,64.3,LOW,SYNTHETIC_GENERATOR_V1,SYNTHETIC
PA_007968,2025-10-19,GANGAVARAM,4,2.5,51.0,LOW,SYNTHETIC_GENERATOR_V1,SYNTHETIC
PA_007969,2025-10-20,GANGAVARAM,3,6.7,52.9,LOW,SYNTHETIC_GENERATOR_V1,SYNTHETIC
PA_007970,2025-10-21,GANGAVARAM,11,31.9,79.4,MEDIUM,SYNTHETIC_GENERATOR_V1,SYNTHETIC
PA_007971,2025-10-22,GANGAVARAM,3,4.9,54.6,LOW,SYNTHETIC_GENERATOR_V1,SYNTHETIC
PA_007972,2025-10-23,GANGAVARAM,8,22.7,68.7,LOW,SYNTHETIC_GENERATOR_V1,SYNTHETIC
PA_007973,2025-10-24,GANGAVARAM,7,9.2,48.2,LOW,SYNTHETIC_GENERATOR_V1,SYNTHETIC
PA_007974,2025-10-25,GANGAVARAM,7,12.4,53.9,LOW,SYNTHETIC_GENERATOR_V1,SYNTHETIC
PA_007975,2025-10-26,GANGAVARAM,9,27.1,74.0,MEDIUM,SYNTHETIC_GENERATOR_V1,SYNTHETIC
PA_007976,2025-10-27,GANGAVARAM,8,18.7,65.1,LOW,SYNTHETIC_GENERATOR_V1,SYNTHETIC
PA_007977,2025-10-28,GANGAVARAM,12,34.3,78.4,MEDIUM,SYNTHETIC_GENERATOR_V1,SYNTHETIC
PA_007978,2025-10-29,GANGAVARAM,9,25.5,79.5,MEDIUM,SYNTHETIC_GENERATOR_V1,SYNTHETIC
PA_007979,2025-10-30,GANGAVARAM,7,13.7,54.4,LOW,SYNTHETIC_GENERATOR_V1,SYNTHETIC
PA_007980,2025-10-31,GANGAVARAM,7,16.0,58.2,LOW,SYNTHETIC_GENERATOR_V1,SYNTHETIC
PA_007981,2025-11-01,GANGAVARAM,13,43.7,97.3,MEDIUM,SYNTHETIC_GENERATOR_V1,SYNTHETIC
PA_007982,2025-11-02,GANGAVARAM,7,13.2,64.3,LOW,SYNTHETIC_GENERATOR_V1,SYNTHETIC
PA_007983,2025-11-03,GANGAVARAM,9,23.7,71.0,LOW,SYNTHETIC_GENERATOR_V1,SYNTHETIC
PA_007984,2025-11-04,GANGAVARAM,9,19.0,63.5,LOW,SYNTHETIC_GENERATOR_V1,SYNTHETIC
PA_007985,2025-11-05,GANGAVARAM,14,43.3,95.8,MEDIUM,SYNTHETIC_GENERATOR_V1,SYNTHETIC
PA_007986,2025-11-06,GANGAVARAM,11,26.8,71.1,MEDIUM,SYNTHETIC_GENERATOR_V1,SYNTHETIC
PA_007987,2025-11-07,GANGAVARAM,15,52.7,103.0,MEDIUM,SYNTHETIC_GENERATOR_V1,SYNTHETIC
PA_007988,2025-11-08,GANGAVARAM,14,48.9,97.7,MEDIUM,SYNTHETIC_GENERATOR_V1,SYNTHETIC
PA_007989,2025-11-09,GANGAVARAM,9,22.3,65.8,LOW,SYNTHETIC_GENERATOR_V1,SYNTHETIC
PA_007990,2025-11-10,GANGAVARAM,10,31.5,83.4,MEDIUM,SYNTHETIC_GENERATOR_V1,SYNTHETIC
PA_007991,2025-11-11,GANGAVARAM,7,14.1,63.6,LOW,SYNTHETIC_GENERATOR_V1,SYNTHETIC
PA_007992,2025-11-12,GANGAVARAM,5,8.2,59.0,LOW,SYNTHETIC_GENERATOR_V1,SYNTHETIC
PA_007993,2025-11-13,GANGAVARAM,10,29.3,78.2,MEDIUM,SYNTHETIC_GENERATOR_V1,SYNTHETIC
PA_007994,2025-11-14,GANGAVARAM,11,32.0,78.1,MEDIUM,SYNTHETIC_GENERATOR_V1,SYNTHETIC
PA_007995,2025-11-15,GANGAVARAM,7,18.4,63.2,LOW,SYNTHETIC_GENERATOR_V1,SYNTHETIC
PA_007996,2025-11-16,GANGAVARAM,7,16.5,69.8,LOW,SYNTHETIC_GENERATOR_V1,SYNTHETIC
PA_007997,2025-11-17,GANGAVARAM,7,13.0,69.8,LOW,SYNTHETIC_GENERATOR_V1,SYNTHETIC
PA_007998,2025-11-18,GANGAVARAM,9,25.9,75.3,MEDIUM,SYNTHETIC_GENERATOR_V1,SYNTHETIC
PA_007999,2025-11-19,GANGAVARAM,6,15.7,62.5,LOW,SYNTHETIC_GENERATOR_V1,SYNTHETIC
PA_008000,2025-11-20,GANGAVARAM,6,14.4,60.9,LOW,SYNTHETIC_GENERATOR_V1,SYNTHETIC
PA_008001,2025-11-21,GANGAVARAM,14,49.9,107.3,MEDIUM,SYNTHETIC_GENERATOR_V1,SYNTHETIC
PA_008002,2025-11-22,GANGAVARAM,11,35.5,75.5,MEDIUM,SYNTHETIC_GENERATOR_V1,SYNTHETIC
PA_008003,2025-11-23,GANGAVARAM,9,28.8,71.4,MEDIUM,SYNTHETIC_GENERATOR_V1,SYNTHETIC
PA_008004,2025-11-24,GANGAVARAM,8,24.4,71.5,MEDIUM,SYNTHETIC_GENERATOR_V1,SYNTHETIC
PA_008005,2025-11-25,GANGAVARAM,9,18.3,59.0,LOW,SYNTHETIC_GENERATOR_V1,SYNTHETIC
PA_008006,2025-11-26,GANGAVARAM,12,35.6,83.9,MEDIUM,SYNTHETIC_GENERATOR_V1,SYNTHETIC
PA_008007,2025-11-27,GANGAVARAM,9,22.3,68.3,LOW,SYNTHETIC_GENERATOR_V1,SYNTHETIC
PA_008008,2025-11-28,GANGAVARAM,6,6.3,60.3,LOW,SYNTHETIC_GENERATOR_V1,SYNTHETIC
PA_008009,2025-11-29,GANGAVARAM,9,25.7,73.5,MEDIUM,SYNTHETIC_GENERATOR_V1,SYNTHETIC
PA_008010,2025-11-30,GANGAVARAM,11,36.0,89.3,MEDIUM,SYNTHETIC_GENERATOR_V1,SYNTHETIC
PA_008011,2025-12-01,GANGAVARAM,6,15.2,65.7,LOW,SYNTHETIC_GENERATOR_V1,SYNTHETIC
PA_008012,2025-12-02,GANGAVARAM,14,44.6,93.8,MEDIUM,SYNTHETIC_GENERATOR_V1,SYNTHETIC
PA_008013,2025-12-03,GANGAVARAM,12,38.4,85.6,MEDIUM,SYNTHETIC_GENERATOR_V1,SYNTHETIC
PA_008014,2025-12-04,GANGAVARAM,10,30.6,73.8,MEDIUM,SYNTHETIC_GENERATOR_V1,SYNTHETIC
PA_008015,2025-12-05,GANGAVARAM,9,24.9,63.7,MEDIUM,SYNTHETIC_GENERATOR_V1,SYNTHETIC
PA_008016,2025-12-06,GANGAVARAM,11,27.0,78.5,MEDIUM,SYNTHETIC_GENERATOR_V1,SYNTHETIC
PA_008017,2025-12-07,GANGAVARAM,10,30.8,81.2,MEDIUM,SYNTHETIC_GENERATOR_V1,SYNTHETIC
PA_008018,2025-12-08,GANGAVARAM,9,26.0,72.5,MEDIUM,SYNTHETIC_GENERATOR_V1,SYNTHETIC
PA_008019,2025-12-09,GANGAVARAM,5,11.7,64.9,LOW,SYNTHETIC_GENERATOR_V1,SYNTHETIC
PA_008020,2025-12-10,GANGAVARAM,11,35.7,84.2,MEDIUM,SYNTHETIC_GENERATOR_V1,SYNTHETIC
PA_008021,2025-12-11,GANGAVARAM,10,30.8,85.7,MEDIUM,SYNTHETIC_GENERATOR_V1,SYNTHETIC
PA_008022,2025-12-12,GANGAVARAM,13,38.3,95.9,MEDIUM,SYNTHETIC_GENERATOR_V1,SYNTHETIC
PA_008023,2025-12-13,GANGAVARAM,8,21.0,62.0,LOW,SYNTHETIC_GENERATOR_V1,SYNTHETIC
PA_008024,2025-12-14,GANGAVARAM,10,25.1,81.8,MEDIUM,SYNTHETIC_GENERATOR_V1,SYNTHETIC
PA_008025,2025-12-15,GANGAVARAM,8,23.0,67.3,LOW,SYNTHETIC_GENERATOR_V1,SYNTHETIC
PA_008026,2025-12-16,GANGAVARAM,7,15.9,76.8,LOW,SYNTHETIC_GENERATOR_V1,SYNTHETIC
PA_008027,2025-12-17,GANGAVARAM,4,4.9,46.3,LOW,SYNTHETIC_GENERATOR_V1,SYNTHETIC
PA_008028,2025-12-18,GANGAVARAM,9,24.0,69.6,MEDIUM,SYNTHETIC_GENERATOR_V1,SYNTHETIC
PA_008029,2025-12-19,GANGAVARAM,12,38.4,82.9,MEDIUM,SYNTHETIC_GENERATOR_V1,SYNTHETIC
PA_008030,2025-12-20,GANGAVARAM,8,17.3,63.1,LOW,SYNTHETIC_GENERATOR_V1,SYNTHETIC
PA_008031,2025-12-21,GANGAVARAM,7,22.4,64.2,LOW,SYNTHETIC_GENERATOR_V1,SYNTHETIC
PA_008032,2025-12-22,GANGAVARAM,10,24.6,66.0,MEDIUM,SYNTHETIC_GENERATOR_V1,SYNTHETIC
PA_008033,2025-12-23,GANGAVARAM,6,8.1,46.2,LOW,SYNTHETIC_GENERATOR_V1,SYNTHETIC
PA_008034,2025-12-24,GANGAVARAM,10,27.3,70.5,MEDIUM,SYNTHETIC_GENERATOR_V1,SYNTHETIC
PA_008035,2025-12-25,GANGAVARAM,10,31.0,73.1,MEDIUM,SYNTHETIC_GENERATOR_V1,SYNTHETIC
PA_008036,2025-12-26,GANGAVARAM,7,12.8,65.4,LOW,SYNTHETIC_GENERATOR_V1,SYNTHETIC
PA_008037,2025-12-27,GANGAVARAM,8,15.8,70.8,LOW,SYNTHETIC_GENERATOR_V1,SYNTHETIC
PA_008038,2025-12-28,GANGAVARAM,10,27.0,78.3,MEDIUM,SYNTHETIC_GENERATOR_V1,SYNTHETIC
PA_008039,2025-12-29,GANGAVARAM,5,12.3,57.2,LOW,SYNTHETIC_GENERATOR_V1,SYNTHETIC
PA_008040,2025-12-30,GANGAVARAM,8,22.9,70.0,LOW,SYNTHETIC_GENERATOR_V1,SYNTHETIC
PA_008041,2025-12-31,GANGAVARAM,4,5.8,65.3,LOW,SYNTHETIC_GENERATOR_V1,SYNTHETIC
PA_008042,2024-01-01,GOPALPUR,6,26.5,98.7,MEDIUM,SYNTHETIC_GENERATOR_V1,SYNTHETIC
PA_008043,2024-01-02,GOPALPUR,2,9.1,76.1,LOW,SYNTHETIC_GENERATOR_V1,SYNTHETIC
PA_008044,2024-01-03,GOPALPUR,7,44.1,109.7,MEDIUM,SYNTHETIC_GENERATOR_V1,SYNTHETIC
PA_008045,2024-01-04,GOPALPUR,5,31.8,96.6,MEDIUM,SYNTHETIC_GENERATOR_V1,SYNTHETIC
PA_008046,2024-01-05,GOPALPUR,3,11.6,81.0,LOW,SYNTHETIC_GENERATOR_V1,SYNTHETIC
PA_008047,2024-01-06,GOPALPUR,5,26.3,85.9,MEDIUM,SYNTHETIC_GENERATOR_V1,SYNTHETIC
PA_008048,2024-01-07,GOPALPUR,9,60.7,129.6,HIGH,SYNTHETIC_GENERATOR_V1,SYNTHETIC
PA_008049,2024-01-08,GOPALPUR,4,15.2,78.7,LOW,SYNTHETIC_GENERATOR_V1,SYNTHETIC
PA_008050,2024-01-09,GOPALPUR,10,70.8,143.8,HIGH,SYNTHETIC_GENERATOR_V1,SYNTHETIC
PA_008051,2024-01-10,GOPALPUR,7,38.9,105.7,MEDIUM,SYNTHETIC_GENERATOR_V1,SYNTHETIC
PA_008052,2024-01-11,GOPALPUR,4,23.9,80.1,LOW,SYNTHETIC_GENERATOR_V1,SYNTHETIC
PA_008053,2024-01-12,GOPALPUR,3,11.4,71.5,LOW,SYNTHETIC_GENERATOR_V1,SYNTHETIC
PA_008054,2024-01-13,GOPALPUR,6,32.8,101.5,MEDIUM,SYNTHETIC_GENERATOR_V1,SYNTHETIC
PA_008055,2024-01-14,GOPALPUR,2,7.1,72.1,LOW,SYNTHETIC_GENERATOR_V1,SYNTHETIC
PA_008056,2024-01-15,GOPALPUR,3,6.4,73.7,LOW,SYNTHETIC_GENERATOR_V1,SYNTHETIC
PA_008057,2024-01-16,GOPALPUR,6,31.8,96.4,MEDIUM,SYNTHETIC_GENERATOR_V1,SYNTHETIC
PA_008058,2024-01-17,GOPALPUR,5,23.0,92.3,LOW,SYNTHETIC_GENERATOR_V1,SYNTHETIC
PA_008059,2024-01-18,GOPALPUR,5,26.6,94.7,MEDIUM,SYNTHETIC_GENERATOR_V1,SYNTHETIC
PA_008060,2024-01-19,GOPALPUR,4,19.0,87.7,LOW,SYNTHETIC_GENERATOR_V1,SYNTHETIC
PA_008061,2024-01-20,GOPALPUR,5,24.4,93.8,MEDIUM,SYNTHETIC_GENERATOR_V1,SYNTHETIC
PA_008062,2024-01-21,GOPALPUR,6,30.0,100.8,MEDIUM,SYNTHETIC_GENERATOR_V1,SYNTHETIC
PA_008063,2024-01-22,GOPALPUR,2,1.0,63.0,LOW,SYNTHETIC_GENERATOR_V1,SYNTHETIC
PA_008064,2024-01-23,GOPALPUR,2,6.4,77.1,LOW,SYNTHETIC_GENERATOR_V1,SYNTHETIC
PA_008065,2024-01-24,GOPALPUR,8,57.0,118.7,MEDIUM,SYNTHETIC_GENERATOR_V1,SYNTHETIC
PA_008066,2024-01-25,GOPALPUR,2,5.6,73.7,LOW,SYNTHETIC_GENERATOR_V1,SYNTHETIC
PA_008067,2024-01-26,GOPALPUR,3,14.2,82.8,LOW,SYNTHETIC_GENERATOR_V1,SYNTHETIC
PA_008068,2024-01-27,GOPALPUR,5,27.3,89.9,MEDIUM,SYNTHETIC_GENERATOR_V1,SYNTHETIC
PA_008069,2024-01-28,GOPALPUR,5,20.1,87.6,LOW,SYNTHETIC_GENERATOR_V1,SYNTHETIC
PA_008070,2024-01-29,GOPALPUR,2,12.2,78.2,LOW,SYNTHETIC_GENERATOR_V1,SYNTHETIC
PA_008071,2024-01-30,GOPALPUR,5,29.2,92.9,MEDIUM,SYNTHETIC_GENERATOR_V1,SYNTHETIC
PA_008072,2024-01-31,GOPALPUR,2,7.4,70.8,LOW,SYNTHETIC_GENERATOR_V1,SYNTHETIC
PA_008073,2024-02-01,GOPALPUR,8,53.1,122.1,MEDIUM,SYNTHETIC_GENERATOR_V1,SYNTHETIC
PA_008074,2024-02-02,GOPALPUR,3,6.0,74.4,LOW,SYNTHETIC_GENERATOR_V1,SYNTHETIC
PA_008075,2024-02-03,GOPALPUR,5,23.6,84.5,LOW,SYNTHETIC_GENERATOR_V1,SYNTHETIC
PA_008076,2024-02-04,GOPALPUR,6,41.3,110.2,MEDIUM,SYNTHETIC_GENERATOR_V1,SYNTHETIC
PA_008077,2024-02-05,GOPALPUR,14,123.4,184.0,HIGH,SYNTHETIC_GENERATOR_V1,SYNTHETIC
PA_008078,2024-02-06,GOPALPUR,4,19.5,81.3,LOW,SYNTHETIC_GENERATOR_V1,SYNTHETIC
PA_008079,2024-02-07,GOPALPUR,5,29.1,95.1,MEDIUM,SYNTHETIC_GENERATOR_V1,SYNTHETIC
PA_008080,2024-02-08,GOPALPUR,4,27.4,92.9,MEDIUM,SYNTHETIC_GENERATOR_V1,SYNTHETIC
PA_008081,2024-02-09,GOPALPUR,4,11.3,74.4,LOW,SYNTHETIC_GENERATOR_V1,SYNTHETIC
PA_008082,2024-02-10,GOPALPUR,6,31.8,97.0,MEDIUM,SYNTHETIC_GENERATOR_V1,SYNTHETIC
PA_008083,2024-02-11,GOPALPUR,5,29.7,93.4,MEDIUM,SYNTHETIC_GENERATOR_V1,SYNTHETIC
PA_008084,2024-02-12,GOPALPUR,4,19.5,89.4,LOW,SYNTHETIC_GENERATOR_V1,SYNTHETIC
PA_008085,2024-02-13,GOPALPUR,5,27.9,87.3,MEDIUM,SYNTHETIC_GENERATOR_V1,SYNTHETIC
PA_008086,2024-02-14,GOPALPUR,6,31.2,97.6,MEDIUM,SYNTHETIC_GENERATOR_V1,SYNTHETIC
PA_008087,2024-02-15,GOPALPUR,4,18.2,80.6,LOW,SYNTHETIC_GENERATOR_V1,SYNTHETIC
PA_008088,2024-02-16,GOPALPUR,10,76.2,134.5,HIGH,SYNTHETIC_GENERATOR_V1,SYNTHETIC
PA_008089,2024-02-17,GOPALPUR,9,59.8,114.3,MEDIUM,SYNTHETIC_GENERATOR_V1,SYNTHETIC
PA_008090,2024-02-18,GOPALPUR,7,41.7,108.3,MEDIUM,SYNTHETIC_GENERATOR_V1,SYNTHETIC
PA_008091,2024-02-19,GOPALPUR,2,7.6,72.1,LOW,SYNTHETIC_GENERATOR_V1,SYNTHETIC
PA_008092,2024-02-20,GOPALPUR,7,50.6,116.0,MEDIUM,SYNTHETIC_GENERATOR_V1,SYNTHETIC
PA_008093,2024-02-21,GOPALPUR,6,31.0,90.9,MEDIUM,SYNTHETIC_GENERATOR_V1,SYNTHETIC
PA_008094,2024-02-22,GOPALPUR,4,25.3,82.4,MEDIUM,SYNTHETIC_GENERATOR_V1,SYNTHETIC
PA_008095,2024-02-23,GOPALPUR,6,36.2,106.0,MEDIUM,SYNTHETIC_GENERATOR_V1,SYNTHETIC
PA_008096,2024-02-24,GOPALPUR,10,66.6,131.9,HIGH,SYNTHETIC_GENERATOR_V1,SYNTHETIC
PA_008097,2024-02-25,GOPALPUR,2,9.3,68.0,LOW,SYNTHETIC_GENERATOR_V1,SYNTHETIC
PA_008098,2024-02-26,GOPALPUR,5,28.7,85.1,MEDIUM,SYNTHETIC_GENERATOR_V1,SYNTHETIC
PA_008099,2024-02-27,GOPALPUR,8,54.1,119.7,MEDIUM,SYNTHETIC_GENERATOR_V1,SYNTHETIC
PA_008100,2024-02-28,GOPALPUR,11,85.5,147.7,HIGH,SYNTHETIC_GENERATOR_V1,SYNTHETIC
PA_008101,2024-02-29,GOPALPUR,6,35.8,95.2,MEDIUM,SYNTHETIC_GENERATOR_V1,SYNTHETIC
PA_008102,2024-03-01,GOPALPUR,3,18.4,81.9,LOW,SYNTHETIC_GENERATOR_V1,SYNTHETIC
PA_008103,2024-03-02,GOPALPUR,4,14.7,75.0,LOW,SYNTHETIC_GENERATOR_V1,SYNTHETIC
PA_008104,2024-03-03,GOPALPUR,6,38.1,100.8,MEDIUM,SYNTHETIC_GENERATOR_V1,SYNTHETIC
PA_008105,2024-03-04,GOPALPUR,1,0.3,65.1,LOW,SYNTHETIC_GENERATOR_V1,SYNTHETIC
PA_008106,2024-03-05,GOPALPUR,5,28.5,91.6,MEDIUM,SYNTHETIC_GENERATOR_V1,SYNTHETIC
PA_008107,2024-03-06,GOPALPUR,1,4.3,68.7,LOW,SYNTHETIC_GENERATOR_V1,SYNTHETIC
PA_008108,2024-03-07,GOPALPUR,7,38.0,96.1,MEDIUM,SYNTHETIC_GENERATOR_V1,SYNTHETIC
PA_008109,2024-03-08,GOPALPUR,5,27.3,91.1,MEDIUM,SYNTHETIC_GENERATOR_V1,SYNTHETIC
PA_008110,2024-03-09,GOPALPUR,5,23.2,88.8,LOW,SYNTHETIC_GENERATOR_V1,SYNTHETIC
PA_008111,2024-03-10,GOPALPUR,5,29.4,98.0,MEDIUM,SYNTHETIC_GENERATOR_V1,SYNTHETIC
PA_008112,2024-03-11,GOPALPUR,6,35.9,98.1,MEDIUM,SYNTHETIC_GENERATOR_V1,SYNTHETIC
PA_008113,2024-03-12,GOPALPUR,4,20.6,87.6,LOW,SYNTHETIC_GENERATOR_V1,SYNTHETIC
PA_008114,2024-03-13,GOPALPUR,2,9.1,73.8,LOW,SYNTHETIC_GENERATOR_V1,SYNTHETIC
PA_008115,2024-03-14,GOPALPUR,9,68.8,132.4,HIGH,SYNTHETIC_GENERATOR_V1,SYNTHETIC
PA_008116,2024-03-15,GOPALPUR,5,28.2,86.8,MEDIUM,SYNTHETIC_GENERATOR_V1,SYNTHETIC
PA_008117,2024-03-16,GOPALPUR,2,4.6,78.4,LOW,SYNTHETIC_GENERATOR_V1,SYNTHETIC
PA_008118,2024-03-17,GOPALPUR,5,22.6,81.6,LOW,SYNTHETIC_GENERATOR_V1,SYNTHETIC
PA_008119,2024-03-18,GOPALPUR,8,52.9,121.2,MEDIUM,SYNTHETIC_GENERATOR_V1,SYNTHETIC
PA_008120,2024-03-19,GOPALPUR,2,0.0,65.6,LOW,SYNTHETIC_GENERATOR_V1,SYNTHETIC
PA_008121,2024-03-20,GOPALPUR,3,11.7,78.2,LOW,SYNTHETIC_GENERATOR_V1,SYNTHETIC
PA_008122,2024-03-21,GOPALPUR,8,52.0,116.9,MEDIUM,SYNTHETIC_GENERATOR_V1,SYNTHETIC
PA_008123,2024-03-22,GOPALPUR,6,32.8,98.7,MEDIUM,SYNTHETIC_GENERATOR_V1,SYNTHETIC
PA_008124,2024-03-23,GOPALPUR,5,20.8,85.4,LOW,SYNTHETIC_GENERATOR_V1,SYNTHETIC
PA_008125,2024-03-24,GOPALPUR,0,3.6,67.6,LOW,SYNTHETIC_GENERATOR_V1,SYNTHETIC
PA_008126,2024-03-25,GOPALPUR,6,36.5,96.2,MEDIUM,SYNTHETIC_GENERATOR_V1,SYNTHETIC
PA_008127,2024-03-26,GOPALPUR,2,11.2,70.5,LOW,SYNTHETIC_GENERATOR_V1,SYNTHETIC
PA_008128,2024-03-27,GOPALPUR,1,3.7,69.0,LOW,SYNTHETIC_GENERATOR_V1,SYNTHETIC
PA_008129,2024-03-28,GOPALPUR,2,1.3,68.3,LOW,SYNTHETIC_GENERATOR_V1,SYNTHETIC
PA_008130,2024-03-29,GOPALPUR,5,27.5,89.2,MEDIUM,SYNTHETIC_GENERATOR_V1,SYNTHETIC
PA_008131,2024-03-30,GOPALPUR,5,27.0,85.3,MEDIUM,SYNTHETIC_GENERATOR_V1,SYNTHETIC
PA_008132,2024-03-31,GOPALPUR,4,21.9,85.1,LOW,SYNTHETIC_GENERATOR_V1,SYNTHETIC
PA_008133,2024-04-01,GOPALPUR,6,35.2,105.2,MEDIUM,SYNTHETIC_GENERATOR_V1,SYNTHETIC
PA_008134,2024-04-02,GOPALPUR,4,21.3,77.8,LOW,SYNTHETIC_GENERATOR_V1,SYNTHETIC
PA_008135,2024-04-03,GOPALPUR,7,41.5,100.4,MEDIUM,SYNTHETIC_GENERATOR_V1,SYNTHETIC
PA_008136,2024-04-04,GOPALPUR,6,36.5,97.9,MEDIUM,SYNTHETIC_GENERATOR_V1,SYNTHETIC
PA_008137,2024-04-05,GOPALPUR,6,34.9,97.5,MEDIUM,SYNTHETIC_GENERATOR_V1,SYNTHETIC
PA_008138,2024-04-06,GOPALPUR,11,80.9,148.7,HIGH,SYNTHETIC_GENERATOR_V1,SYNTHETIC
PA_008139,2024-04-07,GOPALPUR,8,56.7,110.8,MEDIUM,SYNTHETIC_GENERATOR_V1,SYNTHETIC
PA_008140,2024-04-08,GOPALPUR,3,9.3,77.9,LOW,SYNTHETIC_GENERATOR_V1,SYNTHETIC
PA_008141,2024-04-09,GOPALPUR,5,28.1,97.8,MEDIUM,SYNTHETIC_GENERATOR_V1,SYNTHETIC
PA_008142,2024-04-10,GOPALPUR,6,37.9,95.6,MEDIUM,SYNTHETIC_GENERATOR_V1,SYNTHETIC
PA_008143,2024-04-11,GOPALPUR,3,13.6,78.4,LOW,SYNTHETIC_GENERATOR_V1,SYNTHETIC
PA_008144,2024-04-12,GOPALPUR,5,25.2,90.8,MEDIUM,SYNTHETIC_GENERATOR_V1,SYNTHETIC
PA_008145,2024-04-13,GOPALPUR,2,5.5,65.5,LOW,SYNTHETIC_GENERATOR_V1,SYNTHETIC
PA_008146,2024-04-14,GOPALPUR,10,72.3,137.1,HIGH,SYNTHETIC_GENERATOR_V1,SYNTHETIC
PA_008147,2024-04-15,GOPALPUR,6,34.9,103.3,MEDIUM,SYNTHETIC_GENERATOR_V1,SYNTHETIC
PA_008148,2024-04-16,GOPALPUR,9,59.4,125.6,MEDIUM,SYNTHETIC_GENERATOR_V1,SYNTHETIC
PA_008149,2024-04-17,GOPALPUR,3,8.2,66.2,LOW,SYNTHETIC_GENERATOR_V1,SYNTHETIC
PA_008150,2024-04-18,GOPALPUR,10,71.8,128.8,HIGH,SYNTHETIC_GENERATOR_V1,SYNTHETIC
PA_008151,2024-04-19,GOPALPUR,5,22.0,92.1,LOW,SYNTHETIC_GENERATOR_V1,SYNTHETIC
PA_008152,2024-04-20,GOPALPUR,5,24.8,92.4,MEDIUM,SYNTHETIC_GENERATOR_V1,SYNTHETIC
PA_008153,2024-04-21,GOPALPUR,1,3.2,67.4,LOW,SYNTHETIC_GENERATOR_V1,SYNTHETIC
PA_008154,2024-04-22,GOPALPUR,5,28.0,91.5,MEDIUM,SYNTHETIC_GENERATOR_V1,SYNTHETIC
PA_008155,2024-04-23,GOPALPUR,5,28.1,87.4,MEDIUM,SYNTHETIC_GENERATOR_V1,SYNTHETIC
PA_008156,2024-04-24,GOPALPUR,4,13.9,81.0,LOW,SYNTHETIC_GENERATOR_V1,SYNTHETIC
PA_008157,2024-04-25,GOPALPUR,2,8.9,67.4,LOW,SYNTHETIC_GENERATOR_V1,SYNTHETIC
PA_008158,2024-04-26,GOPALPUR,7,45.7,110.8,MEDIUM,SYNTHETIC_GENERATOR_V1,SYNTHETIC
PA_008159,2024-04-27,GOPALPUR,6,35.5,105.2,MEDIUM,SYNTHETIC_GENERATOR_V1,SYNTHETIC
PA_008160,2024-04-28,GOPALPUR,3,9.5,76.1,LOW,SYNTHETIC_GENERATOR_V1,SYNTHETIC
PA_008161,2024-04-29,GOPALPUR,6,30.0,96.3,MEDIUM,SYNTHETIC_GENERATOR_V1,SYNTHETIC
PA_008162,2024-04-30,GOPALPUR,2,5.7,68.8,LOW,SYNTHETIC_GENERATOR_V1,SYNTHETIC
PA_008163,2024-05-01,GOPALPUR,2,7.3,72.9,LOW,SYNTHETIC_GENERATOR_V1,SYNTHETIC
PA_008164,2024-05-02,GOPALPUR,6,31.0,92.0,MEDIUM,SYNTHETIC_GENERATOR_V1,SYNTHETIC
PA_008165,2024-05-03,GOPALPUR,7,45.3,113.1,MEDIUM,SYNTHETIC_GENERATOR_V1,SYNTHETIC
PA_008166,2024-05-04,GOPALPUR,7,44.7,116.0,MEDIUM,SYNTHETIC_GENERATOR_V1,SYNTHETIC
PA_008167,2024-05-05,GOPALPUR,2,6.0,71.1,LOW,SYNTHETIC_GENERATOR_V1,SYNTHETIC
PA_008168,2024-05-06,GOPALPUR,6,37.6,98.8,MEDIUM,SYNTHETIC_GENERATOR_V1,SYNTHETIC
PA_008169,2024-05-07,GOPALPUR,3,16.5,75.7,LOW,SYNTHETIC_GENERATOR_V1,SYNTHETIC
PA_008170,2024-05-08,GOPALPUR,6,34.7,94.4,MEDIUM,SYNTHETIC_GENERATOR_V1,SYNTHETIC
PA_008171,2024-05-09,GOPALPUR,4,15.0,85.3,LOW,SYNTHETIC_GENERATOR_V1,SYNTHETIC
PA_008172,2024-05-10,GOPALPUR,3,15.0,76.7,LOW,SYNTHETIC_GENERATOR_V1,SYNTHETIC
PA_008173,2024-05-11,GOPALPUR,5,28.6,84.5,MEDIUM,SYNTHETIC_GENERATOR_V1,SYNTHETIC
PA_008174,2024-05-12,GOPALPUR,8,55.3,122.6,MEDIUM,SYNTHETIC_GENERATOR_V1,SYNTHETIC
PA_008175,2024-05-13,GOPALPUR,6,27.8,89.7,MEDIUM,SYNTHETIC_GENERATOR_V1,SYNTHETIC
PA_008176,2024-05-14,GOPALPUR,7,46.6,104.7,MEDIUM,SYNTHETIC_GENERATOR_V1,SYNTHETIC
PA_008177,2024-05-15,GOPALPUR,4,19.1,77.2,LOW,SYNTHETIC_GENERATOR_V1,SYNTHETIC
PA_008178,2024-05-16,GOPALPUR,6,31.0,97.2,MEDIUM,SYNTHETIC_GENERATOR_V1,SYNTHETIC
PA_008179,2024-05-17,GOPALPUR,4,19.5,84.2,LOW,SYNTHETIC_GENERATOR_V1,SYNTHETIC
PA_008180,2024-05-18,GOPALPUR,2,6.3,70.0,LOW,SYNTHETIC_GENERATOR_V1,SYNTHETIC
PA_008181,2024-05-19,GOPALPUR,4,17.5,81.2,LOW,SYNTHETIC_GENERATOR_V1,SYNTHETIC
PA_008182,2024-05-20,GOPALPUR,5,24.0,88.7,MEDIUM,SYNTHETIC_GENERATOR_V1,SYNTHETIC
PA_008183,2024-05-21,GOPALPUR,6,39.7,97.5,MEDIUM,SYNTHETIC_GENERATOR_V1,SYNTHETIC
PA_008184,2024-05-22,GOPALPUR,7,33.7,90.5,MEDIUM,SYNTHETIC_GENERATOR_V1,SYNTHETIC
PA_008185,2024-05-23,GOPALPUR,1,4.2,73.3,LOW,SYNTHETIC_GENERATOR_V1,SYNTHETIC
PA_008186,2024-05-24,GOPALPUR,4,18.7,87.5,LOW,SYNTHETIC_GENERATOR_V1,SYNTHETIC
PA_008187,2024-05-25,GOPALPUR,4,22.8,86.5,LOW,SYNTHETIC_GENERATOR_V1,SYNTHETIC
PA_008188,2024-05-26,GOPALPUR,5,23.3,86.6,LOW,SYNTHETIC_GENERATOR_V1,SYNTHETIC
PA_008189,2024-05-27,GOPALPUR,6,33.9,99.6,MEDIUM,SYNTHETIC_GENERATOR_V1,SYNTHETIC
PA_008190,2024-05-28,GOPALPUR,8,53.5,107.7,MEDIUM,SYNTHETIC_GENERATOR_V1,SYNTHETIC
PA_008191,2024-05-29,GOPALPUR,2,8.4,76.0,LOW,SYNTHETIC_GENERATOR_V1,SYNTHETIC
PA_008192,2024-05-30,GOPALPUR,2,3.2,62.8,LOW,SYNTHETIC_GENERATOR_V1,SYNTHETIC
PA_008193,2024-05-31,GOPALPUR,6,44.1,105.5,MEDIUM,SYNTHETIC_GENERATOR_V1,SYNTHETIC
PA_008194,2024-06-01,GOPALPUR,10,69.7,139.6,HIGH,SYNTHETIC_GENERATOR_V1,SYNTHETIC
PA_008195,2024-06-02,GOPALPUR,2,7.0,72.0,LOW,SYNTHETIC_GENERATOR_V1,SYNTHETIC
PA_008196,2024-06-03,GOPALPUR,8,57.9,123.0,MEDIUM,SYNTHETIC_GENERATOR_V1,SYNTHETIC
PA_008197,2024-06-04,GOPALPUR,7,53.0,116.0,MEDIUM,SYNTHETIC_GENERATOR_V1,SYNTHETIC
PA_008198,2024-06-05,GOPALPUR,6,24.6,86.7,MEDIUM,SYNTHETIC_GENERATOR_V1,SYNTHETIC
PA_008199,2024-06-06,GOPALPUR,4,18.3,80.7,LOW,SYNTHETIC_GENERATOR_V1,SYNTHETIC
PA_008200,2024-06-07,GOPALPUR,1,0.3,63.8,LOW,SYNTHETIC_GENERATOR_V1,SYNTHETIC
PA_008201,2024-06-08,GOPALPUR,5,27.8,91.2,MEDIUM,SYNTHETIC_GENERATOR_V1,SYNTHETIC
PA_008202,2024-06-09,GOPALPUR,7,41.9,104.4,MEDIUM,SYNTHETIC_GENERATOR_V1,SYNTHETIC
PA_008203,2024-06-10,GOPALPUR,5,25.7,90.7,MEDIUM,SYNTHETIC_GENERATOR_V1,SYNTHETIC
PA_008204,2024-06-11,GOPALPUR,6,34.2,91.8,MEDIUM,SYNTHETIC_GENERATOR_V1,SYNTHETIC
PA_008205,2024-06-12,GOPALPUR,4,19.1,84.0,LOW,SYNTHETIC_GENERATOR_V1,SYNTHETIC
PA_008206,2024-06-13,GOPALPUR,3,15.5,78.9,LOW,SYNTHETIC_GENERATOR_V1,SYNTHETIC
PA_008207,2024-06-14,GOPALPUR,8,47.7,121.3,MEDIUM,SYNTHETIC_GENERATOR_V1,SYNTHETIC
PA_008208,2024-06-15,GOPALPUR,3,13.4,79.2,LOW,SYNTHETIC_GENERATOR_V1,SYNTHETIC
PA_008209,2024-06-16,GOPALPUR,4,16.4,86.0,LOW,SYNTHETIC_GENERATOR_V1,SYNTHETIC
PA_008210,2024-06-17,GOPALPUR,8,56.2,121.5,MEDIUM,SYNTHETIC_GENERATOR_V1,SYNTHETIC
PA_008211,2024-06-18,GOPALPUR,5,27.0,90.4,MEDIUM,SYNTHETIC_GENERATOR_V1,SYNTHETIC
PA_008212,2024-06-19,GOPALPUR,4,25.0,88.6,MEDIUM,SYNTHETIC_GENERATOR_V1,SYNTHETIC
PA_008213,2024-06-20,GOPALPUR,6,34.8,101.7,MEDIUM,SYNTHETIC_GENERATOR_V1,SYNTHETIC
PA_008214,2024-06-21,GOPALPUR,3,14.1,79.4,LOW,SYNTHETIC_GENERATOR_V1,SYNTHETIC
PA_008215,2024-06-22,GOPALPUR,3,6.0,71.4,LOW,SYNTHETIC_GENERATOR_V1,SYNTHETIC
PA_008216,2024-06-23,GOPALPUR,5,35.1,93.8,MEDIUM,SYNTHETIC_GENERATOR_V1,SYNTHETIC
PA_008217,2024-06-24,GOPALPUR,7,42.3,100.2,MEDIUM,SYNTHETIC_GENERATOR_V1,SYNTHETIC
PA_008218,2024-06-25,GOPALPUR,6,35.5,103.2,MEDIUM,SYNTHETIC_GENERATOR_V1,SYNTHETIC
PA_008219,2024-06-26,GOPALPUR,7,42.9,102.9,MEDIUM,SYNTHETIC_GENERATOR_V1,SYNTHETIC
PA_008220,2024-06-27,GOPALPUR,7,45.6,112.6,MEDIUM,SYNTHETIC_GENERATOR_V1,SYNTHETIC
PA_008221,2024-06-28,GOPALPUR,4,16.4,79.4,LOW,SYNTHETIC_GENERATOR_V1,SYNTHETIC
PA_008222,2024-06-29,GOPALPUR,2,7.6,72.9,LOW,SYNTHETIC_GENERATOR_V1,SYNTHETIC
PA_008223,2024-06-30,GOPALPUR,5,32.8,96.5,MEDIUM,SYNTHETIC_GENERATOR_V1,SYNTHETIC
PA_008224,2024-07-01,GOPALPUR,9,65.8,122.0,HIGH,SYNTHETIC_GENERATOR_V1,SYNTHETIC
PA_008225,2024-07-02,GOPALPUR,6,32.4,101.7,MEDIUM,SYNTHETIC_GENERATOR_V1,SYNTHETIC
PA_008226,2024-07-03,GOPALPUR,6,32.8,97.2,MEDIUM,SYNTHETIC_GENERATOR_V1,SYNTHETIC
PA_008227,2024-07-04,GOPALPUR,7,43.2,105.6,MEDIUM,SYNTHETIC_GENERATOR_V1,SYNTHETIC
PA_008228,2024-07-05,GOPALPUR,7,42.6,107.3,MEDIUM,SYNTHETIC_GENERATOR_V1,SYNTHETIC
PA_008229,2024-07-06,GOPALPUR,4,19.8,85.5,LOW,SYNTHETIC_GENERATOR_V1,SYNTHETIC
PA_008230,2024-07-07,GOPALPUR,7,43.7,105.0,MEDIUM,SYNTHETIC_GENERATOR_V1,SYNTHETIC
PA_008231,2024-07-08,GOPALPUR,7,40.4,109.2,MEDIUM,SYNTHETIC_GENERATOR_V1,SYNTHETIC
PA_008232,2024-07-09,GOPALPUR,6,37.5,109.0,MEDIUM,SYNTHETIC_GENERATOR_V1,SYNTHETIC
PA_008233,2024-07-10,GOPALPUR,8,51.7,112.8,MEDIUM,SYNTHETIC_GENERATOR_V1,SYNTHETIC
PA_008234,2024-07-11,GOPALPUR,4,17.4,82.7,LOW,SYNTHETIC_GENERATOR_V1,SYNTHETIC
PA_008235,2024-07-12,GOPALPUR,7,50.6,112.6,MEDIUM,SYNTHETIC_GENERATOR_V1,SYNTHETIC
PA_008236,2024-07-13,GOPALPUR,4,13.6,74.1,LOW,SYNTHETIC_GENERATOR_V1,SYNTHETIC
PA_008237,2024-07-14,GOPALPUR,3,12.5,76.9,LOW,SYNTHETIC_GENERATOR_V1,SYNTHETIC
PA_008238,2024-07-15,GOPALPUR,5,17.9,83.2,LOW,SYNTHETIC_GENERATOR_V1,SYNTHETIC
PA_008239,2024-07-16,GOPALPUR,7,41.8,108.7,MEDIUM,SYNTHETIC_GENERATOR_V1,SYNTHETIC
PA_008240,2024-07-17,GOPALPUR,6,29.1,98.9,MEDIUM,SYNTHETIC_GENERATOR_V1,SYNTHETIC
PA_008241,2024-07-18,GOPALPUR,1,7.6,67.7,LOW,SYNTHETIC_GENERATOR_V1,SYNTHETIC
PA_008242,2024-07-19,GOPALPUR,3,12.8,73.2,LOW,SYNTHETIC_GENERATOR_V1,SYNTHETIC
PA_008243,2024-07-20,GOPALPUR,3,12.7,77.0,LOW,SYNTHETIC_GENERATOR_V1,SYNTHETIC
PA_008244,2024-07-21,GOPALPUR,3,6.1,64.4,LOW,SYNTHETIC_GENERATOR_V1,SYNTHETIC
PA_008245,2024-07-22,GOPALPUR,2,9.0,66.3,LOW,SYNTHETIC_GENERATOR_V1,SYNTHETIC
PA_008246,2024-07-23,GOPALPUR,6,34.8,95.7,MEDIUM,SYNTHETIC_GENERATOR_V1,SYNTHETIC
PA_008247,2024-07-24,GOPALPUR,8,50.0,111.0,MEDIUM,SYNTHETIC_GENERATOR_V1,SYNTHETIC
PA_008248,2024-07-25,GOPALPUR,2,5.8,66.9,LOW,SYNTHETIC_GENERATOR_V1,SYNTHETIC
PA_008249,2024-07-26,GOPALPUR,5,25.9,94.8,MEDIUM,SYNTHETIC_GENERATOR_V1,SYNTHETIC
PA_008250,2024-07-27,GOPALPUR,4,25.4,89.5,MEDIUM,SYNTHETIC_GENERATOR_V1,SYNTHETIC
PA_008251,2024-07-28,GOPALPUR,4,13.2,82.3,LOW,SYNTHETIC_GENERATOR_V1,SYNTHETIC
PA_008252,2024-07-29,GOPALPUR,4,16.3,81.4,LOW,SYNTHETIC_GENERATOR_V1,SYNTHETIC
PA_008253,2024-07-30,GOPALPUR,5,24.4,85.1,MEDIUM,SYNTHETIC_GENERATOR_V1,SYNTHETIC
PA_008254,2024-07-31,GOPALPUR,5,27.9,90.5,MEDIUM,SYNTHETIC_GENERATOR_V1,SYNTHETIC
PA_008255,2024-08-01,GOPALPUR,2,5.9,71.1,LOW,SYNTHETIC_GENERATOR_V1,SYNTHETIC
PA_008256,2024-08-02,GOPALPUR,5,31.2,93.7,MEDIUM,SYNTHETIC_GENERATOR_V1,SYNTHETIC
PA_008257,2024-08-03,GOPALPUR,3,11.5,73.0,LOW,SYNTHETIC_GENERATOR_V1,SYNTHETIC
PA_008258,2024-08-04,GOPALPUR,5,24.1,88.0,MEDIUM,SYNTHETIC_GENERATOR_V1,SYNTHETIC
PA_008259,2024-08-05,GOPALPUR,4,16.9,78.8,LOW,SYNTHETIC_GENERATOR_V1,SYNTHETIC
PA_008260,2024-08-06,GOPALPUR,6,34.0,97.0,MEDIUM,SYNTHETIC_GENERATOR_V1,SYNTHETIC
PA_008261,2024-08-07,GOPALPUR,5,29.3,92.2,MEDIUM,SYNTHETIC_GENERATOR_V1,SYNTHETIC
PA_008262,2024-08-08,GOPALPUR,6,33.9,97.7,MEDIUM,SYNTHETIC_GENERATOR_V1,SYNTHETIC
PA_008263,2024-08-09,GOPALPUR,6,26.5,95.5,MEDIUM,SYNTHETIC_GENERATOR_V1,SYNTHETIC
PA_008264,2024-08-10,GOPALPUR,5,23.2,96.4,LOW,SYNTHETIC_GENERATOR_V1,SYNTHETIC
PA_008265,2024-08-11,GOPALPUR,2,4.8,65.8,LOW,SYNTHETIC_GENERATOR_V1,SYNTHETIC
PA_008266,2024-08-12,GOPALPUR,5,22.6,85.4,LOW,SYNTHETIC_GENERATOR_V1,SYNTHETIC
PA_008267,2024-08-13,GOPALPUR,2,6.7,78.0,LOW,SYNTHETIC_GENERATOR_V1,SYNTHETIC
PA_008268,2024-08-14,GOPALPUR,6,28.9,93.0,MEDIUM,SYNTHETIC_GENERATOR_V1,SYNTHETIC
PA_008269,2024-08-15,GOPALPUR,4,17.6,84.1,LOW,SYNTHETIC_GENERATOR_V1,SYNTHETIC
PA_008270,2024-08-16,GOPALPUR,3,12.3,73.0,LOW,SYNTHETIC_GENERATOR_V1,SYNTHETIC
PA_008271,2024-08-17,GOPALPUR,4,16.5,82.8,LOW,SYNTHETIC_GENERATOR_V1,SYNTHETIC
PA_008272,2024-08-18,GOPALPUR,3,5.5,63.8,LOW,SYNTHETIC_GENERATOR_V1,SYNTHETIC
PA_008273,2024-08-19,GOPALPUR,6,40.1,102.0,MEDIUM,SYNTHETIC_GENERATOR_V1,SYNTHETIC
PA_008274,2024-08-20,GOPALPUR,5,27.2,100.9,MEDIUM,SYNTHETIC_GENERATOR_V1,SYNTHETIC
PA_008275,2024-08-21,GOPALPUR,5,33.8,88.3,MEDIUM,SYNTHETIC_GENERATOR_V1,SYNTHETIC
PA_008276,2024-08-22,GOPALPUR,3,13.8,76.3,LOW,SYNTHETIC_GENERATOR_V1,SYNTHETIC
PA_008277,2024-08-23,GOPALPUR,5,23.5,84.8,LOW,SYNTHETIC_GENERATOR_V1,SYNTHETIC
PA_008278,2024-08-24,GOPALPUR,2,12.4,71.1,LOW,SYNTHETIC_GENERATOR_V1,SYNTHETIC
PA_008279,2024-08-25,GOPALPUR,4,12.2,70.5,LOW,SYNTHETIC_GENERATOR_V1,SYNTHETIC
PA_008280,2024-08-26,GOPALPUR,1,3.1,66.4,LOW,SYNTHETIC_GENERATOR_V1,SYNTHETIC
PA_008281,2024-08-27,GOPALPUR,7,41.9,107.6,MEDIUM,SYNTHETIC_GENERATOR_V1,SYNTHETIC
PA_008282,2024-08-28,GOPALPUR,4,21.5,89.8,LOW,SYNTHETIC_GENERATOR_V1,SYNTHETIC
PA_008283,2024-08-29,GOPALPUR,3,12.5,71.1,LOW,SYNTHETIC_GENERATOR_V1,SYNTHETIC
PA_008284,2024-08-30,GOPALPUR,3,6.2,67.8,LOW,SYNTHETIC_GENERATOR_V1,SYNTHETIC
PA_008285,2024-08-31,GOPALPUR,3,11.2,70.9,LOW,SYNTHETIC_GENERATOR_V1,SYNTHETIC
PA_008286,2024-09-01,GOPALPUR,8,53.8,122.5,MEDIUM,SYNTHETIC_GENERATOR_V1,SYNTHETIC
PA_008287,2024-09-02,GOPALPUR,10,76.8,144.3,HIGH,SYNTHETIC_GENERATOR_V1,SYNTHETIC
PA_008288,2024-09-03,GOPALPUR,4,15.2,73.5,LOW,SYNTHETIC_GENERATOR_V1,SYNTHETIC
PA_008289,2024-09-04,GOPALPUR,3,17.3,78.3,LOW,SYNTHETIC_GENERATOR_V1,SYNTHETIC
PA_008290,2024-09-05,GOPALPUR,8,46.8,108.7,MEDIUM,SYNTHETIC_GENERATOR_V1,SYNTHETIC
PA_008291,2024-09-06,GOPALPUR,6,35.6,102.6,MEDIUM,SYNTHETIC_GENERATOR_V1,SYNTHETIC
PA_008292,2024-09-07,GOPALPUR,4,18.0,80.8,LOW,SYNTHETIC_GENERATOR_V1,SYNTHETIC
PA_008293,2024-09-08,GOPALPUR,4,22.9,82.1,LOW,SYNTHETIC_GENERATOR_V1,SYNTHETIC
PA_008294,2024-09-09,GOPALPUR,7,42.8,110.2,MEDIUM,SYNTHETIC_GENERATOR_V1,SYNTHETIC
PA_008295,2024-09-10,GOPALPUR,5,25.6,90.0,MEDIUM,SYNTHETIC_GENERATOR_V1,SYNTHETIC
PA_008296,2024-09-11,GOPALPUR,4,17.8,78.2,LOW,SYNTHETIC_GENERATOR_V1,SYNTHETIC
PA_008297,2024-09-12,GOPALPUR,5,28.3,88.4,MEDIUM,SYNTHETIC_GENERATOR_V1,SYNTHETIC
PA_008298,2024-09-13,GOPALPUR,4,11.4,78.1,LOW,SYNTHETIC_GENERATOR_V1,SYNTHETIC
PA_008299,2024-09-14,GOPALPUR,6,32.6,98.0,MEDIUM,SYNTHETIC_GENERATOR_V1,SYNTHETIC
PA_008300,2024-09-15,GOPALPUR,6,30.8,94.9,MEDIUM,SYNTHETIC_GENERATOR_V1,SYNTHETIC
PA_008301,2024-09-16,GOPALPUR,5,24.3,91.5,MEDIUM,SYNTHETIC_GENERATOR_V1,SYNTHETIC
PA_008302,2024-09-17,GOPALPUR,4,16.3,80.3,LOW,SYNTHETIC_GENERATOR_V1,SYNTHETIC
PA_008303,2024-09-18,GOPALPUR,2,5.2,70.5,LOW,SYNTHETIC_GENERATOR_V1,SYNTHETIC
PA_008304,2024-09-19,GOPALPUR,5,15.1,79.6,LOW,SYNTHETIC_GENERATOR_V1,SYNTHETIC
PA_008305,2024-09-20,GOPALPUR,2,2.2,69.5,LOW,SYNTHETIC_GENERATOR_V1,SYNTHETIC
PA_008306,2024-09-21,GOPALPUR,4,20.5,88.4,LOW,SYNTHETIC_GENERATOR_V1,SYNTHETIC
PA_008307,2024-09-22,GOPALPUR,4,15.3,79.2,LOW,SYNTHETIC_GENERATOR_V1,SYNTHETIC
PA_008308,2024-09-23,GOPALPUR,4,20.3,80.7,LOW,SYNTHETIC_GENERATOR_V1,SYNTHETIC
PA_008309,2024-09-24,GOPALPUR,6,28.6,90.2,MEDIUM,SYNTHETIC_GENERATOR_V1,SYNTHETIC
PA_008310,2024-09-25,GOPALPUR,7,39.7,104.0,MEDIUM,SYNTHETIC_GENERATOR_V1,SYNTHETIC
PA_008311,2024-09-26,GOPALPUR,4,16.2,87.7,LOW,SYNTHETIC_GENERATOR_V1,SYNTHETIC
PA_008312,2024-09-27,GOPALPUR,9,65.1,127.1,HIGH,SYNTHETIC_GENERATOR_V1,SYNTHETIC
PA_008313,2024-09-28,GOPALPUR,0,0.1,73.2,LOW,SYNTHETIC_GENERATOR_V1,SYNTHETIC
PA_008314,2024-09-29,GOPALPUR,4,20.9,82.2,LOW,SYNTHETIC_GENERATOR_V1,SYNTHETIC
PA_008315,2024-09-30,GOPALPUR,3,10.8,79.3,LOW,SYNTHETIC_GENERATOR_V1,SYNTHETIC
PA_008316,2024-10-01,GOPALPUR,7,45.8,103.4,MEDIUM,SYNTHETIC_GENERATOR_V1,SYNTHETIC
PA_008317,2024-10-02,GOPALPUR,3,10.6,72.7,LOW,SYNTHETIC_GENERATOR_V1,SYNTHETIC
PA_008318,2024-10-03,GOPALPUR,5,26.2,86.2,MEDIUM,SYNTHETIC_GENERATOR_V1,SYNTHETIC
PA_008319,2024-10-04,GOPALPUR,6,37.7,107.1,MEDIUM,SYNTHETIC_GENERATOR_V1,SYNTHETIC
PA_008320,2024-10-05,GOPALPUR,9,61.1,119.9,HIGH,SYNTHETIC_GENERATOR_V1,SYNTHETIC
PA_008321,2024-10-06,GOPALPUR,9,57.5,119.6,MEDIUM,SYNTHETIC_GENERATOR_V1,SYNTHETIC
PA_008322,2024-10-07,GOPALPUR,8,49.3,116.7,MEDIUM,SYNTHETIC_GENERATOR_V1,SYNTHETIC
PA_008323,2024-10-08,GOPALPUR,4,17.0,86.7,LOW,SYNTHETIC_GENERATOR_V1,SYNTHETIC
PA_008324,2024-10-09,GOPALPUR,7,38.3,101.4,MEDIUM,SYNTHETIC_GENERATOR_V1,SYNTHETIC
PA_008325,2024-10-10,GOPALPUR,6,31.2,94.1,MEDIUM,SYNTHETIC_GENERATOR_V1,SYNTHETIC
PA_008326,2024-10-11,GOPALPUR,4,17.8,75.2,LOW,SYNTHETIC_GENERATOR_V1,SYNTHETIC
PA_008327,2024-10-12,GOPALPUR,6,37.0,99.1,MEDIUM,SYNTHETIC_GENERATOR_V1,SYNTHETIC
PA_008328,2024-10-13,GOPALPUR,3,6.8,68.6,LOW,SYNTHETIC_GENERATOR_V1,SYNTHETIC
PA_008329,2024-10-14,GOPALPUR,2,1.7,64.1,LOW,SYNTHETIC_GENERATOR_V1,SYNTHETIC
PA_008330,2024-10-15,GOPALPUR,6,35.3,96.8,MEDIUM,SYNTHETIC_GENERATOR_V1,SYNTHETIC
PA_008331,2024-10-16,GOPALPUR,5,23.0,87.8,LOW,SYNTHETIC_GENERATOR_V1,SYNTHETIC
PA_008332,2024-10-17,GOPALPUR,3,17.2,80.8,LOW,SYNTHETIC_GENERATOR_V1,SYNTHETIC
PA_008333,2024-10-18,GOPALPUR,8,54.6,115.3,MEDIUM,SYNTHETIC_GENERATOR_V1,SYNTHETIC
PA_008334,2024-10-19,GOPALPUR,6,36.1,95.9,MEDIUM,SYNTHETIC_GENERATOR_V1,SYNTHETIC
PA_008335,2024-10-20,GOPALPUR,2,4.7,68.6,LOW,SYNTHETIC_GENERATOR_V1,SYNTHETIC
PA_008336,2024-10-21,GOPALPUR,6,35.8,103.7,MEDIUM,SYNTHETIC_GENERATOR_V1,SYNTHETIC
PA_008337,2024-10-22,GOPALPUR,7,47.5,96.7,MEDIUM,SYNTHETIC_GENERATOR_V1,SYNTHETIC
PA_008338,2024-10-23,GOPALPUR,7,46.3,113.3,MEDIUM,SYNTHETIC_GENERATOR_V1,SYNTHETIC
PA_008339,2024-10-24,GOPALPUR,4,13.3,78.6,LOW,SYNTHETIC_GENERATOR_V1,SYNTHETIC
PA_008340,2024-10-25,GOPALPUR,1,0.0,60.5,LOW,SYNTHETIC_GENERATOR_V1,SYNTHETIC
PA_008341,2024-10-26,GOPALPUR,8,51.0,106.1,MEDIUM,SYNTHETIC_GENERATOR_V1,SYNTHETIC
PA_008342,2024-10-27,GOPALPUR,6,32.3,93.3,MEDIUM,SYNTHETIC_GENERATOR_V1,SYNTHETIC
PA_008343,2024-10-28,GOPALPUR,10,67.5,133.1,HIGH,SYNTHETIC_GENERATOR_V1,SYNTHETIC
PA_008344,2024-10-29,GOPALPUR,3,14.9,76.4,LOW,SYNTHETIC_GENERATOR_V1,SYNTHETIC
PA_008345,2024-10-30,GOPALPUR,4,19.3,93.1,LOW,SYNTHETIC_GENERATOR_V1,SYNTHETIC
PA_008346,2024-10-31,GOPALPUR,11,87.6,152.8,HIGH,SYNTHETIC_GENERATOR_V1,SYNTHETIC
PA_008347,2024-11-01,GOPALPUR,9,62.9,121.2,HIGH,SYNTHETIC_GENERATOR_V1,SYNTHETIC
PA_008348,2024-11-02,GOPALPUR,9,66.8,127.0,HIGH,SYNTHETIC_GENERATOR_V1,SYNTHETIC
PA_008349,2024-11-03,GOPALPUR,3,15.2,85.8,LOW,SYNTHETIC_GENERATOR_V1,SYNTHETIC
PA_008350,2024-11-04,GOPALPUR,5,17.4,77.1,LOW,SYNTHETIC_GENERATOR_V1,SYNTHETIC
PA_008351,2024-11-05,GOPALPUR,5,22.9,85.2,LOW,SYNTHETIC_GENERATOR_V1,SYNTHETIC
PA_008352,2024-11-06,GOPALPUR,7,40.9,105.2,MEDIUM,SYNTHETIC_GENERATOR_V1,SYNTHETIC
PA_008353,2024-11-07,GOPALPUR,7,47.7,109.9,MEDIUM,SYNTHETIC_GENERATOR_V1,SYNTHETIC
PA_008354,2024-11-08,GOPALPUR,4,17.7,79.2,LOW,SYNTHETIC_GENERATOR_V1,SYNTHETIC
PA_008355,2024-11-09,GOPALPUR,6,35.4,98.6,MEDIUM,SYNTHETIC_GENERATOR_V1,SYNTHETIC
PA_008356,2024-11-10,GOPALPUR,5,20.0,88.2,LOW,SYNTHETIC_GENERATOR_V1,SYNTHETIC
PA_008357,2024-11-11,GOPALPUR,5,28.0,92.5,MEDIUM,SYNTHETIC_GENERATOR_V1,SYNTHETIC
PA_008358,2024-11-12,GOPALPUR,10,71.4,134.7,HIGH,SYNTHETIC_GENERATOR_V1,SYNTHETIC
PA_008359,2024-11-13,GOPALPUR,2,6.6,70.3,LOW,SYNTHETIC_GENERATOR_V1,SYNTHETIC
PA_008360,2024-11-14,GOPALPUR,11,86.5,151.4,HIGH,SYNTHETIC_GENERATOR_V1,SYNTHETIC
PA_008361,2024-11-15,GOPALPUR,2,11.1,69.5,LOW,SYNTHETIC_GENERATOR_V1,SYNTHETIC
PA_008362,2024-11-16,GOPALPUR,2,6.5,75.4,LOW,SYNTHETIC_GENERATOR_V1,SYNTHETIC
PA_008363,2024-11-17,GOPALPUR,8,44.2,112.1,MEDIUM,SYNTHETIC_GENERATOR_V1,SYNTHETIC
PA_008364,2024-11-18,GOPALPUR,3,2.7,68.5,LOW,SYNTHETIC_GENERATOR_V1,SYNTHETIC
PA_008365,2024-11-19,GOPALPUR,6,31.3,92.8,MEDIUM,SYNTHETIC_GENERATOR_V1,SYNTHETIC
PA_008366,2024-11-20,GOPALPUR,4,17.9,90.1,LOW,SYNTHETIC_GENERATOR_V1,SYNTHETIC
PA_008367,2024-11-21,GOPALPUR,5,27.2,99.5,MEDIUM,SYNTHETIC_GENERATOR_V1,SYNTHETIC
PA_008368,2024-11-22,GOPALPUR,2,7.1,69.8,LOW,SYNTHETIC_GENERATOR_V1,SYNTHETIC
PA_008369,2024-11-23,GOPALPUR,9,62.0,133.0,HIGH,SYNTHETIC_GENERATOR_V1,SYNTHETIC
PA_008370,2024-11-24,GOPALPUR,3,16.4,84.1,LOW,SYNTHETIC_GENERATOR_V1,SYNTHETIC
PA_008371,2024-11-25,GOPALPUR,4,15.7,80.6,LOW,SYNTHETIC_GENERATOR_V1,SYNTHETIC
PA_008372,2024-11-26,GOPALPUR,6,28.1,97.0,MEDIUM,SYNTHETIC_GENERATOR_V1,SYNTHETIC
PA_008373,2024-11-27,GOPALPUR,5,27.3,94.9,MEDIUM,SYNTHETIC_GENERATOR_V1,SYNTHETIC
PA_008374,2024-11-28,GOPALPUR,6,30.4,99.2,MEDIUM,SYNTHETIC_GENERATOR_V1,SYNTHETIC
PA_008375,2024-11-29,GOPALPUR,5,15.8,80.3,LOW,SYNTHETIC_GENERATOR_V1,SYNTHETIC
PA_008376,2024-11-30,GOPALPUR,3,5.6,74.3,LOW,SYNTHETIC_GENERATOR_V1,SYNTHETIC
PA_008377,2024-12-01,GOPALPUR,10,74.6,138.1,HIGH,SYNTHETIC_GENERATOR_V1,SYNTHETIC
PA_008378,2024-12-02,GOPALPUR,7,45.8,114.1,MEDIUM,SYNTHETIC_GENERATOR_V1,SYNTHETIC
PA_008379,2024-12-03,GOPALPUR,6,30.0,89.5,MEDIUM,SYNTHETIC_GENERATOR_V1,SYNTHETIC
PA_008380,2024-12-04,GOPALPUR,6,38.4,105.4,MEDIUM,SYNTHETIC_GENERATOR_V1,SYNTHETIC
PA_008381,2024-12-05,GOPALPUR,7,41.1,106.2,MEDIUM,SYNTHETIC_GENERATOR_V1,SYNTHETIC
PA_008382,2024-12-06,GOPALPUR,6,38.5,104.5,MEDIUM,SYNTHETIC_GENERATOR_V1,SYNTHETIC
PA_008383,2024-12-07,GOPALPUR,3,5.4,69.1,LOW,SYNTHETIC_GENERATOR_V1,SYNTHETIC
PA_008384,2024-12-08,GOPALPUR,4,24.4,93.4,MEDIUM,SYNTHETIC_GENERATOR_V1,SYNTHETIC
PA_008385,2024-12-09,GOPALPUR,7,38.8,100.5,MEDIUM,SYNTHETIC_GENERATOR_V1,SYNTHETIC
PA_008386,2024-12-10,GOPALPUR,8,54.9,115.6,MEDIUM,SYNTHETIC_GENERATOR_V1,SYNTHETIC
PA_008387,2024-12-11,GOPALPUR,2,4.5,69.6,LOW,SYNTHETIC_GENERATOR_V1,SYNTHETIC
PA_008388,2024-12-12,GOPALPUR,4,18.3,83.7,LOW,SYNTHETIC_GENERATOR_V1,SYNTHETIC
PA_008389,2024-12-13,GOPALPUR,3,8.8,68.2,LOW,SYNTHETIC_GENERATOR_V1,SYNTHETIC
PA_008390,2024-12-14,GOPALPUR,3,6.2,74.1,LOW,SYNTHETIC_GENERATOR_V1,SYNTHETIC
PA_008391,2024-12-15,GOPALPUR,2,5.3,72.4,LOW,SYNTHETIC_GENERATOR_V1,SYNTHETIC
PA_008392,2024-12-16,GOPALPUR,8,52.5,120.9,MEDIUM,SYNTHETIC_GENERATOR_V1,SYNTHETIC
PA_008393,2024-12-17,GOPALPUR,3,7.5,71.5,LOW,SYNTHETIC_GENERATOR_V1,SYNTHETIC
PA_008394,2024-12-18,GOPALPUR,4,21.8,82.7,LOW,SYNTHETIC_GENERATOR_V1,SYNTHETIC
PA_008395,2024-12-19,GOPALPUR,5,28.7,92.5,MEDIUM,SYNTHETIC_GENERATOR_V1,SYNTHETIC
PA_008396,2024-12-20,GOPALPUR,7,41.7,99.5,MEDIUM,SYNTHETIC_GENERATOR_V1,SYNTHETIC
PA_008397,2024-12-21,GOPALPUR,8,55.9,119.7,MEDIUM,SYNTHETIC_GENERATOR_V1,SYNTHETIC
PA_008398,2024-12-22,GOPALPUR,2,5.5,71.9,LOW,SYNTHETIC_GENERATOR_V1,SYNTHETIC
PA_008399,2024-12-23,GOPALPUR,4,25.3,84.8,MEDIUM,SYNTHETIC_GENERATOR_V1,SYNTHETIC
PA_008400,2024-12-24,GOPALPUR,3,19.0,78.8,LOW,SYNTHETIC_GENERATOR_V1,SYNTHETIC
PA_008401,2024-12-25,GOPALPUR,1,4.3,71.4,LOW,SYNTHETIC_GENERATOR_V1,SYNTHETIC
PA_008402,2024-12-26,GOPALPUR,5,23.9,84.9,LOW,SYNTHETIC_GENERATOR_V1,SYNTHETIC
PA_008403,2024-12-27,GOPALPUR,5,20.8,83.2,LOW,SYNTHETIC_GENERATOR_V1,SYNTHETIC
PA_008404,2024-12-28,GOPALPUR,5,28.0,98.0,MEDIUM,SYNTHETIC_GENERATOR_V1,SYNTHETIC
PA_008405,2024-12-29,GOPALPUR,8,51.4,111.5,MEDIUM,SYNTHETIC_GENERATOR_V1,SYNTHETIC
PA_008406,2024-12-30,GOPALPUR,5,21.6,87.8,LOW,SYNTHETIC_GENERATOR_V1,SYNTHETIC
PA_008407,2024-12-31,GOPALPUR,6,33.4,97.5,MEDIUM,SYNTHETIC_GENERATOR_V1,SYNTHETIC
PA_008408,2025-01-01,GOPALPUR,5,30.1,89.0,MEDIUM,SYNTHETIC_GENERATOR_V1,SYNTHETIC
PA_008409,2025-01-02,GOPALPUR,5,25.9,83.4,MEDIUM,SYNTHETIC_GENERATOR_V1,SYNTHETIC
PA_008410,2025-01-03,GOPALPUR,5,22.7,84.2,LOW,SYNTHETIC_GENERATOR_V1,SYNTHETIC
PA_008411,2025-01-04,GOPALPUR,8,51.8,123.0,MEDIUM,SYNTHETIC_GENERATOR_V1,SYNTHETIC
PA_008412,2025-01-05,GOPALPUR,1,6.9,69.1,LOW,SYNTHETIC_GENERATOR_V1,SYNTHETIC
PA_008413,2025-01-06,GOPALPUR,7,36.6,95.6,MEDIUM,SYNTHETIC_GENERATOR_V1,SYNTHETIC
PA_008414,2025-01-07,GOPALPUR,7,39.6,103.0,MEDIUM,SYNTHETIC_GENERATOR_V1,SYNTHETIC
PA_008415,2025-01-08,GOPALPUR,7,41.7,113.9,MEDIUM,SYNTHETIC_GENERATOR_V1,SYNTHETIC
PA_008416,2025-01-09,GOPALPUR,5,22.1,91.1,LOW,SYNTHETIC_GENERATOR_V1,SYNTHETIC
PA_008417,2025-01-10,GOPALPUR,3,14.8,79.7,LOW,SYNTHETIC_GENERATOR_V1,SYNTHETIC
PA_008418,2025-01-11,GOPALPUR,5,22.8,90.0,LOW,SYNTHETIC_GENERATOR_V1,SYNTHETIC
PA_008419,2025-01-12,GOPALPUR,9,61.1,115.9,HIGH,SYNTHETIC_GENERATOR_V1,SYNTHETIC
PA_008420,2025-01-13,GOPALPUR,7,43.2,105.8,MEDIUM,SYNTHETIC_GENERATOR_V1,SYNTHETIC
PA_008421,2025-01-14,GOPALPUR,3,11.8,75.7,LOW,SYNTHETIC_GENERATOR_V1,SYNTHETIC
PA_008422,2025-01-15,GOPALPUR,2,2.0,71.3,LOW,SYNTHETIC_GENERATOR_V1,SYNTHETIC
PA_008423,2025-01-16,GOPALPUR,4,17.9,77.2,LOW,SYNTHETIC_GENERATOR_V1,SYNTHETIC
PA_008424,2025-01-17,GOPALPUR,3,9.4,78.7,LOW,SYNTHETIC_GENERATOR_V1,SYNTHETIC
PA_008425,2025-01-18,GOPALPUR,5,21.0,88.1,LOW,SYNTHETIC_GENERATOR_V1,SYNTHETIC
PA_008426,2025-01-19,GOPALPUR,8,52.2,116.2,MEDIUM,SYNTHETIC_GENERATOR_V1,SYNTHETIC
PA_008427,2025-01-20,GOPALPUR,0,1.7,66.1,LOW,SYNTHETIC_GENERATOR_V1,SYNTHETIC
PA_008428,2025-01-21,GOPALPUR,5,21.5,85.2,LOW,SYNTHETIC_GENERATOR_V1,SYNTHETIC
PA_008429,2025-01-22,GOPALPUR,4,14.3,85.1,LOW,SYNTHETIC_GENERATOR_V1,SYNTHETIC
PA_008430,2025-01-23,GOPALPUR,10,73.6,134.7,HIGH,SYNTHETIC_GENERATOR_V1,SYNTHETIC
PA_008431,2025-01-24,GOPALPUR,8,47.0,108.7,MEDIUM,SYNTHETIC_GENERATOR_V1,SYNTHETIC
PA_008432,2025-01-25,GOPALPUR,5,23.1,82.1,LOW,SYNTHETIC_GENERATOR_V1,SYNTHETIC
PA_008433,2025-01-26,GOPALPUR,3,6.6,61.1,LOW,SYNTHETIC_GENERATOR_V1,SYNTHETIC
PA_008434,2025-01-27,GOPALPUR,4,19.0,88.6,LOW,SYNTHETIC_GENERATOR_V1,SYNTHETIC
PA_008435,2025-01-28,GOPALPUR,2,3.2,67.9,LOW,SYNTHETIC_GENERATOR_V1,SYNTHETIC
PA_008436,2025-01-29,GOPALPUR,3,15.3,76.9,LOW,SYNTHETIC_GENERATOR_V1,SYNTHETIC
PA_008437,2025-01-30,GOPALPUR,7,40.1,102.8,MEDIUM,SYNTHETIC_GENERATOR_V1,SYNTHETIC
PA_008438,2025-01-31,GOPALPUR,5,21.0,89.1,LOW,SYNTHETIC_GENERATOR_V1,SYNTHETIC
PA_008439,2025-02-01,GOPALPUR,6,31.6,93.7,MEDIUM,SYNTHETIC_GENERATOR_V1,SYNTHETIC
PA_008440,2025-02-02,GOPALPUR,7,38.4,101.9,MEDIUM,SYNTHETIC_GENERATOR_V1,SYNTHETIC
PA_008441,2025-02-03,GOPALPUR,7,44.8,107.6,MEDIUM,SYNTHETIC_GENERATOR_V1,SYNTHETIC
PA_008442,2025-02-04,GOPALPUR,9,59.7,125.9,MEDIUM,SYNTHETIC_GENERATOR_V1,SYNTHETIC
PA_008443,2025-02-05,GOPALPUR,1,0.0,63.2,LOW,SYNTHETIC_GENERATOR_V1,SYNTHETIC
PA_008444,2025-02-06,GOPALPUR,4,19.2,82.1,LOW,SYNTHETIC_GENERATOR_V1,SYNTHETIC
PA_008445,2025-02-07,GOPALPUR,5,27.2,96.6,MEDIUM,SYNTHETIC_GENERATOR_V1,SYNTHETIC
PA_008446,2025-02-08,GOPALPUR,4,17.7,76.7,LOW,SYNTHETIC_GENERATOR_V1,SYNTHETIC
PA_008447,2025-02-09,GOPALPUR,7,40.8,100.9,MEDIUM,SYNTHETIC_GENERATOR_V1,SYNTHETIC
PA_008448,2025-02-10,GOPALPUR,8,54.7,117.4,MEDIUM,SYNTHETIC_GENERATOR_V1,SYNTHETIC
PA_008449,2025-02-11,GOPALPUR,7,46.6,109.8,MEDIUM,SYNTHETIC_GENERATOR_V1,SYNTHETIC
PA_008450,2025-02-12,GOPALPUR,7,41.4,104.0,MEDIUM,SYNTHETIC_GENERATOR_V1,SYNTHETIC
PA_008451,2025-02-13,GOPALPUR,6,36.4,97.7,MEDIUM,SYNTHETIC_GENERATOR_V1,SYNTHETIC
PA_008452,2025-02-14,GOPALPUR,6,37.5,102.3,MEDIUM,SYNTHETIC_GENERATOR_V1,SYNTHETIC
PA_008453,2025-02-15,GOPALPUR,5,21.7,86.7,LOW,SYNTHETIC_GENERATOR_V1,SYNTHETIC
PA_008454,2025-02-16,GOPALPUR,3,8.5,75.4,LOW,SYNTHETIC_GENERATOR_V1,SYNTHETIC
PA_008455,2025-02-17,GOPALPUR,5,24.9,87.0,MEDIUM,SYNTHETIC_GENERATOR_V1,SYNTHETIC
PA_008456,2025-02-18,GOPALPUR,3,17.3,90.1,LOW,SYNTHETIC_GENERATOR_V1,SYNTHETIC
PA_008457,2025-02-19,GOPALPUR,5,23.4,94.3,LOW,SYNTHETIC_GENERATOR_V1,SYNTHETIC
PA_008458,2025-02-20,GOPALPUR,8,58.2,123.6,MEDIUM,SYNTHETIC_GENERATOR_V1,SYNTHETIC
PA_008459,2025-02-21,GOPALPUR,4,16.2,83.7,LOW,SYNTHETIC_GENERATOR_V1,SYNTHETIC
PA_008460,2025-02-22,GOPALPUR,5,22.5,87.4,LOW,SYNTHETIC_GENERATOR_V1,SYNTHETIC
PA_008461,2025-02-23,GOPALPUR,8,52.2,112.7,MEDIUM,SYNTHETIC_GENERATOR_V1,SYNTHETIC
PA_008462,2025-02-24,GOPALPUR,6,29.2,92.8,MEDIUM,SYNTHETIC_GENERATOR_V1,SYNTHETIC
PA_008463,2025-02-25,GOPALPUR,4,22.3,89.1,LOW,SYNTHETIC_GENERATOR_V1,SYNTHETIC
PA_008464,2025-02-26,GOPALPUR,3,11.9,81.1,LOW,SYNTHETIC_GENERATOR_V1,SYNTHETIC
PA_008465,2025-02-27,GOPALPUR,9,57.5,121.5,MEDIUM,SYNTHETIC_GENERATOR_V1,SYNTHETIC
PA_008466,2025-02-28,GOPALPUR,6,32.0,101.0,MEDIUM,SYNTHETIC_GENERATOR_V1,SYNTHETIC
PA_008467,2025-03-01,GOPALPUR,7,46.5,111.0,MEDIUM,SYNTHETIC_GENERATOR_V1,SYNTHETIC
PA_008468,2025-03-02,GOPALPUR,4,19.6,77.7,LOW,SYNTHETIC_GENERATOR_V1,SYNTHETIC
PA_008469,2025-03-03,GOPALPUR,6,31.9,94.0,MEDIUM,SYNTHETIC_GENERATOR_V1,SYNTHETIC
PA_008470,2025-03-04,GOPALPUR,5,22.9,92.6,LOW,SYNTHETIC_GENERATOR_V1,SYNTHETIC
PA_008471,2025-03-05,GOPALPUR,1,2.3,67.1,LOW,SYNTHETIC_GENERATOR_V1,SYNTHETIC
PA_008472,2025-03-06,GOPALPUR,5,29.0,97.4,MEDIUM,SYNTHETIC_GENERATOR_V1,SYNTHETIC
PA_008473,2025-03-07,GOPALPUR,4,17.0,82.2,LOW,SYNTHETIC_GENERATOR_V1,SYNTHETIC
PA_008474,2025-03-08,GOPALPUR,5,19.9,75.0,LOW,SYNTHETIC_GENERATOR_V1,SYNTHETIC
PA_008475,2025-03-09,GOPALPUR,6,36.3,100.4,MEDIUM,SYNTHETIC_GENERATOR_V1,SYNTHETIC
PA_008476,2025-03-10,GOPALPUR,6,38.9,101.3,MEDIUM,SYNTHETIC_GENERATOR_V1,SYNTHETIC
PA_008477,2025-03-11,GOPALPUR,4,18.4,79.1,LOW,SYNTHETIC_GENERATOR_V1,SYNTHETIC
PA_008478,2025-03-12,GOPALPUR,1,0.0,62.5,LOW,SYNTHETIC_GENERATOR_V1,SYNTHETIC
PA_008479,2025-03-13,GOPALPUR,2,11.7,73.8,LOW,SYNTHETIC_GENERATOR_V1,SYNTHETIC
PA_008480,2025-03-14,GOPALPUR,5,24.8,87.9,MEDIUM,SYNTHETIC_GENERATOR_V1,SYNTHETIC
PA_008481,2025-03-15,GOPALPUR,11,80.1,143.2,HIGH,SYNTHETIC_GENERATOR_V1,SYNTHETIC
PA_008482,2025-03-16,GOPALPUR,2,6.4,66.5,LOW,SYNTHETIC_GENERATOR_V1,SYNTHETIC
PA_008483,2025-03-17,GOPALPUR,6,37.9,100.9,MEDIUM,SYNTHETIC_GENERATOR_V1,SYNTHETIC
PA_008484,2025-03-18,GOPALPUR,2,7.0,63.7,LOW,SYNTHETIC_GENERATOR_V1,SYNTHETIC
PA_008485,2025-03-19,GOPALPUR,6,37.6,101.9,MEDIUM,SYNTHETIC_GENERATOR_V1,SYNTHETIC
PA_008486,2025-03-20,GOPALPUR,4,22.5,84.8,LOW,SYNTHETIC_GENERATOR_V1,SYNTHETIC
PA_008487,2025-03-21,GOPALPUR,3,13.0,76.4,LOW,SYNTHETIC_GENERATOR_V1,SYNTHETIC
PA_008488,2025-03-22,GOPALPUR,9,64.4,122.6,HIGH,SYNTHETIC_GENERATOR_V1,SYNTHETIC
PA_008489,2025-03-23,GOPALPUR,6,28.9,97.9,MEDIUM,SYNTHETIC_GENERATOR_V1,SYNTHETIC
PA_008490,2025-03-24,GOPALPUR,6,27.4,92.7,MEDIUM,SYNTHETIC_GENERATOR_V1,SYNTHETIC
PA_008491,2025-03-25,GOPALPUR,4,13.4,75.6,LOW,SYNTHETIC_GENERATOR_V1,SYNTHETIC
PA_008492,2025-03-26,GOPALPUR,3,9.3,76.2,LOW,SYNTHETIC_GENERATOR_V1,SYNTHETIC
PA_008493,2025-03-27,GOPALPUR,4,15.6,87.4,LOW,SYNTHETIC_GENERATOR_V1,SYNTHETIC
PA_008494,2025-03-28,GOPALPUR,4,19.0,83.7,LOW,SYNTHETIC_GENERATOR_V1,SYNTHETIC
PA_008495,2025-03-29,GOPALPUR,7,39.9,101.7,MEDIUM,SYNTHETIC_GENERATOR_V1,SYNTHETIC
PA_008496,2025-03-30,GOPALPUR,2,6.9,71.5,LOW,SYNTHETIC_GENERATOR_V1,SYNTHETIC
PA_008497,2025-03-31,GOPALPUR,3,17.8,81.8,LOW,SYNTHETIC_GENERATOR_V1,SYNTHETIC
PA_008498,2025-04-01,GOPALPUR,4,19.6,81.7,LOW,SYNTHETIC_GENERATOR_V1,SYNTHETIC
PA_008499,2025-04-02,GOPALPUR,7,38.6,101.7,MEDIUM,SYNTHETIC_GENERATOR_V1,SYNTHETIC
PA_008500,2025-04-03,GOPALPUR,5,25.2,89.1,MEDIUM,SYNTHETIC_GENERATOR_V1,SYNTHETIC
PA_008501,2025-04-04,GOPALPUR,4,23.1,77.1,LOW,SYNTHETIC_GENERATOR_V1,SYNTHETIC
PA_008502,2025-04-05,GOPALPUR,5,27.8,89.4,MEDIUM,SYNTHETIC_GENERATOR_V1,SYNTHETIC
PA_008503,2025-04-06,GOPALPUR,6,27.8,92.7,MEDIUM,SYNTHETIC_GENERATOR_V1,SYNTHETIC
PA_008504,2025-04-07,GOPALPUR,1,3.3,69.5,LOW,SYNTHETIC_GENERATOR_V1,SYNTHETIC
PA_008505,2025-04-08,GOPALPUR,3,15.9,84.9,LOW,SYNTHETIC_GENERATOR_V1,SYNTHETIC
PA_008506,2025-04-09,GOPALPUR,7,41.8,111.4,MEDIUM,SYNTHETIC_GENERATOR_V1,SYNTHETIC
PA_008507,2025-04-10,GOPALPUR,4,16.5,87.7,LOW,SYNTHETIC_GENERATOR_V1,SYNTHETIC
PA_008508,2025-04-11,GOPALPUR,4,20.3,84.4,LOW,SYNTHETIC_GENERATOR_V1,SYNTHETIC
PA_008509,2025-04-12,GOPALPUR,6,29.1,88.6,MEDIUM,SYNTHETIC_GENERATOR_V1,SYNTHETIC
PA_008510,2025-04-13,GOPALPUR,1,4.1,69.7,LOW,SYNTHETIC_GENERATOR_V1,SYNTHETIC
PA_008511,2025-04-14,GOPALPUR,5,16.6,82.2,LOW,SYNTHETIC_GENERATOR_V1,SYNTHETIC
PA_008512,2025-04-15,GOPALPUR,6,37.6,104.3,MEDIUM,SYNTHETIC_GENERATOR_V1,SYNTHETIC
PA_008513,2025-04-16,GOPALPUR,6,30.6,92.7,MEDIUM,SYNTHETIC_GENERATOR_V1,SYNTHETIC
PA_008514,2025-04-17,GOPALPUR,7,47.5,115.5,MEDIUM,SYNTHETIC_GENERATOR_V1,SYNTHETIC
PA_008515,2025-04-18,GOPALPUR,5,26.6,91.3,MEDIUM,SYNTHETIC_GENERATOR_V1,SYNTHETIC
PA_008516,2025-04-19,GOPALPUR,3,9.6,74.7,LOW,SYNTHETIC_GENERATOR_V1,SYNTHETIC
PA_008517,2025-04-20,GOPALPUR,4,19.7,83.1,LOW,SYNTHETIC_GENERATOR_V1,SYNTHETIC
PA_008518,2025-04-21,GOPALPUR,3,12.8,71.8,LOW,SYNTHETIC_GENERATOR_V1,SYNTHETIC
PA_008519,2025-04-22,GOPALPUR,4,20.1,76.8,LOW,SYNTHETIC_GENERATOR_V1,SYNTHETIC
PA_008520,2025-04-23,GOPALPUR,3,12.4,81.7,LOW,SYNTHETIC_GENERATOR_V1,SYNTHETIC
PA_008521,2025-04-24,GOPALPUR,4,18.0,81.5,LOW,SYNTHETIC_GENERATOR_V1,SYNTHETIC
PA_008522,2025-04-25,GOPALPUR,4,21.1,87.7,LOW,SYNTHETIC_GENERATOR_V1,SYNTHETIC
PA_008523,2025-04-26,GOPALPUR,3,9.5,78.0,LOW,SYNTHETIC_GENERATOR_V1,SYNTHETIC
PA_008524,2025-04-27,GOPALPUR,6,33.2,94.4,MEDIUM,SYNTHETIC_GENERATOR_V1,SYNTHETIC
PA_008525,2025-04-28,GOPALPUR,6,33.6,95.9,MEDIUM,SYNTHETIC_GENERATOR_V1,SYNTHETIC
PA_008526,2025-04-29,GOPALPUR,3,13.6,79.6,LOW,SYNTHETIC_GENERATOR_V1,SYNTHETIC
PA_008527,2025-04-30,GOPALPUR,6,32.1,96.9,MEDIUM,SYNTHETIC_GENERATOR_V1,SYNTHETIC
PA_008528,2025-05-01,GOPALPUR,7,41.3,106.3,MEDIUM,SYNTHETIC_GENERATOR_V1,SYNTHETIC
PA_008529,2025-05-02,GOPALPUR,4,22.0,82.7,LOW,SYNTHETIC_GENERATOR_V1,SYNTHETIC
PA_008530,2025-05-03,GOPALPUR,4,19.2,82.0,LOW,SYNTHETIC_GENERATOR_V1,SYNTHETIC
PA_008531,2025-05-04,GOPALPUR,6,31.7,93.6,MEDIUM,SYNTHETIC_GENERATOR_V1,SYNTHETIC
PA_008532,2025-05-05,GOPALPUR,8,53.1,120.9,MEDIUM,SYNTHETIC_GENERATOR_V1,SYNTHETIC
PA_008533,2025-05-06,GOPALPUR,7,47.4,117.2,MEDIUM,SYNTHETIC_GENERATOR_V1,SYNTHETIC
PA_008534,2025-05-07,GOPALPUR,6,38.5,111.7,MEDIUM,SYNTHETIC_GENERATOR_V1,SYNTHETIC
PA_008535,2025-05-08,GOPALPUR,6,36.4,104.1,MEDIUM,SYNTHETIC_GENERATOR_V1,SYNTHETIC
PA_008536,2025-05-09,GOPALPUR,6,30.4,93.6,MEDIUM,SYNTHETIC_GENERATOR_V1,SYNTHETIC
PA_008537,2025-05-10,GOPALPUR,1,0.8,68.3,LOW,SYNTHETIC_GENERATOR_V1,SYNTHETIC
PA_008538,2025-05-11,GOPALPUR,4,13.3,70.2,LOW,SYNTHETIC_GENERATOR_V1,SYNTHETIC
PA_008539,2025-05-12,GOPALPUR,1,1.6,68.2,LOW,SYNTHETIC_GENERATOR_V1,SYNTHETIC
PA_008540,2025-05-13,GOPALPUR,5,19.6,89.6,LOW,SYNTHETIC_GENERATOR_V1,SYNTHETIC
PA_008541,2025-05-14,GOPALPUR,4,18.9,83.1,LOW,SYNTHETIC_GENERATOR_V1,SYNTHETIC
PA_008542,2025-05-15,GOPALPUR,6,32.6,99.8,MEDIUM,SYNTHETIC_GENERATOR_V1,SYNTHETIC
PA_008543,2025-05-16,GOPALPUR,3,12.0,74.3,LOW,SYNTHETIC_GENERATOR_V1,SYNTHETIC
PA_008544,2025-05-17,GOPALPUR,5,22.4,89.8,LOW,SYNTHETIC_GENERATOR_V1,SYNTHETIC
PA_008545,2025-05-18,GOPALPUR,8,48.4,113.9,MEDIUM,SYNTHETIC_GENERATOR_V1,SYNTHETIC
PA_008546,2025-05-19,GOPALPUR,7,45.9,112.4,MEDIUM,SYNTHETIC_GENERATOR_V1,SYNTHETIC
PA_008547,2025-05-20,GOPALPUR,4,20.8,85.1,LOW,SYNTHETIC_GENERATOR_V1,SYNTHETIC
PA_008548,2025-05-21,GOPALPUR,2,6.0,70.5,LOW,SYNTHETIC_GENERATOR_V1,SYNTHETIC
PA_008549,2025-05-22,GOPALPUR,5,23.9,88.8,LOW,SYNTHETIC_GENERATOR_V1,SYNTHETIC
PA_008550,2025-05-23,GOPALPUR,9,62.5,131.1,HIGH,SYNTHETIC_GENERATOR_V1,SYNTHETIC
PA_008551,2025-05-24,GOPALPUR,6,34.6,92.2,MEDIUM,SYNTHETIC_GENERATOR_V1,SYNTHETIC
PA_008552,2025-05-25,GOPALPUR,6,36.2,99.1,MEDIUM,SYNTHETIC_GENERATOR_V1,SYNTHETIC
PA_008553,2025-05-26,GOPALPUR,4,16.7,81.3,LOW,SYNTHETIC_GENERATOR_V1,SYNTHETIC
PA_008554,2025-05-27,GOPALPUR,3,15.0,76.6,LOW,SYNTHETIC_GENERATOR_V1,SYNTHETIC
PA_008555,2025-05-28,GOPALPUR,5,29.6,93.2,MEDIUM,SYNTHETIC_GENERATOR_V1,SYNTHETIC
PA_008556,2025-05-29,GOPALPUR,5,24.8,91.3,MEDIUM,SYNTHETIC_GENERATOR_V1,SYNTHETIC
PA_008557,2025-05-30,GOPALPUR,3,8.1,73.5,LOW,SYNTHETIC_GENERATOR_V1,SYNTHETIC
PA_008558,2025-05-31,GOPALPUR,4,15.6,78.4,LOW,SYNTHETIC_GENERATOR_V1,SYNTHETIC
PA_008559,2025-06-01,GOPALPUR,5,25.2,98.7,MEDIUM,SYNTHETIC_GENERATOR_V1,SYNTHETIC
PA_008560,2025-06-02,GOPALPUR,3,18.3,82.6,LOW,SYNTHETIC_GENERATOR_V1,SYNTHETIC
PA_008561,2025-06-03,GOPALPUR,9,65.5,129.3,HIGH,SYNTHETIC_GENERATOR_V1,SYNTHETIC
PA_008562,2025-06-04,GOPALPUR,5,22.0,89.1,LOW,SYNTHETIC_GENERATOR_V1,SYNTHETIC
PA_008563,2025-06-05,GOPALPUR,1,1.7,63.4,LOW,SYNTHETIC_GENERATOR_V1,SYNTHETIC
PA_008564,2025-06-06,GOPALPUR,5,27.8,89.5,MEDIUM,SYNTHETIC_GENERATOR_V1,SYNTHETIC
PA_008565,2025-06-07,GOPALPUR,7,46.0,99.7,MEDIUM,SYNTHETIC_GENERATOR_V1,SYNTHETIC
PA_008566,2025-06-08,GOPALPUR,5,26.5,90.0,MEDIUM,SYNTHETIC_GENERATOR_V1,SYNTHETIC
PA_008567,2025-06-09,GOPALPUR,8,47.7,108.5,MEDIUM,SYNTHETIC_GENERATOR_V1,SYNTHETIC
PA_008568,2025-06-10,GOPALPUR,5,29.5,95.5,MEDIUM,SYNTHETIC_GENERATOR_V1,SYNTHETIC
PA_008569,2025-06-11,GOPALPUR,8,48.8,118.2,MEDIUM,SYNTHETIC_GENERATOR_V1,SYNTHETIC
PA_008570,2025-06-12,GOPALPUR,6,32.5,98.2,MEDIUM,SYNTHETIC_GENERATOR_V1,SYNTHETIC
PA_008571,2025-06-13,GOPALPUR,7,41.4,107.1,MEDIUM,SYNTHETIC_GENERATOR_V1,SYNTHETIC
PA_008572,2025-06-14,GOPALPUR,2,7.0,65.7,LOW,SYNTHETIC_GENERATOR_V1,SYNTHETIC
PA_008573,2025-06-15,GOPALPUR,2,7.1,69.6,LOW,SYNTHETIC_GENERATOR_V1,SYNTHETIC
PA_008574,2025-06-16,GOPALPUR,4,15.9,94.0,LOW,SYNTHETIC_GENERATOR_V1,SYNTHETIC
PA_008575,2025-06-17,GOPALPUR,8,50.5,119.6,MEDIUM,SYNTHETIC_GENERATOR_V1,SYNTHETIC
PA_008576,2025-06-18,GOPALPUR,4,23.8,87.0,LOW,SYNTHETIC_GENERATOR_V1,SYNTHETIC
PA_008577,2025-06-19,GOPALPUR,5,27.9,90.3,MEDIUM,SYNTHETIC_GENERATOR_V1,SYNTHETIC
PA_008578,2025-06-20,GOPALPUR,7,42.7,108.0,MEDIUM,SYNTHETIC_GENERATOR_V1,SYNTHETIC
PA_008579,2025-06-21,GOPALPUR,3,10.3,74.0,LOW,SYNTHETIC_GENERATOR_V1,SYNTHETIC
PA_008580,2025-06-22,GOPALPUR,0,1.8,64.0,LOW,SYNTHETIC_GENERATOR_V1,SYNTHETIC
PA_008581,2025-06-23,GOPALPUR,5,25.1,85.2,MEDIUM,SYNTHETIC_GENERATOR_V1,SYNTHETIC
PA_008582,2025-06-24,GOPALPUR,6,40.3,112.9,MEDIUM,SYNTHETIC_GENERATOR_V1,SYNTHETIC
PA_008583,2025-06-25,GOPALPUR,2,5.6,72.8,LOW,SYNTHETIC_GENERATOR_V1,SYNTHETIC
PA_008584,2025-06-26,GOPALPUR,5,17.9,83.8,LOW,SYNTHETIC_GENERATOR_V1,SYNTHETIC
PA_008585,2025-06-27,GOPALPUR,6,33.1,92.7,MEDIUM,SYNTHETIC_GENERATOR_V1,SYNTHETIC
PA_008586,2025-06-28,GOPALPUR,3,9.2,69.5,LOW,SYNTHETIC_GENERATOR_V1,SYNTHETIC
PA_008587,2025-06-29,GOPALPUR,3,18.3,83.9,LOW,SYNTHETIC_GENERATOR_V1,SYNTHETIC
PA_008588,2025-06-30,GOPALPUR,8,57.6,120.3,MEDIUM,SYNTHETIC_GENERATOR_V1,SYNTHETIC
PA_008589,2025-07-01,GOPALPUR,5,24.0,89.2,MEDIUM,SYNTHETIC_GENERATOR_V1,SYNTHETIC
PA_008590,2025-07-02,GOPALPUR,4,17.3,87.2,LOW,SYNTHETIC_GENERATOR_V1,SYNTHETIC
PA_008591,2025-07-03,GOPALPUR,7,43.8,109.0,MEDIUM,SYNTHETIC_GENERATOR_V1,SYNTHETIC
PA_008592,2025-07-04,GOPALPUR,7,36.4,93.3,MEDIUM,SYNTHETIC_GENERATOR_V1,SYNTHETIC
PA_008593,2025-07-05,GOPALPUR,4,22.9,92.8,LOW,SYNTHETIC_GENERATOR_V1,SYNTHETIC
PA_008594,2025-07-06,GOPALPUR,7,44.1,102.6,MEDIUM,SYNTHETIC_GENERATOR_V1,SYNTHETIC
PA_008595,2025-07-07,GOPALPUR,3,18.4,78.2,LOW,SYNTHETIC_GENERATOR_V1,SYNTHETIC
PA_008596,2025-07-08,GOPALPUR,2,10.8,73.8,LOW,SYNTHETIC_GENERATOR_V1,SYNTHETIC
PA_008597,2025-07-09,GOPALPUR,4,16.4,87.9,LOW,SYNTHETIC_GENERATOR_V1,SYNTHETIC
PA_008598,2025-07-10,GOPALPUR,10,78.6,146.4,HIGH,SYNTHETIC_GENERATOR_V1,SYNTHETIC
PA_008599,2025-07-11,GOPALPUR,2,5.0,66.2,LOW,SYNTHETIC_GENERATOR_V1,SYNTHETIC
PA_008600,2025-07-12,GOPALPUR,10,73.8,143.2,HIGH,SYNTHETIC_GENERATOR_V1,SYNTHETIC
PA_008601,2025-07-13,GOPALPUR,9,59.9,127.4,MEDIUM,SYNTHETIC_GENERATOR_V1,SYNTHETIC
PA_008602,2025-07-14,GOPALPUR,2,7.6,66.1,LOW,SYNTHETIC_GENERATOR_V1,SYNTHETIC
PA_008603,2025-07-15,GOPALPUR,4,19.2,83.7,LOW,SYNTHETIC_GENERATOR_V1,SYNTHETIC
PA_008604,2025-07-16,GOPALPUR,5,26.7,92.0,MEDIUM,SYNTHETIC_GENERATOR_V1,SYNTHETIC
PA_008605,2025-07-17,GOPALPUR,3,12.3,74.9,LOW,SYNTHETIC_GENERATOR_V1,SYNTHETIC
PA_008606,2025-07-18,GOPALPUR,9,67.1,132.8,HIGH,SYNTHETIC_GENERATOR_V1,SYNTHETIC
PA_008607,2025-07-19,GOPALPUR,7,42.6,108.4,MEDIUM,SYNTHETIC_GENERATOR_V1,SYNTHETIC
PA_008608,2025-07-20,GOPALPUR,4,15.7,80.5,LOW,SYNTHETIC_GENERATOR_V1,SYNTHETIC
PA_008609,2025-07-21,GOPALPUR,8,48.6,108.8,MEDIUM,SYNTHETIC_GENERATOR_V1,SYNTHETIC
PA_008610,2025-07-22,GOPALPUR,5,25.2,78.8,MEDIUM,SYNTHETIC_GENERATOR_V1,SYNTHETIC
PA_008611,2025-07-23,GOPALPUR,8,64.5,139.5,HIGH,SYNTHETIC_GENERATOR_V1,SYNTHETIC
PA_008612,2025-07-24,GOPALPUR,7,47.9,108.7,MEDIUM,SYNTHETIC_GENERATOR_V1,SYNTHETIC
PA_008613,2025-07-25,GOPALPUR,4,23.6,81.4,LOW,SYNTHETIC_GENERATOR_V1,SYNTHETIC
PA_008614,2025-07-26,GOPALPUR,3,9.9,72.6,LOW,SYNTHETIC_GENERATOR_V1,SYNTHETIC
PA_008615,2025-07-27,GOPALPUR,5,25.8,83.0,MEDIUM,SYNTHETIC_GENERATOR_V1,SYNTHETIC
PA_008616,2025-07-28,GOPALPUR,10,73.7,145.4,HIGH,SYNTHETIC_GENERATOR_V1,SYNTHETIC
PA_008617,2025-07-29,GOPALPUR,8,51.8,114.7,MEDIUM,SYNTHETIC_GENERATOR_V1,SYNTHETIC
PA_008618,2025-07-30,GOPALPUR,4,19.1,89.4,LOW,SYNTHETIC_GENERATOR_V1,SYNTHETIC
PA_008619,2025-07-31,GOPALPUR,4,16.2,80.8,LOW,SYNTHETIC_GENERATOR_V1,SYNTHETIC
PA_008620,2025-08-01,GOPALPUR,7,49.4,109.5,MEDIUM,SYNTHETIC_GENERATOR_V1,SYNTHETIC
PA_008621,2025-08-02,GOPALPUR,4,20.1,88.3,LOW,SYNTHETIC_GENERATOR_V1,SYNTHETIC
PA_008622,2025-08-03,GOPALPUR,5,28.7,87.3,MEDIUM,SYNTHETIC_GENERATOR_V1,SYNTHETIC
PA_008623,2025-08-04,GOPALPUR,2,4.2,71.0,LOW,SYNTHETIC_GENERATOR_V1,SYNTHETIC
PA_008624,2025-08-05,GOPALPUR,5,21.0,90.9,LOW,SYNTHETIC_GENERATOR_V1,SYNTHETIC
PA_008625,2025-08-06,GOPALPUR,6,34.5,91.9,MEDIUM,SYNTHETIC_GENERATOR_V1,SYNTHETIC
PA_008626,2025-08-07,GOPALPUR,5,28.6,93.8,MEDIUM,SYNTHETIC_GENERATOR_V1,SYNTHETIC
PA_008627,2025-08-08,GOPALPUR,1,4.9,68.4,LOW,SYNTHETIC_GENERATOR_V1,SYNTHETIC
PA_008628,2025-08-09,GOPALPUR,4,16.9,83.9,LOW,SYNTHETIC_GENERATOR_V1,SYNTHETIC
PA_008629,2025-08-10,GOPALPUR,8,52.1,117.1,MEDIUM,SYNTHETIC_GENERATOR_V1,SYNTHETIC
PA_008630,2025-08-11,GOPALPUR,9,59.5,122.3,MEDIUM,SYNTHETIC_GENERATOR_V1,SYNTHETIC
PA_008631,2025-08-12,GOPALPUR,6,32.2,96.6,MEDIUM,SYNTHETIC_GENERATOR_V1,SYNTHETIC
PA_008632,2025-08-13,GOPALPUR,5,30.0,91.4,MEDIUM,SYNTHETIC_GENERATOR_V1,SYNTHETIC
PA_008633,2025-08-14,GOPALPUR,4,23.8,88.6,LOW,SYNTHETIC_GENERATOR_V1,SYNTHETIC
PA_008634,2025-08-15,GOPALPUR,5,25.5,90.0,MEDIUM,SYNTHETIC_GENERATOR_V1,SYNTHETIC
PA_008635,2025-08-16,GOPALPUR,4,13.4,80.8,LOW,SYNTHETIC_GENERATOR_V1,SYNTHETIC
PA_008636,2025-08-17,GOPALPUR,8,60.9,125.8,HIGH,SYNTHETIC_GENERATOR_V1,SYNTHETIC
PA_008637,2025-08-18,GOPALPUR,10,74.1,139.4,HIGH,SYNTHETIC_GENERATOR_V1,SYNTHETIC
PA_008638,2025-08-19,GOPALPUR,5,26.1,86.4,MEDIUM,SYNTHETIC_GENERATOR_V1,SYNTHETIC
PA_008639,2025-08-20,GOPALPUR,8,55.1,120.7,MEDIUM,SYNTHETIC_GENERATOR_V1,SYNTHETIC
PA_008640,2025-08-21,GOPALPUR,3,14.1,82.8,LOW,SYNTHETIC_GENERATOR_V1,SYNTHETIC
PA_008641,2025-08-22,GOPALPUR,4,12.9,77.1,LOW,SYNTHETIC_GENERATOR_V1,SYNTHETIC
PA_008642,2025-08-23,GOPALPUR,4,19.6,84.0,LOW,SYNTHETIC_GENERATOR_V1,SYNTHETIC
PA_008643,2025-08-24,GOPALPUR,4,24.3,87.3,MEDIUM,SYNTHETIC_GENERATOR_V1,SYNTHETIC
PA_008644,2025-08-25,GOPALPUR,5,27.9,84.7,MEDIUM,SYNTHETIC_GENERATOR_V1,SYNTHETIC
PA_008645,2025-08-26,GOPALPUR,4,19.8,87.9,LOW,SYNTHETIC_GENERATOR_V1,SYNTHETIC
PA_008646,2025-08-27,GOPALPUR,3,13.4,72.0,LOW,SYNTHETIC_GENERATOR_V1,SYNTHETIC
PA_008647,2025-08-28,GOPALPUR,7,43.5,104.1,MEDIUM,SYNTHETIC_GENERATOR_V1,SYNTHETIC
PA_008648,2025-08-29,GOPALPUR,7,40.0,105.8,MEDIUM,SYNTHETIC_GENERATOR_V1,SYNTHETIC
PA_008649,2025-08-30,GOPALPUR,3,18.5,85.2,LOW,SYNTHETIC_GENERATOR_V1,SYNTHETIC
PA_008650,2025-08-31,GOPALPUR,2,9.9,71.5,LOW,SYNTHETIC_GENERATOR_V1,SYNTHETIC
PA_008651,2025-09-01,GOPALPUR,7,45.1,105.7,MEDIUM,SYNTHETIC_GENERATOR_V1,SYNTHETIC
PA_008652,2025-09-02,GOPALPUR,2,9.5,64.6,LOW,SYNTHETIC_GENERATOR_V1,SYNTHETIC
PA_008653,2025-09-03,GOPALPUR,3,7.0,73.6,LOW,SYNTHETIC_GENERATOR_V1,SYNTHETIC
PA_008654,2025-09-04,GOPALPUR,7,40.6,102.1,MEDIUM,SYNTHETIC_GENERATOR_V1,SYNTHETIC
PA_008655,2025-09-05,GOPALPUR,7,45.4,107.2,MEDIUM,SYNTHETIC_GENERATOR_V1,SYNTHETIC
PA_008656,2025-09-06,GOPALPUR,7,47.7,113.2,MEDIUM,SYNTHETIC_GENERATOR_V1,SYNTHETIC
PA_008657,2025-09-07,GOPALPUR,7,46.0,107.5,MEDIUM,SYNTHETIC_GENERATOR_V1,SYNTHETIC
PA_008658,2025-09-08,GOPALPUR,5,28.6,82.7,MEDIUM,SYNTHETIC_GENERATOR_V1,SYNTHETIC
PA_008659,2025-09-09,GOPALPUR,7,37.1,103.3,MEDIUM,SYNTHETIC_GENERATOR_V1,SYNTHETIC
PA_008660,2025-09-10,GOPALPUR,5,31.4,99.9,MEDIUM,SYNTHETIC_GENERATOR_V1,SYNTHETIC
PA_008661,2025-09-11,GOPALPUR,4,20.0,81.0,LOW,SYNTHETIC_GENERATOR_V1,SYNTHETIC
PA_008662,2025-09-12,GOPALPUR,6,31.3,91.8,MEDIUM,SYNTHETIC_GENERATOR_V1,SYNTHETIC
PA_008663,2025-09-13,GOPALPUR,6,31.6,102.2,MEDIUM,SYNTHETIC_GENERATOR_V1,SYNTHETIC
PA_008664,2025-09-14,GOPALPUR,5,28.6,95.8,MEDIUM,SYNTHETIC_GENERATOR_V1,SYNTHETIC
PA_008665,2025-09-15,GOPALPUR,7,45.9,107.8,MEDIUM,SYNTHETIC_GENERATOR_V1,SYNTHETIC
PA_008666,2025-09-16,GOPALPUR,4,16.2,89.3,LOW,SYNTHETIC_GENERATOR_V1,SYNTHETIC
PA_008667,2025-09-17,GOPALPUR,3,13.5,80.9,LOW,SYNTHETIC_GENERATOR_V1,SYNTHETIC
PA_008668,2025-09-18,GOPALPUR,6,36.4,95.7,MEDIUM,SYNTHETIC_GENERATOR_V1,SYNTHETIC
PA_008669,2025-09-19,GOPALPUR,4,18.6,82.1,LOW,SYNTHETIC_GENERATOR_V1,SYNTHETIC
PA_008670,2025-09-20,GOPALPUR,9,61.2,126.2,HIGH,SYNTHETIC_GENERATOR_V1,SYNTHETIC
PA_008671,2025-09-21,GOPALPUR,3,16.2,81.8,LOW,SYNTHETIC_GENERATOR_V1,SYNTHETIC
PA_008672,2025-09-22,GOPALPUR,10,72.9,144.9,HIGH,SYNTHETIC_GENERATOR_V1,SYNTHETIC
PA_008673,2025-09-23,GOPALPUR,4,19.9,85.2,LOW,SYNTHETIC_GENERATOR_V1,SYNTHETIC
PA_008674,2025-09-24,GOPALPUR,5,28.3,89.0,MEDIUM,SYNTHETIC_GENERATOR_V1,SYNTHETIC
PA_008675,2025-09-25,GOPALPUR,1,0.0,61.9,LOW,SYNTHETIC_GENERATOR_V1,SYNTHETIC
PA_008676,2025-09-26,GOPALPUR,6,29.1,89.2,MEDIUM,SYNTHETIC_GENERATOR_V1,SYNTHETIC
PA_008677,2025-09-27,GOPALPUR,3,7.9,73.4,LOW,SYNTHETIC_GENERATOR_V1,SYNTHETIC
PA_008678,2025-09-28,GOPALPUR,3,18.5,87.4,LOW,SYNTHETIC_GENERATOR_V1,SYNTHETIC
PA_008679,2025-09-29,GOPALPUR,3,11.8,77.7,LOW,SYNTHETIC_GENERATOR_V1,SYNTHETIC
PA_008680,2025-09-30,GOPALPUR,6,35.5,98.4,MEDIUM,SYNTHETIC_GENERATOR_V1,SYNTHETIC
PA_008681,2025-10-01,GOPALPUR,3,9.0,68.6,LOW,SYNTHETIC_GENERATOR_V1,SYNTHETIC
PA_008682,2025-10-02,GOPALPUR,8,47.3,104.8,MEDIUM,SYNTHETIC_GENERATOR_V1,SYNTHETIC
PA_008683,2025-10-03,GOPALPUR,9,63.1,130.8,HIGH,SYNTHETIC_GENERATOR_V1,SYNTHETIC
PA_008684,2025-10-04,GOPALPUR,6,40.2,105.0,MEDIUM,SYNTHETIC_GENERATOR_V1,SYNTHETIC
PA_008685,2025-10-05,GOPALPUR,7,45.1,109.4,MEDIUM,SYNTHETIC_GENERATOR_V1,SYNTHETIC
PA_008686,2025-10-06,GOPALPUR,5,22.1,85.8,LOW,SYNTHETIC_GENERATOR_V1,SYNTHETIC
PA_008687,2025-10-07,GOPALPUR,5,23.9,80.8,LOW,SYNTHETIC_GENERATOR_V1,SYNTHETIC
PA_008688,2025-10-08,GOPALPUR,1,8.1,75.0,LOW,SYNTHETIC_GENERATOR_V1,SYNTHETIC
PA_008689,2025-10-09,GOPALPUR,6,27.8,87.2,MEDIUM,SYNTHETIC_GENERATOR_V1,SYNTHETIC
PA_008690,2025-10-10,GOPALPUR,7,39.3,104.5,MEDIUM,SYNTHETIC_GENERATOR_V1,SYNTHETIC
PA_008691,2025-10-11,GOPALPUR,2,13.4,74.8,LOW,SYNTHETIC_GENERATOR_V1,SYNTHETIC
PA_008692,2025-10-12,GOPALPUR,7,39.9,96.4,MEDIUM,SYNTHETIC_GENERATOR_V1,SYNTHETIC
PA_008693,2025-10-13,GOPALPUR,4,19.2,85.4,LOW,SYNTHETIC_GENERATOR_V1,SYNTHETIC
PA_008694,2025-10-14,GOPALPUR,3,16.8,81.7,LOW,SYNTHETIC_GENERATOR_V1,SYNTHETIC
PA_008695,2025-10-15,GOPALPUR,7,42.6,106.3,MEDIUM,SYNTHETIC_GENERATOR_V1,SYNTHETIC
PA_008696,2025-10-16,GOPALPUR,5,22.9,89.7,LOW,SYNTHETIC_GENERATOR_V1,SYNTHETIC
PA_008697,2025-10-17,GOPALPUR,7,42.5,106.9,MEDIUM,SYNTHETIC_GENERATOR_V1,SYNTHETIC
PA_008698,2025-10-18,GOPALPUR,6,33.5,94.5,MEDIUM,SYNTHETIC_GENERATOR_V1,SYNTHETIC
PA_008699,2025-10-19,GOPALPUR,7,40.6,104.6,MEDIUM,SYNTHETIC_GENERATOR_V1,SYNTHETIC
PA_008700,2025-10-20,GOPALPUR,7,43.4,112.9,MEDIUM,SYNTHETIC_GENERATOR_V1,SYNTHETIC
PA_008701,2025-10-21,GOPALPUR,7,43.6,99.9,MEDIUM,SYNTHETIC_GENERATOR_V1,SYNTHETIC
PA_008702,2025-10-22,GOPALPUR,2,9.1,75.2,LOW,SYNTHETIC_GENERATOR_V1,SYNTHETIC
PA_008703,2025-10-23,GOPALPUR,2,5.0,73.9,LOW,SYNTHETIC_GENERATOR_V1,SYNTHETIC
PA_008704,2025-10-24,GOPALPUR,7,45.5,111.9,MEDIUM,SYNTHETIC_GENERATOR_V1,SYNTHETIC
PA_008705,2025-10-25,GOPALPUR,3,16.1,77.4,LOW,SYNTHETIC_GENERATOR_V1,SYNTHETIC
PA_008706,2025-10-26,GOPALPUR,4,21.7,81.3,LOW,SYNTHETIC_GENERATOR_V1,SYNTHETIC
PA_008707,2025-10-27,GOPALPUR,4,23.5,80.4,LOW,SYNTHETIC_GENERATOR_V1,SYNTHETIC
PA_008708,2025-10-28,GOPALPUR,2,0.0,62.4,LOW,SYNTHETIC_GENERATOR_V1,SYNTHETIC
PA_008709,2025-10-29,GOPALPUR,6,33.6,103.4,MEDIUM,SYNTHETIC_GENERATOR_V1,SYNTHETIC
PA_008710,2025-10-30,GOPALPUR,7,37.6,102.1,MEDIUM,SYNTHETIC_GENERATOR_V1,SYNTHETIC
PA_008711,2025-10-31,GOPALPUR,4,20.9,88.3,LOW,SYNTHETIC_GENERATOR_V1,SYNTHETIC
PA_008712,2025-11-01,GOPALPUR,4,10.8,77.9,LOW,SYNTHETIC_GENERATOR_V1,SYNTHETIC
PA_008713,2025-11-02,GOPALPUR,8,50.0,117.8,MEDIUM,SYNTHETIC_GENERATOR_V1,SYNTHETIC
PA_008714,2025-11-03,GOPALPUR,6,33.1,94.2,MEDIUM,SYNTHETIC_GENERATOR_V1,SYNTHETIC
PA_008715,2025-11-04,GOPALPUR,3,14.0,79.9,LOW,SYNTHETIC_GENERATOR_V1,SYNTHETIC
PA_008716,2025-11-05,GOPALPUR,5,28.2,87.0,MEDIUM,SYNTHETIC_GENERATOR_V1,SYNTHETIC
PA_008717,2025-11-06,GOPALPUR,4,15.2,76.8,LOW,SYNTHETIC_GENERATOR_V1,SYNTHETIC
PA_008718,2025-11-07,GOPALPUR,6,37.0,103.4,MEDIUM,SYNTHETIC_GENERATOR_V1,SYNTHETIC
PA_008719,2025-11-08,GOPALPUR,2,7.7,75.6,LOW,SYNTHETIC_GENERATOR_V1,SYNTHETIC
PA_008720,2025-11-09,GOPALPUR,7,43.3,105.1,MEDIUM,SYNTHETIC_GENERATOR_V1,SYNTHETIC
PA_008721,2025-11-10,GOPALPUR,6,32.9,99.4,MEDIUM,SYNTHETIC_GENERATOR_V1,SYNTHETIC
PA_008722,2025-11-11,GOPALPUR,7,44.4,108.1,MEDIUM,SYNTHETIC_GENERATOR_V1,SYNTHETIC
PA_008723,2025-11-12,GOPALPUR,1,2.0,70.1,LOW,SYNTHETIC_GENERATOR_V1,SYNTHETIC
PA_008724,2025-11-13,GOPALPUR,3,12.1,79.6,LOW,SYNTHETIC_GENERATOR_V1,SYNTHETIC
PA_008725,2025-11-14,GOPALPUR,2,3.2,76.4,LOW,SYNTHETIC_GENERATOR_V1,SYNTHETIC
PA_008726,2025-11-15,GOPALPUR,4,15.6,78.3,LOW,SYNTHETIC_GENERATOR_V1,SYNTHETIC
PA_008727,2025-11-16,GOPALPUR,8,57.0,118.4,MEDIUM,SYNTHETIC_GENERATOR_V1,SYNTHETIC
PA_008728,2025-11-17,GOPALPUR,6,35.5,103.2,MEDIUM,SYNTHETIC_GENERATOR_V1,SYNTHETIC
PA_008729,2025-11-18,GOPALPUR,3,15.1,78.5,LOW,SYNTHETIC_GENERATOR_V1,SYNTHETIC
PA_008730,2025-11-19,GOPALPUR,3,10.8,74.7,LOW,SYNTHETIC_GENERATOR_V1,SYNTHETIC
PA_008731,2025-11-20,GOPALPUR,1,1.6,64.1,LOW,SYNTHETIC_GENERATOR_V1,SYNTHETIC
PA_008732,2025-11-21,GOPALPUR,8,53.0,112.9,MEDIUM,SYNTHETIC_GENERATOR_V1,SYNTHETIC
PA_008733,2025-11-22,GOPALPUR,6,25.6,95.7,MEDIUM,SYNTHETIC_GENERATOR_V1,SYNTHETIC
PA_008734,2025-11-23,GOPALPUR,9,59.7,127.1,MEDIUM,SYNTHETIC_GENERATOR_V1,SYNTHETIC
PA_008735,2025-11-24,GOPALPUR,6,33.6,95.0,MEDIUM,SYNTHETIC_GENERATOR_V1,SYNTHETIC
PA_008736,2025-11-25,GOPALPUR,6,32.3,100.8,MEDIUM,SYNTHETIC_GENERATOR_V1,SYNTHETIC
PA_008737,2025-11-26,GOPALPUR,5,25.4,91.2,MEDIUM,SYNTHETIC_GENERATOR_V1,SYNTHETIC
PA_008738,2025-11-27,GOPALPUR,4,22.1,84.6,LOW,SYNTHETIC_GENERATOR_V1,SYNTHETIC
PA_008739,2025-11-28,GOPALPUR,5,28.0,87.1,MEDIUM,SYNTHETIC_GENERATOR_V1,SYNTHETIC
PA_008740,2025-11-29,GOPALPUR,11,84.4,145.0,HIGH,SYNTHETIC_GENERATOR_V1,SYNTHETIC
PA_008741,2025-11-30,GOPALPUR,6,36.8,104.7,MEDIUM,SYNTHETIC_GENERATOR_V1,SYNTHETIC
PA_008742,2025-12-01,GOPALPUR,1,6.7,69.4,LOW,SYNTHETIC_GENERATOR_V1,SYNTHETIC
PA_008743,2025-12-02,GOPALPUR,8,53.3,121.1,MEDIUM,SYNTHETIC_GENERATOR_V1,SYNTHETIC
PA_008744,2025-12-03,GOPALPUR,3,6.1,72.4,LOW,SYNTHETIC_GENERATOR_V1,SYNTHETIC
PA_008745,2025-12-04,GOPALPUR,6,29.0,96.6,MEDIUM,SYNTHETIC_GENERATOR_V1,SYNTHETIC
PA_008746,2025-12-05,GOPALPUR,5,23.0,80.8,LOW,SYNTHETIC_GENERATOR_V1,SYNTHETIC
PA_008747,2025-12-06,GOPALPUR,5,27.7,91.7,MEDIUM,SYNTHETIC_GENERATOR_V1,SYNTHETIC
PA_008748,2025-12-07,GOPALPUR,0,2.1,62.5,LOW,SYNTHETIC_GENERATOR_V1,SYNTHETIC
PA_008749,2025-12-08,GOPALPUR,4,22.1,84.7,LOW,SYNTHETIC_GENERATOR_V1,SYNTHETIC
PA_008750,2025-12-09,GOPALPUR,6,36.2,102.1,MEDIUM,SYNTHETIC_GENERATOR_V1,SYNTHETIC
PA_008751,2025-12-10,GOPALPUR,8,51.0,117.2,MEDIUM,SYNTHETIC_GENERATOR_V1,SYNTHETIC
PA_008752,2025-12-11,GOPALPUR,4,17.2,82.9,LOW,SYNTHETIC_GENERATOR_V1,SYNTHETIC
PA_008753,2025-12-12,GOPALPUR,4,19.6,78.1,LOW,SYNTHETIC_GENERATOR_V1,SYNTHETIC
PA_008754,2025-12-13,GOPALPUR,6,34.0,93.3,MEDIUM,SYNTHETIC_GENERATOR_V1,SYNTHETIC
PA_008755,2025-12-14,GOPALPUR,5,29.9,100.5,MEDIUM,SYNTHETIC_GENERATOR_V1,SYNTHETIC
PA_008756,2025-12-15,GOPALPUR,3,9.6,72.3,LOW,SYNTHETIC_GENERATOR_V1,SYNTHETIC
PA_008757,2025-12-16,GOPALPUR,6,32.8,97.6,MEDIUM,SYNTHETIC_GENERATOR_V1,SYNTHETIC
PA_008758,2025-12-17,GOPALPUR,6,35.9,96.0,MEDIUM,SYNTHETIC_GENERATOR_V1,SYNTHETIC
PA_008759,2025-12-18,GOPALPUR,0,5.3,70.2,LOW,SYNTHETIC_GENERATOR_V1,SYNTHETIC
PA_008760,2025-12-19,GOPALPUR,4,20.2,90.2,LOW,SYNTHETIC_GENERATOR_V1,SYNTHETIC
PA_008761,2025-12-20,GOPALPUR,6,33.6,99.8,MEDIUM,SYNTHETIC_GENERATOR_V1,SYNTHETIC
PA_008762,2025-12-21,GOPALPUR,6,36.0,104.9,MEDIUM,SYNTHETIC_GENERATOR_V1,SYNTHETIC
PA_008763,2025-12-22,GOPALPUR,5,26.2,86.3,MEDIUM,SYNTHETIC_GENERATOR_V1,SYNTHETIC
PA_008764,2025-12-23,GOPALPUR,6,30.1,93.3,MEDIUM,SYNTHETIC_GENERATOR_V1,SYNTHETIC
PA_008765,2025-12-24,GOPALPUR,3,9.2,67.1,LOW,SYNTHETIC_GENERATOR_V1,SYNTHETIC
PA_008766,2025-12-25,GOPALPUR,3,7.8,70.1,LOW,SYNTHETIC_GENERATOR_V1,SYNTHETIC
PA_008767,2025-12-26,GOPALPUR,5,25.7,80.1,MEDIUM,SYNTHETIC_GENERATOR_V1,SYNTHETIC
PA_008768,2025-12-27,GOPALPUR,4,15.7,79.8,LOW,SYNTHETIC_GENERATOR_V1,SYNTHETIC
PA_008769,2025-12-28,GOPALPUR,5,35.0,98.9,MEDIUM,SYNTHETIC_GENERATOR_V1,SYNTHETIC
PA_008770,2025-12-29,GOPALPUR,7,38.9,105.2,MEDIUM,SYNTHETIC_GENERATOR_V1,SYNTHETIC
PA_008771,2025-12-30,GOPALPUR,4,21.5,78.4,LOW,SYNTHETIC_GENERATOR_V1,SYNTHETIC
PA_008772,2025-12-31,GOPALPUR,3,10.9,76.2,LOW,SYNTHETIC_GENERATOR_V1,SYNTHETIC
PA_008773,2024-01-01,DHAMRA,7,14.8,61.9,LOW,SYNTHETIC_GENERATOR_V1,SYNTHETIC
PA_008774,2024-01-02,DHAMRA,13,41.5,94.5,MEDIUM,SYNTHETIC_GENERATOR_V1,SYNTHETIC
PA_008775,2024-01-03,DHAMRA,11,36.8,89.2,MEDIUM,SYNTHETIC_GENERATOR_V1,SYNTHETIC
PA_008776,2024-01-04,DHAMRA,5,8.7,51.3,LOW,SYNTHETIC_GENERATOR_V1,SYNTHETIC
PA_008777,2024-01-05,DHAMRA,13,44.2,103.8,MEDIUM,SYNTHETIC_GENERATOR_V1,SYNTHETIC
PA_008778,2024-01-06,DHAMRA,11,35.7,86.5,MEDIUM,SYNTHETIC_GENERATOR_V1,SYNTHETIC
PA_008779,2024-01-07,DHAMRA,10,35.2,87.1,MEDIUM,SYNTHETIC_GENERATOR_V1,SYNTHETIC
PA_008780,2024-01-08,DHAMRA,4,5.2,66.8,LOW,SYNTHETIC_GENERATOR_V1,SYNTHETIC
PA_008781,2024-01-09,DHAMRA,7,19.3,69.1,LOW,SYNTHETIC_GENERATOR_V1,SYNTHETIC
PA_008782,2024-01-10,DHAMRA,9,26.7,73.7,MEDIUM,SYNTHETIC_GENERATOR_V1,SYNTHETIC
PA_008783,2024-01-11,DHAMRA,4,11.6,61.8,LOW,SYNTHETIC_GENERATOR_V1,SYNTHETIC
PA_008784,2024-01-12,DHAMRA,6,22.7,73.0,LOW,SYNTHETIC_GENERATOR_V1,SYNTHETIC
PA_008785,2024-01-13,DHAMRA,4,12.5,60.9,LOW,SYNTHETIC_GENERATOR_V1,SYNTHETIC
PA_008786,2024-01-14,DHAMRA,10,33.3,82.4,MEDIUM,SYNTHETIC_GENERATOR_V1,SYNTHETIC
PA_008787,2024-01-15,DHAMRA,13,43.8,94.3,MEDIUM,SYNTHETIC_GENERATOR_V1,SYNTHETIC
PA_008788,2024-01-16,DHAMRA,6,15.8,67.2,LOW,SYNTHETIC_GENERATOR_V1,SYNTHETIC
PA_008789,2024-01-17,DHAMRA,11,35.8,90.9,MEDIUM,SYNTHETIC_GENERATOR_V1,SYNTHETIC
PA_008790,2024-01-18,DHAMRA,6,12.9,60.3,LOW,SYNTHETIC_GENERATOR_V1,SYNTHETIC
PA_008791,2024-01-19,DHAMRA,7,17.8,65.8,LOW,SYNTHETIC_GENERATOR_V1,SYNTHETIC
PA_008792,2024-01-20,DHAMRA,10,31.2,77.5,MEDIUM,SYNTHETIC_GENERATOR_V1,SYNTHETIC
PA_008793,2024-01-21,DHAMRA,7,19.5,63.5,LOW,SYNTHETIC_GENERATOR_V1,SYNTHETIC
PA_008794,2024-01-22,DHAMRA,11,39.6,90.4,MEDIUM,SYNTHETIC_GENERATOR_V1,SYNTHETIC
PA_008795,2024-01-23,DHAMRA,7,19.8,68.8,LOW,SYNTHETIC_GENERATOR_V1,SYNTHETIC
PA_008796,2024-01-24,DHAMRA,5,10.4,53.3,LOW,SYNTHETIC_GENERATOR_V1,SYNTHETIC
PA_008797,2024-01-25,DHAMRA,4,5.1,60.2,LOW,SYNTHETIC_GENERATOR_V1,SYNTHETIC
PA_008798,2024-01-26,DHAMRA,6,21.6,69.3,LOW,SYNTHETIC_GENERATOR_V1,SYNTHETIC
PA_008799,2024-01-27,DHAMRA,15,55.5,102.0,MEDIUM,SYNTHETIC_GENERATOR_V1,SYNTHETIC
PA_008800,2024-01-28,DHAMRA,9,30.8,78.0,MEDIUM,SYNTHETIC_GENERATOR_V1,SYNTHETIC
PA_008801,2024-01-29,DHAMRA,11,39.2,90.8,MEDIUM,SYNTHETIC_GENERATOR_V1,SYNTHETIC
PA_008802,2024-01-30,DHAMRA,5,9.0,54.3,LOW,SYNTHETIC_GENERATOR_V1,SYNTHETIC
PA_008803,2024-01-31,DHAMRA,6,13.0,60.0,LOW,SYNTHETIC_GENERATOR_V1,SYNTHETIC
PA_008804,2024-02-01,DHAMRA,4,3.1,53.3,LOW,SYNTHETIC_GENERATOR_V1,SYNTHETIC
PA_008805,2024-02-02,DHAMRA,6,17.5,62.9,LOW,SYNTHETIC_GENERATOR_V1,SYNTHETIC
PA_008806,2024-02-03,DHAMRA,7,16.2,62.0,LOW,SYNTHETIC_GENERATOR_V1,SYNTHETIC
PA_008807,2024-02-04,DHAMRA,8,21.4,73.1,LOW,SYNTHETIC_GENERATOR_V1,SYNTHETIC
PA_008808,2024-02-05,DHAMRA,5,19.3,78.1,LOW,SYNTHETIC_GENERATOR_V1,SYNTHETIC
PA_008809,2024-02-06,DHAMRA,8,23.1,74.4,LOW,SYNTHETIC_GENERATOR_V1,SYNTHETIC
PA_008810,2024-02-07,DHAMRA,7,5.9,54.6,LOW,SYNTHETIC_GENERATOR_V1,SYNTHETIC
PA_008811,2024-02-08,DHAMRA,8,18.7,64.1,LOW,SYNTHETIC_GENERATOR_V1,SYNTHETIC
PA_008812,2024-02-09,DHAMRA,9,24.6,76.7,MEDIUM,SYNTHETIC_GENERATOR_V1,SYNTHETIC
PA_008813,2024-02-10,DHAMRA,9,27.4,76.2,MEDIUM,SYNTHETIC_GENERATOR_V1,SYNTHETIC
PA_008814,2024-02-11,DHAMRA,8,23.4,68.8,LOW,SYNTHETIC_GENERATOR_V1,SYNTHETIC
PA_008815,2024-02-12,DHAMRA,9,28.5,72.9,MEDIUM,SYNTHETIC_GENERATOR_V1,SYNTHETIC
PA_008816,2024-02-13,DHAMRA,9,20.7,71.5,LOW,SYNTHETIC_GENERATOR_V1,SYNTHETIC
PA_008817,2024-02-14,DHAMRA,6,4.8,53.1,LOW,SYNTHETIC_GENERATOR_V1,SYNTHETIC
PA_008818,2024-02-15,DHAMRA,5,9.2,65.2,LOW,SYNTHETIC_GENERATOR_V1,SYNTHETIC
PA_008819,2024-02-16,DHAMRA,12,36.5,88.1,MEDIUM,SYNTHETIC_GENERATOR_V1,SYNTHETIC
PA_008820,2024-02-17,DHAMRA,5,13.1,61.8,LOW,SYNTHETIC_GENERATOR_V1,SYNTHETIC
PA_008821,2024-02-18,DHAMRA,8,22.3,71.0,LOW,SYNTHETIC_GENERATOR_V1,SYNTHETIC
PA_008822,2024-02-19,DHAMRA,5,14.9,61.5,LOW,SYNTHETIC_GENERATOR_V1,SYNTHETIC
PA_008823,2024-02-20,DHAMRA,7,23.0,77.7,LOW,SYNTHETIC_GENERATOR_V1,SYNTHETIC
PA_008824,2024-02-21,DHAMRA,3,4.6,53.1,LOW,SYNTHETIC_GENERATOR_V1,SYNTHETIC
PA_008825,2024-02-22,DHAMRA,6,14.7,62.9,LOW,SYNTHETIC_GENERATOR_V1,SYNTHETIC
PA_008826,2024-02-23,DHAMRA,6,11.9,63.6,LOW,SYNTHETIC_GENERATOR_V1,SYNTHETIC
PA_008827,2024-02-24,DHAMRA,6,12.2,64.5,LOW,SYNTHETIC_GENERATOR_V1,SYNTHETIC
PA_008828,2024-02-25,DHAMRA,9,30.2,80.9,MEDIUM,SYNTHETIC_GENERATOR_V1,SYNTHETIC
PA_008829,2024-02-26,DHAMRA,9,22.8,66.9,LOW,SYNTHETIC_GENERATOR_V1,SYNTHETIC
PA_008830,2024-02-27,DHAMRA,6,10.5,56.7,LOW,SYNTHETIC_GENERATOR_V1,SYNTHETIC
PA_008831,2024-02-28,DHAMRA,7,16.3,65.9,LOW,SYNTHETIC_GENERATOR_V1,SYNTHETIC
PA_008832,2024-02-29,DHAMRA,7,21.2,70.8,LOW,SYNTHETIC_GENERATOR_V1,SYNTHETIC
PA_008833,2024-03-01,DHAMRA,10,28.6,73.4,MEDIUM,SYNTHETIC_GENERATOR_V1,SYNTHETIC
PA_008834,2024-03-02,DHAMRA,7,21.7,70.1,LOW,SYNTHETIC_GENERATOR_V1,SYNTHETIC
PA_008835,2024-03-03,DHAMRA,7,17.3,73.3,LOW,SYNTHETIC_GENERATOR_V1,SYNTHETIC
PA_008836,2024-03-04,DHAMRA,8,23.5,73.3,LOW,SYNTHETIC_GENERATOR_V1,SYNTHETIC
PA_008837,2024-03-05,DHAMRA,12,39.8,91.3,MEDIUM,SYNTHETIC_GENERATOR_V1,SYNTHETIC
PA_008838,2024-03-06,DHAMRA,6,19.9,64.4,LOW,SYNTHETIC_GENERATOR_V1,SYNTHETIC
PA_008839,2024-03-07,DHAMRA,6,10.9,61.3,LOW,SYNTHETIC_GENERATOR_V1,SYNTHETIC
PA_008840,2024-03-08,DHAMRA,9,30.6,76.4,MEDIUM,SYNTHETIC_GENERATOR_V1,SYNTHETIC
PA_008841,2024-03-09,DHAMRA,5,7.1,56.5,LOW,SYNTHETIC_GENERATOR_V1,SYNTHETIC
PA_008842,2024-03-10,DHAMRA,10,29.1,79.4,MEDIUM,SYNTHETIC_GENERATOR_V1,SYNTHETIC
PA_008843,2024-03-11,DHAMRA,8,22.9,73.8,LOW,SYNTHETIC_GENERATOR_V1,SYNTHETIC
PA_008844,2024-03-12,DHAMRA,12,41.0,95.1,MEDIUM,SYNTHETIC_GENERATOR_V1,SYNTHETIC
PA_008845,2024-03-13,DHAMRA,3,5.1,49.6,LOW,SYNTHETIC_GENERATOR_V1,SYNTHETIC
PA_008846,2024-03-14,DHAMRA,11,27.9,83.2,MEDIUM,SYNTHETIC_GENERATOR_V1,SYNTHETIC
PA_008847,2024-03-15,DHAMRA,5,3.6,53.3,LOW,SYNTHETIC_GENERATOR_V1,SYNTHETIC
PA_008848,2024-03-16,DHAMRA,7,17.9,60.7,LOW,SYNTHETIC_GENERATOR_V1,SYNTHETIC
PA_008849,2024-03-17,DHAMRA,10,31.0,84.0,MEDIUM,SYNTHETIC_GENERATOR_V1,SYNTHETIC
PA_008850,2024-03-18,DHAMRA,8,23.9,71.2,LOW,SYNTHETIC_GENERATOR_V1,SYNTHETIC
PA_008851,2024-03-19,DHAMRA,7,18.2,66.2,LOW,SYNTHETIC_GENERATOR_V1,SYNTHETIC
PA_008852,2024-03-20,DHAMRA,6,13.9,61.4,LOW,SYNTHETIC_GENERATOR_V1,SYNTHETIC
PA_008853,2024-03-21,DHAMRA,8,23.0,75.7,LOW,SYNTHETIC_GENERATOR_V1,SYNTHETIC
PA_008854,2024-03-22,DHAMRA,5,9.0,66.9,LOW,SYNTHETIC_GENERATOR_V1,SYNTHETIC
PA_008855,2024-03-23,DHAMRA,11,33.9,84.4,MEDIUM,SYNTHETIC_GENERATOR_V1,SYNTHETIC
PA_008856,2024-03-24,DHAMRA,7,22.3,70.0,LOW,SYNTHETIC_GENERATOR_V1,SYNTHETIC
PA_008857,2024-03-25,DHAMRA,14,52.1,102.6,MEDIUM,SYNTHETIC_GENERATOR_V1,SYNTHETIC
PA_008858,2024-03-26,DHAMRA,5,10.3,58.0,LOW,SYNTHETIC_GENERATOR_V1,SYNTHETIC
PA_008859,2024-03-27,DHAMRA,6,15.9,72.4,LOW,SYNTHETIC_GENERATOR_V1,SYNTHETIC
PA_008860,2024-03-28,DHAMRA,4,6.2,58.2,LOW,SYNTHETIC_GENERATOR_V1,SYNTHETIC
PA_008861,2024-03-29,DHAMRA,9,34.0,83.0,MEDIUM,SYNTHETIC_GENERATOR_V1,SYNTHETIC
PA_008862,2024-03-30,DHAMRA,7,17.7,70.6,LOW,SYNTHETIC_GENERATOR_V1,SYNTHETIC
PA_008863,2024-03-31,DHAMRA,11,35.6,77.4,MEDIUM,SYNTHETIC_GENERATOR_V1,SYNTHETIC
PA_008864,2024-04-01,DHAMRA,10,34.5,84.2,MEDIUM,SYNTHETIC_GENERATOR_V1,SYNTHETIC
PA_008865,2024-04-02,DHAMRA,5,15.7,65.4,LOW,SYNTHETIC_GENERATOR_V1,SYNTHETIC
PA_008866,2024-04-03,DHAMRA,5,16.5,63.0,LOW,SYNTHETIC_GENERATOR_V1,SYNTHETIC
PA_008867,2024-04-04,DHAMRA,4,7.0,57.1,LOW,SYNTHETIC_GENERATOR_V1,SYNTHETIC
PA_008868,2024-04-05,DHAMRA,5,8.0,64.0,LOW,SYNTHETIC_GENERATOR_V1,SYNTHETIC
PA_008869,2024-04-06,DHAMRA,12,38.3,93.8,MEDIUM,SYNTHETIC_GENERATOR_V1,SYNTHETIC
PA_008870,2024-04-07,DHAMRA,7,19.3,65.7,LOW,SYNTHETIC_GENERATOR_V1,SYNTHETIC
PA_008871,2024-04-08,DHAMRA,10,35.0,85.0,MEDIUM,SYNTHETIC_GENERATOR_V1,SYNTHETIC
PA_008872,2024-04-09,DHAMRA,11,32.6,76.9,MEDIUM,SYNTHETIC_GENERATOR_V1,SYNTHETIC
PA_008873,2024-04-10,DHAMRA,8,20.1,69.5,LOW,SYNTHETIC_GENERATOR_V1,SYNTHETIC
PA_008874,2024-04-11,DHAMRA,3,0.2,46.9,LOW,SYNTHETIC_GENERATOR_V1,SYNTHETIC
PA_008875,2024-04-12,DHAMRA,8,23.4,76.3,LOW,SYNTHETIC_GENERATOR_V1,SYNTHETIC
PA_008876,2024-04-13,DHAMRA,10,25.3,74.6,MEDIUM,SYNTHETIC_GENERATOR_V1,SYNTHETIC
PA_008877,2024-04-14,DHAMRA,7,15.0,52.4,LOW,SYNTHETIC_GENERATOR_V1,SYNTHETIC
PA_008878,2024-04-15,DHAMRA,7,17.5,68.4,LOW,SYNTHETIC_GENERATOR_V1,SYNTHETIC
PA_008879,2024-04-16,DHAMRA,5,12.1,71.9,LOW,SYNTHETIC_GENERATOR_V1,SYNTHETIC
PA_008880,2024-04-17,DHAMRA,8,23.0,69.1,LOW,SYNTHETIC_GENERATOR_V1,SYNTHETIC
PA_008881,2024-04-18,DHAMRA,10,26.4,79.2,MEDIUM,SYNTHETIC_GENERATOR_V1,SYNTHETIC
PA_008882,2024-04-19,DHAMRA,7,18.2,71.2,LOW,SYNTHETIC_GENERATOR_V1,SYNTHETIC
PA_008883,2024-04-20,DHAMRA,8,23.3,65.6,LOW,SYNTHETIC_GENERATOR_V1,SYNTHETIC
PA_008884,2024-04-21,DHAMRA,8,21.3,73.6,LOW,SYNTHETIC_GENERATOR_V1,SYNTHETIC
PA_008885,2024-04-22,DHAMRA,7,22.3,73.4,LOW,SYNTHETIC_GENERATOR_V1,SYNTHETIC
PA_008886,2024-04-23,DHAMRA,8,20.5,74.1,LOW,SYNTHETIC_GENERATOR_V1,SYNTHETIC
PA_008887,2024-04-24,DHAMRA,7,17.1,70.5,LOW,SYNTHETIC_GENERATOR_V1,SYNTHETIC
PA_008888,2024-04-25,DHAMRA,11,39.7,90.6,MEDIUM,SYNTHETIC_GENERATOR_V1,SYNTHETIC
PA_008889,2024-04-26,DHAMRA,16,62.8,110.3,HIGH,SYNTHETIC_GENERATOR_V1,SYNTHETIC
PA_008890,2024-04-27,DHAMRA,9,17.5,74.1,LOW,SYNTHETIC_GENERATOR_V1,SYNTHETIC
PA_008891,2024-04-28,DHAMRA,10,33.8,82.6,MEDIUM,SYNTHETIC_GENERATOR_V1,SYNTHETIC
PA_008892,2024-04-29,DHAMRA,9,30.1,86.6,MEDIUM,SYNTHETIC_GENERATOR_V1,SYNTHETIC
PA_008893,2024-04-30,DHAMRA,9,23.3,64.5,LOW,SYNTHETIC_GENERATOR_V1,SYNTHETIC
PA_008894,2024-05-01,DHAMRA,10,33.5,80.5,MEDIUM,SYNTHETIC_GENERATOR_V1,SYNTHETIC
PA_008895,2024-05-02,DHAMRA,8,22.2,72.3,LOW,SYNTHETIC_GENERATOR_V1,SYNTHETIC
PA_008896,2024-05-03,DHAMRA,9,22.4,74.9,LOW,SYNTHETIC_GENERATOR_V1,SYNTHETIC
PA_008897,2024-05-04,DHAMRA,6,13.0,60.6,LOW,SYNTHETIC_GENERATOR_V1,SYNTHETIC
PA_008898,2024-05-05,DHAMRA,4,7.6,55.1,LOW,SYNTHETIC_GENERATOR_V1,SYNTHETIC
PA_008899,2024-05-06,DHAMRA,6,13.5,59.5,LOW,SYNTHETIC_GENERATOR_V1,SYNTHETIC
PA_008900,2024-05-07,DHAMRA,16,56.5,101.6,MEDIUM,SYNTHETIC_GENERATOR_V1,SYNTHETIC
PA_008901,2024-05-08,DHAMRA,7,18.4,62.8,LOW,SYNTHETIC_GENERATOR_V1,SYNTHETIC
PA_008902,2024-05-09,DHAMRA,1,3.5,53.0,LOW,SYNTHETIC_GENERATOR_V1,SYNTHETIC
PA_008903,2024-05-10,DHAMRA,9,23.4,62.5,LOW,SYNTHETIC_GENERATOR_V1,SYNTHETIC
PA_008904,2024-05-11,DHAMRA,9,28.1,72.9,MEDIUM,SYNTHETIC_GENERATOR_V1,SYNTHETIC
PA_008905,2024-05-12,DHAMRA,10,34.5,80.4,MEDIUM,SYNTHETIC_GENERATOR_V1,SYNTHETIC
PA_008906,2024-05-13,DHAMRA,8,28.2,80.9,MEDIUM,SYNTHETIC_GENERATOR_V1,SYNTHETIC
PA_008907,2024-05-14,DHAMRA,7,19.6,68.1,LOW,SYNTHETIC_GENERATOR_V1,SYNTHETIC
PA_008908,2024-05-15,DHAMRA,12,42.0,95.9,MEDIUM,SYNTHETIC_GENERATOR_V1,SYNTHETIC
PA_008909,2024-05-16,DHAMRA,8,21.0,70.2,LOW,SYNTHETIC_GENERATOR_V1,SYNTHETIC
PA_008910,2024-05-17,DHAMRA,10,34.8,81.1,MEDIUM,SYNTHETIC_GENERATOR_V1,SYNTHETIC
PA_008911,2024-05-18,DHAMRA,11,38.1,90.1,MEDIUM,SYNTHETIC_GENERATOR_V1,SYNTHETIC
PA_008912,2024-05-19,DHAMRA,1,2.0,52.7,LOW,SYNTHETIC_GENERATOR_V1,SYNTHETIC
PA_008913,2024-05-20,DHAMRA,12,43.9,104.1,MEDIUM,SYNTHETIC_GENERATOR_V1,SYNTHETIC
PA_008914,2024-05-21,DHAMRA,12,38.8,91.2,MEDIUM,SYNTHETIC_GENERATOR_V1,SYNTHETIC
PA_008915,2024-05-22,DHAMRA,9,27.1,79.9,MEDIUM,SYNTHETIC_GENERATOR_V1,SYNTHETIC
PA_008916,2024-05-23,DHAMRA,8,23.4,68.9,LOW,SYNTHETIC_GENERATOR_V1,SYNTHETIC
PA_008917,2024-05-24,DHAMRA,10,26.3,76.0,MEDIUM,SYNTHETIC_GENERATOR_V1,SYNTHETIC
PA_008918,2024-05-25,DHAMRA,5,13.5,63.0,LOW,SYNTHETIC_GENERATOR_V1,SYNTHETIC
PA_008919,2024-05-26,DHAMRA,5,9.4,61.6,LOW,SYNTHETIC_GENERATOR_V1,SYNTHETIC
PA_008920,2024-05-27,DHAMRA,7,18.9,74.2,LOW,SYNTHETIC_GENERATOR_V1,SYNTHETIC
PA_008921,2024-05-28,DHAMRA,11,39.4,89.4,MEDIUM,SYNTHETIC_GENERATOR_V1,SYNTHETIC
PA_008922,2024-05-29,DHAMRA,5,12.5,63.6,LOW,SYNTHETIC_GENERATOR_V1,SYNTHETIC
PA_008923,2024-05-30,DHAMRA,13,41.7,91.1,MEDIUM,SYNTHETIC_GENERATOR_V1,SYNTHETIC
PA_008924,2024-05-31,DHAMRA,5,11.5,59.3,LOW,SYNTHETIC_GENERATOR_V1,SYNTHETIC
PA_008925,2024-06-01,DHAMRA,6,13.4,60.4,LOW,SYNTHETIC_GENERATOR_V1,SYNTHETIC
PA_008926,2024-06-02,DHAMRA,10,30.3,83.9,MEDIUM,SYNTHETIC_GENERATOR_V1,SYNTHETIC
PA_008927,2024-06-03,DHAMRA,6,14.7,75.6,LOW,SYNTHETIC_GENERATOR_V1,SYNTHETIC
PA_008928,2024-06-04,DHAMRA,7,11.7,63.5,LOW,SYNTHETIC_GENERATOR_V1,SYNTHETIC
PA_008929,2024-06-05,DHAMRA,9,30.0,78.6,MEDIUM,SYNTHETIC_GENERATOR_V1,SYNTHETIC
PA_008930,2024-06-06,DHAMRA,7,13.9,63.0,LOW,SYNTHETIC_GENERATOR_V1,SYNTHETIC
PA_008931,2024-06-07,DHAMRA,9,21.0,67.5,LOW,SYNTHETIC_GENERATOR_V1,SYNTHETIC
PA_008932,2024-06-08,DHAMRA,10,27.4,85.7,MEDIUM,SYNTHETIC_GENERATOR_V1,SYNTHETIC
PA_008933,2024-06-09,DHAMRA,8,20.1,77.1,LOW,SYNTHETIC_GENERATOR_V1,SYNTHETIC
PA_008934,2024-06-10,DHAMRA,6,20.1,69.0,LOW,SYNTHETIC_GENERATOR_V1,SYNTHETIC
PA_008935,2024-06-11,DHAMRA,6,10.5,63.1,LOW,SYNTHETIC_GENERATOR_V1,SYNTHETIC
PA_008936,2024-06-12,DHAMRA,5,11.1,58.5,LOW,SYNTHETIC_GENERATOR_V1,SYNTHETIC
PA_008937,2024-06-13,DHAMRA,9,26.4,81.7,MEDIUM,SYNTHETIC_GENERATOR_V1,SYNTHETIC
PA_008938,2024-06-14,DHAMRA,4,6.3,50.1,LOW,SYNTHETIC_GENERATOR_V1,SYNTHETIC
PA_008939,2024-06-15,DHAMRA,5,3.6,49.6,LOW,SYNTHETIC_GENERATOR_V1,SYNTHETIC
PA_008940,2024-06-16,DHAMRA,9,19.4,71.5,LOW,SYNTHETIC_GENERATOR_V1,SYNTHETIC
PA_008941,2024-06-17,DHAMRA,7,16.4,65.3,LOW,SYNTHETIC_GENERATOR_V1,SYNTHETIC
PA_008942,2024-06-18,DHAMRA,10,28.1,79.2,MEDIUM,SYNTHETIC_GENERATOR_V1,SYNTHETIC
PA_008943,2024-06-19,DHAMRA,5,8.0,60.1,LOW,SYNTHETIC_GENERATOR_V1,SYNTHETIC
PA_008944,2024-06-20,DHAMRA,11,30.1,79.9,MEDIUM,SYNTHETIC_GENERATOR_V1,SYNTHETIC
PA_008945,2024-06-21,DHAMRA,4,8.5,56.7,LOW,SYNTHETIC_GENERATOR_V1,SYNTHETIC
PA_008946,2024-06-22,DHAMRA,8,18.6,69.8,LOW,SYNTHETIC_GENERATOR_V1,SYNTHETIC
PA_008947,2024-06-23,DHAMRA,10,24.2,71.9,MEDIUM,SYNTHETIC_GENERATOR_V1,SYNTHETIC
PA_008948,2024-06-24,DHAMRA,9,29.8,81.6,MEDIUM,SYNTHETIC_GENERATOR_V1,SYNTHETIC
PA_008949,2024-06-25,DHAMRA,5,2.7,54.9,LOW,SYNTHETIC_GENERATOR_V1,SYNTHETIC
PA_008950,2024-06-26,DHAMRA,6,13.1,68.4,LOW,SYNTHETIC_GENERATOR_V1,SYNTHETIC
PA_008951,2024-06-27,DHAMRA,7,17.2,67.2,LOW,SYNTHETIC_GENERATOR_V1,SYNTHETIC
PA_008952,2024-06-28,DHAMRA,8,24.3,73.8,MEDIUM,SYNTHETIC_GENERATOR_V1,SYNTHETIC
PA_008953,2024-06-29,DHAMRA,9,21.9,74.2,LOW,SYNTHETIC_GENERATOR_V1,SYNTHETIC
PA_008954,2024-06-30,DHAMRA,8,21.6,70.0,LOW,SYNTHETIC_GENERATOR_V1,SYNTHETIC
PA_008955,2024-07-01,DHAMRA,11,38.1,80.3,MEDIUM,SYNTHETIC_GENERATOR_V1,SYNTHETIC
PA_008956,2024-07-02,DHAMRA,7,10.6,58.2,LOW,SYNTHETIC_GENERATOR_V1,SYNTHETIC
PA_008957,2024-07-03,DHAMRA,6,14.0,57.9,LOW,SYNTHETIC_GENERATOR_V1,SYNTHETIC
PA_008958,2024-07-04,DHAMRA,7,20.1,65.4,LOW,SYNTHETIC_GENERATOR_V1,SYNTHETIC
PA_008959,2024-07-05,DHAMRA,3,5.6,54.5,LOW,SYNTHETIC_GENERATOR_V1,SYNTHETIC
PA_008960,2024-07-06,DHAMRA,8,27.6,74.6,MEDIUM,SYNTHETIC_GENERATOR_V1,SYNTHETIC
PA_008961,2024-07-07,DHAMRA,5,11.2,56.3,LOW,SYNTHETIC_GENERATOR_V1,SYNTHETIC
PA_008962,2024-07-08,DHAMRA,7,22.7,75.2,LOW,SYNTHETIC_GENERATOR_V1,SYNTHETIC
PA_008963,2024-07-09,DHAMRA,10,29.4,81.8,MEDIUM,SYNTHETIC_GENERATOR_V1,SYNTHETIC
PA_008964,2024-07-10,DHAMRA,5,10.5,59.5,LOW,SYNTHETIC_GENERATOR_V1,SYNTHETIC
PA_008965,2024-07-11,DHAMRA,8,27.2,74.3,MEDIUM,SYNTHETIC_GENERATOR_V1,SYNTHETIC
PA_008966,2024-07-12,DHAMRA,7,22.3,74.5,LOW,SYNTHETIC_GENERATOR_V1,SYNTHETIC
PA_008967,2024-07-13,DHAMRA,8,23.6,69.4,LOW,SYNTHETIC_GENERATOR_V1,SYNTHETIC
PA_008968,2024-07-14,DHAMRA,11,38.4,93.2,MEDIUM,SYNTHETIC_GENERATOR_V1,SYNTHETIC
PA_008969,2024-07-15,DHAMRA,8,25.2,73.7,MEDIUM,SYNTHETIC_GENERATOR_V1,SYNTHETIC
PA_008970,2024-07-16,DHAMRA,6,12.5,68.4,LOW,SYNTHETIC_GENERATOR_V1,SYNTHETIC
PA_008971,2024-07-17,DHAMRA,5,10.1,62.9,LOW,SYNTHETIC_GENERATOR_V1,SYNTHETIC
PA_008972,2024-07-18,DHAMRA,13,44.8,93.6,MEDIUM,SYNTHETIC_GENERATOR_V1,SYNTHETIC
PA_008973,2024-07-19,DHAMRA,3,5.4,56.5,LOW,SYNTHETIC_GENERATOR_V1,SYNTHETIC
PA_008974,2024-07-20,DHAMRA,8,21.8,69.5,LOW,SYNTHETIC_GENERATOR_V1,SYNTHETIC
PA_008975,2024-07-21,DHAMRA,14,45.2,97.9,MEDIUM,SYNTHETIC_GENERATOR_V1,SYNTHETIC
PA_008976,2024-07-22,DHAMRA,9,32.0,79.3,MEDIUM,SYNTHETIC_GENERATOR_V1,SYNTHETIC
PA_008977,2024-07-23,DHAMRA,9,31.7,74.6,MEDIUM,SYNTHETIC_GENERATOR_V1,SYNTHETIC
PA_008978,2024-07-24,DHAMRA,6,17.6,66.9,LOW,SYNTHETIC_GENERATOR_V1,SYNTHETIC
PA_008979,2024-07-25,DHAMRA,9,24.6,76.4,MEDIUM,SYNTHETIC_GENERATOR_V1,SYNTHETIC
PA_008980,2024-07-26,DHAMRA,10,26.1,79.1,MEDIUM,SYNTHETIC_GENERATOR_V1,SYNTHETIC
PA_008981,2024-07-27,DHAMRA,6,17.7,71.0,LOW,SYNTHETIC_GENERATOR_V1,SYNTHETIC
PA_008982,2024-07-28,DHAMRA,8,19.3,68.7,LOW,SYNTHETIC_GENERATOR_V1,SYNTHETIC
PA_008983,2024-07-29,DHAMRA,5,10.2,54.8,LOW,SYNTHETIC_GENERATOR_V1,SYNTHETIC
PA_008984,2024-07-30,DHAMRA,10,29.3,80.5,MEDIUM,SYNTHETIC_GENERATOR_V1,SYNTHETIC
PA_008985,2024-07-31,DHAMRA,10,26.2,78.9,MEDIUM,SYNTHETIC_GENERATOR_V1,SYNTHETIC
PA_008986,2024-08-01,DHAMRA,10,26.1,81.0,MEDIUM,SYNTHETIC_GENERATOR_V1,SYNTHETIC
PA_008987,2024-08-02,DHAMRA,8,24.8,69.5,MEDIUM,SYNTHETIC_GENERATOR_V1,SYNTHETIC
PA_008988,2024-08-03,DHAMRA,10,35.1,89.4,MEDIUM,SYNTHETIC_GENERATOR_V1,SYNTHETIC
PA_008989,2024-08-04,DHAMRA,6,9.7,61.6,LOW,SYNTHETIC_GENERATOR_V1,SYNTHETIC
PA_008990,2024-08-05,DHAMRA,8,17.6,69.4,LOW,SYNTHETIC_GENERATOR_V1,SYNTHETIC
PA_008991,2024-08-06,DHAMRA,13,47.0,100.7,MEDIUM,SYNTHETIC_GENERATOR_V1,SYNTHETIC
PA_008992,2024-08-07,DHAMRA,11,37.5,79.5,MEDIUM,SYNTHETIC_GENERATOR_V1,SYNTHETIC
PA_008993,2024-08-08,DHAMRA,8,24.2,80.3,MEDIUM,SYNTHETIC_GENERATOR_V1,SYNTHETIC
PA_008994,2024-08-09,DHAMRA,7,21.2,64.4,LOW,SYNTHETIC_GENERATOR_V1,SYNTHETIC
PA_008995,2024-08-10,DHAMRA,10,28.8,77.3,MEDIUM,SYNTHETIC_GENERATOR_V1,SYNTHETIC
PA_008996,2024-08-11,DHAMRA,7,19.1,74.0,LOW,SYNTHETIC_GENERATOR_V1,SYNTHETIC
PA_008997,2024-08-12,DHAMRA,4,5.2,54.5,LOW,SYNTHETIC_GENERATOR_V1,SYNTHETIC
PA_008998,2024-08-13,DHAMRA,10,33.5,83.7,MEDIUM,SYNTHETIC_GENERATOR_V1,SYNTHETIC
PA_008999,2024-08-14,DHAMRA,10,33.3,79.9,MEDIUM,SYNTHETIC_GENERATOR_V1,SYNTHETIC
PA_009000,2024-08-15,DHAMRA,14,53.1,108.4,MEDIUM,SYNTHETIC_GENERATOR_V1,SYNTHETIC
PA_009001,2024-08-16,DHAMRA,5,7.9,64.3,LOW,SYNTHETIC_GENERATOR_V1,SYNTHETIC
PA_009002,2024-08-17,DHAMRA,11,37.2,90.4,MEDIUM,SYNTHETIC_GENERATOR_V1,SYNTHETIC
PA_009003,2024-08-18,DHAMRA,8,22.7,71.5,LOW,SYNTHETIC_GENERATOR_V1,SYNTHETIC
PA_009004,2024-08-19,DHAMRA,6,12.4,68.2,LOW,SYNTHETIC_GENERATOR_V1,SYNTHETIC
PA_009005,2024-08-20,DHAMRA,16,54.9,101.0,MEDIUM,SYNTHETIC_GENERATOR_V1,SYNTHETIC
PA_009006,2024-08-21,DHAMRA,10,31.3,86.6,MEDIUM,SYNTHETIC_GENERATOR_V1,SYNTHETIC
PA_009007,2024-08-22,DHAMRA,11,39.6,90.0,MEDIUM,SYNTHETIC_GENERATOR_V1,SYNTHETIC
PA_009008,2024-08-23,DHAMRA,11,34.0,80.6,MEDIUM,SYNTHETIC_GENERATOR_V1,SYNTHETIC
PA_009009,2024-08-24,DHAMRA,11,35.9,86.1,MEDIUM,SYNTHETIC_GENERATOR_V1,SYNTHETIC
PA_009010,2024-08-25,DHAMRA,14,47.9,101.9,MEDIUM,SYNTHETIC_GENERATOR_V1,SYNTHETIC
PA_009011,2024-08-26,DHAMRA,8,26.9,70.5,MEDIUM,SYNTHETIC_GENERATOR_V1,SYNTHETIC
PA_009012,2024-08-27,DHAMRA,6,12.7,58.9,LOW,SYNTHETIC_GENERATOR_V1,SYNTHETIC
PA_009013,2024-08-28,DHAMRA,6,19.2,71.4,LOW,SYNTHETIC_GENERATOR_V1,SYNTHETIC
PA_009014,2024-08-29,DHAMRA,7,26.1,76.0,MEDIUM,SYNTHETIC_GENERATOR_V1,SYNTHETIC
PA_009015,2024-08-30,DHAMRA,5,3.1,52.8,LOW,SYNTHETIC_GENERATOR_V1,SYNTHETIC
PA_009016,2024-08-31,DHAMRA,4,16.6,69.2,LOW,SYNTHETIC_GENERATOR_V1,SYNTHETIC
PA_009017,2024-09-01,DHAMRA,11,36.8,88.4,MEDIUM,SYNTHETIC_GENERATOR_V1,SYNTHETIC
PA_009018,2024-09-02,DHAMRA,7,13.0,63.2,LOW,SYNTHETIC_GENERATOR_V1,SYNTHETIC
PA_009019,2024-09-03,DHAMRA,10,31.8,73.1,MEDIUM,SYNTHETIC_GENERATOR_V1,SYNTHETIC
PA_009020,2024-09-04,DHAMRA,5,10.2,61.2,LOW,SYNTHETIC_GENERATOR_V1,SYNTHETIC
PA_009021,2024-09-05,DHAMRA,12,42.4,92.7,MEDIUM,SYNTHETIC_GENERATOR_V1,SYNTHETIC
PA_009022,2024-09-06,DHAMRA,9,21.1,74.0,LOW,SYNTHETIC_GENERATOR_V1,SYNTHETIC
PA_009023,2024-09-07,DHAMRA,6,20.3,63.1,LOW,SYNTHETIC_GENERATOR_V1,SYNTHETIC
PA_009024,2024-09-08,DHAMRA,11,33.0,87.4,MEDIUM,SYNTHETIC_GENERATOR_V1,SYNTHETIC
PA_009025,2024-09-09,DHAMRA,6,6.4,54.1,LOW,SYNTHETIC_GENERATOR_V1,SYNTHETIC
PA_009026,2024-09-10,DHAMRA,7,15.9,61.6,LOW,SYNTHETIC_GENERATOR_V1,SYNTHETIC
PA_009027,2024-09-11,DHAMRA,10,34.0,86.9,MEDIUM,SYNTHETIC_GENERATOR_V1,SYNTHETIC
PA_009028,2024-09-12,DHAMRA,7,18.8,68.3,LOW,SYNTHETIC_GENERATOR_V1,SYNTHETIC
PA_009029,2024-09-13,DHAMRA,10,29.3,81.2,MEDIUM,SYNTHETIC_GENERATOR_V1,SYNTHETIC
PA_009030,2024-09-14,DHAMRA,10,29.6,80.5,MEDIUM,SYNTHETIC_GENERATOR_V1,SYNTHETIC
PA_009031,2024-09-15,DHAMRA,11,32.8,88.0,MEDIUM,SYNTHETIC_GENERATOR_V1,SYNTHETIC
PA_009032,2024-09-16,DHAMRA,8,17.7,66.7,LOW,SYNTHETIC_GENERATOR_V1,SYNTHETIC
PA_009033,2024-09-17,DHAMRA,13,42.6,92.9,MEDIUM,SYNTHETIC_GENERATOR_V1,SYNTHETIC
PA_009034,2024-09-18,DHAMRA,5,16.6,64.2,LOW,SYNTHETIC_GENERATOR_V1,SYNTHETIC
PA_009035,2024-09-19,DHAMRA,11,39.2,85.9,MEDIUM,SYNTHETIC_GENERATOR_V1,SYNTHETIC
PA_009036,2024-09-20,DHAMRA,5,15.1,67.9,LOW,SYNTHETIC_GENERATOR_V1,SYNTHETIC
PA_009037,2024-09-21,DHAMRA,8,18.6,65.5,LOW,SYNTHETIC_GENERATOR_V1,SYNTHETIC
PA_009038,2024-09-22,DHAMRA,4,11.4,61.6,LOW,SYNTHETIC_GENERATOR_V1,SYNTHETIC
PA_009039,2024-09-23,DHAMRA,13,40.2,87.4,MEDIUM,SYNTHETIC_GENERATOR_V1,SYNTHETIC
PA_009040,2024-09-24,DHAMRA,7,14.1,73.9,LOW,SYNTHETIC_GENERATOR_V1,SYNTHETIC
PA_009041,2024-09-25,DHAMRA,10,29.1,82.2,MEDIUM,SYNTHETIC_GENERATOR_V1,SYNTHETIC
PA_009042,2024-09-26,DHAMRA,12,39.1,87.3,MEDIUM,SYNTHETIC_GENERATOR_V1,SYNTHETIC
PA_009043,2024-09-27,DHAMRA,9,27.4,78.2,MEDIUM,SYNTHETIC_GENERATOR_V1,SYNTHETIC
PA_009044,2024-09-28,DHAMRA,7,21.9,69.5,LOW,SYNTHETIC_GENERATOR_V1,SYNTHETIC
PA_009045,2024-09-29,DHAMRA,4,4.3,60.0,LOW,SYNTHETIC_GENERATOR_V1,SYNTHETIC
PA_009046,2024-09-30,DHAMRA,6,19.3,69.7,LOW,SYNTHETIC_GENERATOR_V1,SYNTHETIC
PA_009047,2024-10-01,DHAMRA,7,21.3,71.0,LOW,SYNTHETIC_GENERATOR_V1,SYNTHETIC
PA_009048,2024-10-02,DHAMRA,11,32.3,87.7,MEDIUM,SYNTHETIC_GENERATOR_V1,SYNTHETIC
PA_009049,2024-10-03,DHAMRA,8,24.6,76.1,MEDIUM,SYNTHETIC_GENERATOR_V1,SYNTHETIC
PA_009050,2024-10-04,DHAMRA,10,27.0,81.9,MEDIUM,SYNTHETIC_GENERATOR_V1,SYNTHETIC
PA_009051,2024-10-05,DHAMRA,9,22.6,75.4,LOW,SYNTHETIC_GENERATOR_V1,SYNTHETIC
PA_009052,2024-10-06,DHAMRA,6,14.5,58.9,LOW,SYNTHETIC_GENERATOR_V1,SYNTHETIC
PA_009053,2024-10-07,DHAMRA,9,27.6,73.8,MEDIUM,SYNTHETIC_GENERATOR_V1,SYNTHETIC
PA_009054,2024-10-08,DHAMRA,7,11.4,55.3,LOW,SYNTHETIC_GENERATOR_V1,SYNTHETIC
PA_009055,2024-10-09,DHAMRA,15,56.5,107.2,MEDIUM,SYNTHETIC_GENERATOR_V1,SYNTHETIC
PA_009056,2024-10-10,DHAMRA,5,8.4,58.5,LOW,SYNTHETIC_GENERATOR_V1,SYNTHETIC
PA_009057,2024-10-11,DHAMRA,12,40.7,89.5,MEDIUM,SYNTHETIC_GENERATOR_V1,SYNTHETIC
PA_009058,2024-10-12,DHAMRA,10,32.0,85.4,MEDIUM,SYNTHETIC_GENERATOR_V1,SYNTHETIC
PA_009059,2024-10-13,DHAMRA,7,23.3,70.8,LOW,SYNTHETIC_GENERATOR_V1,SYNTHETIC
PA_009060,2024-10-14,DHAMRA,7,16.7,61.8,LOW,SYNTHETIC_GENERATOR_V1,SYNTHETIC
PA_009061,2024-10-15,DHAMRA,12,40.8,93.8,MEDIUM,SYNTHETIC_GENERATOR_V1,SYNTHETIC
PA_009062,2024-10-16,DHAMRA,8,23.4,81.2,LOW,SYNTHETIC_GENERATOR_V1,SYNTHETIC
PA_009063,2024-10-17,DHAMRA,8,23.8,75.8,LOW,SYNTHETIC_GENERATOR_V1,SYNTHETIC
PA_009064,2024-10-18,DHAMRA,6,16.7,66.2,LOW,SYNTHETIC_GENERATOR_V1,SYNTHETIC
PA_009065,2024-10-19,DHAMRA,15,54.3,108.5,MEDIUM,SYNTHETIC_GENERATOR_V1,SYNTHETIC
PA_009066,2024-10-20,DHAMRA,5,15.4,64.6,LOW,SYNTHETIC_GENERATOR_V1,SYNTHETIC
PA_009067,2024-10-21,DHAMRA,9,27.8,78.9,MEDIUM,SYNTHETIC_GENERATOR_V1,SYNTHETIC
PA_009068,2024-10-22,DHAMRA,5,10.2,57.9,LOW,SYNTHETIC_GENERATOR_V1,SYNTHETIC
PA_009069,2024-10-23,DHAMRA,8,27.7,74.3,MEDIUM,SYNTHETIC_GENERATOR_V1,SYNTHETIC
PA_009070,2024-10-24,DHAMRA,9,22.6,69.4,LOW,SYNTHETIC_GENERATOR_V1,SYNTHETIC
PA_009071,2024-10-25,DHAMRA,10,27.9,78.0,MEDIUM,SYNTHETIC_GENERATOR_V1,SYNTHETIC
PA_009072,2024-10-26,DHAMRA,15,48.9,102.2,MEDIUM,SYNTHETIC_GENERATOR_V1,SYNTHETIC
PA_009073,2024-10-27,DHAMRA,5,6.5,56.1,LOW,SYNTHETIC_GENERATOR_V1,SYNTHETIC
PA_009074,2024-10-28,DHAMRA,4,8.0,55.8,LOW,SYNTHETIC_GENERATOR_V1,SYNTHETIC
PA_009075,2024-10-29,DHAMRA,5,10.6,62.2,LOW,SYNTHETIC_GENERATOR_V1,SYNTHETIC
PA_009076,2024-10-30,DHAMRA,8,22.9,76.3,LOW,SYNTHETIC_GENERATOR_V1,SYNTHETIC
PA_009077,2024-10-31,DHAMRA,4,3.7,52.8,LOW,SYNTHETIC_GENERATOR_V1,SYNTHETIC
PA_009078,2024-11-01,DHAMRA,9,27.3,73.9,MEDIUM,SYNTHETIC_GENERATOR_V1,SYNTHETIC
PA_009079,2024-11-02,DHAMRA,6,11.7,56.5,LOW,SYNTHETIC_GENERATOR_V1,SYNTHETIC
PA_009080,2024-11-03,DHAMRA,10,28.7,81.1,MEDIUM,SYNTHETIC_GENERATOR_V1,SYNTHETIC
PA_009081,2024-11-04,DHAMRA,6,16.9,64.4,LOW,SYNTHETIC_GENERATOR_V1,SYNTHETIC
PA_009082,2024-11-05,DHAMRA,7,19.6,67.8,LOW,SYNTHETIC_GENERATOR_V1,SYNTHETIC
PA_009083,2024-11-06,DHAMRA,10,28.8,82.5,MEDIUM,SYNTHETIC_GENERATOR_V1,SYNTHETIC
PA_009084,2024-11-07,DHAMRA,7,19.8,62.6,LOW,SYNTHETIC_GENERATOR_V1,SYNTHETIC
PA_009085,2024-11-08,DHAMRA,9,26.0,75.1,MEDIUM,SYNTHETIC_GENERATOR_V1,SYNTHETIC
PA_009086,2024-11-09,DHAMRA,11,35.5,84.7,MEDIUM,SYNTHETIC_GENERATOR_V1,SYNTHETIC
PA_009087,2024-11-10,DHAMRA,12,38.7,89.5,MEDIUM,SYNTHETIC_GENERATOR_V1,SYNTHETIC
PA_009088,2024-11-11,DHAMRA,6,8.7,62.1,LOW,SYNTHETIC_GENERATOR_V1,SYNTHETIC
PA_009089,2024-11-12,DHAMRA,6,18.8,69.6,LOW,SYNTHETIC_GENERATOR_V1,SYNTHETIC
PA_009090,2024-11-13,DHAMRA,5,10.9,61.5,LOW,SYNTHETIC_GENERATOR_V1,SYNTHETIC
PA_009091,2024-11-14,DHAMRA,10,29.5,80.8,MEDIUM,SYNTHETIC_GENERATOR_V1,SYNTHETIC
PA_009092,2024-11-15,DHAMRA,5,9.7,58.4,LOW,SYNTHETIC_GENERATOR_V1,SYNTHETIC
PA_009093,2024-11-16,DHAMRA,7,19.2,75.9,LOW,SYNTHETIC_GENERATOR_V1,SYNTHETIC
PA_009094,2024-11-17,DHAMRA,7,18.2,75.0,LOW,SYNTHETIC_GENERATOR_V1,SYNTHETIC
PA_009095,2024-11-18,DHAMRA,10,27.5,75.5,MEDIUM,SYNTHETIC_GENERATOR_V1,SYNTHETIC
PA_009096,2024-11-19,DHAMRA,8,21.8,69.2,LOW,SYNTHETIC_GENERATOR_V1,SYNTHETIC
PA_009097,2024-11-20,DHAMRA,4,8.3,56.9,LOW,SYNTHETIC_GENERATOR_V1,SYNTHETIC
PA_009098,2024-11-21,DHAMRA,9,20.0,71.2,LOW,SYNTHETIC_GENERATOR_V1,SYNTHETIC
PA_009099,2024-11-22,DHAMRA,7,13.8,71.4,LOW,SYNTHETIC_GENERATOR_V1,SYNTHETIC
PA_009100,2024-11-23,DHAMRA,5,14.8,59.2,LOW,SYNTHETIC_GENERATOR_V1,SYNTHETIC
PA_009101,2024-11-24,DHAMRA,7,14.5,69.7,LOW,SYNTHETIC_GENERATOR_V1,SYNTHETIC
PA_009102,2024-11-25,DHAMRA,4,6.1,57.7,LOW,SYNTHETIC_GENERATOR_V1,SYNTHETIC
PA_009103,2024-11-26,DHAMRA,7,23.3,73.0,LOW,SYNTHETIC_GENERATOR_V1,SYNTHETIC
PA_009104,2024-11-27,DHAMRA,13,48.9,101.8,MEDIUM,SYNTHETIC_GENERATOR_V1,SYNTHETIC
PA_009105,2024-11-28,DHAMRA,6,12.4,67.7,LOW,SYNTHETIC_GENERATOR_V1,SYNTHETIC
PA_009106,2024-11-29,DHAMRA,9,26.4,76.5,MEDIUM,SYNTHETIC_GENERATOR_V1,SYNTHETIC
PA_009107,2024-11-30,DHAMRA,5,12.6,60.4,LOW,SYNTHETIC_GENERATOR_V1,SYNTHETIC
PA_009108,2024-12-01,DHAMRA,7,20.0,74.1,LOW,SYNTHETIC_GENERATOR_V1,SYNTHETIC
PA_009109,2024-12-02,DHAMRA,13,40.4,96.0,MEDIUM,SYNTHETIC_GENERATOR_V1,SYNTHETIC
PA_009110,2024-12-03,DHAMRA,7,15.4,54.9,LOW,SYNTHETIC_GENERATOR_V1,SYNTHETIC
PA_009111,2024-12-04,DHAMRA,6,15.0,62.4,LOW,SYNTHETIC_GENERATOR_V1,SYNTHETIC
PA_009112,2024-12-05,DHAMRA,5,11.8,62.3,LOW,SYNTHETIC_GENERATOR_V1,SYNTHETIC
PA_009113,2024-12-06,DHAMRA,5,8.8,58.6,LOW,SYNTHETIC_GENERATOR_V1,SYNTHETIC
PA_009114,2024-12-07,DHAMRA,7,13.3,60.2,LOW,SYNTHETIC_GENERATOR_V1,SYNTHETIC
PA_009115,2024-12-08,DHAMRA,11,34.3,82.1,MEDIUM,SYNTHETIC_GENERATOR_V1,SYNTHETIC
PA_009116,2024-12-09,DHAMRA,4,6.5,51.7,LOW,SYNTHETIC_GENERATOR_V1,SYNTHETIC
PA_009117,2024-12-10,DHAMRA,5,10.3,59.7,LOW,SYNTHETIC_GENERATOR_V1,SYNTHETIC
PA_009118,2024-12-11,DHAMRA,7,17.2,65.0,LOW,SYNTHETIC_GENERATOR_V1,SYNTHETIC
PA_009119,2024-12-12,DHAMRA,8,19.6,71.1,LOW,SYNTHETIC_GENERATOR_V1,SYNTHETIC
PA_009120,2024-12-13,DHAMRA,8,18.8,72.8,LOW,SYNTHETIC_GENERATOR_V1,SYNTHETIC
PA_009121,2024-12-14,DHAMRA,8,20.9,67.3,LOW,SYNTHETIC_GENERATOR_V1,SYNTHETIC
PA_009122,2024-12-15,DHAMRA,14,46.6,106.0,MEDIUM,SYNTHETIC_GENERATOR_V1,SYNTHETIC
PA_009123,2024-12-16,DHAMRA,10,32.2,76.7,MEDIUM,SYNTHETIC_GENERATOR_V1,SYNTHETIC
PA_009124,2024-12-17,DHAMRA,8,25.5,69.7,MEDIUM,SYNTHETIC_GENERATOR_V1,SYNTHETIC
PA_009125,2024-12-18,DHAMRA,9,30.0,88.8,MEDIUM,SYNTHETIC_GENERATOR_V1,SYNTHETIC
PA_009126,2024-12-19,DHAMRA,11,33.9,75.9,MEDIUM,SYNTHETIC_GENERATOR_V1,SYNTHETIC
PA_009127,2024-12-20,DHAMRA,8,25.0,80.5,MEDIUM,SYNTHETIC_GENERATOR_V1,SYNTHETIC
PA_009128,2024-12-21,DHAMRA,7,22.5,70.5,LOW,SYNTHETIC_GENERATOR_V1,SYNTHETIC
PA_009129,2024-12-22,DHAMRA,12,48.0,94.5,MEDIUM,SYNTHETIC_GENERATOR_V1,SYNTHETIC
PA_009130,2024-12-23,DHAMRA,9,24.8,74.8,MEDIUM,SYNTHETIC_GENERATOR_V1,SYNTHETIC
PA_009131,2024-12-24,DHAMRA,6,10.2,64.0,LOW,SYNTHETIC_GENERATOR_V1,SYNTHETIC
PA_009132,2024-12-25,DHAMRA,11,36.6,92.7,MEDIUM,SYNTHETIC_GENERATOR_V1,SYNTHETIC
PA_009133,2024-12-26,DHAMRA,5,7.4,62.2,LOW,SYNTHETIC_GENERATOR_V1,SYNTHETIC
PA_009134,2024-12-27,DHAMRA,7,14.2,68.5,LOW,SYNTHETIC_GENERATOR_V1,SYNTHETIC
PA_009135,2024-12-28,DHAMRA,8,19.4,66.5,LOW,SYNTHETIC_GENERATOR_V1,SYNTHETIC
PA_009136,2024-12-29,DHAMRA,9,25.9,79.2,MEDIUM,SYNTHETIC_GENERATOR_V1,SYNTHETIC
PA_009137,2024-12-30,DHAMRA,5,11.9,52.6,LOW,SYNTHETIC_GENERATOR_V1,SYNTHETIC
PA_009138,2024-12-31,DHAMRA,10,31.8,85.8,MEDIUM,SYNTHETIC_GENERATOR_V1,SYNTHETIC
PA_009139,2025-01-01,DHAMRA,5,12.1,64.4,LOW,SYNTHETIC_GENERATOR_V1,SYNTHETIC
PA_009140,2025-01-02,DHAMRA,7,20.2,67.4,LOW,SYNTHETIC_GENERATOR_V1,SYNTHETIC
PA_009141,2025-01-03,DHAMRA,11,34.5,78.8,MEDIUM,SYNTHETIC_GENERATOR_V1,SYNTHETIC
PA_009142,2025-01-04,DHAMRA,8,18.9,73.3,LOW,SYNTHETIC_GENERATOR_V1,SYNTHETIC
PA_009143,2025-01-05,DHAMRA,3,6.9,60.2,LOW,SYNTHETIC_GENERATOR_V1,SYNTHETIC
PA_009144,2025-01-06,DHAMRA,4,8.7,58.5,LOW,SYNTHETIC_GENERATOR_V1,SYNTHETIC
PA_009145,2025-01-07,DHAMRA,9,30.7,79.5,MEDIUM,SYNTHETIC_GENERATOR_V1,SYNTHETIC
PA_009146,2025-01-08,DHAMRA,12,35.4,81.2,MEDIUM,SYNTHETIC_GENERATOR_V1,SYNTHETIC
PA_009147,2025-01-09,DHAMRA,5,11.4,62.6,LOW,SYNTHETIC_GENERATOR_V1,SYNTHETIC
PA_009148,2025-01-10,DHAMRA,13,46.4,91.2,MEDIUM,SYNTHETIC_GENERATOR_V1,SYNTHETIC
PA_009149,2025-01-11,DHAMRA,9,24.7,78.6,MEDIUM,SYNTHETIC_GENERATOR_V1,SYNTHETIC
PA_009150,2025-01-12,DHAMRA,7,15.9,67.2,LOW,SYNTHETIC_GENERATOR_V1,SYNTHETIC
PA_009151,2025-01-13,DHAMRA,6,10.1,57.0,LOW,SYNTHETIC_GENERATOR_V1,SYNTHETIC
PA_009152,2025-01-14,DHAMRA,10,25.1,71.9,MEDIUM,SYNTHETIC_GENERATOR_V1,SYNTHETIC
PA_009153,2025-01-15,DHAMRA,10,36.5,88.3,MEDIUM,SYNTHETIC_GENERATOR_V1,SYNTHETIC
PA_009154,2025-01-16,DHAMRA,9,22.2,73.2,LOW,SYNTHETIC_GENERATOR_V1,SYNTHETIC
PA_009155,2025-01-17,DHAMRA,9,25.9,75.0,MEDIUM,SYNTHETIC_GENERATOR_V1,SYNTHETIC
PA_009156,2025-01-18,DHAMRA,9,29.9,85.4,MEDIUM,SYNTHETIC_GENERATOR_V1,SYNTHETIC
PA_009157,2025-01-19,DHAMRA,5,19.2,67.2,LOW,SYNTHETIC_GENERATOR_V1,SYNTHETIC
PA_009158,2025-01-20,DHAMRA,11,44.6,96.6,MEDIUM,SYNTHETIC_GENERATOR_V1,SYNTHETIC
PA_009159,2025-01-21,DHAMRA,2,9.6,60.5,LOW,SYNTHETIC_GENERATOR_V1,SYNTHETIC
PA_009160,2025-01-22,DHAMRA,6,12.7,68.3,LOW,SYNTHETIC_GENERATOR_V1,SYNTHETIC
PA_009161,2025-01-23,DHAMRA,4,1.0,51.4,LOW,SYNTHETIC_GENERATOR_V1,SYNTHETIC
PA_009162,2025-01-24,DHAMRA,9,18.7,64.9,LOW,SYNTHETIC_GENERATOR_V1,SYNTHETIC
PA_009163,2025-01-25,DHAMRA,11,33.5,83.9,MEDIUM,SYNTHETIC_GENERATOR_V1,SYNTHETIC
PA_009164,2025-01-26,DHAMRA,7,22.5,67.3,LOW,SYNTHETIC_GENERATOR_V1,SYNTHETIC
PA_009165,2025-01-27,DHAMRA,11,39.4,90.0,MEDIUM,SYNTHETIC_GENERATOR_V1,SYNTHETIC
PA_009166,2025-01-28,DHAMRA,4,7.7,56.2,LOW,SYNTHETIC_GENERATOR_V1,SYNTHETIC
PA_009167,2025-01-29,DHAMRA,7,22.0,69.3,LOW,SYNTHETIC_GENERATOR_V1,SYNTHETIC
PA_009168,2025-01-30,DHAMRA,15,58.0,116.7,MEDIUM,SYNTHETIC_GENERATOR_V1,SYNTHETIC
PA_009169,2025-01-31,DHAMRA,9,24.0,70.2,MEDIUM,SYNTHETIC_GENERATOR_V1,SYNTHETIC
PA_009170,2025-02-01,DHAMRA,6,21.1,73.1,LOW,SYNTHETIC_GENERATOR_V1,SYNTHETIC
PA_009171,2025-02-02,DHAMRA,12,41.2,96.5,MEDIUM,SYNTHETIC_GENERATOR_V1,SYNTHETIC
PA_009172,2025-02-03,DHAMRA,6,11.5,60.5,LOW,SYNTHETIC_GENERATOR_V1,SYNTHETIC
PA_009173,2025-02-04,DHAMRA,11,34.0,88.7,MEDIUM,SYNTHETIC_GENERATOR_V1,SYNTHETIC
PA_009174,2025-02-05,DHAMRA,10,33.4,82.2,MEDIUM,SYNTHETIC_GENERATOR_V1,SYNTHETIC
PA_009175,2025-02-06,DHAMRA,3,8.9,57.6,LOW,SYNTHETIC_GENERATOR_V1,SYNTHETIC
PA_009176,2025-02-07,DHAMRA,8,21.3,72.3,LOW,SYNTHETIC_GENERATOR_V1,SYNTHETIC
PA_009177,2025-02-08,DHAMRA,9,22.5,68.4,LOW,SYNTHETIC_GENERATOR_V1,SYNTHETIC
PA_009178,2025-02-09,DHAMRA,6,10.6,66.0,LOW,SYNTHETIC_GENERATOR_V1,SYNTHETIC
PA_009179,2025-02-10,DHAMRA,4,0.0,59.8,LOW,SYNTHETIC_GENERATOR_V1,SYNTHETIC
PA_009180,2025-02-11,DHAMRA,7,18.7,69.0,LOW,SYNTHETIC_GENERATOR_V1,SYNTHETIC
PA_009181,2025-02-12,DHAMRA,5,17.5,68.0,LOW,SYNTHETIC_GENERATOR_V1,SYNTHETIC
PA_009182,2025-02-13,DHAMRA,10,28.0,76.4,MEDIUM,SYNTHETIC_GENERATOR_V1,SYNTHETIC
PA_009183,2025-02-14,DHAMRA,11,41.1,92.4,MEDIUM,SYNTHETIC_GENERATOR_V1,SYNTHETIC
PA_009184,2025-02-15,DHAMRA,9,27.0,77.4,MEDIUM,SYNTHETIC_GENERATOR_V1,SYNTHETIC
PA_009185,2025-02-16,DHAMRA,6,16.3,67.5,LOW,SYNTHETIC_GENERATOR_V1,SYNTHETIC
PA_009186,2025-02-17,DHAMRA,5,12.5,56.2,LOW,SYNTHETIC_GENERATOR_V1,SYNTHETIC
PA_009187,2025-02-18,DHAMRA,12,42.3,93.2,MEDIUM,SYNTHETIC_GENERATOR_V1,SYNTHETIC
PA_009188,2025-02-19,DHAMRA,10,26.0,74.2,MEDIUM,SYNTHETIC_GENERATOR_V1,SYNTHETIC
PA_009189,2025-02-20,DHAMRA,7,16.2,66.3,LOW,SYNTHETIC_GENERATOR_V1,SYNTHETIC
PA_009190,2025-02-21,DHAMRA,10,32.0,86.1,MEDIUM,SYNTHETIC_GENERATOR_V1,SYNTHETIC
PA_009191,2025-02-22,DHAMRA,7,16.0,65.7,LOW,SYNTHETIC_GENERATOR_V1,SYNTHETIC
PA_009192,2025-02-23,DHAMRA,10,33.7,78.8,MEDIUM,SYNTHETIC_GENERATOR_V1,SYNTHETIC
PA_009193,2025-02-24,DHAMRA,9,26.1,74.5,MEDIUM,SYNTHETIC_GENERATOR_V1,SYNTHETIC
PA_009194,2025-02-25,DHAMRA,3,3.1,50.6,LOW,SYNTHETIC_GENERATOR_V1,SYNTHETIC
PA_009195,2025-02-26,DHAMRA,5,12.4,60.2,LOW,SYNTHETIC_GENERATOR_V1,SYNTHETIC
PA_009196,2025-02-27,DHAMRA,4,2.5,53.9,LOW,SYNTHETIC_GENERATOR_V1,SYNTHETIC
PA_009197,2025-02-28,DHAMRA,3,6.4,52.7,LOW,SYNTHETIC_GENERATOR_V1,SYNTHETIC
PA_009198,2025-03-01,DHAMRA,6,12.0,54.4,LOW,SYNTHETIC_GENERATOR_V1,SYNTHETIC
PA_009199,2025-03-02,DHAMRA,5,12.0,61.1,LOW,SYNTHETIC_GENERATOR_V1,SYNTHETIC
PA_009200,2025-03-03,DHAMRA,6,14.0,63.0,LOW,SYNTHETIC_GENERATOR_V1,SYNTHETIC
PA_009201,2025-03-04,DHAMRA,5,11.7,54.4,LOW,SYNTHETIC_GENERATOR_V1,SYNTHETIC
PA_009202,2025-03-05,DHAMRA,8,19.8,70.5,LOW,SYNTHETIC_GENERATOR_V1,SYNTHETIC
PA_009203,2025-03-06,DHAMRA,5,11.3,56.4,LOW,SYNTHETIC_GENERATOR_V1,SYNTHETIC
PA_009204,2025-03-07,DHAMRA,6,8.2,56.5,LOW,SYNTHETIC_GENERATOR_V1,SYNTHETIC
PA_009205,2025-03-08,DHAMRA,8,18.3,71.4,LOW,SYNTHETIC_GENERATOR_V1,SYNTHETIC
PA_009206,2025-03-09,DHAMRA,9,23.0,69.7,LOW,SYNTHETIC_GENERATOR_V1,SYNTHETIC
PA_009207,2025-03-10,DHAMRA,12,38.5,95.7,MEDIUM,SYNTHETIC_GENERATOR_V1,SYNTHETIC
PA_009208,2025-03-11,DHAMRA,7,11.8,59.4,LOW,SYNTHETIC_GENERATOR_V1,SYNTHETIC
PA_009209,2025-03-12,DHAMRA,9,26.7,77.7,MEDIUM,SYNTHETIC_GENERATOR_V1,SYNTHETIC
PA_009210,2025-03-13,DHAMRA,9,30.2,79.0,MEDIUM,SYNTHETIC_GENERATOR_V1,SYNTHETIC
PA_009211,2025-03-14,DHAMRA,6,6.8,49.5,LOW,SYNTHETIC_GENERATOR_V1,SYNTHETIC
PA_009212,2025-03-15,DHAMRA,2,6.8,63.8,LOW,SYNTHETIC_GENERATOR_V1,SYNTHETIC
PA_009213,2025-03-16,DHAMRA,7,17.8,68.6,LOW,SYNTHETIC_GENERATOR_V1,SYNTHETIC
PA_009214,2025-03-17,DHAMRA,9,24.5,72.1,MEDIUM,SYNTHETIC_GENERATOR_V1,SYNTHETIC
PA_009215,2025-03-18,DHAMRA,10,30.2,81.3,MEDIUM,SYNTHETIC_GENERATOR_V1,SYNTHETIC
PA_009216,2025-03-19,DHAMRA,8,21.7,70.0,LOW,SYNTHETIC_GENERATOR_V1,SYNTHETIC
PA_009217,2025-03-20,DHAMRA,6,9.9,58.8,LOW,SYNTHETIC_GENERATOR_V1,SYNTHETIC
PA_009218,2025-03-21,DHAMRA,7,13.3,61.8,LOW,SYNTHETIC_GENERATOR_V1,SYNTHETIC
PA_009219,2025-03-22,DHAMRA,7,14.4,64.2,LOW,SYNTHETIC_GENERATOR_V1,SYNTHETIC
PA_009220,2025-03-23,DHAMRA,11,35.6,87.3,MEDIUM,SYNTHETIC_GENERATOR_V1,SYNTHETIC
PA_009221,2025-03-24,DHAMRA,7,18.6,68.9,LOW,SYNTHETIC_GENERATOR_V1,SYNTHETIC
PA_009222,2025-03-25,DHAMRA,5,10.8,63.2,LOW,SYNTHETIC_GENERATOR_V1,SYNTHETIC
PA_009223,2025-03-26,DHAMRA,8,25.3,74.6,MEDIUM,SYNTHETIC_GENERATOR_V1,SYNTHETIC
PA_009224,2025-03-27,DHAMRA,8,23.5,70.8,LOW,SYNTHETIC_GENERATOR_V1,SYNTHETIC
PA_009225,2025-03-28,DHAMRA,7,19.3,67.5,LOW,SYNTHETIC_GENERATOR_V1,SYNTHETIC
PA_009226,2025-03-29,DHAMRA,19,86.9,127.5,HIGH,SYNTHETIC_GENERATOR_V1,SYNTHETIC
PA_009227,2025-03-30,DHAMRA,13,45.5,89.1,MEDIUM,SYNTHETIC_GENERATOR_V1,SYNTHETIC
PA_009228,2025-03-31,DHAMRA,4,3.3,53.3,LOW,SYNTHETIC_GENERATOR_V1,SYNTHETIC
PA_009229,2025-04-01,DHAMRA,9,24.8,76.6,MEDIUM,SYNTHETIC_GENERATOR_V1,SYNTHETIC
PA_009230,2025-04-02,DHAMRA,4,8.2,65.1,LOW,SYNTHETIC_GENERATOR_V1,SYNTHETIC
PA_009231,2025-04-03,DHAMRA,9,27.7,83.5,MEDIUM,SYNTHETIC_GENERATOR_V1,SYNTHETIC
PA_009232,2025-04-04,DHAMRA,13,42.0,95.2,MEDIUM,SYNTHETIC_GENERATOR_V1,SYNTHETIC
PA_009233,2025-04-05,DHAMRA,11,33.7,85.5,MEDIUM,SYNTHETIC_GENERATOR_V1,SYNTHETIC
PA_009234,2025-04-06,DHAMRA,5,6.7,57.5,LOW,SYNTHETIC_GENERATOR_V1,SYNTHETIC
PA_009235,2025-04-07,DHAMRA,5,6.6,54.9,LOW,SYNTHETIC_GENERATOR_V1,SYNTHETIC
PA_009236,2025-04-08,DHAMRA,6,19.5,71.0,LOW,SYNTHETIC_GENERATOR_V1,SYNTHETIC
PA_009237,2025-04-09,DHAMRA,9,22.8,81.2,LOW,SYNTHETIC_GENERATOR_V1,SYNTHETIC
PA_009238,2025-04-10,DHAMRA,11,33.4,82.8,MEDIUM,SYNTHETIC_GENERATOR_V1,SYNTHETIC
PA_009239,2025-04-11,DHAMRA,7,19.2,73.6,LOW,SYNTHETIC_GENERATOR_V1,SYNTHETIC
PA_009240,2025-04-12,DHAMRA,10,24.6,73.4,MEDIUM,SYNTHETIC_GENERATOR_V1,SYNTHETIC
PA_009241,2025-04-13,DHAMRA,7,17.2,65.1,LOW,SYNTHETIC_GENERATOR_V1,SYNTHETIC
PA_009242,2025-04-14,DHAMRA,3,3.3,52.0,LOW,SYNTHETIC_GENERATOR_V1,SYNTHETIC
PA_009243,2025-04-15,DHAMRA,6,10.3,58.4,LOW,SYNTHETIC_GENERATOR_V1,SYNTHETIC
PA_009244,2025-04-16,DHAMRA,11,42.8,85.9,MEDIUM,SYNTHETIC_GENERATOR_V1,SYNTHETIC
PA_009245,2025-04-17,DHAMRA,7,17.1,67.4,LOW,SYNTHETIC_GENERATOR_V1,SYNTHETIC
PA_009246,2025-04-18,DHAMRA,6,10.7,57.8,LOW,SYNTHETIC_GENERATOR_V1,SYNTHETIC
PA_009247,2025-04-19,DHAMRA,7,14.4,58.8,LOW,SYNTHETIC_GENERATOR_V1,SYNTHETIC
PA_009248,2025-04-20,DHAMRA,7,12.1,63.9,LOW,SYNTHETIC_GENERATOR_V1,SYNTHETIC
PA_009249,2025-04-21,DHAMRA,11,37.3,85.2,MEDIUM,SYNTHETIC_GENERATOR_V1,SYNTHETIC
PA_009250,2025-04-22,DHAMRA,7,11.4,59.6,LOW,SYNTHETIC_GENERATOR_V1,SYNTHETIC
PA_009251,2025-04-23,DHAMRA,10,30.5,82.3,MEDIUM,SYNTHETIC_GENERATOR_V1,SYNTHETIC
PA_009252,2025-04-24,DHAMRA,7,15.8,62.0,LOW,SYNTHETIC_GENERATOR_V1,SYNTHETIC
PA_009253,2025-04-25,DHAMRA,8,17.3,73.5,LOW,SYNTHETIC_GENERATOR_V1,SYNTHETIC
PA_009254,2025-04-26,DHAMRA,5,19.7,74.5,LOW,SYNTHETIC_GENERATOR_V1,SYNTHETIC
PA_009255,2025-04-27,DHAMRA,9,25.1,79.3,MEDIUM,SYNTHETIC_GENERATOR_V1,SYNTHETIC
PA_009256,2025-04-28,DHAMRA,10,29.2,72.7,MEDIUM,SYNTHETIC_GENERATOR_V1,SYNTHETIC
PA_009257,2025-04-29,DHAMRA,8,25.0,70.2,MEDIUM,SYNTHETIC_GENERATOR_V1,SYNTHETIC
PA_009258,2025-04-30,DHAMRA,10,26.4,76.5,MEDIUM,SYNTHETIC_GENERATOR_V1,SYNTHETIC
PA_009259,2025-05-01,DHAMRA,8,26.5,70.5,MEDIUM,SYNTHETIC_GENERATOR_V1,SYNTHETIC
PA_009260,2025-05-02,DHAMRA,8,22.8,77.9,LOW,SYNTHETIC_GENERATOR_V1,SYNTHETIC
PA_009261,2025-05-03,DHAMRA,8,22.5,69.7,LOW,SYNTHETIC_GENERATOR_V1,SYNTHETIC
PA_009262,2025-05-04,DHAMRA,9,22.9,68.6,LOW,SYNTHETIC_GENERATOR_V1,SYNTHETIC
PA_009263,2025-05-05,DHAMRA,7,21.0,67.9,LOW,SYNTHETIC_GENERATOR_V1,SYNTHETIC
PA_009264,2025-05-06,DHAMRA,6,15.1,71.6,LOW,SYNTHETIC_GENERATOR_V1,SYNTHETIC
PA_009265,2025-05-07,DHAMRA,3,0.0,53.3,LOW,SYNTHETIC_GENERATOR_V1,SYNTHETIC
PA_009266,2025-05-08,DHAMRA,9,22.7,71.5,LOW,SYNTHETIC_GENERATOR_V1,SYNTHETIC
PA_009267,2025-05-09,DHAMRA,14,55.0,107.7,MEDIUM,SYNTHETIC_GENERATOR_V1,SYNTHETIC
PA_009268,2025-05-10,DHAMRA,6,15.2,59.1,LOW,SYNTHETIC_GENERATOR_V1,SYNTHETIC
PA_009269,2025-05-11,DHAMRA,5,12.9,59.2,LOW,SYNTHETIC_GENERATOR_V1,SYNTHETIC
PA_009270,2025-05-12,DHAMRA,8,18.0,71.9,LOW,SYNTHETIC_GENERATOR_V1,SYNTHETIC
PA_009271,2025-05-13,DHAMRA,7,16.8,66.9,LOW,SYNTHETIC_GENERATOR_V1,SYNTHETIC
PA_009272,2025-05-14,DHAMRA,12,39.8,84.4,MEDIUM,SYNTHETIC_GENERATOR_V1,SYNTHETIC
PA_009273,2025-05-15,DHAMRA,8,17.3,71.9,LOW,SYNTHETIC_GENERATOR_V1,SYNTHETIC
PA_009274,2025-05-16,DHAMRA,9,29.8,77.8,MEDIUM,SYNTHETIC_GENERATOR_V1,SYNTHETIC
PA_009275,2025-05-17,DHAMRA,6,14.6,62.3,LOW,SYNTHETIC_GENERATOR_V1,SYNTHETIC
PA_009276,2025-05-18,DHAMRA,9,22.8,66.8,LOW,SYNTHETIC_GENERATOR_V1,SYNTHETIC
PA_009277,2025-05-19,DHAMRA,10,33.1,87.8,MEDIUM,SYNTHETIC_GENERATOR_V1,SYNTHETIC
PA_009278,2025-05-20,DHAMRA,7,17.8,74.9,LOW,SYNTHETIC_GENERATOR_V1,SYNTHETIC
PA_009279,2025-05-21,DHAMRA,9,29.8,83.7,MEDIUM,SYNTHETIC_GENERATOR_V1,SYNTHETIC
PA_009280,2025-05-22,DHAMRA,5,13.3,62.7,LOW,SYNTHETIC_GENERATOR_V1,SYNTHETIC
PA_009281,2025-05-23,DHAMRA,10,26.2,77.7,MEDIUM,SYNTHETIC_GENERATOR_V1,SYNTHETIC
PA_009282,2025-05-24,DHAMRA,8,19.1,67.3,LOW,SYNTHETIC_GENERATOR_V1,SYNTHETIC
PA_009283,2025-05-25,DHAMRA,10,31.2,75.6,MEDIUM,SYNTHETIC_GENERATOR_V1,SYNTHETIC
PA_009284,2025-05-26,DHAMRA,14,44.7,88.8,MEDIUM,SYNTHETIC_GENERATOR_V1,SYNTHETIC
PA_009285,2025-05-27,DHAMRA,7,15.3,64.6,LOW,SYNTHETIC_GENERATOR_V1,SYNTHETIC
PA_009286,2025-05-28,DHAMRA,15,56.9,108.2,MEDIUM,SYNTHETIC_GENERATOR_V1,SYNTHETIC
PA_009287,2025-05-29,DHAMRA,6,6.2,52.9,LOW,SYNTHETIC_GENERATOR_V1,SYNTHETIC
PA_009288,2025-05-30,DHAMRA,6,11.0,56.4,LOW,SYNTHETIC_GENERATOR_V1,SYNTHETIC
PA_009289,2025-05-31,DHAMRA,8,21.1,72.6,LOW,SYNTHETIC_GENERATOR_V1,SYNTHETIC
PA_009290,2025-06-01,DHAMRA,11,38.8,85.6,MEDIUM,SYNTHETIC_GENERATOR_V1,SYNTHETIC
PA_009291,2025-06-02,DHAMRA,8,18.0,63.1,LOW,SYNTHETIC_GENERATOR_V1,SYNTHETIC
PA_009292,2025-06-03,DHAMRA,5,16.8,69.2,LOW,SYNTHETIC_GENERATOR_V1,SYNTHETIC
PA_009293,2025-06-04,DHAMRA,12,41.3,87.1,MEDIUM,SYNTHETIC_GENERATOR_V1,SYNTHETIC
PA_009294,2025-06-05,DHAMRA,6,10.7,60.7,LOW,SYNTHETIC_GENERATOR_V1,SYNTHETIC
PA_009295,2025-06-06,DHAMRA,5,13.4,66.2,LOW,SYNTHETIC_GENERATOR_V1,SYNTHETIC
PA_009296,2025-06-07,DHAMRA,4,8.8,59.4,LOW,SYNTHETIC_GENERATOR_V1,SYNTHETIC
PA_009297,2025-06-08,DHAMRA,7,21.9,69.5,LOW,SYNTHETIC_GENERATOR_V1,SYNTHETIC
PA_009298,2025-06-09,DHAMRA,8,26.3,72.8,MEDIUM,SYNTHETIC_GENERATOR_V1,SYNTHETIC
PA_009299,2025-06-10,DHAMRA,3,6.7,59.4,LOW,SYNTHETIC_GENERATOR_V1,SYNTHETIC
PA_009300,2025-06-11,DHAMRA,8,25.0,77.2,MEDIUM,SYNTHETIC_GENERATOR_V1,SYNTHETIC
PA_009301,2025-06-12,DHAMRA,8,18.4,66.6,LOW,SYNTHETIC_GENERATOR_V1,SYNTHETIC
PA_009302,2025-06-13,DHAMRA,10,34.1,81.6,MEDIUM,SYNTHETIC_GENERATOR_V1,SYNTHETIC
PA_009303,2025-06-14,DHAMRA,8,18.9,70.9,LOW,SYNTHETIC_GENERATOR_V1,SYNTHETIC
PA_009304,2025-06-15,DHAMRA,12,46.6,96.2,MEDIUM,SYNTHETIC_GENERATOR_V1,SYNTHETIC
PA_009305,2025-06-16,DHAMRA,2,2.0,50.9,LOW,SYNTHETIC_GENERATOR_V1,SYNTHETIC
PA_009306,2025-06-17,DHAMRA,6,16.0,70.8,LOW,SYNTHETIC_GENERATOR_V1,SYNTHETIC
PA_009307,2025-06-18,DHAMRA,15,55.5,112.1,MEDIUM,SYNTHETIC_GENERATOR_V1,SYNTHETIC
PA_009308,2025-06-19,DHAMRA,6,12.9,61.9,LOW,SYNTHETIC_GENERATOR_V1,SYNTHETIC
PA_009309,2025-06-20,DHAMRA,6,13.2,59.3,LOW,SYNTHETIC_GENERATOR_V1,SYNTHETIC
PA_009310,2025-06-21,DHAMRA,5,16.4,65.3,LOW,SYNTHETIC_GENERATOR_V1,SYNTHETIC
PA_009311,2025-06-22,DHAMRA,10,34.3,84.4,MEDIUM,SYNTHETIC_GENERATOR_V1,SYNTHETIC
PA_009312,2025-06-23,DHAMRA,10,28.0,72.9,MEDIUM,SYNTHETIC_GENERATOR_V1,SYNTHETIC
PA_009313,2025-06-24,DHAMRA,8,23.5,72.3,LOW,SYNTHETIC_GENERATOR_V1,SYNTHETIC
PA_009314,2025-06-25,DHAMRA,6,14.9,64.9,LOW,SYNTHETIC_GENERATOR_V1,SYNTHETIC
PA_009315,2025-06-26,DHAMRA,6,10.9,56.4,LOW,SYNTHETIC_GENERATOR_V1,SYNTHETIC
PA_009316,2025-06-27,DHAMRA,6,8.9,57.7,LOW,SYNTHETIC_GENERATOR_V1,SYNTHETIC
PA_009317,2025-06-28,DHAMRA,6,11.5,68.1,LOW,SYNTHETIC_GENERATOR_V1,SYNTHETIC
PA_009318,2025-06-29,DHAMRA,4,0.0,58.2,LOW,SYNTHETIC_GENERATOR_V1,SYNTHETIC
PA_009319,2025-06-30,DHAMRA,5,12.1,63.4,LOW,SYNTHETIC_GENERATOR_V1,SYNTHETIC
PA_009320,2025-07-01,DHAMRA,6,13.1,60.7,LOW,SYNTHETIC_GENERATOR_V1,SYNTHETIC
PA_009321,2025-07-02,DHAMRA,3,1.5,51.0,LOW,SYNTHETIC_GENERATOR_V1,SYNTHETIC
PA_009322,2025-07-03,DHAMRA,5,7.6,51.9,LOW,SYNTHETIC_GENERATOR_V1,SYNTHETIC
PA_009323,2025-07-04,DHAMRA,11,35.1,87.7,MEDIUM,SYNTHETIC_GENERATOR_V1,SYNTHETIC
PA_009324,2025-07-05,DHAMRA,5,10.1,63.7,LOW,SYNTHETIC_GENERATOR_V1,SYNTHETIC
PA_009325,2025-07-06,DHAMRA,9,31.0,84.2,MEDIUM,SYNTHETIC_GENERATOR_V1,SYNTHETIC
PA_009326,2025-07-07,DHAMRA,13,48.5,92.7,MEDIUM,SYNTHETIC_GENERATOR_V1,SYNTHETIC
PA_009327,2025-07-08,DHAMRA,8,18.9,61.1,LOW,SYNTHETIC_GENERATOR_V1,SYNTHETIC
PA_009328,2025-07-09,DHAMRA,14,44.8,101.8,MEDIUM,SYNTHETIC_GENERATOR_V1,SYNTHETIC
PA_009329,2025-07-10,DHAMRA,5,16.7,70.7,LOW,SYNTHETIC_GENERATOR_V1,SYNTHETIC
PA_009330,2025-07-11,DHAMRA,7,13.7,62.8,LOW,SYNTHETIC_GENERATOR_V1,SYNTHETIC
PA_009331,2025-07-12,DHAMRA,3,4.3,48.1,LOW,SYNTHETIC_GENERATOR_V1,SYNTHETIC
PA_009332,2025-07-13,DHAMRA,10,25.6,71.6,MEDIUM,SYNTHETIC_GENERATOR_V1,SYNTHETIC
PA_009333,2025-07-14,DHAMRA,7,17.8,67.1,LOW,SYNTHETIC_GENERATOR_V1,SYNTHETIC
PA_009334,2025-07-15,DHAMRA,9,21.5,71.3,LOW,SYNTHETIC_GENERATOR_V1,SYNTHETIC
PA_009335,2025-07-16,DHAMRA,11,34.1,86.0,MEDIUM,SYNTHETIC_GENERATOR_V1,SYNTHETIC
PA_009336,2025-07-17,DHAMRA,12,40.0,94.8,MEDIUM,SYNTHETIC_GENERATOR_V1,SYNTHETIC
PA_009337,2025-07-18,DHAMRA,6,4.0,57.5,LOW,SYNTHETIC_GENERATOR_V1,SYNTHETIC
PA_009338,2025-07-19,DHAMRA,3,5.0,55.4,LOW,SYNTHETIC_GENERATOR_V1,SYNTHETIC
PA_009339,2025-07-20,DHAMRA,6,16.0,67.8,LOW,SYNTHETIC_GENERATOR_V1,SYNTHETIC
PA_009340,2025-07-21,DHAMRA,7,13.2,63.0,LOW,SYNTHETIC_GENERATOR_V1,SYNTHETIC
PA_009341,2025-07-22,DHAMRA,8,24.6,70.4,MEDIUM,SYNTHETIC_GENERATOR_V1,SYNTHETIC
PA_009342,2025-07-23,DHAMRA,10,30.8,83.8,MEDIUM,SYNTHETIC_GENERATOR_V1,SYNTHETIC
PA_009343,2025-07-24,DHAMRA,13,45.2,98.6,MEDIUM,SYNTHETIC_GENERATOR_V1,SYNTHETIC
PA_009344,2025-07-25,DHAMRA,4,8.8,56.0,LOW,SYNTHETIC_GENERATOR_V1,SYNTHETIC
PA_009345,2025-07-26,DHAMRA,7,17.3,63.8,LOW,SYNTHETIC_GENERATOR_V1,SYNTHETIC
PA_009346,2025-07-27,DHAMRA,8,21.6,68.6,LOW,SYNTHETIC_GENERATOR_V1,SYNTHETIC
PA_009347,2025-07-28,DHAMRA,5,14.2,55.5,LOW,SYNTHETIC_GENERATOR_V1,SYNTHETIC
PA_009348,2025-07-29,DHAMRA,7,18.4,65.2,LOW,SYNTHETIC_GENERATOR_V1,SYNTHETIC
PA_009349,2025-07-30,DHAMRA,6,12.2,63.8,LOW,SYNTHETIC_GENERATOR_V1,SYNTHETIC
PA_009350,2025-07-31,DHAMRA,5,11.6,65.3,LOW,SYNTHETIC_GENERATOR_V1,SYNTHETIC
PA_009351,2025-08-01,DHAMRA,6,13.8,62.6,LOW,SYNTHETIC_GENERATOR_V1,SYNTHETIC
PA_009352,2025-08-02,DHAMRA,5,8.2,57.8,LOW,SYNTHETIC_GENERATOR_V1,SYNTHETIC
PA_009353,2025-08-03,DHAMRA,3,14.1,61.9,LOW,SYNTHETIC_GENERATOR_V1,SYNTHETIC
PA_009354,2025-08-04,DHAMRA,12,37.5,82.2,MEDIUM,SYNTHETIC_GENERATOR_V1,SYNTHETIC
PA_009355,2025-08-05,DHAMRA,9,26.7,72.9,MEDIUM,SYNTHETIC_GENERATOR_V1,SYNTHETIC
PA_009356,2025-08-06,DHAMRA,10,32.7,83.8,MEDIUM,SYNTHETIC_GENERATOR_V1,SYNTHETIC
PA_009357,2025-08-07,DHAMRA,6,20.9,65.4,LOW,SYNTHETIC_GENERATOR_V1,SYNTHETIC
PA_009358,2025-08-08,DHAMRA,7,14.7,60.9,LOW,SYNTHETIC_GENERATOR_V1,SYNTHETIC
PA_009359,2025-08-09,DHAMRA,6,9.3,60.1,LOW,SYNTHETIC_GENERATOR_V1,SYNTHETIC
PA_009360,2025-08-10,DHAMRA,5,7.9,60.7,LOW,SYNTHETIC_GENERATOR_V1,SYNTHETIC
PA_009361,2025-08-11,DHAMRA,14,49.7,98.6,MEDIUM,SYNTHETIC_GENERATOR_V1,SYNTHETIC
PA_009362,2025-08-12,DHAMRA,2,3.1,46.1,LOW,SYNTHETIC_GENERATOR_V1,SYNTHETIC
PA_009363,2025-08-13,DHAMRA,5,16.1,66.2,LOW,SYNTHETIC_GENERATOR_V1,SYNTHETIC
PA_009364,2025-08-14,DHAMRA,7,15.6,61.3,LOW,SYNTHETIC_GENERATOR_V1,SYNTHETIC
PA_009365,2025-08-15,DHAMRA,8,21.6,68.8,LOW,SYNTHETIC_GENERATOR_V1,SYNTHETIC
PA_009366,2025-08-16,DHAMRA,7,15.2,62.3,LOW,SYNTHETIC_GENERATOR_V1,SYNTHETIC
PA_009367,2025-08-17,DHAMRA,11,36.2,88.9,MEDIUM,SYNTHETIC_GENERATOR_V1,SYNTHETIC
PA_009368,2025-08-18,DHAMRA,8,21.2,70.7,LOW,SYNTHETIC_GENERATOR_V1,SYNTHETIC
PA_009369,2025-08-19,DHAMRA,12,48.6,102.5,MEDIUM,SYNTHETIC_GENERATOR_V1,SYNTHETIC
PA_009370,2025-08-20,DHAMRA,18,77.2,127.3,HIGH,SYNTHETIC_GENERATOR_V1,SYNTHETIC
PA_009371,2025-08-21,DHAMRA,9,28.4,78.7,MEDIUM,SYNTHETIC_GENERATOR_V1,SYNTHETIC
PA_009372,2025-08-22,DHAMRA,7,9.7,65.9,LOW,SYNTHETIC_GENERATOR_V1,SYNTHETIC
PA_009373,2025-08-23,DHAMRA,9,28.2,76.0,MEDIUM,SYNTHETIC_GENERATOR_V1,SYNTHETIC
PA_009374,2025-08-24,DHAMRA,9,31.8,82.1,MEDIUM,SYNTHETIC_GENERATOR_V1,SYNTHETIC
PA_009375,2025-08-25,DHAMRA,9,23.4,74.1,LOW,SYNTHETIC_GENERATOR_V1,SYNTHETIC
PA_009376,2025-08-26,DHAMRA,9,23.1,76.5,LOW,SYNTHETIC_GENERATOR_V1,SYNTHETIC
PA_009377,2025-08-27,DHAMRA,4,7.0,54.3,LOW,SYNTHETIC_GENERATOR_V1,SYNTHETIC
PA_009378,2025-08-28,DHAMRA,8,18.9,67.3,LOW,SYNTHETIC_GENERATOR_V1,SYNTHETIC
PA_009379,2025-08-29,DHAMRA,9,27.4,75.7,MEDIUM,SYNTHETIC_GENERATOR_V1,SYNTHETIC
PA_009380,2025-08-30,DHAMRA,5,16.6,66.0,LOW,SYNTHETIC_GENERATOR_V1,SYNTHETIC
PA_009381,2025-08-31,DHAMRA,9,24.1,68.7,MEDIUM,SYNTHETIC_GENERATOR_V1,SYNTHETIC
PA_009382,2025-09-01,DHAMRA,13,49.1,100.9,MEDIUM,SYNTHETIC_GENERATOR_V1,SYNTHETIC
PA_009383,2025-09-02,DHAMRA,8,17.4,72.7,LOW,SYNTHETIC_GENERATOR_V1,SYNTHETIC
PA_009384,2025-09-03,DHAMRA,9,24.4,78.1,MEDIUM,SYNTHETIC_GENERATOR_V1,SYNTHETIC
PA_009385,2025-09-04,DHAMRA,13,45.6,93.6,MEDIUM,SYNTHETIC_GENERATOR_V1,SYNTHETIC
PA_009386,2025-09-05,DHAMRA,8,22.0,68.3,LOW,SYNTHETIC_GENERATOR_V1,SYNTHETIC
PA_009387,2025-09-06,DHAMRA,9,21.2,67.9,LOW,SYNTHETIC_GENERATOR_V1,SYNTHETIC
PA_009388,2025-09-07,DHAMRA,9,21.3,69.3,LOW,SYNTHETIC_GENERATOR_V1,SYNTHETIC
PA_009389,2025-09-08,DHAMRA,7,16.1,64.9,LOW,SYNTHETIC_GENERATOR_V1,SYNTHETIC
PA_009390,2025-09-09,DHAMRA,8,26.3,77.8,MEDIUM,SYNTHETIC_GENERATOR_V1,SYNTHETIC
PA_009391,2025-09-10,DHAMRA,9,26.0,79.6,MEDIUM,SYNTHETIC_GENERATOR_V1,SYNTHETIC
PA_009392,2025-09-11,DHAMRA,6,17.5,68.6,LOW,SYNTHETIC_GENERATOR_V1,SYNTHETIC
PA_009393,2025-09-12,DHAMRA,9,25.1,78.3,MEDIUM,SYNTHETIC_GENERATOR_V1,SYNTHETIC
PA_009394,2025-09-13,DHAMRA,3,0.0,47.9,LOW,SYNTHETIC_GENERATOR_V1,SYNTHETIC
PA_009395,2025-09-14,DHAMRA,12,43.6,94.6,MEDIUM,SYNTHETIC_GENERATOR_V1,SYNTHETIC
PA_009396,2025-09-15,DHAMRA,9,26.7,76.6,MEDIUM,SYNTHETIC_GENERATOR_V1,SYNTHETIC
PA_009397,2025-09-16,DHAMRA,9,20.1,72.8,LOW,SYNTHETIC_GENERATOR_V1,SYNTHETIC
PA_009398,2025-09-17,DHAMRA,10,31.0,81.9,MEDIUM,SYNTHETIC_GENERATOR_V1,SYNTHETIC
PA_009399,2025-09-18,DHAMRA,12,39.4,89.4,MEDIUM,SYNTHETIC_GENERATOR_V1,SYNTHETIC
PA_009400,2025-09-19,DHAMRA,8,18.2,70.9,LOW,SYNTHETIC_GENERATOR_V1,SYNTHETIC
PA_009401,2025-09-20,DHAMRA,10,31.1,81.2,MEDIUM,SYNTHETIC_GENERATOR_V1,SYNTHETIC
PA_009402,2025-09-21,DHAMRA,7,12.8,63.9,LOW,SYNTHETIC_GENERATOR_V1,SYNTHETIC
PA_009403,2025-09-22,DHAMRA,7,12.8,71.3,LOW,SYNTHETIC_GENERATOR_V1,SYNTHETIC
PA_009404,2025-09-23,DHAMRA,6,19.8,69.3,LOW,SYNTHETIC_GENERATOR_V1,SYNTHETIC
PA_009405,2025-09-24,DHAMRA,11,29.2,88.7,MEDIUM,SYNTHETIC_GENERATOR_V1,SYNTHETIC
PA_009406,2025-09-25,DHAMRA,11,38.8,88.4,MEDIUM,SYNTHETIC_GENERATOR_V1,SYNTHETIC
PA_009407,2025-09-26,DHAMRA,7,15.5,68.6,LOW,SYNTHETIC_GENERATOR_V1,SYNTHETIC
PA_009408,2025-09-27,DHAMRA,7,15.1,65.9,LOW,SYNTHETIC_GENERATOR_V1,SYNTHETIC
PA_009409,2025-09-28,DHAMRA,12,39.0,84.5,MEDIUM,SYNTHETIC_GENERATOR_V1,SYNTHETIC
PA_009410,2025-09-29,DHAMRA,8,21.1,72.1,LOW,SYNTHETIC_GENERATOR_V1,SYNTHETIC
PA_009411,2025-09-30,DHAMRA,10,33.1,84.3,MEDIUM,SYNTHETIC_GENERATOR_V1,SYNTHETIC
PA_009412,2025-10-01,DHAMRA,12,40.4,95.7,MEDIUM,SYNTHETIC_GENERATOR_V1,SYNTHETIC
PA_009413,2025-10-02,DHAMRA,5,6.4,56.3,LOW,SYNTHETIC_GENERATOR_V1,SYNTHETIC
PA_009414,2025-10-03,DHAMRA,6,13.5,60.2,LOW,SYNTHETIC_GENERATOR_V1,SYNTHETIC
PA_009415,2025-10-04,DHAMRA,6,8.2,57.3,LOW,SYNTHETIC_GENERATOR_V1,SYNTHETIC
PA_009416,2025-10-05,DHAMRA,9,29.0,79.1,MEDIUM,SYNTHETIC_GENERATOR_V1,SYNTHETIC
PA_009417,2025-10-06,DHAMRA,9,19.8,74.6,LOW,SYNTHETIC_GENERATOR_V1,SYNTHETIC
PA_009418,2025-10-07,DHAMRA,4,4.7,51.5,LOW,SYNTHETIC_GENERATOR_V1,SYNTHETIC
PA_009419,2025-10-08,DHAMRA,6,13.4,67.0,LOW,SYNTHETIC_GENERATOR_V1,SYNTHETIC
PA_009420,2025-10-09,DHAMRA,7,17.3,67.3,LOW,SYNTHETIC_GENERATOR_V1,SYNTHETIC
PA_009421,2025-10-10,DHAMRA,8,27.5,66.9,MEDIUM,SYNTHETIC_GENERATOR_V1,SYNTHETIC
PA_009422,2025-10-11,DHAMRA,10,33.1,82.0,MEDIUM,SYNTHETIC_GENERATOR_V1,SYNTHETIC
PA_009423,2025-10-12,DHAMRA,8,22.3,74.3,LOW,SYNTHETIC_GENERATOR_V1,SYNTHETIC
PA_009424,2025-10-13,DHAMRA,9,23.3,75.0,LOW,SYNTHETIC_GENERATOR_V1,SYNTHETIC
PA_009425,2025-10-14,DHAMRA,9,32.0,81.2,MEDIUM,SYNTHETIC_GENERATOR_V1,SYNTHETIC
PA_009426,2025-10-15,DHAMRA,6,15.3,63.8,LOW,SYNTHETIC_GENERATOR_V1,SYNTHETIC
PA_009427,2025-10-16,DHAMRA,9,24.8,71.5,MEDIUM,SYNTHETIC_GENERATOR_V1,SYNTHETIC
PA_009428,2025-10-17,DHAMRA,7,17.4,72.7,LOW,SYNTHETIC_GENERATOR_V1,SYNTHETIC
PA_009429,2025-10-18,DHAMRA,11,40.6,91.5,MEDIUM,SYNTHETIC_GENERATOR_V1,SYNTHETIC
PA_009430,2025-10-19,DHAMRA,6,10.6,62.4,LOW,SYNTHETIC_GENERATOR_V1,SYNTHETIC
PA_009431,2025-10-20,DHAMRA,9,30.1,82.4,MEDIUM,SYNTHETIC_GENERATOR_V1,SYNTHETIC
PA_009432,2025-10-21,DHAMRA,10,29.8,78.9,MEDIUM,SYNTHETIC_GENERATOR_V1,SYNTHETIC
PA_009433,2025-10-22,DHAMRA,8,22.2,67.1,LOW,SYNTHETIC_GENERATOR_V1,SYNTHETIC
PA_009434,2025-10-23,DHAMRA,11,32.0,82.1,MEDIUM,SYNTHETIC_GENERATOR_V1,SYNTHETIC
PA_009435,2025-10-24,DHAMRA,8,21.1,74.6,LOW,SYNTHETIC_GENERATOR_V1,SYNTHETIC
PA_009436,2025-10-25,DHAMRA,8,31.1,78.3,MEDIUM,SYNTHETIC_GENERATOR_V1,SYNTHETIC
PA_009437,2025-10-26,DHAMRA,10,32.3,85.6,MEDIUM,SYNTHETIC_GENERATOR_V1,SYNTHETIC
PA_009438,2025-10-27,DHAMRA,12,39.5,91.8,MEDIUM,SYNTHETIC_GENERATOR_V1,SYNTHETIC
PA_009439,2025-10-28,DHAMRA,7,23.0,76.4,LOW,SYNTHETIC_GENERATOR_V1,SYNTHETIC
PA_009440,2025-10-29,DHAMRA,7,11.7,64.3,LOW,SYNTHETIC_GENERATOR_V1,SYNTHETIC
PA_009441,2025-10-30,DHAMRA,8,23.4,77.3,LOW,SYNTHETIC_GENERATOR_V1,SYNTHETIC
PA_009442,2025-10-31,DHAMRA,7,22.7,66.4,LOW,SYNTHETIC_GENERATOR_V1,SYNTHETIC
PA_009443,2025-11-01,DHAMRA,7,17.2,75.0,LOW,SYNTHETIC_GENERATOR_V1,SYNTHETIC
PA_009444,2025-11-02,DHAMRA,8,24.3,80.1,MEDIUM,SYNTHETIC_GENERATOR_V1,SYNTHETIC
PA_009445,2025-11-03,DHAMRA,9,27.7,81.5,MEDIUM,SYNTHETIC_GENERATOR_V1,SYNTHETIC
PA_009446,2025-11-04,DHAMRA,11,33.1,95.3,MEDIUM,SYNTHETIC_GENERATOR_V1,SYNTHETIC
PA_009447,2025-11-05,DHAMRA,5,9.7,56.9,LOW,SYNTHETIC_GENERATOR_V1,SYNTHETIC
PA_009448,2025-11-06,DHAMRA,9,30.5,83.8,MEDIUM,SYNTHETIC_GENERATOR_V1,SYNTHETIC
PA_009449,2025-11-07,DHAMRA,8,14.8,65.5,LOW,SYNTHETIC_GENERATOR_V1,SYNTHETIC
PA_009450,2025-11-08,DHAMRA,7,15.4,68.6,LOW,SYNTHETIC_GENERATOR_V1,SYNTHETIC
PA_009451,2025-11-09,DHAMRA,7,17.3,71.0,LOW,SYNTHETIC_GENERATOR_V1,SYNTHETIC
PA_009452,2025-11-10,DHAMRA,7,11.4,65.8,LOW,SYNTHETIC_GENERATOR_V1,SYNTHETIC
PA_009453,2025-11-11,DHAMRA,11,35.5,86.3,MEDIUM,SYNTHETIC_GENERATOR_V1,SYNTHETIC
PA_009454,2025-11-12,DHAMRA,12,40.0,88.6,MEDIUM,SYNTHETIC_GENERATOR_V1,SYNTHETIC
PA_009455,2025-11-13,DHAMRA,7,19.7,71.3,LOW,SYNTHETIC_GENERATOR_V1,SYNTHETIC
PA_009456,2025-11-14,DHAMRA,1,1.6,46.3,LOW,SYNTHETIC_GENERATOR_V1,SYNTHETIC
PA_009457,2025-11-15,DHAMRA,4,0.1,46.6,LOW,SYNTHETIC_GENERATOR_V1,SYNTHETIC
PA_009458,2025-11-16,DHAMRA,7,15.6,60.6,LOW,SYNTHETIC_GENERATOR_V1,SYNTHETIC
PA_009459,2025-11-17,DHAMRA,9,28.8,79.9,MEDIUM,SYNTHETIC_GENERATOR_V1,SYNTHETIC
PA_009460,2025-11-18,DHAMRA,7,18.3,65.3,LOW,SYNTHETIC_GENERATOR_V1,SYNTHETIC
PA_009461,2025-11-19,DHAMRA,8,23.9,79.7,LOW,SYNTHETIC_GENERATOR_V1,SYNTHETIC
PA_009462,2025-11-20,DHAMRA,5,11.7,58.8,LOW,SYNTHETIC_GENERATOR_V1,SYNTHETIC
PA_009463,2025-11-21,DHAMRA,5,16.2,62.3,LOW,SYNTHETIC_GENERATOR_V1,SYNTHETIC
PA_009464,2025-11-22,DHAMRA,6,12.3,63.8,LOW,SYNTHETIC_GENERATOR_V1,SYNTHETIC
PA_009465,2025-11-23,DHAMRA,8,20.3,78.3,LOW,SYNTHETIC_GENERATOR_V1,SYNTHETIC
PA_009466,2025-11-24,DHAMRA,8,21.7,69.9,LOW,SYNTHETIC_GENERATOR_V1,SYNTHETIC
PA_009467,2025-11-25,DHAMRA,8,21.4,81.1,LOW,SYNTHETIC_GENERATOR_V1,SYNTHETIC
PA_009468,2025-11-26,DHAMRA,7,9.4,65.3,LOW,SYNTHETIC_GENERATOR_V1,SYNTHETIC
PA_009469,2025-11-27,DHAMRA,12,40.7,95.6,MEDIUM,SYNTHETIC_GENERATOR_V1,SYNTHETIC
PA_009470,2025-11-28,DHAMRA,8,19.2,67.0,LOW,SYNTHETIC_GENERATOR_V1,SYNTHETIC
PA_009471,2025-11-29,DHAMRA,9,23.3,75.3,LOW,SYNTHETIC_GENERATOR_V1,SYNTHETIC
PA_009472,2025-11-30,DHAMRA,12,41.0,95.8,MEDIUM,SYNTHETIC_GENERATOR_V1,SYNTHETIC
PA_009473,2025-12-01,DHAMRA,7,12.9,57.8,LOW,SYNTHETIC_GENERATOR_V1,SYNTHETIC
PA_009474,2025-12-02,DHAMRA,4,1.5,51.5,LOW,SYNTHETIC_GENERATOR_V1,SYNTHETIC
PA_009475,2025-12-03,DHAMRA,6,17.8,71.5,LOW,SYNTHETIC_GENERATOR_V1,SYNTHETIC
PA_009476,2025-12-04,DHAMRA,11,39.8,97.8,MEDIUM,SYNTHETIC_GENERATOR_V1,SYNTHETIC
PA_009477,2025-12-05,DHAMRA,12,33.8,78.9,MEDIUM,SYNTHETIC_GENERATOR_V1,SYNTHETIC
PA_009478,2025-12-06,DHAMRA,8,26.5,78.5,MEDIUM,SYNTHETIC_GENERATOR_V1,SYNTHETIC
PA_009479,2025-12-07,DHAMRA,5,14.0,64.4,LOW,SYNTHETIC_GENERATOR_V1,SYNTHETIC
PA_009480,2025-12-08,DHAMRA,7,13.9,59.6,LOW,SYNTHETIC_GENERATOR_V1,SYNTHETIC
PA_009481,2025-12-09,DHAMRA,8,27.4,77.0,MEDIUM,SYNTHETIC_GENERATOR_V1,SYNTHETIC
PA_009482,2025-12-10,DHAMRA,7,16.7,65.3,LOW,SYNTHETIC_GENERATOR_V1,SYNTHETIC
PA_009483,2025-12-11,DHAMRA,12,42.2,95.1,MEDIUM,SYNTHETIC_GENERATOR_V1,SYNTHETIC
PA_009484,2025-12-12,DHAMRA,5,9.0,58.0,LOW,SYNTHETIC_GENERATOR_V1,SYNTHETIC
PA_009485,2025-12-13,DHAMRA,5,11.7,60.0,LOW,SYNTHETIC_GENERATOR_V1,SYNTHETIC
PA_009486,2025-12-14,DHAMRA,7,21.8,67.4,LOW,SYNTHETIC_GENERATOR_V1,SYNTHETIC
PA_009487,2025-12-15,DHAMRA,6,14.3,64.3,LOW,SYNTHETIC_GENERATOR_V1,SYNTHETIC
PA_009488,2025-12-16,DHAMRA,10,33.6,81.2,MEDIUM,SYNTHETIC_GENERATOR_V1,SYNTHETIC
PA_009489,2025-12-17,DHAMRA,9,28.9,77.1,MEDIUM,SYNTHETIC_GENERATOR_V1,SYNTHETIC
PA_009490,2025-12-18,DHAMRA,4,9.5,62.4,LOW,SYNTHETIC_GENERATOR_V1,SYNTHETIC
PA_009491,2025-12-19,DHAMRA,11,39.4,88.2,MEDIUM,SYNTHETIC_GENERATOR_V1,SYNTHETIC
PA_009492,2025-12-20,DHAMRA,6,13.8,69.2,LOW,SYNTHETIC_GENERATOR_V1,SYNTHETIC
PA_009493,2025-12-21,DHAMRA,7,16.1,65.0,LOW,SYNTHETIC_GENERATOR_V1,SYNTHETIC
PA_009494,2025-12-22,DHAMRA,6,16.2,67.3,LOW,SYNTHETIC_GENERATOR_V1,SYNTHETIC
PA_009495,2025-12-23,DHAMRA,13,52.3,108.6,MEDIUM,SYNTHETIC_GENERATOR_V1,SYNTHETIC
PA_009496,2025-12-24,DHAMRA,4,10.4,51.8,LOW,SYNTHETIC_GENERATOR_V1,SYNTHETIC
PA_009497,2025-12-25,DHAMRA,10,33.7,86.1,MEDIUM,SYNTHETIC_GENERATOR_V1,SYNTHETIC
PA_009498,2025-12-26,DHAMRA,12,42.6,92.7,MEDIUM,SYNTHETIC_GENERATOR_V1,SYNTHETIC
PA_009499,2025-12-27,DHAMRA,13,38.6,84.7,MEDIUM,SYNTHETIC_GENERATOR_V1,SYNTHETIC
PA_009500,2025-12-28,DHAMRA,8,23.7,71.5,LOW,SYNTHETIC_GENERATOR_V1,SYNTHETIC
PA_009501,2025-12-29,DHAMRA,6,14.1,63.1,LOW,SYNTHETIC_GENERATOR_V1,SYNTHETIC
PA_009502,2025-12-30,DHAMRA,6,20.3,70.1,LOW,SYNTHETIC_GENERATOR_V1,SYNTHETIC
PA_009503,2025-12-31,DHAMRA,5,12.7,64.2,LOW,SYNTHETIC_GENERATOR_V1,SYNTHETIC
PA_009504,2024-01-01,SAGAR_SANDHEADS,6,49.2,111.5,MEDIUM,SYNTHETIC_GENERATOR_V1,SYNTHETIC
PA_009505,2024-01-02,SAGAR_SANDHEADS,4,27.4,88.7,MEDIUM,SYNTHETIC_GENERATOR_V1,SYNTHETIC
PA_009506,2024-01-03,SAGAR_SANDHEADS,10,107.4,172.2,HIGH,SYNTHETIC_GENERATOR_V1,SYNTHETIC
PA_009507,2024-01-04,SAGAR_SANDHEADS,3,21.6,90.3,LOW,SYNTHETIC_GENERATOR_V1,SYNTHETIC
PA_009508,2024-01-05,SAGAR_SANDHEADS,5,40.1,114.1,MEDIUM,SYNTHETIC_GENERATOR_V1,SYNTHETIC
PA_009509,2024-01-06,SAGAR_SANDHEADS,1,6.3,74.4,LOW,SYNTHETIC_GENERATOR_V1,SYNTHETIC
PA_009510,2024-01-07,SAGAR_SANDHEADS,1,5.7,83.4,LOW,SYNTHETIC_GENERATOR_V1,SYNTHETIC
PA_009511,2024-01-08,SAGAR_SANDHEADS,7,60.2,127.6,HIGH,SYNTHETIC_GENERATOR_V1,SYNTHETIC
PA_009512,2024-01-09,SAGAR_SANDHEADS,5,43.7,113.8,MEDIUM,SYNTHETIC_GENERATOR_V1,SYNTHETIC
PA_009513,2024-01-10,SAGAR_SANDHEADS,3,16.3,80.7,LOW,SYNTHETIC_GENERATOR_V1,SYNTHETIC
PA_009514,2024-01-11,SAGAR_SANDHEADS,5,29.4,96.0,MEDIUM,SYNTHETIC_GENERATOR_V1,SYNTHETIC
PA_009515,2024-01-12,SAGAR_SANDHEADS,3,17.6,79.4,LOW,SYNTHETIC_GENERATOR_V1,SYNTHETIC
PA_009516,2024-01-13,SAGAR_SANDHEADS,3,15.7,89.1,LOW,SYNTHETIC_GENERATOR_V1,SYNTHETIC
PA_009517,2024-01-14,SAGAR_SANDHEADS,2,11.9,83.7,LOW,SYNTHETIC_GENERATOR_V1,SYNTHETIC
PA_009518,2024-01-15,SAGAR_SANDHEADS,3,18.7,84.6,LOW,SYNTHETIC_GENERATOR_V1,SYNTHETIC
PA_009519,2024-01-16,SAGAR_SANDHEADS,4,38.1,112.2,MEDIUM,SYNTHETIC_GENERATOR_V1,SYNTHETIC
PA_009520,2024-01-17,SAGAR_SANDHEADS,10,104.2,171.0,HIGH,SYNTHETIC_GENERATOR_V1,SYNTHETIC
PA_009521,2024-01-18,SAGAR_SANDHEADS,9,93.5,171.5,HIGH,SYNTHETIC_GENERATOR_V1,SYNTHETIC
PA_009522,2024-01-19,SAGAR_SANDHEADS,8,88.0,155.9,HIGH,SYNTHETIC_GENERATOR_V1,SYNTHETIC
PA_009523,2024-01-20,SAGAR_SANDHEADS,7,59.7,127.3,MEDIUM,SYNTHETIC_GENERATOR_V1,SYNTHETIC
PA_009524,2024-01-21,SAGAR_SANDHEADS,6,46.1,109.3,MEDIUM,SYNTHETIC_GENERATOR_V1,SYNTHETIC
PA_009525,2024-01-22,SAGAR_SANDHEADS,4,30.2,96.7,MEDIUM,SYNTHETIC_GENERATOR_V1,SYNTHETIC
PA_009526,2024-01-23,SAGAR_SANDHEADS,4,28.7,98.6,MEDIUM,SYNTHETIC_GENERATOR_V1,SYNTHETIC
PA_009527,2024-01-24,SAGAR_SANDHEADS,6,52.4,125.7,MEDIUM,SYNTHETIC_GENERATOR_V1,SYNTHETIC
PA_009528,2024-01-25,SAGAR_SANDHEADS,7,63.0,136.0,HIGH,SYNTHETIC_GENERATOR_V1,SYNTHETIC
PA_009529,2024-01-26,SAGAR_SANDHEADS,3,17.9,87.4,LOW,SYNTHETIC_GENERATOR_V1,SYNTHETIC
PA_009530,2024-01-27,SAGAR_SANDHEADS,9,92.3,165.3,HIGH,SYNTHETIC_GENERATOR_V1,SYNTHETIC
PA_009531,2024-01-28,SAGAR_SANDHEADS,5,40.0,117.0,MEDIUM,SYNTHETIC_GENERATOR_V1,SYNTHETIC
PA_009532,2024-01-29,SAGAR_SANDHEADS,5,32.1,102.9,MEDIUM,SYNTHETIC_GENERATOR_V1,SYNTHETIC
PA_009533,2024-01-30,SAGAR_SANDHEADS,9,95.9,167.8,HIGH,SYNTHETIC_GENERATOR_V1,SYNTHETIC
PA_009534,2024-01-31,SAGAR_SANDHEADS,2,7.3,75.4,LOW,SYNTHETIC_GENERATOR_V1,SYNTHETIC
PA_009535,2024-02-01,SAGAR_SANDHEADS,7,59.6,137.1,MEDIUM,SYNTHETIC_GENERATOR_V1,SYNTHETIC
PA_009536,2024-02-02,SAGAR_SANDHEADS,6,49.0,113.2,MEDIUM,SYNTHETIC_GENERATOR_V1,SYNTHETIC
PA_009537,2024-02-03,SAGAR_SANDHEADS,6,48.7,123.6,MEDIUM,SYNTHETIC_GENERATOR_V1,SYNTHETIC
PA_009538,2024-02-04,SAGAR_SANDHEADS,5,36.4,102.5,MEDIUM,SYNTHETIC_GENERATOR_V1,SYNTHETIC
PA_009539,2024-02-05,SAGAR_SANDHEADS,3,11.2,79.8,LOW,SYNTHETIC_GENERATOR_V1,SYNTHETIC
PA_009540,2024-02-06,SAGAR_SANDHEADS,6,49.1,119.5,MEDIUM,SYNTHETIC_GENERATOR_V1,SYNTHETIC
PA_009541,2024-02-07,SAGAR_SANDHEADS,8,76.4,146.9,HIGH,SYNTHETIC_GENERATOR_V1,SYNTHETIC
PA_009542,2024-02-08,SAGAR_SANDHEADS,2,2.6,72.9,LOW,SYNTHETIC_GENERATOR_V1,SYNTHETIC
PA_009543,2024-02-09,SAGAR_SANDHEADS,6,51.1,113.2,MEDIUM,SYNTHETIC_GENERATOR_V1,SYNTHETIC
PA_009544,2024-02-10,SAGAR_SANDHEADS,6,47.7,121.0,MEDIUM,SYNTHETIC_GENERATOR_V1,SYNTHETIC
PA_009545,2024-02-11,SAGAR_SANDHEADS,8,81.3,160.3,HIGH,SYNTHETIC_GENERATOR_V1,SYNTHETIC
PA_009546,2024-02-12,SAGAR_SANDHEADS,4,33.6,106.4,MEDIUM,SYNTHETIC_GENERATOR_V1,SYNTHETIC
PA_009547,2024-02-13,SAGAR_SANDHEADS,10,98.3,170.1,HIGH,SYNTHETIC_GENERATOR_V1,SYNTHETIC
PA_009548,2024-02-14,SAGAR_SANDHEADS,6,52.0,122.9,MEDIUM,SYNTHETIC_GENERATOR_V1,SYNTHETIC
PA_009549,2024-02-15,SAGAR_SANDHEADS,4,31.2,102.6,MEDIUM,SYNTHETIC_GENERATOR_V1,SYNTHETIC
PA_009550,2024-02-16,SAGAR_SANDHEADS,6,47.3,113.9,MEDIUM,SYNTHETIC_GENERATOR_V1,SYNTHETIC
PA_009551,2024-02-17,SAGAR_SANDHEADS,5,37.2,103.6,MEDIUM,SYNTHETIC_GENERATOR_V1,SYNTHETIC
PA_009552,2024-02-18,SAGAR_SANDHEADS,2,5.7,73.9,LOW,SYNTHETIC_GENERATOR_V1,SYNTHETIC
PA_009553,2024-02-19,SAGAR_SANDHEADS,2,0.0,70.7,LOW,SYNTHETIC_GENERATOR_V1,SYNTHETIC
PA_009554,2024-02-20,SAGAR_SANDHEADS,1,10.5,82.5,LOW,SYNTHETIC_GENERATOR_V1,SYNTHETIC
PA_009555,2024-02-21,SAGAR_SANDHEADS,4,28.5,98.8,MEDIUM,SYNTHETIC_GENERATOR_V1,SYNTHETIC
PA_009556,2024-02-22,SAGAR_SANDHEADS,3,21.2,90.5,LOW,SYNTHETIC_GENERATOR_V1,SYNTHETIC
PA_009557,2024-02-23,SAGAR_SANDHEADS,3,12.6,82.0,LOW,SYNTHETIC_GENERATOR_V1,SYNTHETIC
PA_009558,2024-02-24,SAGAR_SANDHEADS,7,67.8,134.8,HIGH,SYNTHETIC_GENERATOR_V1,SYNTHETIC
PA_009559,2024-02-25,SAGAR_SANDHEADS,4,21.7,89.9,LOW,SYNTHETIC_GENERATOR_V1,SYNTHETIC
PA_009560,2024-02-26,SAGAR_SANDHEADS,8,77.5,148.2,HIGH,SYNTHETIC_GENERATOR_V1,SYNTHETIC
PA_009561,2024-02-27,SAGAR_SANDHEADS,6,49.8,122.4,MEDIUM,SYNTHETIC_GENERATOR_V1,SYNTHETIC
PA_009562,2024-02-28,SAGAR_SANDHEADS,8,72.8,139.1,HIGH,SYNTHETIC_GENERATOR_V1,SYNTHETIC
PA_009563,2024-02-29,SAGAR_SANDHEADS,5,35.5,105.7,MEDIUM,SYNTHETIC_GENERATOR_V1,SYNTHETIC
PA_009564,2024-03-01,SAGAR_SANDHEADS,1,3.8,70.2,LOW,SYNTHETIC_GENERATOR_V1,SYNTHETIC
PA_009565,2024-03-02,SAGAR_SANDHEADS,2,9.6,83.9,LOW,SYNTHETIC_GENERATOR_V1,SYNTHETIC
PA_009566,2024-03-03,SAGAR_SANDHEADS,1,5.8,70.8,LOW,SYNTHETIC_GENERATOR_V1,SYNTHETIC
PA_009567,2024-03-04,SAGAR_SANDHEADS,3,17.4,86.1,LOW,SYNTHETIC_GENERATOR_V1,SYNTHETIC
PA_009568,2024-03-05,SAGAR_SANDHEADS,5,43.8,113.1,MEDIUM,SYNTHETIC_GENERATOR_V1,SYNTHETIC
PA_009569,2024-03-06,SAGAR_SANDHEADS,6,44.1,113.2,MEDIUM,SYNTHETIC_GENERATOR_V1,SYNTHETIC
PA_009570,2024-03-07,SAGAR_SANDHEADS,2,5.7,73.4,LOW,SYNTHETIC_GENERATOR_V1,SYNTHETIC
PA_009571,2024-03-08,SAGAR_SANDHEADS,7,65.8,136.7,HIGH,SYNTHETIC_GENERATOR_V1,SYNTHETIC
PA_009572,2024-03-09,SAGAR_SANDHEADS,4,22.9,94.2,LOW,SYNTHETIC_GENERATOR_V1,SYNTHETIC
PA_009573,2024-03-10,SAGAR_SANDHEADS,3,9.6,76.3,LOW,SYNTHETIC_GENERATOR_V1,SYNTHETIC
PA_009574,2024-03-11,SAGAR_SANDHEADS,3,16.3,91.6,LOW,SYNTHETIC_GENERATOR_V1,SYNTHETIC
PA_009575,2024-03-12,SAGAR_SANDHEADS,6,47.7,123.3,MEDIUM,SYNTHETIC_GENERATOR_V1,SYNTHETIC
PA_009576,2024-03-13,SAGAR_SANDHEADS,8,79.2,147.4,HIGH,SYNTHETIC_GENERATOR_V1,SYNTHETIC
PA_009577,2024-03-14,SAGAR_SANDHEADS,6,50.8,121.3,MEDIUM,SYNTHETIC_GENERATOR_V1,SYNTHETIC
PA_009578,2024-03-15,SAGAR_SANDHEADS,2,14.4,84.1,LOW,SYNTHETIC_GENERATOR_V1,SYNTHETIC
PA_009579,2024-03-16,SAGAR_SANDHEADS,6,50.5,119.7,MEDIUM,SYNTHETIC_GENERATOR_V1,SYNTHETIC
PA_009580,2024-03-17,SAGAR_SANDHEADS,4,25.1,95.1,MEDIUM,SYNTHETIC_GENERATOR_V1,SYNTHETIC
PA_009581,2024-03-18,SAGAR_SANDHEADS,3,15.3,82.6,LOW,SYNTHETIC_GENERATOR_V1,SYNTHETIC
PA_009582,2024-03-19,SAGAR_SANDHEADS,5,34.6,109.1,MEDIUM,SYNTHETIC_GENERATOR_V1,SYNTHETIC
PA_009583,2024-03-20,SAGAR_SANDHEADS,6,51.7,118.9,MEDIUM,SYNTHETIC_GENERATOR_V1,SYNTHETIC
PA_009584,2024-03-21,SAGAR_SANDHEADS,2,6.0,70.0,LOW,SYNTHETIC_GENERATOR_V1,SYNTHETIC
PA_009585,2024-03-22,SAGAR_SANDHEADS,8,77.9,146.9,HIGH,SYNTHETIC_GENERATOR_V1,SYNTHETIC
PA_009586,2024-03-23,SAGAR_SANDHEADS,6,47.9,114.2,MEDIUM,SYNTHETIC_GENERATOR_V1,SYNTHETIC
PA_009587,2024-03-24,SAGAR_SANDHEADS,5,35.7,108.5,MEDIUM,SYNTHETIC_GENERATOR_V1,SYNTHETIC
PA_009588,2024-03-25,SAGAR_SANDHEADS,8,72.0,144.4,HIGH,SYNTHETIC_GENERATOR_V1,SYNTHETIC
PA_009589,2024-03-26,SAGAR_SANDHEADS,3,13.0,90.8,LOW,SYNTHETIC_GENERATOR_V1,SYNTHETIC
PA_009590,2024-03-27,SAGAR_SANDHEADS,7,66.7,138.5,HIGH,SYNTHETIC_GENERATOR_V1,SYNTHETIC
PA_009591,2024-03-28,SAGAR_SANDHEADS,2,5.7,75.5,LOW,SYNTHETIC_GENERATOR_V1,SYNTHETIC
PA_009592,2024-03-29,SAGAR_SANDHEADS,6,55.1,123.7,MEDIUM,SYNTHETIC_GENERATOR_V1,SYNTHETIC
PA_009593,2024-03-30,SAGAR_SANDHEADS,7,63.8,140.1,HIGH,SYNTHETIC_GENERATOR_V1,SYNTHETIC
PA_009594,2024-03-31,SAGAR_SANDHEADS,3,16.8,91.4,LOW,SYNTHETIC_GENERATOR_V1,SYNTHETIC
PA_009595,2024-04-01,SAGAR_SANDHEADS,9,89.8,161.0,HIGH,SYNTHETIC_GENERATOR_V1,SYNTHETIC
PA_009596,2024-04-02,SAGAR_SANDHEADS,3,21.8,92.2,LOW,SYNTHETIC_GENERATOR_V1,SYNTHETIC
PA_009597,2024-04-03,SAGAR_SANDHEADS,4,27.2,94.7,MEDIUM,SYNTHETIC_GENERATOR_V1,SYNTHETIC
PA_009598,2024-04-04,SAGAR_SANDHEADS,9,96.0,164.8,HIGH,SYNTHETIC_GENERATOR_V1,SYNTHETIC
PA_009599,2024-04-05,SAGAR_SANDHEADS,7,72.6,148.0,HIGH,SYNTHETIC_GENERATOR_V1,SYNTHETIC
PA_009600,2024-04-06,SAGAR_SANDHEADS,3,21.2,93.8,LOW,SYNTHETIC_GENERATOR_V1,SYNTHETIC
PA_009601,2024-04-07,SAGAR_SANDHEADS,7,64.5,131.6,HIGH,SYNTHETIC_GENERATOR_V1,SYNTHETIC
PA_009602,2024-04-08,SAGAR_SANDHEADS,8,77.9,151.6,HIGH,SYNTHETIC_GENERATOR_V1,SYNTHETIC
PA_009603,2024-04-09,SAGAR_SANDHEADS,4,24.9,96.6,MEDIUM,SYNTHETIC_GENERATOR_V1,SYNTHETIC
PA_009604,2024-04-10,SAGAR_SANDHEADS,9,89.6,153.3,HIGH,SYNTHETIC_GENERATOR_V1,SYNTHETIC
PA_009605,2024-04-11,SAGAR_SANDHEADS,3,18.7,90.8,LOW,SYNTHETIC_GENERATOR_V1,SYNTHETIC
PA_009606,2024-04-12,SAGAR_SANDHEADS,6,45.6,113.2,MEDIUM,SYNTHETIC_GENERATOR_V1,SYNTHETIC
PA_009607,2024-04-13,SAGAR_SANDHEADS,9,93.4,168.6,HIGH,SYNTHETIC_GENERATOR_V1,SYNTHETIC
PA_009608,2024-04-14,SAGAR_SANDHEADS,5,36.0,104.6,MEDIUM,SYNTHETIC_GENERATOR_V1,SYNTHETIC
PA_009609,2024-04-15,SAGAR_SANDHEADS,7,64.6,129.4,HIGH,SYNTHETIC_GENERATOR_V1,SYNTHETIC
PA_009610,2024-04-16,SAGAR_SANDHEADS,6,42.6,116.8,MEDIUM,SYNTHETIC_GENERATOR_V1,SYNTHETIC
PA_009611,2024-04-17,SAGAR_SANDHEADS,5,39.2,104.6,MEDIUM,SYNTHETIC_GENERATOR_V1,SYNTHETIC
PA_009612,2024-04-18,SAGAR_SANDHEADS,6,52.9,122.6,MEDIUM,SYNTHETIC_GENERATOR_V1,SYNTHETIC
PA_009613,2024-04-19,SAGAR_SANDHEADS,3,15.6,88.0,LOW,SYNTHETIC_GENERATOR_V1,SYNTHETIC
PA_009614,2024-04-20,SAGAR_SANDHEADS,8,76.4,145.3,HIGH,SYNTHETIC_GENERATOR_V1,SYNTHETIC
PA_009615,2024-04-21,SAGAR_SANDHEADS,3,16.7,88.5,LOW,SYNTHETIC_GENERATOR_V1,SYNTHETIC
PA_009616,2024-04-22,SAGAR_SANDHEADS,5,37.8,105.9,MEDIUM,SYNTHETIC_GENERATOR_V1,SYNTHETIC
PA_009617,2024-04-23,SAGAR_SANDHEADS,7,60.0,131.1,HIGH,SYNTHETIC_GENERATOR_V1,SYNTHETIC
PA_009618,2024-04-24,SAGAR_SANDHEADS,4,28.7,100.7,MEDIUM,SYNTHETIC_GENERATOR_V1,SYNTHETIC
PA_009619,2024-04-25,SAGAR_SANDHEADS,9,85.4,152.5,HIGH,SYNTHETIC_GENERATOR_V1,SYNTHETIC
PA_009620,2024-04-26,SAGAR_SANDHEADS,8,78.2,145.8,HIGH,SYNTHETIC_GENERATOR_V1,SYNTHETIC
PA_009621,2024-04-27,SAGAR_SANDHEADS,6,46.2,116.1,MEDIUM,SYNTHETIC_GENERATOR_V1,SYNTHETIC
PA_009622,2024-04-28,SAGAR_SANDHEADS,4,33.3,102.6,MEDIUM,SYNTHETIC_GENERATOR_V1,SYNTHETIC
PA_009623,2024-04-29,SAGAR_SANDHEADS,7,61.5,127.6,HIGH,SYNTHETIC_GENERATOR_V1,SYNTHETIC
PA_009624,2024-04-30,SAGAR_SANDHEADS,3,15.7,86.7,LOW,SYNTHETIC_GENERATOR_V1,SYNTHETIC
PA_009625,2024-05-01,SAGAR_SANDHEADS,2,10.2,79.9,LOW,SYNTHETIC_GENERATOR_V1,SYNTHETIC
PA_009626,2024-05-02,SAGAR_SANDHEADS,2,11.5,81.6,LOW,SYNTHETIC_GENERATOR_V1,SYNTHETIC
PA_009627,2024-05-03,SAGAR_SANDHEADS,3,16.6,83.4,LOW,SYNTHETIC_GENERATOR_V1,SYNTHETIC
PA_009628,2024-05-04,SAGAR_SANDHEADS,3,21.9,93.2,LOW,SYNTHETIC_GENERATOR_V1,SYNTHETIC
PA_009629,2024-05-05,SAGAR_SANDHEADS,2,7.1,78.7,LOW,SYNTHETIC_GENERATOR_V1,SYNTHETIC
PA_009630,2024-05-06,SAGAR_SANDHEADS,5,41.7,110.2,MEDIUM,SYNTHETIC_GENERATOR_V1,SYNTHETIC
PA_009631,2024-05-07,SAGAR_SANDHEADS,7,61.0,134.6,HIGH,SYNTHETIC_GENERATOR_V1,SYNTHETIC
PA_009632,2024-05-08,SAGAR_SANDHEADS,6,57.1,117.6,MEDIUM,SYNTHETIC_GENERATOR_V1,SYNTHETIC
PA_009633,2024-05-09,SAGAR_SANDHEADS,6,47.8,122.1,MEDIUM,SYNTHETIC_GENERATOR_V1,SYNTHETIC
PA_009634,2024-05-10,SAGAR_SANDHEADS,3,20.2,95.5,LOW,SYNTHETIC_GENERATOR_V1,SYNTHETIC
PA_009635,2024-05-11,SAGAR_SANDHEADS,8,83.6,153.4,HIGH,SYNTHETIC_GENERATOR_V1,SYNTHETIC
PA_009636,2024-05-12,SAGAR_SANDHEADS,6,46.9,115.4,MEDIUM,SYNTHETIC_GENERATOR_V1,SYNTHETIC
PA_009637,2024-05-13,SAGAR_SANDHEADS,5,38.2,107.6,MEDIUM,SYNTHETIC_GENERATOR_V1,SYNTHETIC
PA_009638,2024-05-14,SAGAR_SANDHEADS,7,58.3,122.1,MEDIUM,SYNTHETIC_GENERATOR_V1,SYNTHETIC
PA_009639,2024-05-15,SAGAR_SANDHEADS,6,41.8,108.5,MEDIUM,SYNTHETIC_GENERATOR_V1,SYNTHETIC
PA_009640,2024-05-16,SAGAR_SANDHEADS,8,79.3,142.3,HIGH,SYNTHETIC_GENERATOR_V1,SYNTHETIC
PA_009641,2024-05-17,SAGAR_SANDHEADS,3,17.2,93.8,LOW,SYNTHETIC_GENERATOR_V1,SYNTHETIC
PA_009642,2024-05-18,SAGAR_SANDHEADS,5,40.9,110.4,MEDIUM,SYNTHETIC_GENERATOR_V1,SYNTHETIC
PA_009643,2024-05-19,SAGAR_SANDHEADS,3,23.4,91.0,LOW,SYNTHETIC_GENERATOR_V1,SYNTHETIC
PA_009644,2024-05-20,SAGAR_SANDHEADS,5,41.0,116.3,MEDIUM,SYNTHETIC_GENERATOR_V1,SYNTHETIC
PA_009645,2024-05-21,SAGAR_SANDHEADS,7,66.1,130.1,HIGH,SYNTHETIC_GENERATOR_V1,SYNTHETIC
PA_009646,2024-05-22,SAGAR_SANDHEADS,1,4.5,75.4,LOW,SYNTHETIC_GENERATOR_V1,SYNTHETIC
PA_009647,2024-05-23,SAGAR_SANDHEADS,3,15.9,90.3,LOW,SYNTHETIC_GENERATOR_V1,SYNTHETIC
PA_009648,2024-05-24,SAGAR_SANDHEADS,5,34.8,111.8,MEDIUM,SYNTHETIC_GENERATOR_V1,SYNTHETIC
PA_009649,2024-05-25,SAGAR_SANDHEADS,5,40.7,110.5,MEDIUM,SYNTHETIC_GENERATOR_V1,SYNTHETIC
PA_009650,2024-05-26,SAGAR_SANDHEADS,4,34.1,104.6,MEDIUM,SYNTHETIC_GENERATOR_V1,SYNTHETIC
PA_009651,2024-05-27,SAGAR_SANDHEADS,4,30.2,96.6,MEDIUM,SYNTHETIC_GENERATOR_V1,SYNTHETIC
PA_009652,2024-05-28,SAGAR_SANDHEADS,3,15.5,80.4,LOW,SYNTHETIC_GENERATOR_V1,SYNTHETIC
PA_009653,2024-05-29,SAGAR_SANDHEADS,4,26.8,92.0,MEDIUM,SYNTHETIC_GENERATOR_V1,SYNTHETIC
PA_009654,2024-05-30,SAGAR_SANDHEADS,8,76.6,147.8,HIGH,SYNTHETIC_GENERATOR_V1,SYNTHETIC
PA_009655,2024-05-31,SAGAR_SANDHEADS,5,43.2,116.1,MEDIUM,SYNTHETIC_GENERATOR_V1,SYNTHETIC
PA_009656,2024-06-01,SAGAR_SANDHEADS,6,48.4,118.8,MEDIUM,SYNTHETIC_GENERATOR_V1,SYNTHETIC
PA_009657,2024-06-02,SAGAR_SANDHEADS,9,83.9,152.6,HIGH,SYNTHETIC_GENERATOR_V1,SYNTHETIC
PA_009658,2024-06-03,SAGAR_SANDHEADS,8,71.3,132.2,HIGH,SYNTHETIC_GENERATOR_V1,SYNTHETIC
PA_009659,2024-06-04,SAGAR_SANDHEADS,6,47.7,116.0,MEDIUM,SYNTHETIC_GENERATOR_V1,SYNTHETIC
PA_009660,2024-06-05,SAGAR_SANDHEADS,6,50.9,125.9,MEDIUM,SYNTHETIC_GENERATOR_V1,SYNTHETIC
PA_009661,2024-06-06,SAGAR_SANDHEADS,11,129.3,199.8,HIGH,SYNTHETIC_GENERATOR_V1,SYNTHETIC
PA_009662,2024-06-07,SAGAR_SANDHEADS,4,27.3,96.8,MEDIUM,SYNTHETIC_GENERATOR_V1,SYNTHETIC
PA_009663,2024-06-08,SAGAR_SANDHEADS,8,75.6,147.9,HIGH,SYNTHETIC_GENERATOR_V1,SYNTHETIC
PA_009664,2024-06-09,SAGAR_SANDHEADS,2,7.5,80.3,LOW,SYNTHETIC_GENERATOR_V1,SYNTHETIC
PA_009665,2024-06-10,SAGAR_SANDHEADS,8,76.5,142.9,HIGH,SYNTHETIC_GENERATOR_V1,SYNTHETIC
PA_009666,2024-06-11,SAGAR_SANDHEADS,4,30.4,95.2,MEDIUM,SYNTHETIC_GENERATOR_V1,SYNTHETIC
PA_009667,2024-06-12,SAGAR_SANDHEADS,6,54.7,122.7,MEDIUM,SYNTHETIC_GENERATOR_V1,SYNTHETIC
PA_009668,2024-06-13,SAGAR_SANDHEADS,4,24.6,94.9,MEDIUM,SYNTHETIC_GENERATOR_V1,SYNTHETIC
PA_009669,2024-06-14,SAGAR_SANDHEADS,6,48.4,117.2,MEDIUM,SYNTHETIC_GENERATOR_V1,SYNTHETIC
PA_009670,2024-06-15,SAGAR_SANDHEADS,2,8.1,86.3,LOW,SYNTHETIC_GENERATOR_V1,SYNTHETIC
PA_009671,2024-06-16,SAGAR_SANDHEADS,5,36.9,104.5,MEDIUM,SYNTHETIC_GENERATOR_V1,SYNTHETIC
PA_009672,2024-06-17,SAGAR_SANDHEADS,5,37.1,103.9,MEDIUM,SYNTHETIC_GENERATOR_V1,SYNTHETIC
PA_009673,2024-06-18,SAGAR_SANDHEADS,5,40.4,109.8,MEDIUM,SYNTHETIC_GENERATOR_V1,SYNTHETIC
PA_009674,2024-06-19,SAGAR_SANDHEADS,9,93.1,158.7,HIGH,SYNTHETIC_GENERATOR_V1,SYNTHETIC
PA_009675,2024-06-20,SAGAR_SANDHEADS,5,38.6,110.8,MEDIUM,SYNTHETIC_GENERATOR_V1,SYNTHETIC
PA_009676,2024-06-21,SAGAR_SANDHEADS,8,86.6,162.4,HIGH,SYNTHETIC_GENERATOR_V1,SYNTHETIC
PA_009677,2024-06-22,SAGAR_SANDHEADS,5,36.5,103.9,MEDIUM,SYNTHETIC_GENERATOR_V1,SYNTHETIC
PA_009678,2024-06-23,SAGAR_SANDHEADS,4,26.4,94.5,MEDIUM,SYNTHETIC_GENERATOR_V1,SYNTHETIC
PA_009679,2024-06-24,SAGAR_SANDHEADS,7,65.9,133.6,HIGH,SYNTHETIC_GENERATOR_V1,SYNTHETIC
PA_009680,2024-06-25,SAGAR_SANDHEADS,5,36.3,107.0,MEDIUM,SYNTHETIC_GENERATOR_V1,SYNTHETIC
PA_009681,2024-06-26,SAGAR_SANDHEADS,3,16.4,85.2,LOW,SYNTHETIC_GENERATOR_V1,SYNTHETIC
PA_009682,2024-06-27,SAGAR_SANDHEADS,8,75.6,144.7,HIGH,SYNTHETIC_GENERATOR_V1,SYNTHETIC
PA_009683,2024-06-28,SAGAR_SANDHEADS,5,41.5,107.5,MEDIUM,SYNTHETIC_GENERATOR_V1,SYNTHETIC
PA_009684,2024-06-29,SAGAR_SANDHEADS,6,53.7,119.1,MEDIUM,SYNTHETIC_GENERATOR_V1,SYNTHETIC
PA_009685,2024-06-30,SAGAR_SANDHEADS,3,19.2,87.8,LOW,SYNTHETIC_GENERATOR_V1,SYNTHETIC
PA_009686,2024-07-01,SAGAR_SANDHEADS,3,18.5,83.4,LOW,SYNTHETIC_GENERATOR_V1,SYNTHETIC
PA_009687,2024-07-02,SAGAR_SANDHEADS,3,21.4,91.3,LOW,SYNTHETIC_GENERATOR_V1,SYNTHETIC
PA_009688,2024-07-03,SAGAR_SANDHEADS,9,88.9,155.3,HIGH,SYNTHETIC_GENERATOR_V1,SYNTHETIC
PA_009689,2024-07-04,SAGAR_SANDHEADS,3,22.0,92.3,LOW,SYNTHETIC_GENERATOR_V1,SYNTHETIC
PA_009690,2024-07-05,SAGAR_SANDHEADS,6,48.7,117.4,MEDIUM,SYNTHETIC_GENERATOR_V1,SYNTHETIC
PA_009691,2024-07-06,SAGAR_SANDHEADS,6,51.7,120.7,MEDIUM,SYNTHETIC_GENERATOR_V1,SYNTHETIC
PA_009692,2024-07-07,SAGAR_SANDHEADS,4,30.7,108.1,MEDIUM,SYNTHETIC_GENERATOR_V1,SYNTHETIC
PA_009693,2024-07-08,SAGAR_SANDHEADS,4,26.9,102.2,MEDIUM,SYNTHETIC_GENERATOR_V1,SYNTHETIC
PA_009694,2024-07-09,SAGAR_SANDHEADS,4,23.9,88.2,LOW,SYNTHETIC_GENERATOR_V1,SYNTHETIC
PA_009695,2024-07-10,SAGAR_SANDHEADS,8,74.0,144.8,HIGH,SYNTHETIC_GENERATOR_V1,SYNTHETIC
PA_009696,2024-07-11,SAGAR_SANDHEADS,3,17.2,86.5,LOW,SYNTHETIC_GENERATOR_V1,SYNTHETIC
PA_009697,2024-07-12,SAGAR_SANDHEADS,1,1.1,65.8,LOW,SYNTHETIC_GENERATOR_V1,SYNTHETIC
PA_009698,2024-07-13,SAGAR_SANDHEADS,6,56.4,124.8,MEDIUM,SYNTHETIC_GENERATOR_V1,SYNTHETIC
PA_009699,2024-07-14,SAGAR_SANDHEADS,7,61.8,136.6,HIGH,SYNTHETIC_GENERATOR_V1,SYNTHETIC
PA_009700,2024-07-15,SAGAR_SANDHEADS,4,25.1,95.5,MEDIUM,SYNTHETIC_GENERATOR_V1,SYNTHETIC
PA_009701,2024-07-16,SAGAR_SANDHEADS,6,47.4,120.6,MEDIUM,SYNTHETIC_GENERATOR_V1,SYNTHETIC
PA_009702,2024-07-17,SAGAR_SANDHEADS,5,42.8,114.9,MEDIUM,SYNTHETIC_GENERATOR_V1,SYNTHETIC
PA_009703,2024-07-18,SAGAR_SANDHEADS,5,39.3,105.7,MEDIUM,SYNTHETIC_GENERATOR_V1,SYNTHETIC
PA_009704,2024-07-19,SAGAR_SANDHEADS,2,11.4,79.1,LOW,SYNTHETIC_GENERATOR_V1,SYNTHETIC
PA_009705,2024-07-20,SAGAR_SANDHEADS,8,73.2,142.3,HIGH,SYNTHETIC_GENERATOR_V1,SYNTHETIC
PA_009706,2024-07-21,SAGAR_SANDHEADS,11,128.1,195.2,HIGH,SYNTHETIC_GENERATOR_V1,SYNTHETIC
PA_009707,2024-07-22,SAGAR_SANDHEADS,6,45.7,114.4,MEDIUM,SYNTHETIC_GENERATOR_V1,SYNTHETIC
PA_009708,2024-07-23,SAGAR_SANDHEADS,1,0.0,75.6,LOW,SYNTHETIC_GENERATOR_V1,SYNTHETIC
PA_009709,2024-07-24,SAGAR_SANDHEADS,6,44.9,114.5,MEDIUM,SYNTHETIC_GENERATOR_V1,SYNTHETIC
PA_009710,2024-07-25,SAGAR_SANDHEADS,7,60.7,133.3,HIGH,SYNTHETIC_GENERATOR_V1,SYNTHETIC
PA_009711,2024-07-26,SAGAR_SANDHEADS,4,26.0,96.4,MEDIUM,SYNTHETIC_GENERATOR_V1,SYNTHETIC
PA_009712,2024-07-27,SAGAR_SANDHEADS,4,28.3,99.0,MEDIUM,SYNTHETIC_GENERATOR_V1,SYNTHETIC
PA_009713,2024-07-28,SAGAR_SANDHEADS,8,81.1,146.9,HIGH,SYNTHETIC_GENERATOR_V1,SYNTHETIC
PA_009714,2024-07-29,SAGAR_SANDHEADS,8,74.7,143.3,HIGH,SYNTHETIC_GENERATOR_V1,SYNTHETIC
PA_009715,2024-07-30,SAGAR_SANDHEADS,8,80.7,151.1,HIGH,SYNTHETIC_GENERATOR_V1,SYNTHETIC
PA_009716,2024-07-31,SAGAR_SANDHEADS,4,25.9,95.3,MEDIUM,SYNTHETIC_GENERATOR_V1,SYNTHETIC
PA_009717,2024-08-01,SAGAR_SANDHEADS,6,47.5,120.2,MEDIUM,SYNTHETIC_GENERATOR_V1,SYNTHETIC
PA_009718,2024-08-02,SAGAR_SANDHEADS,6,53.4,122.7,MEDIUM,SYNTHETIC_GENERATOR_V1,SYNTHETIC
PA_009719,2024-08-03,SAGAR_SANDHEADS,6,53.3,124.5,MEDIUM,SYNTHETIC_GENERATOR_V1,SYNTHETIC
PA_009720,2024-08-04,SAGAR_SANDHEADS,8,78.0,150.7,HIGH,SYNTHETIC_GENERATOR_V1,SYNTHETIC
PA_009721,2024-08-05,SAGAR_SANDHEADS,10,108.2,179.4,HIGH,SYNTHETIC_GENERATOR_V1,SYNTHETIC
PA_009722,2024-08-06,SAGAR_SANDHEADS,13,164.9,228.9,HIGH,SYNTHETIC_GENERATOR_V1,SYNTHETIC
PA_009723,2024-08-07,SAGAR_SANDHEADS,4,23.1,91.5,LOW,SYNTHETIC_GENERATOR_V1,SYNTHETIC
PA_009724,2024-08-08,SAGAR_SANDHEADS,4,36.5,113.0,MEDIUM,SYNTHETIC_GENERATOR_V1,SYNTHETIC
PA_009725,2024-08-09,SAGAR_SANDHEADS,6,54.5,124.1,MEDIUM,SYNTHETIC_GENERATOR_V1,SYNTHETIC
PA_009726,2024-08-10,SAGAR_SANDHEADS,5,37.5,105.0,MEDIUM,SYNTHETIC_GENERATOR_V1,SYNTHETIC
PA_009727,2024-08-11,SAGAR_SANDHEADS,3,12.3,75.8,LOW,SYNTHETIC_GENERATOR_V1,SYNTHETIC
PA_009728,2024-08-12,SAGAR_SANDHEADS,4,26.6,93.4,MEDIUM,SYNTHETIC_GENERATOR_V1,SYNTHETIC
PA_009729,2024-08-13,SAGAR_SANDHEADS,5,36.7,101.5,MEDIUM,SYNTHETIC_GENERATOR_V1,SYNTHETIC
PA_009730,2024-08-14,SAGAR_SANDHEADS,7,62.5,127.1,HIGH,SYNTHETIC_GENERATOR_V1,SYNTHETIC
PA_009731,2024-08-15,SAGAR_SANDHEADS,8,78.7,148.4,HIGH,SYNTHETIC_GENERATOR_V1,SYNTHETIC
PA_009732,2024-08-16,SAGAR_SANDHEADS,11,125.4,196.9,HIGH,SYNTHETIC_GENERATOR_V1,SYNTHETIC
PA_009733,2024-08-17,SAGAR_SANDHEADS,8,72.6,145.7,HIGH,SYNTHETIC_GENERATOR_V1,SYNTHETIC
PA_009734,2024-08-18,SAGAR_SANDHEADS,8,75.2,147.0,HIGH,SYNTHETIC_GENERATOR_V1,SYNTHETIC
PA_009735,2024-08-19,SAGAR_SANDHEADS,8,73.8,146.5,HIGH,SYNTHETIC_GENERATOR_V1,SYNTHETIC
PA_009736,2024-08-20,SAGAR_SANDHEADS,7,63.4,125.9,HIGH,SYNTHETIC_GENERATOR_V1,SYNTHETIC
PA_009737,2024-08-21,SAGAR_SANDHEADS,6,46.9,119.7,MEDIUM,SYNTHETIC_GENERATOR_V1,SYNTHETIC
PA_009738,2024-08-22,SAGAR_SANDHEADS,3,18.2,85.3,LOW,SYNTHETIC_GENERATOR_V1,SYNTHETIC
PA_009739,2024-08-23,SAGAR_SANDHEADS,6,48.1,117.3,MEDIUM,SYNTHETIC_GENERATOR_V1,SYNTHETIC
PA_009740,2024-08-24,SAGAR_SANDHEADS,3,20.4,92.1,LOW,SYNTHETIC_GENERATOR_V1,SYNTHETIC
PA_009741,2024-08-25,SAGAR_SANDHEADS,4,22.9,91.7,LOW,SYNTHETIC_GENERATOR_V1,SYNTHETIC
PA_009742,2024-08-26,SAGAR_SANDHEADS,3,16.3,88.9,LOW,SYNTHETIC_GENERATOR_V1,SYNTHETIC
PA_009743,2024-08-27,SAGAR_SANDHEADS,3,11.0,78.3,LOW,SYNTHETIC_GENERATOR_V1,SYNTHETIC
PA_009744,2024-08-28,SAGAR_SANDHEADS,6,53.6,126.9,MEDIUM,SYNTHETIC_GENERATOR_V1,SYNTHETIC
PA_009745,2024-08-29,SAGAR_SANDHEADS,11,124.1,187.3,HIGH,SYNTHETIC_GENERATOR_V1,SYNTHETIC
PA_009746,2024-08-30,SAGAR_SANDHEADS,7,60.5,138.3,HIGH,SYNTHETIC_GENERATOR_V1,SYNTHETIC
PA_009747,2024-08-31,SAGAR_SANDHEADS,8,76.1,141.1,HIGH,SYNTHETIC_GENERATOR_V1,SYNTHETIC
PA_009748,2024-09-01,SAGAR_SANDHEADS,6,55.2,131.9,MEDIUM,SYNTHETIC_GENERATOR_V1,SYNTHETIC
PA_009749,2024-09-02,SAGAR_SANDHEADS,4,29.4,100.1,MEDIUM,SYNTHETIC_GENERATOR_V1,SYNTHETIC
PA_009750,2024-09-03,SAGAR_SANDHEADS,5,40.8,108.4,MEDIUM,SYNTHETIC_GENERATOR_V1,SYNTHETIC
PA_009751,2024-09-04,SAGAR_SANDHEADS,5,36.7,107.9,MEDIUM,SYNTHETIC_GENERATOR_V1,SYNTHETIC
PA_009752,2024-09-05,SAGAR_SANDHEADS,4,36.7,107.3,MEDIUM,SYNTHETIC_GENERATOR_V1,SYNTHETIC
PA_009753,2024-09-06,SAGAR_SANDHEADS,4,27.9,102.2,MEDIUM,SYNTHETIC_GENERATOR_V1,SYNTHETIC
PA_009754,2024-09-07,SAGAR_SANDHEADS,5,37.4,112.4,MEDIUM,SYNTHETIC_GENERATOR_V1,SYNTHETIC
PA_009755,2024-09-08,SAGAR_SANDHEADS,6,47.6,122.4,MEDIUM,SYNTHETIC_GENERATOR_V1,SYNTHETIC
PA_009756,2024-09-09,SAGAR_SANDHEADS,8,79.5,152.4,HIGH,SYNTHETIC_GENERATOR_V1,SYNTHETIC
PA_009757,2024-09-10,SAGAR_SANDHEADS,7,61.2,130.9,HIGH,SYNTHETIC_GENERATOR_V1,SYNTHETIC
PA_009758,2024-09-11,SAGAR_SANDHEADS,5,37.1,105.7,MEDIUM,SYNTHETIC_GENERATOR_V1,SYNTHETIC
PA_009759,2024-09-12,SAGAR_SANDHEADS,11,120.8,191.8,HIGH,SYNTHETIC_GENERATOR_V1,SYNTHETIC
PA_009760,2024-09-13,SAGAR_SANDHEADS,4,22.5,96.1,LOW,SYNTHETIC_GENERATOR_V1,SYNTHETIC
PA_009761,2024-09-14,SAGAR_SANDHEADS,3,19.4,91.8,LOW,SYNTHETIC_GENERATOR_V1,SYNTHETIC
PA_009762,2024-09-15,SAGAR_SANDHEADS,7,64.6,134.9,HIGH,SYNTHETIC_GENERATOR_V1,SYNTHETIC
PA_009763,2024-09-16,SAGAR_SANDHEADS,6,48.7,121.4,MEDIUM,SYNTHETIC_GENERATOR_V1,SYNTHETIC
PA_009764,2024-09-17,SAGAR_SANDHEADS,3,18.5,80.3,LOW,SYNTHETIC_GENERATOR_V1,SYNTHETIC
PA_009765,2024-09-18,SAGAR_SANDHEADS,5,30.2,98.0,MEDIUM,SYNTHETIC_GENERATOR_V1,SYNTHETIC
PA_009766,2024-09-19,SAGAR_SANDHEADS,8,81.4,154.7,HIGH,SYNTHETIC_GENERATOR_V1,SYNTHETIC
PA_009767,2024-09-20,SAGAR_SANDHEADS,2,13.2,87.8,LOW,SYNTHETIC_GENERATOR_V1,SYNTHETIC
PA_009768,2024-09-21,SAGAR_SANDHEADS,4,34.8,104.7,MEDIUM,SYNTHETIC_GENERATOR_V1,SYNTHETIC
PA_009769,2024-09-22,SAGAR_SANDHEADS,2,6.6,75.0,LOW,SYNTHETIC_GENERATOR_V1,SYNTHETIC
PA_009770,2024-09-23,SAGAR_SANDHEADS,6,51.0,121.0,MEDIUM,SYNTHETIC_GENERATOR_V1,SYNTHETIC
PA_009771,2024-09-24,SAGAR_SANDHEADS,6,50.4,113.1,MEDIUM,SYNTHETIC_GENERATOR_V1,SYNTHETIC
PA_009772,2024-09-25,SAGAR_SANDHEADS,5,38.6,106.7,MEDIUM,SYNTHETIC_GENERATOR_V1,SYNTHETIC
PA_009773,2024-09-26,SAGAR_SANDHEADS,8,76.2,146.8,HIGH,SYNTHETIC_GENERATOR_V1,SYNTHETIC
PA_009774,2024-09-27,SAGAR_SANDHEADS,2,14.0,85.4,LOW,SYNTHETIC_GENERATOR_V1,SYNTHETIC
PA_009775,2024-09-28,SAGAR_SANDHEADS,3,14.0,83.5,LOW,SYNTHETIC_GENERATOR_V1,SYNTHETIC
PA_009776,2024-09-29,SAGAR_SANDHEADS,5,38.4,103.1,MEDIUM,SYNTHETIC_GENERATOR_V1,SYNTHETIC
PA_009777,2024-09-30,SAGAR_SANDHEADS,6,47.8,118.1,MEDIUM,SYNTHETIC_GENERATOR_V1,SYNTHETIC
PA_009778,2024-10-01,SAGAR_SANDHEADS,6,50.6,119.8,MEDIUM,SYNTHETIC_GENERATOR_V1,SYNTHETIC
PA_009779,2024-10-02,SAGAR_SANDHEADS,11,120.5,184.3,HIGH,SYNTHETIC_GENERATOR_V1,SYNTHETIC
PA_009780,2024-10-03,SAGAR_SANDHEADS,6,51.7,123.5,MEDIUM,SYNTHETIC_GENERATOR_V1,SYNTHETIC
PA_009781,2024-10-04,SAGAR_SANDHEADS,2,10.9,80.0,LOW,SYNTHETIC_GENERATOR_V1,SYNTHETIC
PA_009782,2024-10-05,SAGAR_SANDHEADS,6,47.2,118.3,MEDIUM,SYNTHETIC_GENERATOR_V1,SYNTHETIC
PA_009783,2024-10-06,SAGAR_SANDHEADS,2,6.3,76.1,LOW,SYNTHETIC_GENERATOR_V1,SYNTHETIC
PA_009784,2024-10-07,SAGAR_SANDHEADS,8,71.1,141.3,HIGH,SYNTHETIC_GENERATOR_V1,SYNTHETIC
PA_009785,2024-10-08,SAGAR_SANDHEADS,4,21.6,91.5,LOW,SYNTHETIC_GENERATOR_V1,SYNTHETIC
PA_009786,2024-10-09,SAGAR_SANDHEADS,4,30.5,102.8,MEDIUM,SYNTHETIC_GENERATOR_V1,SYNTHETIC
PA_009787,2024-10-10,SAGAR_SANDHEADS,5,38.8,104.9,MEDIUM,SYNTHETIC_GENERATOR_V1,SYNTHETIC
PA_009788,2024-10-11,SAGAR_SANDHEADS,7,64.1,129.3,HIGH,SYNTHETIC_GENERATOR_V1,SYNTHETIC
PA_009789,2024-10-12,SAGAR_SANDHEADS,8,80.1,153.2,HIGH,SYNTHETIC_GENERATOR_V1,SYNTHETIC
PA_009790,2024-10-13,SAGAR_SANDHEADS,5,31.7,100.5,MEDIUM,SYNTHETIC_GENERATOR_V1,SYNTHETIC
PA_009791,2024-10-14,SAGAR_SANDHEADS,9,92.1,159.7,HIGH,SYNTHETIC_GENERATOR_V1,SYNTHETIC
PA_009792,2024-10-15,SAGAR_SANDHEADS,8,77.9,149.1,HIGH,SYNTHETIC_GENERATOR_V1,SYNTHETIC
PA_009793,2024-10-16,SAGAR_SANDHEADS,5,36.9,111.6,MEDIUM,SYNTHETIC_GENERATOR_V1,SYNTHETIC
PA_009794,2024-10-17,SAGAR_SANDHEADS,8,76.2,142.3,HIGH,SYNTHETIC_GENERATOR_V1,SYNTHETIC
PA_009795,2024-10-18,SAGAR_SANDHEADS,5,37.9,109.9,MEDIUM,SYNTHETIC_GENERATOR_V1,SYNTHETIC
PA_009796,2024-10-19,SAGAR_SANDHEADS,5,35.8,108.4,MEDIUM,SYNTHETIC_GENERATOR_V1,SYNTHETIC
PA_009797,2024-10-20,SAGAR_SANDHEADS,1,1.2,68.7,LOW,SYNTHETIC_GENERATOR_V1,SYNTHETIC
PA_009798,2024-10-21,SAGAR_SANDHEADS,6,49.5,114.3,MEDIUM,SYNTHETIC_GENERATOR_V1,SYNTHETIC
PA_009799,2024-10-22,SAGAR_SANDHEADS,5,36.6,103.3,MEDIUM,SYNTHETIC_GENERATOR_V1,SYNTHETIC
PA_009800,2024-10-23,SAGAR_SANDHEADS,6,53.3,125.5,MEDIUM,SYNTHETIC_GENERATOR_V1,SYNTHETIC
PA_009801,2024-10-24,SAGAR_SANDHEADS,2,8.1,80.5,LOW,SYNTHETIC_GENERATOR_V1,SYNTHETIC
PA_009802,2024-10-25,SAGAR_SANDHEADS,5,33.1,102.6,MEDIUM,SYNTHETIC_GENERATOR_V1,SYNTHETIC
PA_009803,2024-10-26,SAGAR_SANDHEADS,9,87.4,153.2,HIGH,SYNTHETIC_GENERATOR_V1,SYNTHETIC
PA_009804,2024-10-27,SAGAR_SANDHEADS,5,37.5,108.0,MEDIUM,SYNTHETIC_GENERATOR_V1,SYNTHETIC
PA_009805,2024-10-28,SAGAR_SANDHEADS,4,22.2,85.6,LOW,SYNTHETIC_GENERATOR_V1,SYNTHETIC
PA_009806,2024-10-29,SAGAR_SANDHEADS,4,33.7,108.2,MEDIUM,SYNTHETIC_GENERATOR_V1,SYNTHETIC
PA_009807,2024-10-30,SAGAR_SANDHEADS,10,111.4,180.7,HIGH,SYNTHETIC_GENERATOR_V1,SYNTHETIC
PA_009808,2024-10-31,SAGAR_SANDHEADS,9,91.3,165.0,HIGH,SYNTHETIC_GENERATOR_V1,SYNTHETIC
PA_009809,2024-11-01,SAGAR_SANDHEADS,5,33.3,103.5,MEDIUM,SYNTHETIC_GENERATOR_V1,SYNTHETIC
PA_009810,2024-11-02,SAGAR_SANDHEADS,5,36.4,110.5,MEDIUM,SYNTHETIC_GENERATOR_V1,SYNTHETIC
PA_009811,2024-11-03,SAGAR_SANDHEADS,4,26.7,102.1,MEDIUM,SYNTHETIC_GENERATOR_V1,SYNTHETIC
PA_009812,2024-11-04,SAGAR_SANDHEADS,4,27.4,105.9,MEDIUM,SYNTHETIC_GENERATOR_V1,SYNTHETIC
PA_009813,2024-11-05,SAGAR_SANDHEADS,5,28.6,103.9,MEDIUM,SYNTHETIC_GENERATOR_V1,SYNTHETIC
PA_009814,2024-11-06,SAGAR_SANDHEADS,3,26.5,98.0,MEDIUM,SYNTHETIC_GENERATOR_V1,SYNTHETIC
PA_009815,2024-11-07,SAGAR_SANDHEADS,3,14.1,83.2,LOW,SYNTHETIC_GENERATOR_V1,SYNTHETIC
PA_009816,2024-11-08,SAGAR_SANDHEADS,7,59.6,126.0,MEDIUM,SYNTHETIC_GENERATOR_V1,SYNTHETIC
PA_009817,2024-11-09,SAGAR_SANDHEADS,8,73.6,144.2,HIGH,SYNTHETIC_GENERATOR_V1,SYNTHETIC
PA_009818,2024-11-10,SAGAR_SANDHEADS,5,33.9,104.5,MEDIUM,SYNTHETIC_GENERATOR_V1,SYNTHETIC
PA_009819,2024-11-11,SAGAR_SANDHEADS,4,32.6,102.1,MEDIUM,SYNTHETIC_GENERATOR_V1,SYNTHETIC
PA_009820,2024-11-12,SAGAR_SANDHEADS,9,98.3,174.8,HIGH,SYNTHETIC_GENERATOR_V1,SYNTHETIC
PA_009821,2024-11-13,SAGAR_SANDHEADS,6,53.3,120.7,MEDIUM,SYNTHETIC_GENERATOR_V1,SYNTHETIC
PA_009822,2024-11-14,SAGAR_SANDHEADS,6,52.5,127.7,MEDIUM,SYNTHETIC_GENERATOR_V1,SYNTHETIC
PA_009823,2024-11-15,SAGAR_SANDHEADS,3,17.0,93.3,LOW,SYNTHETIC_GENERATOR_V1,SYNTHETIC
PA_009824,2024-11-16,SAGAR_SANDHEADS,5,37.7,107.1,MEDIUM,SYNTHETIC_GENERATOR_V1,SYNTHETIC
PA_009825,2024-11-17,SAGAR_SANDHEADS,6,45.0,117.3,MEDIUM,SYNTHETIC_GENERATOR_V1,SYNTHETIC
PA_009826,2024-11-18,SAGAR_SANDHEADS,4,22.5,91.5,LOW,SYNTHETIC_GENERATOR_V1,SYNTHETIC
PA_009827,2024-11-19,SAGAR_SANDHEADS,6,52.6,121.8,MEDIUM,SYNTHETIC_GENERATOR_V1,SYNTHETIC
PA_009828,2024-11-20,SAGAR_SANDHEADS,5,36.7,108.8,MEDIUM,SYNTHETIC_GENERATOR_V1,SYNTHETIC
PA_009829,2024-11-21,SAGAR_SANDHEADS,2,11.7,76.9,LOW,SYNTHETIC_GENERATOR_V1,SYNTHETIC
PA_009830,2024-11-22,SAGAR_SANDHEADS,5,33.8,96.4,MEDIUM,SYNTHETIC_GENERATOR_V1,SYNTHETIC
PA_009831,2024-11-23,SAGAR_SANDHEADS,4,30.2,101.2,MEDIUM,SYNTHETIC_GENERATOR_V1,SYNTHETIC
PA_009832,2024-11-24,SAGAR_SANDHEADS,8,78.5,140.4,HIGH,SYNTHETIC_GENERATOR_V1,SYNTHETIC
PA_009833,2024-11-25,SAGAR_SANDHEADS,5,34.8,98.8,MEDIUM,SYNTHETIC_GENERATOR_V1,SYNTHETIC
PA_009834,2024-11-26,SAGAR_SANDHEADS,7,66.7,138.1,HIGH,SYNTHETIC_GENERATOR_V1,SYNTHETIC
PA_009835,2024-11-27,SAGAR_SANDHEADS,1,5.5,70.5,LOW,SYNTHETIC_GENERATOR_V1,SYNTHETIC
PA_009836,2024-11-28,SAGAR_SANDHEADS,5,42.6,110.6,MEDIUM,SYNTHETIC_GENERATOR_V1,SYNTHETIC
PA_009837,2024-11-29,SAGAR_SANDHEADS,4,27.9,93.9,MEDIUM,SYNTHETIC_GENERATOR_V1,SYNTHETIC
PA_009838,2024-11-30,SAGAR_SANDHEADS,6,56.4,120.5,MEDIUM,SYNTHETIC_GENERATOR_V1,SYNTHETIC
PA_009839,2024-12-01,SAGAR_SANDHEADS,5,34.0,105.5,MEDIUM,SYNTHETIC_GENERATOR_V1,SYNTHETIC
PA_009840,2024-12-02,SAGAR_SANDHEADS,7,58.7,131.1,MEDIUM,SYNTHETIC_GENERATOR_V1,SYNTHETIC
PA_009841,2024-12-03,SAGAR_SANDHEADS,2,8.7,77.4,LOW,SYNTHETIC_GENERATOR_V1,SYNTHETIC
PA_009842,2024-12-04,SAGAR_SANDHEADS,7,67.2,142.1,HIGH,SYNTHETIC_GENERATOR_V1,SYNTHETIC
PA_009843,2024-12-05,SAGAR_SANDHEADS,9,89.3,151.3,HIGH,SYNTHETIC_GENERATOR_V1,SYNTHETIC
PA_009844,2024-12-06,SAGAR_SANDHEADS,10,100.4,162.9,HIGH,SYNTHETIC_GENERATOR_V1,SYNTHETIC
PA_009845,2024-12-07,SAGAR_SANDHEADS,5,32.2,104.1,MEDIUM,SYNTHETIC_GENERATOR_V1,SYNTHETIC
PA_009846,2024-12-08,SAGAR_SANDHEADS,3,21.4,88.4,LOW,SYNTHETIC_GENERATOR_V1,SYNTHETIC
PA_009847,2024-12-09,SAGAR_SANDHEADS,4,23.9,91.8,LOW,SYNTHETIC_GENERATOR_V1,SYNTHETIC
PA_009848,2024-12-10,SAGAR_SANDHEADS,5,39.9,111.5,MEDIUM,SYNTHETIC_GENERATOR_V1,SYNTHETIC
PA_009849,2024-12-11,SAGAR_SANDHEADS,7,64.3,136.1,HIGH,SYNTHETIC_GENERATOR_V1,SYNTHETIC
PA_009850,2024-12-12,SAGAR_SANDHEADS,6,51.4,117.5,MEDIUM,SYNTHETIC_GENERATOR_V1,SYNTHETIC
PA_009851,2024-12-13,SAGAR_SANDHEADS,5,34.1,100.7,MEDIUM,SYNTHETIC_GENERATOR_V1,SYNTHETIC
PA_009852,2024-12-14,SAGAR_SANDHEADS,2,11.8,85.5,LOW,SYNTHETIC_GENERATOR_V1,SYNTHETIC
PA_009853,2024-12-15,SAGAR_SANDHEADS,8,68.4,136.3,HIGH,SYNTHETIC_GENERATOR_V1,SYNTHETIC
PA_009854,2024-12-16,SAGAR_SANDHEADS,6,46.9,118.1,MEDIUM,SYNTHETIC_GENERATOR_V1,SYNTHETIC
PA_009855,2024-12-17,SAGAR_SANDHEADS,4,31.1,92.8,MEDIUM,SYNTHETIC_GENERATOR_V1,SYNTHETIC
PA_009856,2024-12-18,SAGAR_SANDHEADS,5,38.6,108.5,MEDIUM,SYNTHETIC_GENERATOR_V1,SYNTHETIC
PA_009857,2024-12-19,SAGAR_SANDHEADS,2,9.4,86.2,LOW,SYNTHETIC_GENERATOR_V1,SYNTHETIC
PA_009858,2024-12-20,SAGAR_SANDHEADS,1,9.4,78.8,LOW,SYNTHETIC_GENERATOR_V1,SYNTHETIC
PA_009859,2024-12-21,SAGAR_SANDHEADS,3,18.3,88.1,LOW,SYNTHETIC_GENERATOR_V1,SYNTHETIC
PA_009860,2024-12-22,SAGAR_SANDHEADS,6,50.5,120.4,MEDIUM,SYNTHETIC_GENERATOR_V1,SYNTHETIC
PA_009861,2024-12-23,SAGAR_SANDHEADS,5,34.4,100.3,MEDIUM,SYNTHETIC_GENERATOR_V1,SYNTHETIC
PA_009862,2024-12-24,SAGAR_SANDHEADS,4,25.3,90.4,MEDIUM,SYNTHETIC_GENERATOR_V1,SYNTHETIC
PA_009863,2024-12-25,SAGAR_SANDHEADS,4,26.7,97.1,MEDIUM,SYNTHETIC_GENERATOR_V1,SYNTHETIC
PA_009864,2024-12-26,SAGAR_SANDHEADS,6,55.5,128.7,MEDIUM,SYNTHETIC_GENERATOR_V1,SYNTHETIC
PA_009865,2024-12-27,SAGAR_SANDHEADS,5,42.8,115.8,MEDIUM,SYNTHETIC_GENERATOR_V1,SYNTHETIC
PA_009866,2024-12-28,SAGAR_SANDHEADS,4,30.9,99.6,MEDIUM,SYNTHETIC_GENERATOR_V1,SYNTHETIC
PA_009867,2024-12-29,SAGAR_SANDHEADS,6,53.0,127.3,MEDIUM,SYNTHETIC_GENERATOR_V1,SYNTHETIC
PA_009868,2024-12-30,SAGAR_SANDHEADS,3,17.4,90.2,LOW,SYNTHETIC_GENERATOR_V1,SYNTHETIC
PA_009869,2024-12-31,SAGAR_SANDHEADS,1,6.8,81.1,LOW,SYNTHETIC_GENERATOR_V1,SYNTHETIC
PA_009870,2025-01-01,SAGAR_SANDHEADS,2,10.5,79.5,LOW,SYNTHETIC_GENERATOR_V1,SYNTHETIC
PA_009871,2025-01-02,SAGAR_SANDHEADS,4,28.3,95.9,MEDIUM,SYNTHETIC_GENERATOR_V1,SYNTHETIC
PA_009872,2025-01-03,SAGAR_SANDHEADS,7,61.1,127.3,HIGH,SYNTHETIC_GENERATOR_V1,SYNTHETIC
PA_009873,2025-01-04,SAGAR_SANDHEADS,1,5.2,78.8,LOW,SYNTHETIC_GENERATOR_V1,SYNTHETIC
PA_009874,2025-01-05,SAGAR_SANDHEADS,4,27.0,89.6,MEDIUM,SYNTHETIC_GENERATOR_V1,SYNTHETIC
PA_009875,2025-01-06,SAGAR_SANDHEADS,7,60.0,130.1,HIGH,SYNTHETIC_GENERATOR_V1,SYNTHETIC
PA_009876,2025-01-07,SAGAR_SANDHEADS,3,17.5,81.7,LOW,SYNTHETIC_GENERATOR_V1,SYNTHETIC
PA_009877,2025-01-08,SAGAR_SANDHEADS,4,21.7,92.9,LOW,SYNTHETIC_GENERATOR_V1,SYNTHETIC
PA_009878,2025-01-09,SAGAR_SANDHEADS,4,27.4,97.0,MEDIUM,SYNTHETIC_GENERATOR_V1,SYNTHETIC
PA_009879,2025-01-10,SAGAR_SANDHEADS,3,8.1,73.6,LOW,SYNTHETIC_GENERATOR_V1,SYNTHETIC
PA_009880,2025-01-11,SAGAR_SANDHEADS,2,10.7,80.5,LOW,SYNTHETIC_GENERATOR_V1,SYNTHETIC
PA_009881,2025-01-12,SAGAR_SANDHEADS,3,20.6,94.4,LOW,SYNTHETIC_GENERATOR_V1,SYNTHETIC
PA_009882,2025-01-13,SAGAR_SANDHEADS,2,6.9,75.2,LOW,SYNTHETIC_GENERATOR_V1,SYNTHETIC
PA_009883,2025-01-14,SAGAR_SANDHEADS,3,7.6,77.7,LOW,SYNTHETIC_GENERATOR_V1,SYNTHETIC
PA_009884,2025-01-15,SAGAR_SANDHEADS,3,14.8,93.3,LOW,SYNTHETIC_GENERATOR_V1,SYNTHETIC
PA_009885,2025-01-16,SAGAR_SANDHEADS,5,39.6,114.4,MEDIUM,SYNTHETIC_GENERATOR_V1,SYNTHETIC
PA_009886,2025-01-17,SAGAR_SANDHEADS,5,43.1,114.4,MEDIUM,SYNTHETIC_GENERATOR_V1,SYNTHETIC
PA_009887,2025-01-18,SAGAR_SANDHEADS,1,1.1,67.5,LOW,SYNTHETIC_GENERATOR_V1,SYNTHETIC
PA_009888,2025-01-19,SAGAR_SANDHEADS,8,76.8,144.9,HIGH,SYNTHETIC_GENERATOR_V1,SYNTHETIC
PA_009889,2025-01-20,SAGAR_SANDHEADS,5,46.0,113.1,MEDIUM,SYNTHETIC_GENERATOR_V1,SYNTHETIC
PA_009890,2025-01-21,SAGAR_SANDHEADS,4,30.5,93.3,MEDIUM,SYNTHETIC_GENERATOR_V1,SYNTHETIC
PA_009891,2025-01-22,SAGAR_SANDHEADS,5,37.9,109.6,MEDIUM,SYNTHETIC_GENERATOR_V1,SYNTHETIC
PA_009892,2025-01-23,SAGAR_SANDHEADS,4,27.2,100.9,MEDIUM,SYNTHETIC_GENERATOR_V1,SYNTHETIC
PA_009893,2025-01-24,SAGAR_SANDHEADS,4,27.8,101.0,MEDIUM,SYNTHETIC_GENERATOR_V1,SYNTHETIC
PA_009894,2025-01-25,SAGAR_SANDHEADS,4,23.4,94.0,LOW,SYNTHETIC_GENERATOR_V1,SYNTHETIC
PA_009895,2025-01-26,SAGAR_SANDHEADS,4,27.1,105.5,MEDIUM,SYNTHETIC_GENERATOR_V1,SYNTHETIC
PA_009896,2025-01-27,SAGAR_SANDHEADS,5,37.7,113.2,MEDIUM,SYNTHETIC_GENERATOR_V1,SYNTHETIC
PA_009897,2025-01-28,SAGAR_SANDHEADS,5,34.2,103.2,MEDIUM,SYNTHETIC_GENERATOR_V1,SYNTHETIC
PA_009898,2025-01-29,SAGAR_SANDHEADS,3,16.2,79.4,LOW,SYNTHETIC_GENERATOR_V1,SYNTHETIC
PA_009899,2025-01-30,SAGAR_SANDHEADS,3,17.1,78.9,LOW,SYNTHETIC_GENERATOR_V1,SYNTHETIC
PA_009900,2025-01-31,SAGAR_SANDHEADS,5,30.7,97.9,MEDIUM,SYNTHETIC_GENERATOR_V1,SYNTHETIC
PA_009901,2025-02-01,SAGAR_SANDHEADS,6,50.6,124.2,MEDIUM,SYNTHETIC_GENERATOR_V1,SYNTHETIC
PA_009902,2025-02-02,SAGAR_SANDHEADS,4,28.9,97.7,MEDIUM,SYNTHETIC_GENERATOR_V1,SYNTHETIC
PA_009903,2025-02-03,SAGAR_SANDHEADS,6,50.3,119.7,MEDIUM,SYNTHETIC_GENERATOR_V1,SYNTHETIC
PA_009904,2025-02-04,SAGAR_SANDHEADS,4,21.7,94.6,LOW,SYNTHETIC_GENERATOR_V1,SYNTHETIC
PA_009905,2025-02-05,SAGAR_SANDHEADS,6,44.4,106.3,MEDIUM,SYNTHETIC_GENERATOR_V1,SYNTHETIC
PA_009906,2025-02-06,SAGAR_SANDHEADS,4,26.3,101.5,MEDIUM,SYNTHETIC_GENERATOR_V1,SYNTHETIC
PA_009907,2025-02-07,SAGAR_SANDHEADS,6,50.9,113.4,MEDIUM,SYNTHETIC_GENERATOR_V1,SYNTHETIC
PA_009908,2025-02-08,SAGAR_SANDHEADS,4,25.5,97.0,MEDIUM,SYNTHETIC_GENERATOR_V1,SYNTHETIC
PA_009909,2025-02-09,SAGAR_SANDHEADS,4,31.0,105.5,MEDIUM,SYNTHETIC_GENERATOR_V1,SYNTHETIC
PA_009910,2025-02-10,SAGAR_SANDHEADS,6,54.6,122.1,MEDIUM,SYNTHETIC_GENERATOR_V1,SYNTHETIC
PA_009911,2025-02-11,SAGAR_SANDHEADS,5,35.8,103.2,MEDIUM,SYNTHETIC_GENERATOR_V1,SYNTHETIC
PA_009912,2025-02-12,SAGAR_SANDHEADS,1,4.7,77.8,LOW,SYNTHETIC_GENERATOR_V1,SYNTHETIC
PA_009913,2025-02-13,SAGAR_SANDHEADS,1,0.0,65.7,LOW,SYNTHETIC_GENERATOR_V1,SYNTHETIC
PA_009914,2025-02-14,SAGAR_SANDHEADS,4,28.2,97.9,MEDIUM,SYNTHETIC_GENERATOR_V1,SYNTHETIC
PA_009915,2025-02-15,SAGAR_SANDHEADS,3,17.1,88.2,LOW,SYNTHETIC_GENERATOR_V1,SYNTHETIC
PA_009916,2025-02-16,SAGAR_SANDHEADS,5,37.3,105.0,MEDIUM,SYNTHETIC_GENERATOR_V1,SYNTHETIC
PA_009917,2025-02-17,SAGAR_SANDHEADS,6,54.0,123.8,MEDIUM,SYNTHETIC_GENERATOR_V1,SYNTHETIC
PA_009918,2025-02-18,SAGAR_SANDHEADS,6,46.8,114.7,MEDIUM,SYNTHETIC_GENERATOR_V1,SYNTHETIC
PA_009919,2025-02-19,SAGAR_SANDHEADS,6,51.7,124.7,MEDIUM,SYNTHETIC_GENERATOR_V1,SYNTHETIC
PA_009920,2025-02-20,SAGAR_SANDHEADS,6,44.1,118.9,MEDIUM,SYNTHETIC_GENERATOR_V1,SYNTHETIC
PA_009921,2025-02-21,SAGAR_SANDHEADS,3,15.3,84.6,LOW,SYNTHETIC_GENERATOR_V1,SYNTHETIC
PA_009922,2025-02-22,SAGAR_SANDHEADS,8,78.3,147.4,HIGH,SYNTHETIC_GENERATOR_V1,SYNTHETIC
PA_009923,2025-02-23,SAGAR_SANDHEADS,9,100.2,165.6,HIGH,SYNTHETIC_GENERATOR_V1,SYNTHETIC
PA_009924,2025-02-24,SAGAR_SANDHEADS,6,45.5,122.4,MEDIUM,SYNTHETIC_GENERATOR_V1,SYNTHETIC
PA_009925,2025-02-25,SAGAR_SANDHEADS,5,38.5,111.6,MEDIUM,SYNTHETIC_GENERATOR_V1,SYNTHETIC
PA_009926,2025-02-26,SAGAR_SANDHEADS,2,5.2,77.7,LOW,SYNTHETIC_GENERATOR_V1,SYNTHETIC
PA_009927,2025-02-27,SAGAR_SANDHEADS,3,16.7,88.1,LOW,SYNTHETIC_GENERATOR_V1,SYNTHETIC
PA_009928,2025-02-28,SAGAR_SANDHEADS,4,24.7,91.8,MEDIUM,SYNTHETIC_GENERATOR_V1,SYNTHETIC
PA_009929,2025-03-01,SAGAR_SANDHEADS,6,56.9,124.2,MEDIUM,SYNTHETIC_GENERATOR_V1,SYNTHETIC
PA_009930,2025-03-02,SAGAR_SANDHEADS,4,21.5,95.6,LOW,SYNTHETIC_GENERATOR_V1,SYNTHETIC
PA_009931,2025-03-03,SAGAR_SANDHEADS,7,63.2,127.6,HIGH,SYNTHETIC_GENERATOR_V1,SYNTHETIC
PA_009932,2025-03-04,SAGAR_SANDHEADS,5,39.9,108.7,MEDIUM,SYNTHETIC_GENERATOR_V1,SYNTHETIC
PA_009933,2025-03-05,SAGAR_SANDHEADS,9,91.8,167.5,HIGH,SYNTHETIC_GENERATOR_V1,SYNTHETIC
PA_009934,2025-03-06,SAGAR_SANDHEADS,4,26.6,98.9,MEDIUM,SYNTHETIC_GENERATOR_V1,SYNTHETIC
PA_009935,2025-03-07,SAGAR_SANDHEADS,5,32.6,101.7,MEDIUM,SYNTHETIC_GENERATOR_V1,SYNTHETIC
PA_009936,2025-03-08,SAGAR_SANDHEADS,9,94.0,159.1,HIGH,SYNTHETIC_GENERATOR_V1,SYNTHETIC
PA_009937,2025-03-09,SAGAR_SANDHEADS,3,13.7,84.6,LOW,SYNTHETIC_GENERATOR_V1,SYNTHETIC
PA_009938,2025-03-10,SAGAR_SANDHEADS,6,51.8,115.9,MEDIUM,SYNTHETIC_GENERATOR_V1,SYNTHETIC
PA_009939,2025-03-11,SAGAR_SANDHEADS,6,53.6,130.6,MEDIUM,SYNTHETIC_GENERATOR_V1,SYNTHETIC
PA_009940,2025-03-12,SAGAR_SANDHEADS,3,16.9,79.9,LOW,SYNTHETIC_GENERATOR_V1,SYNTHETIC
PA_009941,2025-03-13,SAGAR_SANDHEADS,9,92.1,164.8,HIGH,SYNTHETIC_GENERATOR_V1,SYNTHETIC
PA_009942,2025-03-14,SAGAR_SANDHEADS,8,76.9,149.7,HIGH,SYNTHETIC_GENERATOR_V1,SYNTHETIC
PA_009943,2025-03-15,SAGAR_SANDHEADS,6,52.5,130.6,MEDIUM,SYNTHETIC_GENERATOR_V1,SYNTHETIC
PA_009944,2025-03-16,SAGAR_SANDHEADS,8,81.9,152.2,HIGH,SYNTHETIC_GENERATOR_V1,SYNTHETIC
PA_009945,2025-03-17,SAGAR_SANDHEADS,4,29.1,100.0,MEDIUM,SYNTHETIC_GENERATOR_V1,SYNTHETIC
PA_009946,2025-03-18,SAGAR_SANDHEADS,9,91.1,160.4,HIGH,SYNTHETIC_GENERATOR_V1,SYNTHETIC
PA_009947,2025-03-19,SAGAR_SANDHEADS,4,30.3,98.2,MEDIUM,SYNTHETIC_GENERATOR_V1,SYNTHETIC
PA_009948,2025-03-20,SAGAR_SANDHEADS,5,37.1,104.4,MEDIUM,SYNTHETIC_GENERATOR_V1,SYNTHETIC
PA_009949,2025-03-21,SAGAR_SANDHEADS,3,15.5,84.6,LOW,SYNTHETIC_GENERATOR_V1,SYNTHETIC
PA_009950,2025-03-22,SAGAR_SANDHEADS,7,57.3,123.9,MEDIUM,SYNTHETIC_GENERATOR_V1,SYNTHETIC
PA_009951,2025-03-23,SAGAR_SANDHEADS,2,13.8,88.9,LOW,SYNTHETIC_GENERATOR_V1,SYNTHETIC
PA_009952,2025-03-24,SAGAR_SANDHEADS,5,36.5,109.2,MEDIUM,SYNTHETIC_GENERATOR_V1,SYNTHETIC
PA_009953,2025-03-25,SAGAR_SANDHEADS,10,110.3,184.1,HIGH,SYNTHETIC_GENERATOR_V1,SYNTHETIC
PA_009954,2025-03-26,SAGAR_SANDHEADS,8,75.1,134.6,HIGH,SYNTHETIC_GENERATOR_V1,SYNTHETIC
PA_009955,2025-03-27,SAGAR_SANDHEADS,5,39.3,117.0,MEDIUM,SYNTHETIC_GENERATOR_V1,SYNTHETIC
PA_009956,2025-03-28,SAGAR_SANDHEADS,5,31.7,101.6,MEDIUM,SYNTHETIC_GENERATOR_V1,SYNTHETIC
PA_009957,2025-03-29,SAGAR_SANDHEADS,9,94.7,176.8,HIGH,SYNTHETIC_GENERATOR_V1,SYNTHETIC
PA_009958,2025-03-30,SAGAR_SANDHEADS,9,88.5,169.0,HIGH,SYNTHETIC_GENERATOR_V1,SYNTHETIC
PA_009959,2025-03-31,SAGAR_SANDHEADS,3,24.0,96.0,MEDIUM,SYNTHETIC_GENERATOR_V1,SYNTHETIC
PA_009960,2025-04-01,SAGAR_SANDHEADS,12,136.2,211.1,HIGH,SYNTHETIC_GENERATOR_V1,SYNTHETIC
PA_009961,2025-04-02,SAGAR_SANDHEADS,2,16.3,92.3,LOW,SYNTHETIC_GENERATOR_V1,SYNTHETIC
PA_009962,2025-04-03,SAGAR_SANDHEADS,5,41.3,108.2,MEDIUM,SYNTHETIC_GENERATOR_V1,SYNTHETIC
PA_009963,2025-04-04,SAGAR_SANDHEADS,9,97.7,163.2,HIGH,SYNTHETIC_GENERATOR_V1,SYNTHETIC
PA_009964,2025-04-05,SAGAR_SANDHEADS,2,15.2,81.7,LOW,SYNTHETIC_GENERATOR_V1,SYNTHETIC
PA_009965,2025-04-06,SAGAR_SANDHEADS,6,52.6,126.7,MEDIUM,SYNTHETIC_GENERATOR_V1,SYNTHETIC
PA_009966,2025-04-07,SAGAR_SANDHEADS,6,54.9,126.6,MEDIUM,SYNTHETIC_GENERATOR_V1,SYNTHETIC
PA_009967,2025-04-08,SAGAR_SANDHEADS,2,12.2,82.0,LOW,SYNTHETIC_GENERATOR_V1,SYNTHETIC
PA_009968,2025-04-09,SAGAR_SANDHEADS,5,36.9,108.9,MEDIUM,SYNTHETIC_GENERATOR_V1,SYNTHETIC
PA_009969,2025-04-10,SAGAR_SANDHEADS,3,21.7,93.8,LOW,SYNTHETIC_GENERATOR_V1,SYNTHETIC
PA_009970,2025-04-11,SAGAR_SANDHEADS,8,75.8,148.0,HIGH,SYNTHETIC_GENERATOR_V1,SYNTHETIC
PA_009971,2025-04-12,SAGAR_SANDHEADS,8,76.7,143.6,HIGH,SYNTHETIC_GENERATOR_V1,SYNTHETIC
PA_009972,2025-04-13,SAGAR_SANDHEADS,4,24.9,94.4,MEDIUM,SYNTHETIC_GENERATOR_V1,SYNTHETIC
PA_009973,2025-04-14,SAGAR_SANDHEADS,4,23.5,96.7,LOW,SYNTHETIC_GENERATOR_V1,SYNTHETIC
PA_009974,2025-04-15,SAGAR_SANDHEADS,6,51.2,118.3,MEDIUM,SYNTHETIC_GENERATOR_V1,SYNTHETIC
PA_009975,2025-04-16,SAGAR_SANDHEADS,4,37.8,104.0,MEDIUM,SYNTHETIC_GENERATOR_V1,SYNTHETIC
PA_009976,2025-04-17,SAGAR_SANDHEADS,2,8.5,79.0,LOW,SYNTHETIC_GENERATOR_V1,SYNTHETIC
PA_009977,2025-04-18,SAGAR_SANDHEADS,11,125.4,190.7,HIGH,SYNTHETIC_GENERATOR_V1,SYNTHETIC
PA_009978,2025-04-19,SAGAR_SANDHEADS,8,80.6,152.5,HIGH,SYNTHETIC_GENERATOR_V1,SYNTHETIC
PA_009979,2025-04-20,SAGAR_SANDHEADS,4,30.1,106.3,MEDIUM,SYNTHETIC_GENERATOR_V1,SYNTHETIC
PA_009980,2025-04-21,SAGAR_SANDHEADS,6,52.5,115.6,MEDIUM,SYNTHETIC_GENERATOR_V1,SYNTHETIC
PA_009981,2025-04-22,SAGAR_SANDHEADS,4,27.3,97.3,MEDIUM,SYNTHETIC_GENERATOR_V1,SYNTHETIC
PA_009982,2025-04-23,SAGAR_SANDHEADS,6,51.4,122.5,MEDIUM,SYNTHETIC_GENERATOR_V1,SYNTHETIC
PA_009983,2025-04-24,SAGAR_SANDHEADS,7,60.5,127.5,HIGH,SYNTHETIC_GENERATOR_V1,SYNTHETIC
PA_009984,2025-04-25,SAGAR_SANDHEADS,3,17.2,93.4,LOW,SYNTHETIC_GENERATOR_V1,SYNTHETIC
PA_009985,2025-04-26,SAGAR_SANDHEADS,10,105.4,178.7,HIGH,SYNTHETIC_GENERATOR_V1,SYNTHETIC
PA_009986,2025-04-27,SAGAR_SANDHEADS,6,47.1,114.3,MEDIUM,SYNTHETIC_GENERATOR_V1,SYNTHETIC
PA_009987,2025-04-28,SAGAR_SANDHEADS,7,60.9,138.6,HIGH,SYNTHETIC_GENERATOR_V1,SYNTHETIC
PA_009988,2025-04-29,SAGAR_SANDHEADS,4,27.5,102.2,MEDIUM,SYNTHETIC_GENERATOR_V1,SYNTHETIC
PA_009989,2025-04-30,SAGAR_SANDHEADS,3,19.9,89.8,LOW,SYNTHETIC_GENERATOR_V1,SYNTHETIC
PA_009990,2025-05-01,SAGAR_SANDHEADS,4,27.1,92.7,MEDIUM,SYNTHETIC_GENERATOR_V1,SYNTHETIC
PA_009991,2025-05-02,SAGAR_SANDHEADS,6,47.3,120.4,MEDIUM,SYNTHETIC_GENERATOR_V1,SYNTHETIC
PA_009992,2025-05-03,SAGAR_SANDHEADS,7,59.1,117.8,MEDIUM,SYNTHETIC_GENERATOR_V1,SYNTHETIC
PA_009993,2025-05-04,SAGAR_SANDHEADS,6,50.3,124.5,MEDIUM,SYNTHETIC_GENERATOR_V1,SYNTHETIC
PA_009994,2025-05-05,SAGAR_SANDHEADS,6,44.3,119.5,MEDIUM,SYNTHETIC_GENERATOR_V1,SYNTHETIC
PA_009995,2025-05-06,SAGAR_SANDHEADS,5,34.7,107.6,MEDIUM,SYNTHETIC_GENERATOR_V1,SYNTHETIC
PA_009996,2025-05-07,SAGAR_SANDHEADS,3,17.8,83.6,LOW,SYNTHETIC_GENERATOR_V1,SYNTHETIC
PA_009997,2025-05-08,SAGAR_SANDHEADS,5,39.7,112.3,MEDIUM,SYNTHETIC_GENERATOR_V1,SYNTHETIC
PA_009998,2025-05-09,SAGAR_SANDHEADS,8,76.2,148.0,HIGH,SYNTHETIC_GENERATOR_V1,SYNTHETIC
PA_009999,2025-05-10,SAGAR_SANDHEADS,6,50.2,123.5,MEDIUM,SYNTHETIC_GENERATOR_V1,SYNTHETIC
PA_010000,2025-05-11,SAGAR_SANDHEADS,5,41.6,119.0,MEDIUM,SYNTHETIC_GENERATOR_V1,SYNTHETIC
PA_010001,2025-05-12,SAGAR_SANDHEADS,7,64.6,132.4,HIGH,SYNTHETIC_GENERATOR_V1,SYNTHETIC
PA_010002,2025-05-13,SAGAR_SANDHEADS,5,35.6,101.6,MEDIUM,SYNTHETIC_GENERATOR_V1,SYNTHETIC
PA_010003,2025-05-14,SAGAR_SANDHEADS,6,43.8,116.8,MEDIUM,SYNTHETIC_GENERATOR_V1,SYNTHETIC
PA_010004,2025-05-15,SAGAR_SANDHEADS,2,12.8,85.8,LOW,SYNTHETIC_GENERATOR_V1,SYNTHETIC
PA_010005,2025-05-16,SAGAR_SANDHEADS,8,72.4,144.0,HIGH,SYNTHETIC_GENERATOR_V1,SYNTHETIC
PA_010006,2025-05-17,SAGAR_SANDHEADS,6,51.2,118.0,MEDIUM,SYNTHETIC_GENERATOR_V1,SYNTHETIC
PA_010007,2025-05-18,SAGAR_SANDHEADS,8,77.7,151.4,HIGH,SYNTHETIC_GENERATOR_V1,SYNTHETIC
PA_010008,2025-05-19,SAGAR_SANDHEADS,7,61.0,128.9,HIGH,SYNTHETIC_GENERATOR_V1,SYNTHETIC
PA_010009,2025-05-20,SAGAR_SANDHEADS,7,64.3,135.4,HIGH,SYNTHETIC_GENERATOR_V1,SYNTHETIC
PA_010010,2025-05-21,SAGAR_SANDHEADS,2,9.2,74.6,LOW,SYNTHETIC_GENERATOR_V1,SYNTHETIC
PA_010011,2025-05-22,SAGAR_SANDHEADS,4,28.5,96.6,MEDIUM,SYNTHETIC_GENERATOR_V1,SYNTHETIC
PA_010012,2025-05-23,SAGAR_SANDHEADS,7,60.8,130.6,HIGH,SYNTHETIC_GENERATOR_V1,SYNTHETIC
PA_010013,2025-05-24,SAGAR_SANDHEADS,6,46.7,117.8,MEDIUM,SYNTHETIC_GENERATOR_V1,SYNTHETIC
PA_010014,2025-05-25,SAGAR_SANDHEADS,5,37.0,104.6,MEDIUM,SYNTHETIC_GENERATOR_V1,SYNTHETIC
PA_010015,2025-05-26,SAGAR_SANDHEADS,5,41.1,107.7,MEDIUM,SYNTHETIC_GENERATOR_V1,SYNTHETIC
PA_010016,2025-05-27,SAGAR_SANDHEADS,5,39.0,108.0,MEDIUM,SYNTHETIC_GENERATOR_V1,SYNTHETIC
PA_010017,2025-05-28,SAGAR_SANDHEADS,5,37.4,103.6,MEDIUM,SYNTHETIC_GENERATOR_V1,SYNTHETIC
PA_010018,2025-05-29,SAGAR_SANDHEADS,2,12.5,77.6,LOW,SYNTHETIC_GENERATOR_V1,SYNTHETIC
PA_010019,2025-05-30,SAGAR_SANDHEADS,9,88.8,156.3,HIGH,SYNTHETIC_GENERATOR_V1,SYNTHETIC
PA_010020,2025-05-31,SAGAR_SANDHEADS,4,25.5,93.2,MEDIUM,SYNTHETIC_GENERATOR_V1,SYNTHETIC
PA_010021,2025-06-01,SAGAR_SANDHEADS,6,52.7,123.5,MEDIUM,SYNTHETIC_GENERATOR_V1,SYNTHETIC
PA_010022,2025-06-02,SAGAR_SANDHEADS,2,7.2,76.9,LOW,SYNTHETIC_GENERATOR_V1,SYNTHETIC
PA_010023,2025-06-03,SAGAR_SANDHEADS,2,6.0,74.9,LOW,SYNTHETIC_GENERATOR_V1,SYNTHETIC
PA_010024,2025-06-04,SAGAR_SANDHEADS,6,55.8,127.0,MEDIUM,SYNTHETIC_GENERATOR_V1,SYNTHETIC
PA_010025,2025-06-05,SAGAR_SANDHEADS,4,28.6,94.9,MEDIUM,SYNTHETIC_GENERATOR_V1,SYNTHETIC
PA_010026,2025-06-06,SAGAR_SANDHEADS,7,58.5,130.6,MEDIUM,SYNTHETIC_GENERATOR_V1,SYNTHETIC
PA_010027,2025-06-07,SAGAR_SANDHEADS,6,54.7,121.3,MEDIUM,SYNTHETIC_GENERATOR_V1,SYNTHETIC
PA_010028,2025-06-08,SAGAR_SANDHEADS,6,48.0,114.6,MEDIUM,SYNTHETIC_GENERATOR_V1,SYNTHETIC
PA_010029,2025-06-09,SAGAR_SANDHEADS,6,48.0,118.8,MEDIUM,SYNTHETIC_GENERATOR_V1,SYNTHETIC
PA_010030,2025-06-10,SAGAR_SANDHEADS,7,67.2,139.2,HIGH,SYNTHETIC_GENERATOR_V1,SYNTHETIC
PA_010031,2025-06-11,SAGAR_SANDHEADS,4,28.0,101.0,MEDIUM,SYNTHETIC_GENERATOR_V1,SYNTHETIC
PA_010032,2025-06-12,SAGAR_SANDHEADS,7,63.2,137.6,HIGH,SYNTHETIC_GENERATOR_V1,SYNTHETIC
PA_010033,2025-06-13,SAGAR_SANDHEADS,2,10.8,75.1,LOW,SYNTHETIC_GENERATOR_V1,SYNTHETIC
PA_010034,2025-06-14,SAGAR_SANDHEADS,5,34.7,101.5,MEDIUM,SYNTHETIC_GENERATOR_V1,SYNTHETIC
PA_010035,2025-06-15,SAGAR_SANDHEADS,7,65.1,129.8,HIGH,SYNTHETIC_GENERATOR_V1,SYNTHETIC
PA_010036,2025-06-16,SAGAR_SANDHEADS,5,43.8,108.2,MEDIUM,SYNTHETIC_GENERATOR_V1,SYNTHETIC
PA_010037,2025-06-17,SAGAR_SANDHEADS,7,66.6,141.0,HIGH,SYNTHETIC_GENERATOR_V1,SYNTHETIC
PA_010038,2025-06-18,SAGAR_SANDHEADS,6,54.1,123.3,MEDIUM,SYNTHETIC_GENERATOR_V1,SYNTHETIC
PA_010039,2025-06-19,SAGAR_SANDHEADS,8,79.7,145.5,HIGH,SYNTHETIC_GENERATOR_V1,SYNTHETIC
PA_010040,2025-06-20,SAGAR_SANDHEADS,2,12.4,80.2,LOW,SYNTHETIC_GENERATOR_V1,SYNTHETIC
PA_010041,2025-06-21,SAGAR_SANDHEADS,1,5.1,69.7,LOW,SYNTHETIC_GENERATOR_V1,SYNTHETIC
PA_010042,2025-06-22,SAGAR_SANDHEADS,4,26.5,100.4,MEDIUM,SYNTHETIC_GENERATOR_V1,SYNTHETIC
PA_010043,2025-06-23,SAGAR_SANDHEADS,6,48.6,114.7,MEDIUM,SYNTHETIC_GENERATOR_V1,SYNTHETIC
PA_010044,2025-06-24,SAGAR_SANDHEADS,7,65.2,134.5,HIGH,SYNTHETIC_GENERATOR_V1,SYNTHETIC
PA_010045,2025-06-25,SAGAR_SANDHEADS,5,39.2,100.7,MEDIUM,SYNTHETIC_GENERATOR_V1,SYNTHETIC
PA_010046,2025-06-26,SAGAR_SANDHEADS,7,66.5,135.1,HIGH,SYNTHETIC_GENERATOR_V1,SYNTHETIC
PA_010047,2025-06-27,SAGAR_SANDHEADS,1,3.8,74.6,LOW,SYNTHETIC_GENERATOR_V1,SYNTHETIC
PA_010048,2025-06-28,SAGAR_SANDHEADS,6,44.7,117.8,MEDIUM,SYNTHETIC_GENERATOR_V1,SYNTHETIC
PA_010049,2025-06-29,SAGAR_SANDHEADS,6,49.0,122.4,MEDIUM,SYNTHETIC_GENERATOR_V1,SYNTHETIC
PA_010050,2025-06-30,SAGAR_SANDHEADS,8,78.1,144.1,HIGH,SYNTHETIC_GENERATOR_V1,SYNTHETIC
PA_010051,2025-07-01,SAGAR_SANDHEADS,5,36.6,100.8,MEDIUM,SYNTHETIC_GENERATOR_V1,SYNTHETIC
PA_010052,2025-07-02,SAGAR_SANDHEADS,7,61.9,139.1,HIGH,SYNTHETIC_GENERATOR_V1,SYNTHETIC
PA_010053,2025-07-03,SAGAR_SANDHEADS,10,106.7,177.9,HIGH,SYNTHETIC_GENERATOR_V1,SYNTHETIC
PA_010054,2025-07-04,SAGAR_SANDHEADS,2,11.1,85.7,LOW,SYNTHETIC_GENERATOR_V1,SYNTHETIC
PA_010055,2025-07-05,SAGAR_SANDHEADS,5,35.5,107.7,MEDIUM,SYNTHETIC_GENERATOR_V1,SYNTHETIC
PA_010056,2025-07-06,SAGAR_SANDHEADS,2,1.1,75.1,LOW,SYNTHETIC_GENERATOR_V1,SYNTHETIC
PA_010057,2025-07-07,SAGAR_SANDHEADS,2,17.9,81.6,LOW,SYNTHETIC_GENERATOR_V1,SYNTHETIC
PA_010058,2025-07-08,SAGAR_SANDHEADS,6,47.8,113.8,MEDIUM,SYNTHETIC_GENERATOR_V1,SYNTHETIC
PA_010059,2025-07-09,SAGAR_SANDHEADS,5,43.3,114.0,MEDIUM,SYNTHETIC_GENERATOR_V1,SYNTHETIC
PA_010060,2025-07-10,SAGAR_SANDHEADS,2,11.1,78.0,LOW,SYNTHETIC_GENERATOR_V1,SYNTHETIC
PA_010061,2025-07-11,SAGAR_SANDHEADS,3,21.1,87.3,LOW,SYNTHETIC_GENERATOR_V1,SYNTHETIC
PA_010062,2025-07-12,SAGAR_SANDHEADS,3,19.1,86.8,LOW,SYNTHETIC_GENERATOR_V1,SYNTHETIC
PA_010063,2025-07-13,SAGAR_SANDHEADS,6,51.8,120.2,MEDIUM,SYNTHETIC_GENERATOR_V1,SYNTHETIC
PA_010064,2025-07-14,SAGAR_SANDHEADS,6,53.0,124.1,MEDIUM,SYNTHETIC_GENERATOR_V1,SYNTHETIC
PA_010065,2025-07-15,SAGAR_SANDHEADS,2,9.1,84.9,LOW,SYNTHETIC_GENERATOR_V1,SYNTHETIC
PA_010066,2025-07-16,SAGAR_SANDHEADS,2,2.6,72.7,LOW,SYNTHETIC_GENERATOR_V1,SYNTHETIC
PA_010067,2025-07-17,SAGAR_SANDHEADS,8,74.8,138.9,HIGH,SYNTHETIC_GENERATOR_V1,SYNTHETIC
PA_010068,2025-07-18,SAGAR_SANDHEADS,3,17.5,82.2,LOW,SYNTHETIC_GENERATOR_V1,SYNTHETIC
PA_010069,2025-07-19,SAGAR_SANDHEADS,5,40.8,112.6,MEDIUM,SYNTHETIC_GENERATOR_V1,SYNTHETIC
PA_010070,2025-07-20,SAGAR_SANDHEADS,5,33.9,104.1,MEDIUM,SYNTHETIC_GENERATOR_V1,SYNTHETIC
PA_010071,2025-07-21,SAGAR_SANDHEADS,5,35.5,103.5,MEDIUM,SYNTHETIC_GENERATOR_V1,SYNTHETIC
PA_010072,2025-07-22,SAGAR_SANDHEADS,1,6.1,72.0,LOW,SYNTHETIC_GENERATOR_V1,SYNTHETIC
PA_010073,2025-07-23,SAGAR_SANDHEADS,6,52.5,124.1,MEDIUM,SYNTHETIC_GENERATOR_V1,SYNTHETIC
PA_010074,2025-07-24,SAGAR_SANDHEADS,5,35.8,104.5,MEDIUM,SYNTHETIC_GENERATOR_V1,SYNTHETIC
PA_010075,2025-07-25,SAGAR_SANDHEADS,2,8.6,84.2,LOW,SYNTHETIC_GENERATOR_V1,SYNTHETIC
PA_010076,2025-07-26,SAGAR_SANDHEADS,7,67.7,139.5,HIGH,SYNTHETIC_GENERATOR_V1,SYNTHETIC
PA_010077,2025-07-27,SAGAR_SANDHEADS,5,39.4,109.8,MEDIUM,SYNTHETIC_GENERATOR_V1,SYNTHETIC
PA_010078,2025-07-28,SAGAR_SANDHEADS,6,49.4,115.5,MEDIUM,SYNTHETIC_GENERATOR_V1,SYNTHETIC
PA_010079,2025-07-29,SAGAR_SANDHEADS,4,26.4,93.4,MEDIUM,SYNTHETIC_GENERATOR_V1,SYNTHETIC
PA_010080,2025-07-30,SAGAR_SANDHEADS,6,48.3,119.6,MEDIUM,SYNTHETIC_GENERATOR_V1,SYNTHETIC
PA_010081,2025-07-31,SAGAR_SANDHEADS,9,98.9,168.3,HIGH,SYNTHETIC_GENERATOR_V1,SYNTHETIC
PA_010082,2025-08-01,SAGAR_SANDHEADS,4,27.3,101.4,MEDIUM,SYNTHETIC_GENERATOR_V1,SYNTHETIC
PA_010083,2025-08-02,SAGAR_SANDHEADS,4,26.1,93.4,MEDIUM,SYNTHETIC_GENERATOR_V1,SYNTHETIC
PA_010084,2025-08-03,SAGAR_SANDHEADS,3,19.8,94.0,LOW,SYNTHETIC_GENERATOR_V1,SYNTHETIC
PA_010085,2025-08-04,SAGAR_SANDHEADS,5,42.9,110.8,MEDIUM,SYNTHETIC_GENERATOR_V1,SYNTHETIC
PA_010086,2025-08-05,SAGAR_SANDHEADS,6,50.4,127.2,MEDIUM,SYNTHETIC_GENERATOR_V1,SYNTHETIC
PA_010087,2025-08-06,SAGAR_SANDHEADS,3,14.7,82.4,LOW,SYNTHETIC_GENERATOR_V1,SYNTHETIC
PA_010088,2025-08-07,SAGAR_SANDHEADS,7,60.8,131.3,HIGH,SYNTHETIC_GENERATOR_V1,SYNTHETIC
PA_010089,2025-08-08,SAGAR_SANDHEADS,4,34.4,103.6,MEDIUM,SYNTHETIC_GENERATOR_V1,SYNTHETIC
PA_010090,2025-08-09,SAGAR_SANDHEADS,4,26.2,91.4,MEDIUM,SYNTHETIC_GENERATOR_V1,SYNTHETIC
PA_010091,2025-08-10,SAGAR_SANDHEADS,4,23.5,97.6,LOW,SYNTHETIC_GENERATOR_V1,SYNTHETIC
PA_010092,2025-08-11,SAGAR_SANDHEADS,6,47.8,122.2,MEDIUM,SYNTHETIC_GENERATOR_V1,SYNTHETIC
PA_010093,2025-08-12,SAGAR_SANDHEADS,6,53.0,134.2,MEDIUM,SYNTHETIC_GENERATOR_V1,SYNTHETIC
PA_010094,2025-08-13,SAGAR_SANDHEADS,6,59.0,130.1,MEDIUM,SYNTHETIC_GENERATOR_V1,SYNTHETIC
PA_010095,2025-08-14,SAGAR_SANDHEADS,5,39.9,107.6,MEDIUM,SYNTHETIC_GENERATOR_V1,SYNTHETIC
PA_010096,2025-08-15,SAGAR_SANDHEADS,3,15.8,87.4,LOW,SYNTHETIC_GENERATOR_V1,SYNTHETIC
PA_010097,2025-08-16,SAGAR_SANDHEADS,3,15.6,86.8,LOW,SYNTHETIC_GENERATOR_V1,SYNTHETIC
PA_010098,2025-08-17,SAGAR_SANDHEADS,5,38.6,103.3,MEDIUM,SYNTHETIC_GENERATOR_V1,SYNTHETIC
PA_010099,2025-08-18,SAGAR_SANDHEADS,5,40.2,106.0,MEDIUM,SYNTHETIC_GENERATOR_V1,SYNTHETIC
PA_010100,2025-08-19,SAGAR_SANDHEADS,12,139.4,214.5,HIGH,SYNTHETIC_GENERATOR_V1,SYNTHETIC
PA_010101,2025-08-20,SAGAR_SANDHEADS,5,33.0,102.4,MEDIUM,SYNTHETIC_GENERATOR_V1,SYNTHETIC
PA_010102,2025-08-21,SAGAR_SANDHEADS,6,47.2,113.2,MEDIUM,SYNTHETIC_GENERATOR_V1,SYNTHETIC
PA_010103,2025-08-22,SAGAR_SANDHEADS,8,77.5,149.8,HIGH,SYNTHETIC_GENERATOR_V1,SYNTHETIC
PA_010104,2025-08-23,SAGAR_SANDHEADS,2,9.3,75.8,LOW,SYNTHETIC_GENERATOR_V1,SYNTHETIC
PA_010105,2025-08-24,SAGAR_SANDHEADS,5,41.8,112.2,MEDIUM,SYNTHETIC_GENERATOR_V1,SYNTHETIC
PA_010106,2025-08-25,SAGAR_SANDHEADS,6,59.1,130.4,MEDIUM,SYNTHETIC_GENERATOR_V1,SYNTHETIC
PA_010107,2025-08-26,SAGAR_SANDHEADS,5,42.9,108.1,MEDIUM,SYNTHETIC_GENERATOR_V1,SYNTHETIC
PA_010108,2025-08-27,SAGAR_SANDHEADS,6,49.3,122.8,MEDIUM,SYNTHETIC_GENERATOR_V1,SYNTHETIC
PA_010109,2025-08-28,SAGAR_SANDHEADS,8,81.5,153.3,HIGH,SYNTHETIC_GENERATOR_V1,SYNTHETIC
PA_010110,2025-08-29,SAGAR_SANDHEADS,7,61.8,130.8,HIGH,SYNTHETIC_GENERATOR_V1,SYNTHETIC
PA_010111,2025-08-30,SAGAR_SANDHEADS,2,9.9,79.5,LOW,SYNTHETIC_GENERATOR_V1,SYNTHETIC
PA_010112,2025-08-31,SAGAR_SANDHEADS,3,15.2,84.6,LOW,SYNTHETIC_GENERATOR_V1,SYNTHETIC
PA_010113,2025-09-01,SAGAR_SANDHEADS,5,41.5,112.0,MEDIUM,SYNTHETIC_GENERATOR_V1,SYNTHETIC
PA_010114,2025-09-02,SAGAR_SANDHEADS,7,66.3,135.9,HIGH,SYNTHETIC_GENERATOR_V1,SYNTHETIC
PA_010115,2025-09-03,SAGAR_SANDHEADS,5,31.3,105.6,MEDIUM,SYNTHETIC_GENERATOR_V1,SYNTHETIC
PA_010116,2025-09-04,SAGAR_SANDHEADS,3,15.3,81.2,LOW,SYNTHETIC_GENERATOR_V1,SYNTHETIC
PA_010117,2025-09-05,SAGAR_SANDHEADS,3,24.2,93.2,MEDIUM,SYNTHETIC_GENERATOR_V1,SYNTHETIC
PA_010118,2025-09-06,SAGAR_SANDHEADS,6,48.9,114.5,MEDIUM,SYNTHETIC_GENERATOR_V1,SYNTHETIC
PA_010119,2025-09-07,SAGAR_SANDHEADS,7,60.0,132.7,HIGH,SYNTHETIC_GENERATOR_V1,SYNTHETIC
PA_010120,2025-09-08,SAGAR_SANDHEADS,5,38.8,108.2,MEDIUM,SYNTHETIC_GENERATOR_V1,SYNTHETIC
PA_010121,2025-09-09,SAGAR_SANDHEADS,3,16.2,86.8,LOW,SYNTHETIC_GENERATOR_V1,SYNTHETIC
PA_010122,2025-09-10,SAGAR_SANDHEADS,4,25.7,98.5,MEDIUM,SYNTHETIC_GENERATOR_V1,SYNTHETIC
PA_010123,2025-09-11,SAGAR_SANDHEADS,5,38.3,101.7,MEDIUM,SYNTHETIC_GENERATOR_V1,SYNTHETIC
PA_010124,2025-09-12,SAGAR_SANDHEADS,5,42.0,109.3,MEDIUM,SYNTHETIC_GENERATOR_V1,SYNTHETIC
PA_010125,2025-09-13,SAGAR_SANDHEADS,7,64.6,134.4,HIGH,SYNTHETIC_GENERATOR_V1,SYNTHETIC
PA_010126,2025-09-14,SAGAR_SANDHEADS,7,61.5,136.1,HIGH,SYNTHETIC_GENERATOR_V1,SYNTHETIC
PA_010127,2025-09-15,SAGAR_SANDHEADS,5,38.3,108.1,MEDIUM,SYNTHETIC_GENERATOR_V1,SYNTHETIC
PA_010128,2025-09-16,SAGAR_SANDHEADS,5,32.5,102.7,MEDIUM,SYNTHETIC_GENERATOR_V1,SYNTHETIC
PA_010129,2025-09-17,SAGAR_SANDHEADS,7,58.0,124.5,MEDIUM,SYNTHETIC_GENERATOR_V1,SYNTHETIC
PA_010130,2025-09-18,SAGAR_SANDHEADS,8,73.3,146.0,HIGH,SYNTHETIC_GENERATOR_V1,SYNTHETIC
PA_010131,2025-09-19,SAGAR_SANDHEADS,5,32.0,104.2,MEDIUM,SYNTHETIC_GENERATOR_V1,SYNTHETIC
PA_010132,2025-09-20,SAGAR_SANDHEADS,4,29.3,97.5,MEDIUM,SYNTHETIC_GENERATOR_V1,SYNTHETIC
PA_010133,2025-09-21,SAGAR_SANDHEADS,11,127.3,191.9,HIGH,SYNTHETIC_GENERATOR_V1,SYNTHETIC
PA_010134,2025-09-22,SAGAR_SANDHEADS,2,5.2,74.3,LOW,SYNTHETIC_GENERATOR_V1,SYNTHETIC
PA_010135,2025-09-23,SAGAR_SANDHEADS,7,62.4,132.5,HIGH,SYNTHETIC_GENERATOR_V1,SYNTHETIC
PA_010136,2025-09-24,SAGAR_SANDHEADS,2,11.6,76.0,LOW,SYNTHETIC_GENERATOR_V1,SYNTHETIC
PA_010137,2025-09-25,SAGAR_SANDHEADS,3,18.1,87.2,LOW,SYNTHETIC_GENERATOR_V1,SYNTHETIC
PA_010138,2025-09-26,SAGAR_SANDHEADS,4,25.3,90.0,MEDIUM,SYNTHETIC_GENERATOR_V1,SYNTHETIC
PA_010139,2025-09-27,SAGAR_SANDHEADS,7,63.4,134.6,HIGH,SYNTHETIC_GENERATOR_V1,SYNTHETIC
PA_010140,2025-09-28,SAGAR_SANDHEADS,3,20.9,95.9,LOW,SYNTHETIC_GENERATOR_V1,SYNTHETIC
PA_010141,2025-09-29,SAGAR_SANDHEADS,0,1.3,66.3,LOW,SYNTHETIC_GENERATOR_V1,SYNTHETIC
PA_010142,2025-09-30,SAGAR_SANDHEADS,4,22.1,90.0,LOW,SYNTHETIC_GENERATOR_V1,SYNTHETIC
PA_010143,2025-10-01,SAGAR_SANDHEADS,6,60.1,135.1,HIGH,SYNTHETIC_GENERATOR_V1,SYNTHETIC
PA_010144,2025-10-02,SAGAR_SANDHEADS,7,63.7,135.5,HIGH,SYNTHETIC_GENERATOR_V1,SYNTHETIC
PA_010145,2025-10-03,SAGAR_SANDHEADS,5,34.9,108.1,MEDIUM,SYNTHETIC_GENERATOR_V1,SYNTHETIC
PA_010146,2025-10-04,SAGAR_SANDHEADS,3,18.1,91.1,LOW,SYNTHETIC_GENERATOR_V1,SYNTHETIC
PA_010147,2025-10-05,SAGAR_SANDHEADS,2,8.8,80.7,LOW,SYNTHETIC_GENERATOR_V1,SYNTHETIC
PA_010148,2025-10-06,SAGAR_SANDHEADS,9,92.5,158.6,HIGH,SYNTHETIC_GENERATOR_V1,SYNTHETIC
PA_010149,2025-10-07,SAGAR_SANDHEADS,3,22.8,90.1,LOW,SYNTHETIC_GENERATOR_V1,SYNTHETIC
PA_010150,2025-10-08,SAGAR_SANDHEADS,6,48.6,110.3,MEDIUM,SYNTHETIC_GENERATOR_V1,SYNTHETIC
PA_010151,2025-10-09,SAGAR_SANDHEADS,6,54.0,120.2,MEDIUM,SYNTHETIC_GENERATOR_V1,SYNTHETIC
PA_010152,2025-10-10,SAGAR_SANDHEADS,9,94.0,161.5,HIGH,SYNTHETIC_GENERATOR_V1,SYNTHETIC
PA_010153,2025-10-11,SAGAR_SANDHEADS,7,58.4,125.5,MEDIUM,SYNTHETIC_GENERATOR_V1,SYNTHETIC
PA_010154,2025-10-12,SAGAR_SANDHEADS,8,72.4,146.4,HIGH,SYNTHETIC_GENERATOR_V1,SYNTHETIC
PA_010155,2025-10-13,SAGAR_SANDHEADS,5,41.4,113.2,MEDIUM,SYNTHETIC_GENERATOR_V1,SYNTHETIC
PA_010156,2025-10-14,SAGAR_SANDHEADS,3,19.1,88.2,LOW,SYNTHETIC_GENERATOR_V1,SYNTHETIC
PA_010157,2025-10-15,SAGAR_SANDHEADS,5,37.1,113.4,MEDIUM,SYNTHETIC_GENERATOR_V1,SYNTHETIC
PA_010158,2025-10-16,SAGAR_SANDHEADS,4,32.1,108.2,MEDIUM,SYNTHETIC_GENERATOR_V1,SYNTHETIC
PA_010159,2025-10-17,SAGAR_SANDHEADS,7,62.1,136.1,HIGH,SYNTHETIC_GENERATOR_V1,SYNTHETIC
PA_010160,2025-10-18,SAGAR_SANDHEADS,10,104.0,173.7,HIGH,SYNTHETIC_GENERATOR_V1,SYNTHETIC
PA_010161,2025-10-19,SAGAR_SANDHEADS,2,12.5,83.8,LOW,SYNTHETIC_GENERATOR_V1,SYNTHETIC
PA_010162,2025-10-20,SAGAR_SANDHEADS,7,53.1,127.8,MEDIUM,SYNTHETIC_GENERATOR_V1,SYNTHETIC
PA_010163,2025-10-21,SAGAR_SANDHEADS,4,29.2,101.9,MEDIUM,SYNTHETIC_GENERATOR_V1,SYNTHETIC
PA_010164,2025-10-22,SAGAR_SANDHEADS,2,8.7,76.5,LOW,SYNTHETIC_GENERATOR_V1,SYNTHETIC
PA_010165,2025-10-23,SAGAR_SANDHEADS,9,87.0,162.9,HIGH,SYNTHETIC_GENERATOR_V1,SYNTHETIC
PA_010166,2025-10-24,SAGAR_SANDHEADS,4,27.7,94.6,MEDIUM,SYNTHETIC_GENERATOR_V1,SYNTHETIC
PA_010167,2025-10-25,SAGAR_SANDHEADS,5,35.6,111.1,MEDIUM,SYNTHETIC_GENERATOR_V1,SYNTHETIC
PA_010168,2025-10-26,SAGAR_SANDHEADS,9,91.6,160.7,HIGH,SYNTHETIC_GENERATOR_V1,SYNTHETIC
PA_010169,2025-10-27,SAGAR_SANDHEADS,2,10.8,83.2,LOW,SYNTHETIC_GENERATOR_V1,SYNTHETIC
PA_010170,2025-10-28,SAGAR_SANDHEADS,1,2.1,75.8,LOW,SYNTHETIC_GENERATOR_V1,SYNTHETIC
PA_010171,2025-10-29,SAGAR_SANDHEADS,8,75.2,151.3,HIGH,SYNTHETIC_GENERATOR_V1,SYNTHETIC
PA_010172,2025-10-30,SAGAR_SANDHEADS,8,68.4,138.4,HIGH,SYNTHETIC_GENERATOR_V1,SYNTHETIC
PA_010173,2025-10-31,SAGAR_SANDHEADS,3,12.7,87.6,LOW,SYNTHETIC_GENERATOR_V1,SYNTHETIC
PA_010174,2025-11-01,SAGAR_SANDHEADS,4,28.7,98.4,MEDIUM,SYNTHETIC_GENERATOR_V1,SYNTHETIC
PA_010175,2025-11-02,SAGAR_SANDHEADS,7,63.6,137.2,HIGH,SYNTHETIC_GENERATOR_V1,SYNTHETIC
PA_010176,2025-11-03,SAGAR_SANDHEADS,6,48.7,114.9,MEDIUM,SYNTHETIC_GENERATOR_V1,SYNTHETIC
PA_010177,2025-11-04,SAGAR_SANDHEADS,5,42.0,108.0,MEDIUM,SYNTHETIC_GENERATOR_V1,SYNTHETIC
PA_010178,2025-11-05,SAGAR_SANDHEADS,8,77.3,142.0,HIGH,SYNTHETIC_GENERATOR_V1,SYNTHETIC
PA_010179,2025-11-06,SAGAR_SANDHEADS,6,54.9,124.0,MEDIUM,SYNTHETIC_GENERATOR_V1,SYNTHETIC
PA_010180,2025-11-07,SAGAR_SANDHEADS,4,25.5,95.6,MEDIUM,SYNTHETIC_GENERATOR_V1,SYNTHETIC
PA_010181,2025-11-08,SAGAR_SANDHEADS,4,24.5,95.5,MEDIUM,SYNTHETIC_GENERATOR_V1,SYNTHETIC
PA_010182,2025-11-09,SAGAR_SANDHEADS,3,17.1,91.8,LOW,SYNTHETIC_GENERATOR_V1,SYNTHETIC
PA_010183,2025-11-10,SAGAR_SANDHEADS,5,35.3,104.3,MEDIUM,SYNTHETIC_GENERATOR_V1,SYNTHETIC
PA_010184,2025-11-11,SAGAR_SANDHEADS,6,49.3,115.7,MEDIUM,SYNTHETIC_GENERATOR_V1,SYNTHETIC
PA_010185,2025-11-12,SAGAR_SANDHEADS,7,62.1,134.0,HIGH,SYNTHETIC_GENERATOR_V1,SYNTHETIC
PA_010186,2025-11-13,SAGAR_SANDHEADS,5,45.7,119.4,MEDIUM,SYNTHETIC_GENERATOR_V1,SYNTHETIC
PA_010187,2025-11-14,SAGAR_SANDHEADS,8,74.4,148.5,HIGH,SYNTHETIC_GENERATOR_V1,SYNTHETIC
PA_010188,2025-11-15,SAGAR_SANDHEADS,4,29.9,93.7,MEDIUM,SYNTHETIC_GENERATOR_V1,SYNTHETIC
PA_010189,2025-11-16,SAGAR_SANDHEADS,4,29.4,96.5,MEDIUM,SYNTHETIC_GENERATOR_V1,SYNTHETIC
PA_010190,2025-11-17,SAGAR_SANDHEADS,2,9.1,72.4,LOW,SYNTHETIC_GENERATOR_V1,SYNTHETIC
PA_010191,2025-11-18,SAGAR_SANDHEADS,3,18.1,88.3,LOW,SYNTHETIC_GENERATOR_V1,SYNTHETIC
PA_010192,2025-11-19,SAGAR_SANDHEADS,5,37.3,103.5,MEDIUM,SYNTHETIC_GENERATOR_V1,SYNTHETIC
PA_010193,2025-11-20,SAGAR_SANDHEADS,4,23.4,95.3,LOW,SYNTHETIC_GENERATOR_V1,SYNTHETIC
PA_010194,2025-11-21,SAGAR_SANDHEADS,3,14.9,82.0,LOW,SYNTHETIC_GENERATOR_V1,SYNTHETIC
PA_010195,2025-11-22,SAGAR_SANDHEADS,3,19.8,89.4,LOW,SYNTHETIC_GENERATOR_V1,SYNTHETIC
PA_010196,2025-11-23,SAGAR_SANDHEADS,10,105.9,177.4,HIGH,SYNTHETIC_GENERATOR_V1,SYNTHETIC
PA_010197,2025-11-24,SAGAR_SANDHEADS,8,77.4,143.2,HIGH,SYNTHETIC_GENERATOR_V1,SYNTHETIC
PA_010198,2025-11-25,SAGAR_SANDHEADS,3,24.7,96.0,MEDIUM,SYNTHETIC_GENERATOR_V1,SYNTHETIC
PA_010199,2025-11-26,SAGAR_SANDHEADS,1,0.4,71.0,LOW,SYNTHETIC_GENERATOR_V1,SYNTHETIC
PA_010200,2025-11-27,SAGAR_SANDHEADS,7,62.9,128.9,HIGH,SYNTHETIC_GENERATOR_V1,SYNTHETIC
PA_010201,2025-11-28,SAGAR_SANDHEADS,5,32.2,99.7,MEDIUM,SYNTHETIC_GENERATOR_V1,SYNTHETIC
PA_010202,2025-11-29,SAGAR_SANDHEADS,6,46.4,106.9,MEDIUM,SYNTHETIC_GENERATOR_V1,SYNTHETIC
PA_010203,2025-11-30,SAGAR_SANDHEADS,3,16.2,89.8,LOW,SYNTHETIC_GENERATOR_V1,SYNTHETIC
PA_010204,2025-12-01,SAGAR_SANDHEADS,4,21.7,90.2,LOW,SYNTHETIC_GENERATOR_V1,SYNTHETIC
PA_010205,2025-12-02,SAGAR_SANDHEADS,1,0.2,70.5,LOW,SYNTHETIC_GENERATOR_V1,SYNTHETIC
PA_010206,2025-12-03,SAGAR_SANDHEADS,1,7.5,70.2,LOW,SYNTHETIC_GENERATOR_V1,SYNTHETIC
PA_010207,2025-12-04,SAGAR_SANDHEADS,6,51.1,126.3,MEDIUM,SYNTHETIC_GENERATOR_V1,SYNTHETIC
PA_010208,2025-12-05,SAGAR_SANDHEADS,9,93.8,161.8,HIGH,SYNTHETIC_GENERATOR_V1,SYNTHETIC
PA_010209,2025-12-06,SAGAR_SANDHEADS,6,48.7,125.0,MEDIUM,SYNTHETIC_GENERATOR_V1,SYNTHETIC
PA_010210,2025-12-07,SAGAR_SANDHEADS,3,15.0,80.4,LOW,SYNTHETIC_GENERATOR_V1,SYNTHETIC
PA_010211,2025-12-08,SAGAR_SANDHEADS,4,26.4,102.7,MEDIUM,SYNTHETIC_GENERATOR_V1,SYNTHETIC
PA_010212,2025-12-09,SAGAR_SANDHEADS,7,61.5,129.6,HIGH,SYNTHETIC_GENERATOR_V1,SYNTHETIC
PA_010213,2025-12-10,SAGAR_SANDHEADS,2,8.9,73.5,LOW,SYNTHETIC_GENERATOR_V1,SYNTHETIC
PA_010214,2025-12-11,SAGAR_SANDHEADS,5,40.0,111.9,MEDIUM,SYNTHETIC_GENERATOR_V1,SYNTHETIC
PA_010215,2025-12-12,SAGAR_SANDHEADS,4,32.6,93.9,MEDIUM,SYNTHETIC_GENERATOR_V1,SYNTHETIC
PA_010216,2025-12-13,SAGAR_SANDHEADS,4,24.7,88.9,MEDIUM,SYNTHETIC_GENERATOR_V1,SYNTHETIC
PA_010217,2025-12-14,SAGAR_SANDHEADS,3,17.4,85.2,LOW,SYNTHETIC_GENERATOR_V1,SYNTHETIC
PA_010218,2025-12-15,SAGAR_SANDHEADS,9,94.6,161.4,HIGH,SYNTHETIC_GENERATOR_V1,SYNTHETIC
PA_010219,2025-12-16,SAGAR_SANDHEADS,6,56.6,127.0,MEDIUM,SYNTHETIC_GENERATOR_V1,SYNTHETIC
PA_010220,2025-12-17,SAGAR_SANDHEADS,7,65.3,130.3,HIGH,SYNTHETIC_GENERATOR_V1,SYNTHETIC
PA_010221,2025-12-18,SAGAR_SANDHEADS,7,67.5,139.9,HIGH,SYNTHETIC_GENERATOR_V1,SYNTHETIC
PA_010222,2025-12-19,SAGAR_SANDHEADS,4,28.8,103.4,MEDIUM,SYNTHETIC_GENERATOR_V1,SYNTHETIC
PA_010223,2025-12-20,SAGAR_SANDHEADS,2,6.0,74.1,LOW,SYNTHETIC_GENERATOR_V1,SYNTHETIC
PA_010224,2025-12-21,SAGAR_SANDHEADS,9,86.7,153.4,HIGH,SYNTHETIC_GENERATOR_V1,SYNTHETIC
PA_010225,2025-12-22,SAGAR_SANDHEADS,5,35.4,105.5,MEDIUM,SYNTHETIC_GENERATOR_V1,SYNTHETIC
PA_010226,2025-12-23,SAGAR_SANDHEADS,5,38.6,107.6,MEDIUM,SYNTHETIC_GENERATOR_V1,SYNTHETIC
PA_010227,2025-12-24,SAGAR_SANDHEADS,5,35.8,108.1,MEDIUM,SYNTHETIC_GENERATOR_V1,SYNTHETIC
PA_010228,2025-12-25,SAGAR_SANDHEADS,4,30.9,102.1,MEDIUM,SYNTHETIC_GENERATOR_V1,SYNTHETIC
PA_010229,2025-12-26,SAGAR_SANDHEADS,7,60.5,125.2,HIGH,SYNTHETIC_GENERATOR_V1,SYNTHETIC
PA_010230,2025-12-27,SAGAR_SANDHEADS,5,43.3,113.8,MEDIUM,SYNTHETIC_GENERATOR_V1,SYNTHETIC
PA_010231,2025-12-28,SAGAR_SANDHEADS,6,48.9,113.4,MEDIUM,SYNTHETIC_GENERATOR_V1,SYNTHETIC
PA_010232,2025-12-29,SAGAR_SANDHEADS,4,26.6,96.1,MEDIUM,SYNTHETIC_GENERATOR_V1,SYNTHETIC
PA_010233,2025-12-30,SAGAR_SANDHEADS,6,45.6,115.8,MEDIUM,SYNTHETIC_GENERATOR_V1,SYNTHETIC
PA_010234,2025-12-31,SAGAR_SANDHEADS,5,43.7,113.0,MEDIUM,SYNTHETIC_GENERATOR_V1,SYNTHETIC
PA_010235,2024-01-01,HALDIA,4,14.8,83.9,LOW,SYNTHETIC_GENERATOR_V1,SYNTHETIC
PA_010236,2024-01-02,HALDIA,8,51.5,128.5,MEDIUM,SYNTHETIC_GENERATOR_V1,SYNTHETIC
PA_010237,2024-01-03,HALDIA,6,34.0,101.2,MEDIUM,SYNTHETIC_GENERATOR_V1,SYNTHETIC
PA_010238,2024-01-04,HALDIA,4,17.7,94.9,LOW,SYNTHETIC_GENERATOR_V1,SYNTHETIC
PA_010239,2024-01-05,HALDIA,6,35.1,109.0,MEDIUM,SYNTHETIC_GENERATOR_V1,SYNTHETIC
PA_010240,2024-01-06,HALDIA,5,28.1,99.8,MEDIUM,SYNTHETIC_GENERATOR_V1,SYNTHETIC
PA_010241,2024-01-07,HALDIA,6,33.3,107.9,MEDIUM,SYNTHETIC_GENERATOR_V1,SYNTHETIC
PA_010242,2024-01-08,HALDIA,8,47.2,117.2,MEDIUM,SYNTHETIC_GENERATOR_V1,SYNTHETIC
PA_010243,2024-01-09,HALDIA,14,123.3,194.0,HIGH,SYNTHETIC_GENERATOR_V1,SYNTHETIC
PA_010244,2024-01-10,HALDIA,9,60.8,129.8,HIGH,SYNTHETIC_GENERATOR_V1,SYNTHETIC
PA_010245,2024-01-11,HALDIA,9,58.0,132.3,MEDIUM,SYNTHETIC_GENERATOR_V1,SYNTHETIC
PA_010246,2024-01-12,HALDIA,6,33.8,104.4,MEDIUM,SYNTHETIC_GENERATOR_V1,SYNTHETIC
PA_010247,2024-01-13,HALDIA,7,48.4,117.4,MEDIUM,SYNTHETIC_GENERATOR_V1,SYNTHETIC
PA_010248,2024-01-14,HALDIA,9,59.3,125.1,MEDIUM,SYNTHETIC_GENERATOR_V1,SYNTHETIC
PA_010249,2024-01-15,HALDIA,5,27.5,100.8,MEDIUM,SYNTHETIC_GENERATOR_V1,SYNTHETIC
PA_010250,2024-01-16,HALDIA,11,78.5,148.4,HIGH,SYNTHETIC_GENERATOR_V1,SYNTHETIC
PA_010251,2024-01-17,HALDIA,11,79.7,148.9,HIGH,SYNTHETIC_GENERATOR_V1,SYNTHETIC
PA_010252,2024-01-18,HALDIA,7,40.7,109.7,MEDIUM,SYNTHETIC_GENERATOR_V1,SYNTHETIC
PA_010253,2024-01-19,HALDIA,2,3.4,79.9,LOW,SYNTHETIC_GENERATOR_V1,SYNTHETIC
PA_010254,2024-01-20,HALDIA,8,51.9,118.1,MEDIUM,SYNTHETIC_GENERATOR_V1,SYNTHETIC
PA_010255,2024-01-21,HALDIA,9,60.6,124.7,HIGH,SYNTHETIC_GENERATOR_V1,SYNTHETIC
PA_010256,2024-01-22,HALDIA,7,38.9,109.7,MEDIUM,SYNTHETIC_GENERATOR_V1,SYNTHETIC
PA_010257,2024-01-23,HALDIA,6,31.8,99.6,MEDIUM,SYNTHETIC_GENERATOR_V1,SYNTHETIC
PA_010258,2024-01-24,HALDIA,12,94.3,165.2,HIGH,SYNTHETIC_GENERATOR_V1,SYNTHETIC
PA_010259,2024-01-25,HALDIA,11,78.9,151.1,HIGH,SYNTHETIC_GENERATOR_V1,SYNTHETIC
PA_010260,2024-01-26,HALDIA,6,30.0,96.2,MEDIUM,SYNTHETIC_GENERATOR_V1,SYNTHETIC
PA_010261,2024-01-27,HALDIA,9,61.4,133.4,HIGH,SYNTHETIC_GENERATOR_V1,SYNTHETIC
PA_010262,2024-01-28,HALDIA,6,26.3,102.1,MEDIUM,SYNTHETIC_GENERATOR_V1,SYNTHETIC
PA_010263,2024-01-29,HALDIA,9,60.1,132.2,HIGH,SYNTHETIC_GENERATOR_V1,SYNTHETIC
PA_010264,2024-01-30,HALDIA,6,36.1,100.9,MEDIUM,SYNTHETIC_GENERATOR_V1,SYNTHETIC
PA_010265,2024-01-31,HALDIA,8,50.2,121.9,MEDIUM,SYNTHETIC_GENERATOR_V1,SYNTHETIC
PA_010266,2024-02-01,HALDIA,10,74.6,145.5,HIGH,SYNTHETIC_GENERATOR_V1,SYNTHETIC
PA_010267,2024-02-02,HALDIA,6,33.7,107.4,MEDIUM,SYNTHETIC_GENERATOR_V1,SYNTHETIC
PA_010268,2024-02-03,HALDIA,7,53.1,123.7,MEDIUM,SYNTHETIC_GENERATOR_V1,SYNTHETIC
PA_010269,2024-02-04,HALDIA,5,25.3,93.7,MEDIUM,SYNTHETIC_GENERATOR_V1,SYNTHETIC
PA_010270,2024-02-05,HALDIA,8,52.7,128.3,MEDIUM,SYNTHETIC_GENERATOR_V1,SYNTHETIC
PA_010271,2024-02-06,HALDIA,8,49.2,116.5,MEDIUM,SYNTHETIC_GENERATOR_V1,SYNTHETIC
PA_010272,2024-02-07,HALDIA,3,12.3,80.9,LOW,SYNTHETIC_GENERATOR_V1,SYNTHETIC
PA_010273,2024-02-08,HALDIA,7,39.9,112.8,MEDIUM,SYNTHETIC_GENERATOR_V1,SYNTHETIC
PA_010274,2024-02-09,HALDIA,11,81.8,145.2,HIGH,SYNTHETIC_GENERATOR_V1,SYNTHETIC
PA_010275,2024-02-10,HALDIA,3,13.0,84.8,LOW,SYNTHETIC_GENERATOR_V1,SYNTHETIC
PA_010276,2024-02-11,HALDIA,11,85.5,156.3,HIGH,SYNTHETIC_GENERATOR_V1,SYNTHETIC
PA_010277,2024-02-12,HALDIA,7,38.1,104.9,MEDIUM,SYNTHETIC_GENERATOR_V1,SYNTHETIC
PA_010278,2024-02-13,HALDIA,3,12.3,92.1,LOW,SYNTHETIC_GENERATOR_V1,SYNTHETIC
PA_010279,2024-02-14,HALDIA,6,30.6,104.1,MEDIUM,SYNTHETIC_GENERATOR_V1,SYNTHETIC
PA_010280,2024-02-15,HALDIA,7,36.3,102.6,MEDIUM,SYNTHETIC_GENERATOR_V1,SYNTHETIC
PA_010281,2024-02-16,HALDIA,8,54.5,123.7,MEDIUM,SYNTHETIC_GENERATOR_V1,SYNTHETIC
PA_010282,2024-02-17,HALDIA,5,25.2,103.7,MEDIUM,SYNTHETIC_GENERATOR_V1,SYNTHETIC
PA_010283,2024-02-18,HALDIA,8,48.7,115.8,MEDIUM,SYNTHETIC_GENERATOR_V1,SYNTHETIC
PA_010284,2024-02-19,HALDIA,7,43.7,111.8,MEDIUM,SYNTHETIC_GENERATOR_V1,SYNTHETIC
PA_010285,2024-02-20,HALDIA,8,55.9,129.1,MEDIUM,SYNTHETIC_GENERATOR_V1,SYNTHETIC
PA_010286,2024-02-21,HALDIA,5,25.0,97.9,MEDIUM,SYNTHETIC_GENERATOR_V1,SYNTHETIC
PA_010287,2024-02-22,HALDIA,6,31.3,97.4,MEDIUM,SYNTHETIC_GENERATOR_V1,SYNTHETIC
PA_010288,2024-02-23,HALDIA,8,50.8,123.6,MEDIUM,SYNTHETIC_GENERATOR_V1,SYNTHETIC
PA_010289,2024-02-24,HALDIA,6,32.5,105.6,MEDIUM,SYNTHETIC_GENERATOR_V1,SYNTHETIC
PA_010290,2024-02-25,HALDIA,6,28.0,96.2,MEDIUM,SYNTHETIC_GENERATOR_V1,SYNTHETIC
PA_010291,2024-02-26,HALDIA,11,85.3,150.7,HIGH,SYNTHETIC_GENERATOR_V1,SYNTHETIC
PA_010292,2024-02-27,HALDIA,6,28.9,105.6,MEDIUM,SYNTHETIC_GENERATOR_V1,SYNTHETIC
PA_010293,2024-02-28,HALDIA,11,73.6,151.9,HIGH,SYNTHETIC_GENERATOR_V1,SYNTHETIC
PA_010294,2024-02-29,HALDIA,5,30.4,94.4,MEDIUM,SYNTHETIC_GENERATOR_V1,SYNTHETIC
PA_010295,2024-03-01,HALDIA,10,81.8,147.1,HIGH,SYNTHETIC_GENERATOR_V1,SYNTHETIC
PA_010296,2024-03-02,HALDIA,3,15.2,81.0,LOW,SYNTHETIC_GENERATOR_V1,SYNTHETIC
PA_010297,2024-03-03,HALDIA,8,50.9,121.9,MEDIUM,SYNTHETIC_GENERATOR_V1,SYNTHETIC
PA_010298,2024-03-04,HALDIA,6,40.5,109.9,MEDIUM,SYNTHETIC_GENERATOR_V1,SYNTHETIC
PA_010299,2024-03-05,HALDIA,10,72.1,137.4,HIGH,SYNTHETIC_GENERATOR_V1,SYNTHETIC
PA_010300,2024-03-06,HALDIA,8,50.2,118.0,MEDIUM,SYNTHETIC_GENERATOR_V1,SYNTHETIC
PA_010301,2024-03-07,HALDIA,8,52.1,125.5,MEDIUM,SYNTHETIC_GENERATOR_V1,SYNTHETIC
PA_010302,2024-03-08,HALDIA,2,11.5,81.8,LOW,SYNTHETIC_GENERATOR_V1,SYNTHETIC
PA_010303,2024-03-09,HALDIA,8,50.9,115.8,MEDIUM,SYNTHETIC_GENERATOR_V1,SYNTHETIC
PA_010304,2024-03-10,HALDIA,12,98.8,169.9,HIGH,SYNTHETIC_GENERATOR_V1,SYNTHETIC
PA_010305,2024-03-11,HALDIA,2,2.2,73.8,LOW,SYNTHETIC_GENERATOR_V1,SYNTHETIC
PA_010306,2024-03-12,HALDIA,8,53.2,124.9,MEDIUM,SYNTHETIC_GENERATOR_V1,SYNTHETIC
PA_010307,2024-03-13,HALDIA,3,10.4,77.6,LOW,SYNTHETIC_GENERATOR_V1,SYNTHETIC
PA_010308,2024-03-14,HALDIA,5,25.7,98.9,MEDIUM,SYNTHETIC_GENERATOR_V1,SYNTHETIC
PA_010309,2024-03-15,HALDIA,7,38.6,101.9,MEDIUM,SYNTHETIC_GENERATOR_V1,SYNTHETIC
PA_010310,2024-03-16,HALDIA,3,10.9,78.8,LOW,SYNTHETIC_GENERATOR_V1,SYNTHETIC
PA_010311,2024-03-17,HALDIA,5,18.9,92.6,LOW,SYNTHETIC_GENERATOR_V1,SYNTHETIC
PA_010312,2024-03-18,HALDIA,8,48.6,114.1,MEDIUM,SYNTHETIC_GENERATOR_V1,SYNTHETIC
PA_010313,2024-03-19,HALDIA,8,52.6,123.0,MEDIUM,SYNTHETIC_GENERATOR_V1,SYNTHETIC
PA_010314,2024-03-20,HALDIA,6,35.7,100.6,MEDIUM,SYNTHETIC_GENERATOR_V1,SYNTHETIC
PA_010315,2024-03-21,HALDIA,4,21.0,87.7,LOW,SYNTHETIC_GENERATOR_V1,SYNTHETIC
PA_010316,2024-03-22,HALDIA,6,32.4,103.9,MEDIUM,SYNTHETIC_GENERATOR_V1,SYNTHETIC
PA_010317,2024-03-23,HALDIA,5,23.2,95.8,LOW,SYNTHETIC_GENERATOR_V1,SYNTHETIC
PA_010318,2024-03-24,HALDIA,5,26.2,96.2,MEDIUM,SYNTHETIC_GENERATOR_V1,SYNTHETIC
PA_010319,2024-03-25,HALDIA,11,81.8,146.6,HIGH,SYNTHETIC_GENERATOR_V1,SYNTHETIC
PA_010320,2024-03-26,HALDIA,4,22.2,86.8,LOW,SYNTHETIC_GENERATOR_V1,SYNTHETIC
PA_010321,2024-03-27,HALDIA,6,33.5,99.3,MEDIUM,SYNTHETIC_GENERATOR_V1,SYNTHETIC
PA_010322,2024-03-28,HALDIA,6,33.2,108.0,MEDIUM,SYNTHETIC_GENERATOR_V1,SYNTHETIC
PA_010323,2024-03-29,HALDIA,7,38.8,111.1,MEDIUM,SYNTHETIC_GENERATOR_V1,SYNTHETIC
PA_010324,2024-03-30,HALDIA,4,19.9,92.4,LOW,SYNTHETIC_GENERATOR_V1,SYNTHETIC
PA_010325,2024-03-31,HALDIA,7,38.5,107.5,MEDIUM,SYNTHETIC_GENERATOR_V1,SYNTHETIC
PA_010326,2024-04-01,HALDIA,5,19.1,84.1,LOW,SYNTHETIC_GENERATOR_V1,SYNTHETIC
PA_010327,2024-04-02,HALDIA,6,32.9,103.0,MEDIUM,SYNTHETIC_GENERATOR_V1,SYNTHETIC
PA_010328,2024-04-03,HALDIA,4,25.4,83.3,MEDIUM,SYNTHETIC_GENERATOR_V1,SYNTHETIC
PA_010329,2024-04-04,HALDIA,10,69.1,132.7,HIGH,SYNTHETIC_GENERATOR_V1,SYNTHETIC
PA_010330,2024-04-05,HALDIA,10,70.9,141.9,HIGH,SYNTHETIC_GENERATOR_V1,SYNTHETIC
PA_010331,2024-04-06,HALDIA,11,85.2,152.7,HIGH,SYNTHETIC_GENERATOR_V1,SYNTHETIC
PA_010332,2024-04-07,HALDIA,8,54.7,125.7,MEDIUM,SYNTHETIC_GENERATOR_V1,SYNTHETIC
PA_010333,2024-04-08,HALDIA,6,35.0,107.7,MEDIUM,SYNTHETIC_GENERATOR_V1,SYNTHETIC
PA_010334,2024-04-09,HALDIA,4,15.0,83.8,LOW,SYNTHETIC_GENERATOR_V1,SYNTHETIC
PA_010335,2024-04-10,HALDIA,3,11.2,82.6,LOW,SYNTHETIC_GENERATOR_V1,SYNTHETIC
PA_010336,2024-04-11,HALDIA,5,22.4,93.3,LOW,SYNTHETIC_GENERATOR_V1,SYNTHETIC
PA_010337,2024-04-12,HALDIA,8,53.7,120.5,MEDIUM,SYNTHETIC_GENERATOR_V1,SYNTHETIC
PA_010338,2024-04-13,HALDIA,7,44.1,115.4,MEDIUM,SYNTHETIC_GENERATOR_V1,SYNTHETIC
PA_010339,2024-04-14,HALDIA,6,33.9,105.6,MEDIUM,SYNTHETIC_GENERATOR_V1,SYNTHETIC
PA_010340,2024-04-15,HALDIA,6,38.7,105.8,MEDIUM,SYNTHETIC_GENERATOR_V1,SYNTHETIC
PA_010341,2024-04-16,HALDIA,8,50.9,118.0,MEDIUM,SYNTHETIC_GENERATOR_V1,SYNTHETIC
PA_010342,2024-04-17,HALDIA,7,45.8,121.3,MEDIUM,SYNTHETIC_GENERATOR_V1,SYNTHETIC
PA_010343,2024-04-18,HALDIA,5,21.9,102.4,LOW,SYNTHETIC_GENERATOR_V1,SYNTHETIC
PA_010344,2024-04-19,HALDIA,5,26.9,100.9,MEDIUM,SYNTHETIC_GENERATOR_V1,SYNTHETIC
PA_010345,2024-04-20,HALDIA,10,75.0,146.9,HIGH,SYNTHETIC_GENERATOR_V1,SYNTHETIC
PA_010346,2024-04-21,HALDIA,10,71.9,142.6,HIGH,SYNTHETIC_GENERATOR_V1,SYNTHETIC
PA_010347,2024-04-22,HALDIA,10,72.2,149.2,HIGH,SYNTHETIC_GENERATOR_V1,SYNTHETIC
PA_010348,2024-04-23,HALDIA,11,80.1,147.6,HIGH,SYNTHETIC_GENERATOR_V1,SYNTHETIC
PA_010349,2024-04-24,HALDIA,7,36.8,97.3,MEDIUM,SYNTHETIC_GENERATOR_V1,SYNTHETIC
PA_010350,2024-04-25,HALDIA,8,48.7,117.9,MEDIUM,SYNTHETIC_GENERATOR_V1,SYNTHETIC
PA_010351,2024-04-26,HALDIA,11,86.4,151.9,HIGH,SYNTHETIC_GENERATOR_V1,SYNTHETIC
PA_010352,2024-04-27,HALDIA,6,35.6,105.4,MEDIUM,SYNTHETIC_GENERATOR_V1,SYNTHETIC
PA_010353,2024-04-28,HALDIA,4,22.0,88.8,LOW,SYNTHETIC_GENERATOR_V1,SYNTHETIC
PA_010354,2024-04-29,HALDIA,8,48.8,117.8,MEDIUM,SYNTHETIC_GENERATOR_V1,SYNTHETIC
PA_010355,2024-04-30,HALDIA,7,39.3,104.9,MEDIUM,SYNTHETIC_GENERATOR_V1,SYNTHETIC
PA_010356,2024-05-01,HALDIA,6,40.6,111.8,MEDIUM,SYNTHETIC_GENERATOR_V1,SYNTHETIC
PA_010357,2024-05-02,HALDIA,4,13.1,89.8,LOW,SYNTHETIC_GENERATOR_V1,SYNTHETIC
PA_010358,2024-05-03,HALDIA,8,50.8,120.5,MEDIUM,SYNTHETIC_GENERATOR_V1,SYNTHETIC
PA_010359,2024-05-04,HALDIA,12,95.3,170.0,HIGH,SYNTHETIC_GENERATOR_V1,SYNTHETIC
PA_010360,2024-05-05,HALDIA,9,66.2,138.5,HIGH,SYNTHETIC_GENERATOR_V1,SYNTHETIC
PA_010361,2024-05-06,HALDIA,5,19.5,93.8,LOW,SYNTHETIC_GENERATOR_V1,SYNTHETIC
PA_010362,2024-05-07,HALDIA,7,33.1,103.7,MEDIUM,SYNTHETIC_GENERATOR_V1,SYNTHETIC
PA_010363,2024-05-08,HALDIA,5,29.5,100.6,MEDIUM,SYNTHETIC_GENERATOR_V1,SYNTHETIC
PA_010364,2024-05-09,HALDIA,5,26.0,97.5,MEDIUM,SYNTHETIC_GENERATOR_V1,SYNTHETIC
PA_010365,2024-05-10,HALDIA,6,32.1,102.2,MEDIUM,SYNTHETIC_GENERATOR_V1,SYNTHETIC
PA_010366,2024-05-11,HALDIA,9,53.5,124.7,MEDIUM,SYNTHETIC_GENERATOR_V1,SYNTHETIC
PA_010367,2024-05-12,HALDIA,7,45.7,117.2,MEDIUM,SYNTHETIC_GENERATOR_V1,SYNTHETIC
PA_010368,2024-05-13,HALDIA,8,60.2,134.3,HIGH,SYNTHETIC_GENERATOR_V1,SYNTHETIC
PA_010369,2024-05-14,HALDIA,9,57.7,126.2,MEDIUM,SYNTHETIC_GENERATOR_V1,SYNTHETIC
PA_010370,2024-05-15,HALDIA,11,81.6,149.5,HIGH,SYNTHETIC_GENERATOR_V1,SYNTHETIC
PA_010371,2024-05-16,HALDIA,7,39.4,114.5,MEDIUM,SYNTHETIC_GENERATOR_V1,SYNTHETIC
PA_010372,2024-05-17,HALDIA,5,25.7,93.7,MEDIUM,SYNTHETIC_GENERATOR_V1,SYNTHETIC
PA_010373,2024-05-18,HALDIA,5,26.1,89.8,MEDIUM,SYNTHETIC_GENERATOR_V1,SYNTHETIC
PA_010374,2024-05-19,HALDIA,6,32.3,99.1,MEDIUM,SYNTHETIC_GENERATOR_V1,SYNTHETIC
PA_010375,2024-05-20,HALDIA,6,27.7,91.9,MEDIUM,SYNTHETIC_GENERATOR_V1,SYNTHETIC
PA_010376,2024-05-21,HALDIA,6,36.3,106.6,MEDIUM,SYNTHETIC_GENERATOR_V1,SYNTHETIC
PA_010377,2024-05-22,HALDIA,3,12.4,83.6,LOW,SYNTHETIC_GENERATOR_V1,SYNTHETIC
PA_010378,2024-05-23,HALDIA,6,37.2,107.4,MEDIUM,SYNTHETIC_GENERATOR_V1,SYNTHETIC
PA_010379,2024-05-24,HALDIA,7,40.4,117.7,MEDIUM,SYNTHETIC_GENERATOR_V1,SYNTHETIC
PA_010380,2024-05-25,HALDIA,5,24.7,93.0,MEDIUM,SYNTHETIC_GENERATOR_V1,SYNTHETIC
PA_010381,2024-05-26,HALDIA,8,52.4,118.0,MEDIUM,SYNTHETIC_GENERATOR_V1,SYNTHETIC
PA_010382,2024-05-27,HALDIA,11,86.5,155.8,HIGH,SYNTHETIC_GENERATOR_V1,SYNTHETIC
PA_010383,2024-05-28,HALDIA,4,22.1,92.0,LOW,SYNTHETIC_GENERATOR_V1,SYNTHETIC
PA_010384,2024-05-29,HALDIA,10,76.5,152.7,HIGH,SYNTHETIC_GENERATOR_V1,SYNTHETIC
PA_010385,2024-05-30,HALDIA,8,52.4,123.6,MEDIUM,SYNTHETIC_GENERATOR_V1,SYNTHETIC
PA_010386,2024-05-31,HALDIA,4,16.2,92.2,LOW,SYNTHETIC_GENERATOR_V1,SYNTHETIC
PA_010387,2024-06-01,HALDIA,2,4.2,71.2,LOW,SYNTHETIC_GENERATOR_V1,SYNTHETIC
PA_010388,2024-06-02,HALDIA,7,46.4,115.3,MEDIUM,SYNTHETIC_GENERATOR_V1,SYNTHETIC
PA_010389,2024-06-03,HALDIA,6,33.5,100.5,MEDIUM,SYNTHETIC_GENERATOR_V1,SYNTHETIC
PA_010390,2024-06-04,HALDIA,9,58.3,123.5,MEDIUM,SYNTHETIC_GENERATOR_V1,SYNTHETIC
PA_010391,2024-06-05,HALDIA,4,15.1,83.3,LOW,SYNTHETIC_GENERATOR_V1,SYNTHETIC
PA_010392,2024-06-06,HALDIA,6,34.2,100.2,MEDIUM,SYNTHETIC_GENERATOR_V1,SYNTHETIC
PA_010393,2024-06-07,HALDIA,3,13.0,79.5,LOW,SYNTHETIC_GENERATOR_V1,SYNTHETIC
PA_010394,2024-06-08,HALDIA,5,21.1,84.3,LOW,SYNTHETIC_GENERATOR_V1,SYNTHETIC
PA_010395,2024-06-09,HALDIA,8,54.5,125.4,MEDIUM,SYNTHETIC_GENERATOR_V1,SYNTHETIC
PA_010396,2024-06-10,HALDIA,7,40.4,106.1,MEDIUM,SYNTHETIC_GENERATOR_V1,SYNTHETIC
PA_010397,2024-06-11,HALDIA,9,61.9,133.4,HIGH,SYNTHETIC_GENERATOR_V1,SYNTHETIC
PA_010398,2024-06-12,HALDIA,5,27.7,91.8,MEDIUM,SYNTHETIC_GENERATOR_V1,SYNTHETIC
PA_010399,2024-06-13,HALDIA,9,63.3,132.7,HIGH,SYNTHETIC_GENERATOR_V1,SYNTHETIC
PA_010400,2024-06-14,HALDIA,8,54.6,131.2,MEDIUM,SYNTHETIC_GENERATOR_V1,SYNTHETIC
PA_010401,2024-06-15,HALDIA,8,48.6,117.4,MEDIUM,SYNTHETIC_GENERATOR_V1,SYNTHETIC
PA_010402,2024-06-16,HALDIA,4,16.5,86.2,LOW,SYNTHETIC_GENERATOR_V1,SYNTHETIC
PA_010403,2024-06-17,HALDIA,3,11.8,88.4,LOW,SYNTHETIC_GENERATOR_V1,SYNTHETIC
PA_010404,2024-06-18,HALDIA,10,68.0,136.7,HIGH,SYNTHETIC_GENERATOR_V1,SYNTHETIC
PA_010405,2024-06-19,HALDIA,4,11.9,87.4,LOW,SYNTHETIC_GENERATOR_V1,SYNTHETIC
PA_010406,2024-06-20,HALDIA,8,53.8,117.3,MEDIUM,SYNTHETIC_GENERATOR_V1,SYNTHETIC
PA_010407,2024-06-21,HALDIA,11,81.9,156.1,HIGH,SYNTHETIC_GENERATOR_V1,SYNTHETIC
PA_010408,2024-06-22,HALDIA,5,23.2,85.6,LOW,SYNTHETIC_GENERATOR_V1,SYNTHETIC
PA_010409,2024-06-23,HALDIA,9,57.6,131.0,MEDIUM,SYNTHETIC_GENERATOR_V1,SYNTHETIC
PA_010410,2024-06-24,HALDIA,7,43.4,115.6,MEDIUM,SYNTHETIC_GENERATOR_V1,SYNTHETIC
PA_010411,2024-06-25,HALDIA,5,23.6,95.4,LOW,SYNTHETIC_GENERATOR_V1,SYNTHETIC
PA_010412,2024-06-26,HALDIA,7,40.0,110.5,MEDIUM,SYNTHETIC_GENERATOR_V1,SYNTHETIC
PA_010413,2024-06-27,HALDIA,8,50.0,119.5,MEDIUM,SYNTHETIC_GENERATOR_V1,SYNTHETIC
PA_010414,2024-06-28,HALDIA,7,37.0,111.3,MEDIUM,SYNTHETIC_GENERATOR_V1,SYNTHETIC
PA_010415,2024-06-29,HALDIA,6,32.3,99.6,MEDIUM,SYNTHETIC_GENERATOR_V1,SYNTHETIC
PA_010416,2024-06-30,HALDIA,9,66.1,134.0,HIGH,SYNTHETIC_GENERATOR_V1,SYNTHETIC
PA_010417,2024-07-01,HALDIA,14,120.5,189.8,HIGH,SYNTHETIC_GENERATOR_V1,SYNTHETIC
PA_010418,2024-07-02,HALDIA,11,87.1,150.6,HIGH,SYNTHETIC_GENERATOR_V1,SYNTHETIC
PA_010419,2024-07-03,HALDIA,5,27.6,100.8,MEDIUM,SYNTHETIC_GENERATOR_V1,SYNTHETIC
PA_010420,2024-07-04,HALDIA,10,72.2,138.2,HIGH,SYNTHETIC_GENERATOR_V1,SYNTHETIC
PA_010421,2024-07-05,HALDIA,9,60.4,125.2,HIGH,SYNTHETIC_GENERATOR_V1,SYNTHETIC
PA_010422,2024-07-06,HALDIA,6,36.9,105.2,MEDIUM,SYNTHETIC_GENERATOR_V1,SYNTHETIC
PA_010423,2024-07-07,HALDIA,7,39.9,113.6,MEDIUM,SYNTHETIC_GENERATOR_V1,SYNTHETIC
PA_010424,2024-07-08,HALDIA,6,24.5,98.6,MEDIUM,SYNTHETIC_GENERATOR_V1,SYNTHETIC
PA_010425,2024-07-09,HALDIA,8,53.5,126.5,MEDIUM,SYNTHETIC_GENERATOR_V1,SYNTHETIC
PA_010426,2024-07-10,HALDIA,15,128.0,194.1,HIGH,SYNTHETIC_GENERATOR_V1,SYNTHETIC
PA_010427,2024-07-11,HALDIA,7,41.9,113.6,MEDIUM,SYNTHETIC_GENERATOR_V1,SYNTHETIC
PA_010428,2024-07-12,HALDIA,6,35.8,107.7,MEDIUM,SYNTHETIC_GENERATOR_V1,SYNTHETIC
PA_010429,2024-07-13,HALDIA,11,87.3,151.3,HIGH,SYNTHETIC_GENERATOR_V1,SYNTHETIC
PA_010430,2024-07-14,HALDIA,4,24.9,95.4,MEDIUM,SYNTHETIC_GENERATOR_V1,SYNTHETIC
PA_010431,2024-07-15,HALDIA,6,31.0,97.7,MEDIUM,SYNTHETIC_GENERATOR_V1,SYNTHETIC
PA_010432,2024-07-16,HALDIA,8,46.2,111.9,MEDIUM,SYNTHETIC_GENERATOR_V1,SYNTHETIC
PA_010433,2024-07-17,HALDIA,11,79.9,150.2,HIGH,SYNTHETIC_GENERATOR_V1,SYNTHETIC
PA_010434,2024-07-18,HALDIA,4,20.5,93.8,LOW,SYNTHETIC_GENERATOR_V1,SYNTHETIC
PA_010435,2024-07-19,HALDIA,6,37.5,111.1,MEDIUM,SYNTHETIC_GENERATOR_V1,SYNTHETIC
PA_010436,2024-07-20,HALDIA,7,44.0,117.6,MEDIUM,SYNTHETIC_GENERATOR_V1,SYNTHETIC
PA_010437,2024-07-21,HALDIA,2,9.2,79.0,LOW,SYNTHETIC_GENERATOR_V1,SYNTHETIC
PA_010438,2024-07-22,HALDIA,9,61.7,131.9,HIGH,SYNTHETIC_GENERATOR_V1,SYNTHETIC
PA_010439,2024-07-23,HALDIA,5,31.2,99.1,MEDIUM,SYNTHETIC_GENERATOR_V1,SYNTHETIC
PA_010440,2024-07-24,HALDIA,10,70.3,141.7,HIGH,SYNTHETIC_GENERATOR_V1,SYNTHETIC
PA_010441,2024-07-25,HALDIA,4,21.8,97.3,LOW,SYNTHETIC_GENERATOR_V1,SYNTHETIC
PA_010442,2024-07-26,HALDIA,7,46.9,114.3,MEDIUM,SYNTHETIC_GENERATOR_V1,SYNTHETIC
PA_010443,2024-07-27,HALDIA,6,27.0,99.3,MEDIUM,SYNTHETIC_GENERATOR_V1,SYNTHETIC
PA_010444,2024-07-28,HALDIA,4,11.2,83.3,LOW,SYNTHETIC_GENERATOR_V1,SYNTHETIC
PA_010445,2024-07-29,HALDIA,5,24.0,96.2,MEDIUM,SYNTHETIC_GENERATOR_V1,SYNTHETIC
PA_010446,2024-07-30,HALDIA,9,62.5,129.5,HIGH,SYNTHETIC_GENERATOR_V1,SYNTHETIC
PA_010447,2024-07-31,HALDIA,9,61.2,128.7,HIGH,SYNTHETIC_GENERATOR_V1,SYNTHETIC
PA_010448,2024-08-01,HALDIA,8,49.2,125.6,MEDIUM,SYNTHETIC_GENERATOR_V1,SYNTHETIC
PA_010449,2024-08-02,HALDIA,7,40.3,109.1,MEDIUM,SYNTHETIC_GENERATOR_V1,SYNTHETIC
PA_010450,2024-08-03,HALDIA,3,10.4,71.5,LOW,SYNTHETIC_GENERATOR_V1,SYNTHETIC
PA_010451,2024-08-04,HALDIA,5,23.8,94.6,LOW,SYNTHETIC_GENERATOR_V1,SYNTHETIC
PA_010452,2024-08-05,HALDIA,7,41.8,99.8,MEDIUM,SYNTHETIC_GENERATOR_V1,SYNTHETIC
PA_010453,2024-08-06,HALDIA,5,30.3,98.0,MEDIUM,SYNTHETIC_GENERATOR_V1,SYNTHETIC
PA_010454,2024-08-07,HALDIA,11,77.3,152.3,HIGH,SYNTHETIC_GENERATOR_V1,SYNTHETIC
PA_010455,2024-08-08,HALDIA,3,7.9,79.6,LOW,SYNTHETIC_GENERATOR_V1,SYNTHETIC
PA_010456,2024-08-09,HALDIA,7,35.5,100.2,MEDIUM,SYNTHETIC_GENERATOR_V1,SYNTHETIC
PA_010457,2024-08-10,HALDIA,10,72.4,138.8,HIGH,SYNTHETIC_GENERATOR_V1,SYNTHETIC
PA_010458,2024-08-11,HALDIA,9,56.6,129.9,MEDIUM,SYNTHETIC_GENERATOR_V1,SYNTHETIC
PA_010459,2024-08-12,HALDIA,7,38.8,106.6,MEDIUM,SYNTHETIC_GENERATOR_V1,SYNTHETIC
PA_010460,2024-08-13,HALDIA,5,27.9,99.4,MEDIUM,SYNTHETIC_GENERATOR_V1,SYNTHETIC
PA_010461,2024-08-14,HALDIA,8,47.5,111.8,MEDIUM,SYNTHETIC_GENERATOR_V1,SYNTHETIC
PA_010462,2024-08-15,HALDIA,11,85.1,157.1,HIGH,SYNTHETIC_GENERATOR_V1,SYNTHETIC
PA_010463,2024-08-16,HALDIA,11,80.5,147.3,HIGH,SYNTHETIC_GENERATOR_V1,SYNTHETIC
PA_010464,2024-08-17,HALDIA,10,68.8,135.1,HIGH,SYNTHETIC_GENERATOR_V1,SYNTHETIC
PA_010465,2024-08-18,HALDIA,10,68.6,140.1,HIGH,SYNTHETIC_GENERATOR_V1,SYNTHETIC
PA_010466,2024-08-19,HALDIA,6,34.6,104.4,MEDIUM,SYNTHETIC_GENERATOR_V1,SYNTHETIC
PA_010467,2024-08-20,HALDIA,7,41.8,116.3,MEDIUM,SYNTHETIC_GENERATOR_V1,SYNTHETIC
PA_010468,2024-08-21,HALDIA,6,30.8,96.9,MEDIUM,SYNTHETIC_GENERATOR_V1,SYNTHETIC
PA_010469,2024-08-22,HALDIA,11,83.9,153.7,HIGH,SYNTHETIC_GENERATOR_V1,SYNTHETIC
PA_010470,2024-08-23,HALDIA,5,30.1,99.6,MEDIUM,SYNTHETIC_GENERATOR_V1,SYNTHETIC
PA_010471,2024-08-24,HALDIA,5,24.6,98.4,MEDIUM,SYNTHETIC_GENERATOR_V1,SYNTHETIC
PA_010472,2024-08-25,HALDIA,14,119.6,194.6,HIGH,SYNTHETIC_GENERATOR_V1,SYNTHETIC
PA_010473,2024-08-26,HALDIA,4,17.6,84.0,LOW,SYNTHETIC_GENERATOR_V1,SYNTHETIC
PA_010474,2024-08-27,HALDIA,13,109.6,185.0,HIGH,SYNTHETIC_GENERATOR_V1,SYNTHETIC
PA_010475,2024-08-28,HALDIA,7,49.7,122.1,MEDIUM,SYNTHETIC_GENERATOR_V1,SYNTHETIC
PA_010476,2024-08-29,HALDIA,5,24.1,90.9,MEDIUM,SYNTHETIC_GENERATOR_V1,SYNTHETIC
PA_010477,2024-08-30,HALDIA,8,54.5,122.9,MEDIUM,SYNTHETIC_GENERATOR_V1,SYNTHETIC
PA_010478,2024-08-31,HALDIA,6,34.9,105.0,MEDIUM,SYNTHETIC_GENERATOR_V1,SYNTHETIC
PA_010479,2024-09-01,HALDIA,13,109.8,184.0,HIGH,SYNTHETIC_GENERATOR_V1,SYNTHETIC
PA_010480,2024-09-02,HALDIA,12,91.3,152.4,HIGH,SYNTHETIC_GENERATOR_V1,SYNTHETIC
PA_010481,2024-09-03,HALDIA,5,26.1,93.0,MEDIUM,SYNTHETIC_GENERATOR_V1,SYNTHETIC
PA_010482,2024-09-04,HALDIA,14,117.8,187.5,HIGH,SYNTHETIC_GENERATOR_V1,SYNTHETIC
PA_010483,2024-09-05,HALDIA,8,54.3,131.4,MEDIUM,SYNTHETIC_GENERATOR_V1,SYNTHETIC
PA_010484,2024-09-06,HALDIA,4,15.5,86.1,LOW,SYNTHETIC_GENERATOR_V1,SYNTHETIC
PA_010485,2024-09-07,HALDIA,9,58.3,133.8,MEDIUM,SYNTHETIC_GENERATOR_V1,SYNTHETIC
PA_010486,2024-09-08,HALDIA,3,16.1,84.7,LOW,SYNTHETIC_GENERATOR_V1,SYNTHETIC
PA_010487,2024-09-09,HALDIA,11,82.8,154.4,HIGH,SYNTHETIC_GENERATOR_V1,SYNTHETIC
PA_010488,2024-09-10,HALDIA,5,28.9,99.3,MEDIUM,SYNTHETIC_GENERATOR_V1,SYNTHETIC
PA_010489,2024-09-11,HALDIA,9,58.6,128.0,MEDIUM,SYNTHETIC_GENERATOR_V1,SYNTHETIC
PA_010490,2024-09-12,HALDIA,12,94.8,167.4,HIGH,SYNTHETIC_GENERATOR_V1,SYNTHETIC
PA_010491,2024-09-13,HALDIA,9,58.3,122.3,MEDIUM,SYNTHETIC_GENERATOR_V1,SYNTHETIC
PA_010492,2024-09-14,HALDIA,6,31.3,95.1,MEDIUM,SYNTHETIC_GENERATOR_V1,SYNTHETIC
PA_010493,2024-09-15,HALDIA,13,104.2,170.9,HIGH,SYNTHETIC_GENERATOR_V1,SYNTHETIC
PA_010494,2024-09-16,HALDIA,7,40.0,105.1,MEDIUM,SYNTHETIC_GENERATOR_V1,SYNTHETIC
PA_010495,2024-09-17,HALDIA,7,42.7,109.8,MEDIUM,SYNTHETIC_GENERATOR_V1,SYNTHETIC
PA_010496,2024-09-18,HALDIA,10,70.4,138.0,HIGH,SYNTHETIC_GENERATOR_V1,SYNTHETIC
PA_010497,2024-09-19,HALDIA,6,33.6,98.6,MEDIUM,SYNTHETIC_GENERATOR_V1,SYNTHETIC
PA_010498,2024-09-20,HALDIA,8,48.3,121.7,MEDIUM,SYNTHETIC_GENERATOR_V1,SYNTHETIC
PA_010499,2024-09-21,HALDIA,14,117.3,191.3,HIGH,SYNTHETIC_GENERATOR_V1,SYNTHETIC
PA_010500,2024-09-22,HALDIA,7,45.3,121.9,MEDIUM,SYNTHETIC_GENERATOR_V1,SYNTHETIC
PA_010501,2024-09-23,HALDIA,9,61.8,131.1,HIGH,SYNTHETIC_GENERATOR_V1,SYNTHETIC
PA_010502,2024-09-24,HALDIA,8,58.6,133.3,MEDIUM,SYNTHETIC_GENERATOR_V1,SYNTHETIC
PA_010503,2024-09-25,HALDIA,8,52.0,122.8,MEDIUM,SYNTHETIC_GENERATOR_V1,SYNTHETIC
PA_010504,2024-09-26,HALDIA,6,32.8,109.2,MEDIUM,SYNTHETIC_GENERATOR_V1,SYNTHETIC
PA_010505,2024-09-27,HALDIA,8,52.8,123.6,MEDIUM,SYNTHETIC_GENERATOR_V1,SYNTHETIC
PA_010506,2024-09-28,HALDIA,6,33.5,102.9,MEDIUM,SYNTHETIC_GENERATOR_V1,SYNTHETIC
PA_010507,2024-09-29,HALDIA,8,50.5,118.5,MEDIUM,SYNTHETIC_GENERATOR_V1,SYNTHETIC
PA_010508,2024-09-30,HALDIA,11,81.9,149.7,HIGH,SYNTHETIC_GENERATOR_V1,SYNTHETIC
PA_010509,2024-10-01,HALDIA,8,47.1,117.8,MEDIUM,SYNTHETIC_GENERATOR_V1,SYNTHETIC
PA_010510,2024-10-02,HALDIA,11,86.1,151.5,HIGH,SYNTHETIC_GENERATOR_V1,SYNTHETIC
PA_010511,2024-10-03,HALDIA,8,49.1,121.2,MEDIUM,SYNTHETIC_GENERATOR_V1,SYNTHETIC
PA_010512,2024-10-04,HALDIA,6,27.7,100.9,MEDIUM,SYNTHETIC_GENERATOR_V1,SYNTHETIC
PA_010513,2024-10-05,HALDIA,4,18.4,73.0,LOW,SYNTHETIC_GENERATOR_V1,SYNTHETIC
PA_010514,2024-10-06,HALDIA,6,34.8,105.1,MEDIUM,SYNTHETIC_GENERATOR_V1,SYNTHETIC
PA_010515,2024-10-07,HALDIA,2,13.4,79.6,LOW,SYNTHETIC_GENERATOR_V1,SYNTHETIC
PA_010516,2024-10-08,HALDIA,13,104.1,173.7,HIGH,SYNTHETIC_GENERATOR_V1,SYNTHETIC
PA_010517,2024-10-09,HALDIA,6,30.3,98.6,MEDIUM,SYNTHETIC_GENERATOR_V1,SYNTHETIC
PA_010518,2024-10-10,HALDIA,5,30.2,106.4,MEDIUM,SYNTHETIC_GENERATOR_V1,SYNTHETIC
PA_010519,2024-10-11,HALDIA,5,25.1,100.2,MEDIUM,SYNTHETIC_GENERATOR_V1,SYNTHETIC
PA_010520,2024-10-12,HALDIA,5,22.8,94.7,LOW,SYNTHETIC_GENERATOR_V1,SYNTHETIC
PA_010521,2024-10-13,HALDIA,3,14.9,89.7,LOW,SYNTHETIC_GENERATOR_V1,SYNTHETIC
PA_010522,2024-10-14,HALDIA,6,34.7,109.0,MEDIUM,SYNTHETIC_GENERATOR_V1,SYNTHETIC
PA_010523,2024-10-15,HALDIA,11,87.1,161.2,HIGH,SYNTHETIC_GENERATOR_V1,SYNTHETIC
PA_010524,2024-10-16,HALDIA,11,83.1,153.1,HIGH,SYNTHETIC_GENERATOR_V1,SYNTHETIC
PA_010525,2024-10-17,HALDIA,9,64.8,137.3,HIGH,SYNTHETIC_GENERATOR_V1,SYNTHETIC
PA_010526,2024-10-18,HALDIA,7,40.0,112.6,MEDIUM,SYNTHETIC_GENERATOR_V1,SYNTHETIC
PA_010527,2024-10-19,HALDIA,8,51.0,119.9,MEDIUM,SYNTHETIC_GENERATOR_V1,SYNTHETIC
PA_010528,2024-10-20,HALDIA,8,48.2,119.3,MEDIUM,SYNTHETIC_GENERATOR_V1,SYNTHETIC
PA_010529,2024-10-21,HALDIA,11,87.1,161.6,HIGH,SYNTHETIC_GENERATOR_V1,SYNTHETIC
PA_010530,2024-10-22,HALDIA,7,43.4,109.1,MEDIUM,SYNTHETIC_GENERATOR_V1,SYNTHETIC
PA_010531,2024-10-23,HALDIA,9,62.7,127.4,HIGH,SYNTHETIC_GENERATOR_V1,SYNTHETIC
PA_010532,2024-10-24,HALDIA,7,36.6,110.4,MEDIUM,SYNTHETIC_GENERATOR_V1,SYNTHETIC
PA_010533,2024-10-25,HALDIA,4,22.2,94.3,LOW,SYNTHETIC_GENERATOR_V1,SYNTHETIC
PA_010534,2024-10-26,HALDIA,5,17.9,91.1,LOW,SYNTHETIC_GENERATOR_V1,SYNTHETIC
PA_010535,2024-10-27,HALDIA,7,41.1,116.3,MEDIUM,SYNTHETIC_GENERATOR_V1,SYNTHETIC
PA_010536,2024-10-28,HALDIA,5,22.0,89.3,LOW,SYNTHETIC_GENERATOR_V1,SYNTHETIC
PA_010537,2024-10-29,HALDIA,6,36.1,108.7,MEDIUM,SYNTHETIC_GENERATOR_V1,SYNTHETIC
PA_010538,2024-10-30,HALDIA,5,23.7,94.0,LOW,SYNTHETIC_GENERATOR_V1,SYNTHETIC
PA_010539,2024-10-31,HALDIA,4,23.5,93.4,LOW,SYNTHETIC_GENERATOR_V1,SYNTHETIC
PA_010540,2024-11-01,HALDIA,7,39.7,109.4,MEDIUM,SYNTHETIC_GENERATOR_V1,SYNTHETIC
PA_010541,2024-11-02,HALDIA,4,21.2,94.8,LOW,SYNTHETIC_GENERATOR_V1,SYNTHETIC
PA_010542,2024-11-03,HALDIA,9,54.2,119.1,MEDIUM,SYNTHETIC_GENERATOR_V1,SYNTHETIC
PA_010543,2024-11-04,HALDIA,10,69.5,132.9,HIGH,SYNTHETIC_GENERATOR_V1,SYNTHETIC
PA_010544,2024-11-05,HALDIA,7,38.0,109.8,MEDIUM,SYNTHETIC_GENERATOR_V1,SYNTHETIC
PA_010545,2024-11-06,HALDIA,7,44.1,117.5,MEDIUM,SYNTHETIC_GENERATOR_V1,SYNTHETIC
PA_010546,2024-11-07,HALDIA,5,29.6,101.6,MEDIUM,SYNTHETIC_GENERATOR_V1,SYNTHETIC
PA_010547,2024-11-08,HALDIA,8,47.5,116.4,MEDIUM,SYNTHETIC_GENERATOR_V1,SYNTHETIC
PA_010548,2024-11-09,HALDIA,5,24.5,90.8,MEDIUM,SYNTHETIC_GENERATOR_V1,SYNTHETIC
PA_010549,2024-11-10,HALDIA,7,39.8,108.0,MEDIUM,SYNTHETIC_GENERATOR_V1,SYNTHETIC
PA_010550,2024-11-11,HALDIA,4,16.4,86.9,LOW,SYNTHETIC_GENERATOR_V1,SYNTHETIC
PA_010551,2024-11-12,HALDIA,5,26.1,95.5,MEDIUM,SYNTHETIC_GENERATOR_V1,SYNTHETIC
PA_010552,2024-11-13,HALDIA,10,69.2,140.7,HIGH,SYNTHETIC_GENERATOR_V1,SYNTHETIC
PA_010553,2024-11-14,HALDIA,4,21.9,85.6,LOW,SYNTHETIC_GENERATOR_V1,SYNTHETIC
PA_010554,2024-11-15,HALDIA,10,69.9,139.8,HIGH,SYNTHETIC_GENERATOR_V1,SYNTHETIC
PA_010555,2024-11-16,HALDIA,4,20.2,84.8,LOW,SYNTHETIC_GENERATOR_V1,SYNTHETIC
PA_010556,2024-11-17,HALDIA,8,45.6,116.5,MEDIUM,SYNTHETIC_GENERATOR_V1,SYNTHETIC
PA_010557,2024-11-18,HALDIA,10,69.9,143.5,HIGH,SYNTHETIC_GENERATOR_V1,SYNTHETIC
PA_010558,2024-11-19,HALDIA,4,18.1,92.0,LOW,SYNTHETIC_GENERATOR_V1,SYNTHETIC
PA_010559,2024-11-20,HALDIA,6,26.5,91.8,MEDIUM,SYNTHETIC_GENERATOR_V1,SYNTHETIC
PA_010560,2024-11-21,HALDIA,10,72.7,139.1,HIGH,SYNTHETIC_GENERATOR_V1,SYNTHETIC
PA_010561,2024-11-22,HALDIA,8,52.2,127.1,MEDIUM,SYNTHETIC_GENERATOR_V1,SYNTHETIC
PA_010562,2024-11-23,HALDIA,10,76.4,142.3,HIGH,SYNTHETIC_GENERATOR_V1,SYNTHETIC
PA_010563,2024-11-24,HALDIA,9,61.5,130.7,HIGH,SYNTHETIC_GENERATOR_V1,SYNTHETIC
PA_010564,2024-11-25,HALDIA,10,69.1,135.2,HIGH,SYNTHETIC_GENERATOR_V1,SYNTHETIC
PA_010565,2024-11-26,HALDIA,4,12.0,80.7,LOW,SYNTHETIC_GENERATOR_V1,SYNTHETIC
PA_010566,2024-11-27,HALDIA,5,18.8,84.7,LOW,SYNTHETIC_GENERATOR_V1,SYNTHETIC
PA_010567,2024-11-28,HALDIA,11,82.9,155.5,HIGH,SYNTHETIC_GENERATOR_V1,SYNTHETIC
PA_010568,2024-11-29,HALDIA,8,45.5,117.8,MEDIUM,SYNTHETIC_GENERATOR_V1,SYNTHETIC
PA_010569,2024-11-30,HALDIA,8,42.2,110.6,MEDIUM,SYNTHETIC_GENERATOR_V1,SYNTHETIC
PA_010570,2024-12-01,HALDIA,9,65.3,133.8,HIGH,SYNTHETIC_GENERATOR_V1,SYNTHETIC
PA_010571,2024-12-02,HALDIA,9,62.6,125.1,HIGH,SYNTHETIC_GENERATOR_V1,SYNTHETIC
PA_010572,2024-12-03,HALDIA,9,57.1,124.0,MEDIUM,SYNTHETIC_GENERATOR_V1,SYNTHETIC
PA_010573,2024-12-04,HALDIA,9,59.8,127.5,MEDIUM,SYNTHETIC_GENERATOR_V1,SYNTHETIC
PA_010574,2024-12-05,HALDIA,7,41.4,114.6,MEDIUM,SYNTHETIC_GENERATOR_V1,SYNTHETIC
PA_010575,2024-12-06,HALDIA,6,37.4,103.9,MEDIUM,SYNTHETIC_GENERATOR_V1,SYNTHETIC
PA_010576,2024-12-07,HALDIA,6,36.6,104.7,MEDIUM,SYNTHETIC_GENERATOR_V1,SYNTHETIC
PA_010577,2024-12-08,HALDIA,4,22.0,96.4,LOW,SYNTHETIC_GENERATOR_V1,SYNTHETIC
PA_010578,2024-12-09,HALDIA,8,56.7,126.8,MEDIUM,SYNTHETIC_GENERATOR_V1,SYNTHETIC
PA_010579,2024-12-10,HALDIA,5,24.5,98.7,MEDIUM,SYNTHETIC_GENERATOR_V1,SYNTHETIC
PA_010580,2024-12-11,HALDIA,5,27.9,93.3,MEDIUM,SYNTHETIC_GENERATOR_V1,SYNTHETIC
PA_010581,2024-12-12,HALDIA,9,59.3,126.1,MEDIUM,SYNTHETIC_GENERATOR_V1,SYNTHETIC
PA_010582,2024-12-13,HALDIA,7,45.4,119.2,MEDIUM,SYNTHETIC_GENERATOR_V1,SYNTHETIC
PA_010583,2024-12-14,HALDIA,6,28.5,99.9,MEDIUM,SYNTHETIC_GENERATOR_V1,SYNTHETIC
PA_010584,2024-12-15,HALDIA,8,50.3,121.2,MEDIUM,SYNTHETIC_GENERATOR_V1,SYNTHETIC
PA_010585,2024-12-16,HALDIA,4,15.2,83.8,LOW,SYNTHETIC_GENERATOR_V1,SYNTHETIC
PA_010586,2024-12-17,HALDIA,4,12.6,70.9,LOW,SYNTHETIC_GENERATOR_V1,SYNTHETIC
PA_010587,2024-12-18,HALDIA,8,49.8,115.2,MEDIUM,SYNTHETIC_GENERATOR_V1,SYNTHETIC
PA_010588,2024-12-19,HALDIA,6,31.7,95.4,MEDIUM,SYNTHETIC_GENERATOR_V1,SYNTHETIC
PA_010589,2024-12-20,HALDIA,7,45.0,127.7,MEDIUM,SYNTHETIC_GENERATOR_V1,SYNTHETIC
PA_010590,2024-12-21,HALDIA,9,61.9,130.6,HIGH,SYNTHETIC_GENERATOR_V1,SYNTHETIC
PA_010591,2024-12-22,HALDIA,6,33.7,107.8,MEDIUM,SYNTHETIC_GENERATOR_V1,SYNTHETIC
PA_010592,2024-12-23,HALDIA,8,48.5,113.8,MEDIUM,SYNTHETIC_GENERATOR_V1,SYNTHETIC
PA_010593,2024-12-24,HALDIA,7,42.5,113.8,MEDIUM,SYNTHETIC_GENERATOR_V1,SYNTHETIC
PA_010594,2024-12-25,HALDIA,5,18.3,88.3,LOW,SYNTHETIC_GENERATOR_V1,SYNTHETIC
PA_010595,2024-12-26,HALDIA,5,26.2,102.8,MEDIUM,SYNTHETIC_GENERATOR_V1,SYNTHETIC
PA_010596,2024-12-27,HALDIA,0,1.7,72.7,LOW,SYNTHETIC_GENERATOR_V1,SYNTHETIC
PA_010597,2024-12-28,HALDIA,6,33.6,102.6,MEDIUM,SYNTHETIC_GENERATOR_V1,SYNTHETIC
PA_010598,2024-12-29,HALDIA,5,34.4,105.7,MEDIUM,SYNTHETIC_GENERATOR_V1,SYNTHETIC
PA_010599,2024-12-30,HALDIA,10,75.8,137.2,HIGH,SYNTHETIC_GENERATOR_V1,SYNTHETIC
PA_010600,2024-12-31,HALDIA,11,82.9,154.8,HIGH,SYNTHETIC_GENERATOR_V1,SYNTHETIC
PA_010601,2025-01-01,HALDIA,6,38.2,109.9,MEDIUM,SYNTHETIC_GENERATOR_V1,SYNTHETIC
PA_010602,2025-01-02,HALDIA,1,6.1,78.9,LOW,SYNTHETIC_GENERATOR_V1,SYNTHETIC
PA_010603,2025-01-03,HALDIA,5,25.7,98.4,MEDIUM,SYNTHETIC_GENERATOR_V1,SYNTHETIC
PA_010604,2025-01-04,HALDIA,12,97.0,167.8,HIGH,SYNTHETIC_GENERATOR_V1,SYNTHETIC
PA_010605,2025-01-05,HALDIA,8,49.8,112.1,MEDIUM,SYNTHETIC_GENERATOR_V1,SYNTHETIC
PA_010606,2025-01-06,HALDIA,9,62.1,131.9,HIGH,SYNTHETIC_GENERATOR_V1,SYNTHETIC
PA_010607,2025-01-07,HALDIA,6,29.3,98.7,MEDIUM,SYNTHETIC_GENERATOR_V1,SYNTHETIC
PA_010608,2025-01-08,HALDIA,4,15.1,92.0,LOW,SYNTHETIC_GENERATOR_V1,SYNTHETIC
PA_010609,2025-01-09,HALDIA,11,82.5,153.5,HIGH,SYNTHETIC_GENERATOR_V1,SYNTHETIC
PA_010610,2025-01-10,HALDIA,5,28.8,102.8,MEDIUM,SYNTHETIC_GENERATOR_V1,SYNTHETIC
PA_010611,2025-01-11,HALDIA,8,55.5,120.7,MEDIUM,SYNTHETIC_GENERATOR_V1,SYNTHETIC
PA_010612,2025-01-12,HALDIA,5,28.9,101.2,MEDIUM,SYNTHETIC_GENERATOR_V1,SYNTHETIC
PA_010613,2025-01-13,HALDIA,8,56.5,114.7,MEDIUM,SYNTHETIC_GENERATOR_V1,SYNTHETIC
PA_010614,2025-01-14,HALDIA,8,50.6,123.8,MEDIUM,SYNTHETIC_GENERATOR_V1,SYNTHETIC
PA_010615,2025-01-15,HALDIA,3,11.2,84.1,LOW,SYNTHETIC_GENERATOR_V1,SYNTHETIC
PA_010616,2025-01-16,HALDIA,6,26.3,96.0,MEDIUM,SYNTHETIC_GENERATOR_V1,SYNTHETIC
PA_010617,2025-01-17,HALDIA,12,93.7,161.0,HIGH,SYNTHETIC_GENERATOR_V1,SYNTHETIC
PA_010618,2025-01-18,HALDIA,13,102.2,175.4,HIGH,SYNTHETIC_GENERATOR_V1,SYNTHETIC
PA_010619,2025-01-19,HALDIA,7,40.2,106.6,MEDIUM,SYNTHETIC_GENERATOR_V1,SYNTHETIC
PA_010620,2025-01-20,HALDIA,8,52.5,122.6,MEDIUM,SYNTHETIC_GENERATOR_V1,SYNTHETIC
PA_010621,2025-01-21,HALDIA,6,30.7,103.5,MEDIUM,SYNTHETIC_GENERATOR_V1,SYNTHETIC
PA_010622,2025-01-22,HALDIA,9,65.6,129.2,HIGH,SYNTHETIC_GENERATOR_V1,SYNTHETIC
PA_010623,2025-01-23,HALDIA,4,19.8,94.5,LOW,SYNTHETIC_GENERATOR_V1,SYNTHETIC
PA_010624,2025-01-24,HALDIA,8,47.3,112.7,MEDIUM,SYNTHETIC_GENERATOR_V1,SYNTHETIC
PA_010625,2025-01-25,HALDIA,10,69.9,143.0,HIGH,SYNTHETIC_GENERATOR_V1,SYNTHETIC
PA_010626,2025-01-26,HALDIA,7,42.1,114.9,MEDIUM,SYNTHETIC_GENERATOR_V1,SYNTHETIC
PA_010627,2025-01-27,HALDIA,6,32.7,98.8,MEDIUM,SYNTHETIC_GENERATOR_V1,SYNTHETIC
PA_010628,2025-01-28,HALDIA,4,17.3,85.0,LOW,SYNTHETIC_GENERATOR_V1,SYNTHETIC
PA_010629,2025-01-29,HALDIA,8,49.4,119.0,MEDIUM,SYNTHETIC_GENERATOR_V1,SYNTHETIC
PA_010630,2025-01-30,HALDIA,3,9.6,83.4,LOW,SYNTHETIC_GENERATOR_V1,SYNTHETIC
PA_010631,2025-01-31,HALDIA,8,48.0,114.4,MEDIUM,SYNTHETIC_GENERATOR_V1,SYNTHETIC
PA_010632,2025-02-01,HALDIA,7,43.7,112.5,MEDIUM,SYNTHETIC_GENERATOR_V1,SYNTHETIC
PA_010633,2025-02-02,HALDIA,9,68.8,139.2,HIGH,SYNTHETIC_GENERATOR_V1,SYNTHETIC
PA_010634,2025-02-03,HALDIA,8,49.1,120.0,MEDIUM,SYNTHETIC_GENERATOR_V1,SYNTHETIC
PA_010635,2025-02-04,HALDIA,9,62.5,136.5,HIGH,SYNTHETIC_GENERATOR_V1,SYNTHETIC
PA_010636,2025-02-05,HALDIA,4,21.7,94.8,LOW,SYNTHETIC_GENERATOR_V1,SYNTHETIC
PA_010637,2025-02-06,HALDIA,7,48.8,114.3,MEDIUM,SYNTHETIC_GENERATOR_V1,SYNTHETIC
PA_010638,2025-02-07,HALDIA,4,22.1,94.5,LOW,SYNTHETIC_GENERATOR_V1,SYNTHETIC
PA_010639,2025-02-08,HALDIA,7,39.1,103.4,MEDIUM,SYNTHETIC_GENERATOR_V1,SYNTHETIC
PA_010640,2025-02-09,HALDIA,9,57.4,136.3,MEDIUM,SYNTHETIC_GENERATOR_V1,SYNTHETIC
PA_010641,2025-02-10,HALDIA,8,50.9,126.4,MEDIUM,SYNTHETIC_GENERATOR_V1,SYNTHETIC
PA_010642,2025-02-11,HALDIA,6,39.6,114.8,MEDIUM,SYNTHETIC_GENERATOR_V1,SYNTHETIC
PA_010643,2025-02-12,HALDIA,6,34.4,112.8,MEDIUM,SYNTHETIC_GENERATOR_V1,SYNTHETIC
PA_010644,2025-02-13,HALDIA,4,17.8,87.9,LOW,SYNTHETIC_GENERATOR_V1,SYNTHETIC
PA_010645,2025-02-14,HALDIA,4,15.8,87.4,LOW,SYNTHETIC_GENERATOR_V1,SYNTHETIC
PA_010646,2025-02-15,HALDIA,10,72.4,146.8,HIGH,SYNTHETIC_GENERATOR_V1,SYNTHETIC
PA_010647,2025-02-16,HALDIA,7,41.8,111.2,MEDIUM,SYNTHETIC_GENERATOR_V1,SYNTHETIC
PA_010648,2025-02-17,HALDIA,9,54.0,125.1,MEDIUM,SYNTHETIC_GENERATOR_V1,SYNTHETIC
PA_010649,2025-02-18,HALDIA,11,86.5,157.1,HIGH,SYNTHETIC_GENERATOR_V1,SYNTHETIC
PA_010650,2025-02-19,HALDIA,10,73.4,147.0,HIGH,SYNTHETIC_GENERATOR_V1,SYNTHETIC
PA_010651,2025-02-20,HALDIA,7,40.6,107.3,MEDIUM,SYNTHETIC_GENERATOR_V1,SYNTHETIC
PA_010652,2025-02-21,HALDIA,9,63.8,129.3,HIGH,SYNTHETIC_GENERATOR_V1,SYNTHETIC
PA_010653,2025-02-22,HALDIA,3,13.4,78.2,LOW,SYNTHETIC_GENERATOR_V1,SYNTHETIC
PA_010654,2025-02-23,HALDIA,11,85.0,161.0,HIGH,SYNTHETIC_GENERATOR_V1,SYNTHETIC
PA_010655,2025-02-24,HALDIA,6,39.4,105.3,MEDIUM,SYNTHETIC_GENERATOR_V1,SYNTHETIC
PA_010656,2025-02-25,HALDIA,8,56.9,133.1,MEDIUM,SYNTHETIC_GENERATOR_V1,SYNTHETIC
PA_010657,2025-02-26,HALDIA,12,98.0,172.0,HIGH,SYNTHETIC_GENERATOR_V1,SYNTHETIC
PA_010658,2025-02-27,HALDIA,5,27.3,97.1,MEDIUM,SYNTHETIC_GENERATOR_V1,SYNTHETIC
PA_010659,2025-02-28,HALDIA,9,55.6,127.2,MEDIUM,SYNTHETIC_GENERATOR_V1,SYNTHETIC
PA_010660,2025-03-01,HALDIA,6,30.6,96.1,MEDIUM,SYNTHETIC_GENERATOR_V1,SYNTHETIC
PA_010661,2025-03-02,HALDIA,11,80.9,153.3,HIGH,SYNTHETIC_GENERATOR_V1,SYNTHETIC
PA_010662,2025-03-03,HALDIA,6,32.3,101.1,MEDIUM,SYNTHETIC_GENERATOR_V1,SYNTHETIC
PA_010663,2025-03-04,HALDIA,5,32.2,108.9,MEDIUM,SYNTHETIC_GENERATOR_V1,SYNTHETIC
PA_010664,2025-03-05,HALDIA,5,25.4,101.1,MEDIUM,SYNTHETIC_GENERATOR_V1,SYNTHETIC
PA_010665,2025-03-06,HALDIA,12,99.1,171.3,HIGH,SYNTHETIC_GENERATOR_V1,SYNTHETIC
PA_010666,2025-03-07,HALDIA,5,19.6,87.2,LOW,SYNTHETIC_GENERATOR_V1,SYNTHETIC
PA_010667,2025-03-08,HALDIA,5,24.3,95.6,MEDIUM,SYNTHETIC_GENERATOR_V1,SYNTHETIC
PA_010668,2025-03-09,HALDIA,7,44.0,116.2,MEDIUM,SYNTHETIC_GENERATOR_V1,SYNTHETIC
PA_010669,2025-03-10,HALDIA,10,70.9,142.8,HIGH,SYNTHETIC_GENERATOR_V1,SYNTHETIC
PA_010670,2025-03-11,HALDIA,14,122.5,186.6,HIGH,SYNTHETIC_GENERATOR_V1,SYNTHETIC
PA_010671,2025-03-12,HALDIA,8,49.8,125.6,MEDIUM,SYNTHETIC_GENERATOR_V1,SYNTHETIC
PA_010672,2025-03-13,HALDIA,4,19.7,89.0,LOW,SYNTHETIC_GENERATOR_V1,SYNTHETIC
PA_010673,2025-03-14,HALDIA,6,36.7,107.5,MEDIUM,SYNTHETIC_GENERATOR_V1,SYNTHETIC
PA_010674,2025-03-15,HALDIA,9,54.3,121.4,MEDIUM,SYNTHETIC_GENERATOR_V1,SYNTHETIC
PA_010675,2025-03-16,HALDIA,9,59.7,124.4,MEDIUM,SYNTHETIC_GENERATOR_V1,SYNTHETIC
PA_010676,2025-03-17,HALDIA,5,25.0,93.2,MEDIUM,SYNTHETIC_GENERATOR_V1,SYNTHETIC
PA_010677,2025-03-18,HALDIA,6,30.6,103.5,MEDIUM,SYNTHETIC_GENERATOR_V1,SYNTHETIC
PA_010678,2025-03-19,HALDIA,5,25.7,96.6,MEDIUM,SYNTHETIC_GENERATOR_V1,SYNTHETIC
PA_010679,2025-03-20,HALDIA,7,38.1,108.2,MEDIUM,SYNTHETIC_GENERATOR_V1,SYNTHETIC
PA_010680,2025-03-21,HALDIA,8,55.5,122.7,MEDIUM,SYNTHETIC_GENERATOR_V1,SYNTHETIC
PA_010681,2025-03-22,HALDIA,6,33.8,101.7,MEDIUM,SYNTHETIC_GENERATOR_V1,SYNTHETIC
PA_010682,2025-03-23,HALDIA,4,25.7,96.7,MEDIUM,SYNTHETIC_GENERATOR_V1,SYNTHETIC
PA_010683,2025-03-24,HALDIA,5,24.3,95.1,MEDIUM,SYNTHETIC_GENERATOR_V1,SYNTHETIC
PA_010684,2025-03-25,HALDIA,12,91.1,158.2,HIGH,SYNTHETIC_GENERATOR_V1,SYNTHETIC
PA_010685,2025-03-26,HALDIA,4,18.5,91.5,LOW,SYNTHETIC_GENERATOR_V1,SYNTHETIC
PA_010686,2025-03-27,HALDIA,7,43.5,107.6,MEDIUM,SYNTHETIC_GENERATOR_V1,SYNTHETIC
PA_010687,2025-03-28,HALDIA,7,40.5,108.0,MEDIUM,SYNTHETIC_GENERATOR_V1,SYNTHETIC
PA_010688,2025-03-29,HALDIA,3,12.0,77.0,LOW,SYNTHETIC_GENERATOR_V1,SYNTHETIC
PA_010689,2025-03-30,HALDIA,8,46.8,121.5,MEDIUM,SYNTHETIC_GENERATOR_V1,SYNTHETIC
PA_010690,2025-03-31,HALDIA,5,26.4,94.3,MEDIUM,SYNTHETIC_GENERATOR_V1,SYNTHETIC
PA_010691,2025-04-01,HALDIA,7,47.7,113.8,MEDIUM,SYNTHETIC_GENERATOR_V1,SYNTHETIC
PA_010692,2025-04-02,HALDIA,10,72.0,146.4,HIGH,SYNTHETIC_GENERATOR_V1,SYNTHETIC
PA_010693,2025-04-03,HALDIA,4,14.1,83.6,LOW,SYNTHETIC_GENERATOR_V1,SYNTHETIC
PA_010694,2025-04-04,HALDIA,6,35.8,110.6,MEDIUM,SYNTHETIC_GENERATOR_V1,SYNTHETIC
PA_010695,2025-04-05,HALDIA,8,47.7,109.4,MEDIUM,SYNTHETIC_GENERATOR_V1,SYNTHETIC
PA_010696,2025-04-06,HALDIA,5,26.6,88.4,MEDIUM,SYNTHETIC_GENERATOR_V1,SYNTHETIC
PA_010697,2025-04-07,HALDIA,6,39.6,112.6,MEDIUM,SYNTHETIC_GENERATOR_V1,SYNTHETIC
PA_010698,2025-04-08,HALDIA,8,58.3,134.9,MEDIUM,SYNTHETIC_GENERATOR_V1,SYNTHETIC
PA_010699,2025-04-09,HALDIA,12,89.9,159.5,HIGH,SYNTHETIC_GENERATOR_V1,SYNTHETIC
PA_010700,2025-04-10,HALDIA,4,14.6,79.4,LOW,SYNTHETIC_GENERATOR_V1,SYNTHETIC
PA_010701,2025-04-11,HALDIA,8,51.2,126.6,MEDIUM,SYNTHETIC_GENERATOR_V1,SYNTHETIC
PA_010702,2025-04-12,HALDIA,7,43.6,110.2,MEDIUM,SYNTHETIC_GENERATOR_V1,SYNTHETIC
PA_010703,2025-04-13,HALDIA,7,44.2,119.8,MEDIUM,SYNTHETIC_GENERATOR_V1,SYNTHETIC
PA_010704,2025-04-14,HALDIA,8,54.5,121.9,MEDIUM,SYNTHETIC_GENERATOR_V1,SYNTHETIC
PA_010705,2025-04-15,HALDIA,4,15.5,88.3,LOW,SYNTHETIC_GENERATOR_V1,SYNTHETIC
PA_010706,2025-04-16,HALDIA,10,70.0,143.4,HIGH,SYNTHETIC_GENERATOR_V1,SYNTHETIC
PA_010707,2025-04-17,HALDIA,7,38.8,112.7,MEDIUM,SYNTHETIC_GENERATOR_V1,SYNTHETIC
PA_010708,2025-04-18,HALDIA,10,72.5,138.1,HIGH,SYNTHETIC_GENERATOR_V1,SYNTHETIC
PA_010709,2025-04-19,HALDIA,11,84.7,155.7,HIGH,SYNTHETIC_GENERATOR_V1,SYNTHETIC
PA_010710,2025-04-20,HALDIA,5,24.7,100.7,MEDIUM,SYNTHETIC_GENERATOR_V1,SYNTHETIC
PA_010711,2025-04-21,HALDIA,12,94.3,164.2,HIGH,SYNTHETIC_GENERATOR_V1,SYNTHETIC
PA_010712,2025-04-22,HALDIA,8,53.8,130.0,MEDIUM,SYNTHETIC_GENERATOR_V1,SYNTHETIC
PA_010713,2025-04-23,HALDIA,4,18.0,89.7,LOW,SYNTHETIC_GENERATOR_V1,SYNTHETIC
PA_010714,2025-04-24,HALDIA,4,20.4,83.3,LOW,SYNTHETIC_GENERATOR_V1,SYNTHETIC
PA_010715,2025-04-25,HALDIA,9,59.1,134.5,MEDIUM,SYNTHETIC_GENERATOR_V1,SYNTHETIC
PA_010716,2025-04-26,HALDIA,7,36.7,107.0,MEDIUM,SYNTHETIC_GENERATOR_V1,SYNTHETIC
PA_010717,2025-04-27,HALDIA,10,70.9,142.3,HIGH,SYNTHETIC_GENERATOR_V1,SYNTHETIC
PA_010718,2025-04-28,HALDIA,4,15.6,89.1,LOW,SYNTHETIC_GENERATOR_V1,SYNTHETIC
PA_010719,2025-04-29,HALDIA,4,20.6,87.6,LOW,SYNTHETIC_GENERATOR_V1,SYNTHETIC
PA_010720,2025-04-30,HALDIA,7,40.5,104.9,MEDIUM,SYNTHETIC_GENERATOR_V1,SYNTHETIC
PA_010721,2025-05-01,HALDIA,8,47.1,113.5,MEDIUM,SYNTHETIC_GENERATOR_V1,SYNTHETIC
PA_010722,2025-05-02,HALDIA,8,48.7,123.4,MEDIUM,SYNTHETIC_GENERATOR_V1,SYNTHETIC
PA_010723,2025-05-03,HALDIA,4,19.0,87.5,LOW,SYNTHETIC_GENERATOR_V1,SYNTHETIC
PA_010724,2025-05-04,HALDIA,4,14.8,83.9,LOW,SYNTHETIC_GENERATOR_V1,SYNTHETIC
PA_010725,2025-05-05,HALDIA,6,35.5,108.3,MEDIUM,SYNTHETIC_GENERATOR_V1,SYNTHETIC
PA_010726,2025-05-06,HALDIA,3,8.2,79.1,LOW,SYNTHETIC_GENERATOR_V1,SYNTHETIC
PA_010727,2025-05-07,HALDIA,8,52.0,121.3,MEDIUM,SYNTHETIC_GENERATOR_V1,SYNTHETIC
PA_010728,2025-05-08,HALDIA,8,54.0,125.7,MEDIUM,SYNTHETIC_GENERATOR_V1,SYNTHETIC
PA_010729,2025-05-09,HALDIA,1,4.1,74.7,LOW,SYNTHETIC_GENERATOR_V1,SYNTHETIC
PA_010730,2025-05-10,HALDIA,13,108.9,177.0,HIGH,SYNTHETIC_GENERATOR_V1,SYNTHETIC
PA_010731,2025-05-11,HALDIA,7,40.5,104.8,MEDIUM,SYNTHETIC_GENERATOR_V1,SYNTHETIC
PA_010732,2025-05-12,HALDIA,9,56.2,129.8,MEDIUM,SYNTHETIC_GENERATOR_V1,SYNTHETIC
PA_010733,2025-05-13,HALDIA,10,70.7,144.6,HIGH,SYNTHETIC_GENERATOR_V1,SYNTHETIC
PA_010734,2025-05-14,HALDIA,5,28.7,92.9,MEDIUM,SYNTHETIC_GENERATOR_V1,SYNTHETIC
PA_010735,2025-05-15,HALDIA,5,22.5,87.7,LOW,SYNTHETIC_GENERATOR_V1,SYNTHETIC
PA_010736,2025-05-16,HALDIA,10,71.9,145.8,HIGH,SYNTHETIC_GENERATOR_V1,SYNTHETIC
PA_010737,2025-05-17,HALDIA,12,89.3,161.9,HIGH,SYNTHETIC_GENERATOR_V1,SYNTHETIC
PA_010738,2025-05-18,HALDIA,4,19.4,96.6,LOW,SYNTHETIC_GENERATOR_V1,SYNTHETIC
PA_010739,2025-05-19,HALDIA,8,52.2,123.9,MEDIUM,SYNTHETIC_GENERATOR_V1,SYNTHETIC
PA_010740,2025-05-20,HALDIA,8,51.5,119.5,MEDIUM,SYNTHETIC_GENERATOR_V1,SYNTHETIC
PA_010741,2025-05-21,HALDIA,9,59.1,133.5,MEDIUM,SYNTHETIC_GENERATOR_V1,SYNTHETIC
PA_010742,2025-05-22,HALDIA,6,31.7,104.1,MEDIUM,SYNTHETIC_GENERATOR_V1,SYNTHETIC
PA_010743,2025-05-23,HALDIA,10,68.3,137.2,HIGH,SYNTHETIC_GENERATOR_V1,SYNTHETIC
PA_010744,2025-05-24,HALDIA,11,89.4,157.8,HIGH,SYNTHETIC_GENERATOR_V1,SYNTHETIC
PA_010745,2025-05-25,HALDIA,6,31.4,96.8,MEDIUM,SYNTHETIC_GENERATOR_V1,SYNTHETIC
PA_010746,2025-05-26,HALDIA,7,36.6,110.7,MEDIUM,SYNTHETIC_GENERATOR_V1,SYNTHETIC
PA_010747,2025-05-27,HALDIA,12,95.3,165.0,HIGH,SYNTHETIC_GENERATOR_V1,SYNTHETIC
PA_010748,2025-05-28,HALDIA,6,30.4,98.9,MEDIUM,SYNTHETIC_GENERATOR_V1,SYNTHETIC
PA_010749,2025-05-29,HALDIA,4,25.3,88.3,MEDIUM,SYNTHETIC_GENERATOR_V1,SYNTHETIC
PA_010750,2025-05-30,HALDIA,8,48.7,124.5,MEDIUM,SYNTHETIC_GENERATOR_V1,SYNTHETIC
PA_010751,2025-05-31,HALDIA,6,28.4,95.0,MEDIUM,SYNTHETIC_GENERATOR_V1,SYNTHETIC
PA_010752,2025-06-01,HALDIA,4,13.3,81.3,LOW,SYNTHETIC_GENERATOR_V1,SYNTHETIC
PA_010753,2025-06-02,HALDIA,7,41.5,115.7,MEDIUM,SYNTHETIC_GENERATOR_V1,SYNTHETIC
PA_010754,2025-06-03,HALDIA,4,20.2,86.2,LOW,SYNTHETIC_GENERATOR_V1,SYNTHETIC
PA_010755,2025-06-04,HALDIA,15,129.9,196.3,HIGH,SYNTHETIC_GENERATOR_V1,SYNTHETIC
PA_010756,2025-06-05,HALDIA,13,101.3,172.4,HIGH,SYNTHETIC_GENERATOR_V1,SYNTHETIC
PA_010757,2025-06-06,HALDIA,9,60.0,127.5,HIGH,SYNTHETIC_GENERATOR_V1,SYNTHETIC
PA_010758,2025-06-07,HALDIA,3,8.7,85.9,LOW,SYNTHETIC_GENERATOR_V1,SYNTHETIC
PA_010759,2025-06-08,HALDIA,9,60.6,135.4,HIGH,SYNTHETIC_GENERATOR_V1,SYNTHETIC
PA_010760,2025-06-09,HALDIA,3,8.8,77.7,LOW,SYNTHETIC_GENERATOR_V1,SYNTHETIC
PA_010761,2025-06-10,HALDIA,5,22.7,93.4,LOW,SYNTHETIC_GENERATOR_V1,SYNTHETIC
PA_010762,2025-06-11,HALDIA,4,18.3,87.1,LOW,SYNTHETIC_GENERATOR_V1,SYNTHETIC
PA_010763,2025-06-12,HALDIA,9,62.0,133.5,HIGH,SYNTHETIC_GENERATOR_V1,SYNTHETIC
PA_010764,2025-06-13,HALDIA,11,84.8,156.6,HIGH,SYNTHETIC_GENERATOR_V1,SYNTHETIC
PA_010765,2025-06-14,HALDIA,4,12.1,82.4,LOW,SYNTHETIC_GENERATOR_V1,SYNTHETIC
PA_010766,2025-06-15,HALDIA,7,44.0,116.2,MEDIUM,SYNTHETIC_GENERATOR_V1,SYNTHETIC
PA_010767,2025-06-16,HALDIA,8,52.5,118.7,MEDIUM,SYNTHETIC_GENERATOR_V1,SYNTHETIC
PA_010768,2025-06-17,HALDIA,2,9.3,77.5,LOW,SYNTHETIC_GENERATOR_V1,SYNTHETIC
PA_010769,2025-06-18,HALDIA,5,27.7,94.7,MEDIUM,SYNTHETIC_GENERATOR_V1,SYNTHETIC
PA_010770,2025-06-19,HALDIA,6,30.4,92.1,MEDIUM,SYNTHETIC_GENERATOR_V1,SYNTHETIC
PA_010771,2025-06-20,HALDIA,9,59.6,129.7,MEDIUM,SYNTHETIC_GENERATOR_V1,SYNTHETIC
PA_010772,2025-06-21,HALDIA,5,25.6,98.6,MEDIUM,SYNTHETIC_GENERATOR_V1,SYNTHETIC
PA_010773,2025-06-22,HALDIA,9,63.4,129.4,HIGH,SYNTHETIC_GENERATOR_V1,SYNTHETIC
PA_010774,2025-06-23,HALDIA,14,120.2,194.1,HIGH,SYNTHETIC_GENERATOR_V1,SYNTHETIC
PA_010775,2025-06-24,HALDIA,13,108.7,179.9,HIGH,SYNTHETIC_GENERATOR_V1,SYNTHETIC
PA_010776,2025-06-25,HALDIA,9,56.1,126.3,MEDIUM,SYNTHETIC_GENERATOR_V1,SYNTHETIC
PA_010777,2025-06-26,HALDIA,6,28.3,93.2,MEDIUM,SYNTHETIC_GENERATOR_V1,SYNTHETIC
PA_010778,2025-06-27,HALDIA,6,32.2,99.9,MEDIUM,SYNTHETIC_GENERATOR_V1,SYNTHETIC
PA_010779,2025-06-28,HALDIA,5,25.9,100.9,MEDIUM,SYNTHETIC_GENERATOR_V1,SYNTHETIC
PA_010780,2025-06-29,HALDIA,3,15.5,78.7,LOW,SYNTHETIC_GENERATOR_V1,SYNTHETIC
PA_010781,2025-06-30,HALDIA,7,43.5,112.1,MEDIUM,SYNTHETIC_GENERATOR_V1,SYNTHETIC
PA_010782,2025-07-01,HALDIA,10,66.1,135.2,HIGH,SYNTHETIC_GENERATOR_V1,SYNTHETIC
PA_010783,2025-07-02,HALDIA,9,64.0,134.6,HIGH,SYNTHETIC_GENERATOR_V1,SYNTHETIC
PA_010784,2025-07-03,HALDIA,9,53.8,125.0,MEDIUM,SYNTHETIC_GENERATOR_V1,SYNTHETIC
PA_010785,2025-07-04,HALDIA,4,24.1,97.4,MEDIUM,SYNTHETIC_GENERATOR_V1,SYNTHETIC
PA_010786,2025-07-05,HALDIA,8,44.4,117.0,MEDIUM,SYNTHETIC_GENERATOR_V1,SYNTHETIC
PA_010787,2025-07-06,HALDIA,7,47.4,114.0,MEDIUM,SYNTHETIC_GENERATOR_V1,SYNTHETIC
PA_010788,2025-07-07,HALDIA,6,26.2,98.6,MEDIUM,SYNTHETIC_GENERATOR_V1,SYNTHETIC
PA_010789,2025-07-08,HALDIA,5,26.9,98.3,MEDIUM,SYNTHETIC_GENERATOR_V1,SYNTHETIC
PA_010790,2025-07-09,HALDIA,5,26.4,92.9,MEDIUM,SYNTHETIC_GENERATOR_V1,SYNTHETIC
PA_010791,2025-07-10,HALDIA,4,23.2,89.0,LOW,SYNTHETIC_GENERATOR_V1,SYNTHETIC
PA_010792,2025-07-11,HALDIA,17,162.7,243.9,HIGH,SYNTHETIC_GENERATOR_V1,SYNTHETIC
PA_010793,2025-07-12,HALDIA,8,48.8,115.7,MEDIUM,SYNTHETIC_GENERATOR_V1,SYNTHETIC
PA_010794,2025-07-13,HALDIA,4,16.7,83.7,LOW,SYNTHETIC_GENERATOR_V1,SYNTHETIC
PA_010795,2025-07-14,HALDIA,8,51.9,123.1,MEDIUM,SYNTHETIC_GENERATOR_V1,SYNTHETIC
PA_010796,2025-07-15,HALDIA,7,39.8,102.4,MEDIUM,SYNTHETIC_GENERATOR_V1,SYNTHETIC
PA_010797,2025-07-16,HALDIA,4,22.3,85.6,LOW,SYNTHETIC_GENERATOR_V1,SYNTHETIC
PA_010798,2025-07-17,HALDIA,7,39.5,114.3,MEDIUM,SYNTHETIC_GENERATOR_V1,SYNTHETIC
PA_010799,2025-07-18,HALDIA,5,29.1,100.3,MEDIUM,SYNTHETIC_GENERATOR_V1,SYNTHETIC
PA_010800,2025-07-19,HALDIA,4,16.8,86.3,LOW,SYNTHETIC_GENERATOR_V1,SYNTHETIC
PA_010801,2025-07-20,HALDIA,7,47.8,112.7,MEDIUM,SYNTHETIC_GENERATOR_V1,SYNTHETIC
PA_010802,2025-07-21,HALDIA,6,36.8,106.3,MEDIUM,SYNTHETIC_GENERATOR_V1,SYNTHETIC
PA_010803,2025-07-22,HALDIA,10,66.2,134.9,HIGH,SYNTHETIC_GENERATOR_V1,SYNTHETIC
PA_010804,2025-07-23,HALDIA,3,13.7,82.3,LOW,SYNTHETIC_GENERATOR_V1,SYNTHETIC
PA_010805,2025-07-24,HALDIA,7,40.7,111.2,MEDIUM,SYNTHETIC_GENERATOR_V1,SYNTHETIC
PA_010806,2025-07-25,HALDIA,9,67.0,135.8,HIGH,SYNTHETIC_GENERATOR_V1,SYNTHETIC
PA_010807,2025-07-26,HALDIA,5,29.1,94.7,MEDIUM,SYNTHETIC_GENERATOR_V1,SYNTHETIC
PA_010808,2025-07-27,HALDIA,6,34.4,103.7,MEDIUM,SYNTHETIC_GENERATOR_V1,SYNTHETIC
PA_010809,2025-07-28,HALDIA,11,77.9,143.7,HIGH,SYNTHETIC_GENERATOR_V1,SYNTHETIC
PA_010810,2025-07-29,HALDIA,5,27.2,97.1,MEDIUM,SYNTHETIC_GENERATOR_V1,SYNTHETIC
PA_010811,2025-07-30,HALDIA,6,33.5,99.5,MEDIUM,SYNTHETIC_GENERATOR_V1,SYNTHETIC
PA_010812,2025-07-31,HALDIA,4,13.7,79.9,LOW,SYNTHETIC_GENERATOR_V1,SYNTHETIC
PA_010813,2025-08-01,HALDIA,7,44.1,105.9,MEDIUM,SYNTHETIC_GENERATOR_V1,SYNTHETIC
PA_010814,2025-08-02,HALDIA,8,52.5,124.1,MEDIUM,SYNTHETIC_GENERATOR_V1,SYNTHETIC
PA_010815,2025-08-03,HALDIA,9,64.8,132.8,HIGH,SYNTHETIC_GENERATOR_V1,SYNTHETIC
PA_010816,2025-08-04,HALDIA,8,46.7,117.6,MEDIUM,SYNTHETIC_GENERATOR_V1,SYNTHETIC
PA_010817,2025-08-05,HALDIA,7,39.6,113.5,MEDIUM,SYNTHETIC_GENERATOR_V1,SYNTHETIC
PA_010818,2025-08-06,HALDIA,7,38.6,106.7,MEDIUM,SYNTHETIC_GENERATOR_V1,SYNTHETIC
PA_010819,2025-08-07,HALDIA,4,19.6,85.4,LOW,SYNTHETIC_GENERATOR_V1,SYNTHETIC
PA_010820,2025-08-08,HALDIA,4,15.8,83.4,LOW,SYNTHETIC_GENERATOR_V1,SYNTHETIC
PA_010821,2025-08-09,HALDIA,5,26.3,92.8,MEDIUM,SYNTHETIC_GENERATOR_V1,SYNTHETIC
PA_010822,2025-08-10,HALDIA,6,29.4,95.8,MEDIUM,SYNTHETIC_GENERATOR_V1,SYNTHETIC
PA_010823,2025-08-11,HALDIA,4,15.0,81.8,LOW,SYNTHETIC_GENERATOR_V1,SYNTHETIC
PA_010824,2025-08-12,HALDIA,6,31.6,97.2,MEDIUM,SYNTHETIC_GENERATOR_V1,SYNTHETIC
PA_010825,2025-08-13,HALDIA,6,33.6,109.3,MEDIUM,SYNTHETIC_GENERATOR_V1,SYNTHETIC
PA_010826,2025-08-14,HALDIA,11,78.5,139.5,HIGH,SYNTHETIC_GENERATOR_V1,SYNTHETIC
PA_010827,2025-08-15,HALDIA,9,55.1,122.7,MEDIUM,SYNTHETIC_GENERATOR_V1,SYNTHETIC
PA_010828,2025-08-16,HALDIA,7,40.4,105.2,MEDIUM,SYNTHETIC_GENERATOR_V1,SYNTHETIC
PA_010829,2025-08-17,HALDIA,11,85.4,152.7,HIGH,SYNTHETIC_GENERATOR_V1,SYNTHETIC
PA_010830,2025-08-18,HALDIA,5,20.1,95.3,LOW,SYNTHETIC_GENERATOR_V1,SYNTHETIC
PA_010831,2025-08-19,HALDIA,10,74.0,142.6,HIGH,SYNTHETIC_GENERATOR_V1,SYNTHETIC
PA_010832,2025-08-20,HALDIA,6,32.1,106.4,MEDIUM,SYNTHETIC_GENERATOR_V1,SYNTHETIC
PA_010833,2025-08-21,HALDIA,6,36.6,105.4,MEDIUM,SYNTHETIC_GENERATOR_V1,SYNTHETIC
PA_010834,2025-08-22,HALDIA,10,76.3,153.3,HIGH,SYNTHETIC_GENERATOR_V1,SYNTHETIC
PA_010835,2025-08-23,HALDIA,6,37.0,107.9,MEDIUM,SYNTHETIC_GENERATOR_V1,SYNTHETIC
PA_010836,2025-08-24,HALDIA,9,59.4,133.4,MEDIUM,SYNTHETIC_GENERATOR_V1,SYNTHETIC
PA_010837,2025-08-25,HALDIA,5,27.2,94.3,MEDIUM,SYNTHETIC_GENERATOR_V1,SYNTHETIC
PA_010838,2025-08-26,HALDIA,8,44.9,116.0,MEDIUM,SYNTHETIC_GENERATOR_V1,SYNTHETIC
PA_010839,2025-08-27,HALDIA,8,47.3,116.1,MEDIUM,SYNTHETIC_GENERATOR_V1,SYNTHETIC
PA_010840,2025-08-28,HALDIA,4,24.3,93.5,MEDIUM,SYNTHETIC_GENERATOR_V1,SYNTHETIC
PA_010841,2025-08-29,HALDIA,5,25.8,93.1,MEDIUM,SYNTHETIC_GENERATOR_V1,SYNTHETIC
PA_010842,2025-08-30,HALDIA,7,39.5,104.0,MEDIUM,SYNTHETIC_GENERATOR_V1,SYNTHETIC
PA_010843,2025-08-31,HALDIA,7,42.8,112.8,MEDIUM,SYNTHETIC_GENERATOR_V1,SYNTHETIC
PA_010844,2025-09-01,HALDIA,5,22.4,90.7,LOW,SYNTHETIC_GENERATOR_V1,SYNTHETIC
PA_010845,2025-09-02,HALDIA,5,28.9,91.7,MEDIUM,SYNTHETIC_GENERATOR_V1,SYNTHETIC
PA_010846,2025-09-03,HALDIA,5,19.4,88.1,LOW,SYNTHETIC_GENERATOR_V1,SYNTHETIC
PA_010847,2025-09-04,HALDIA,11,83.7,157.0,HIGH,SYNTHETIC_GENERATOR_V1,SYNTHETIC
PA_010848,2025-09-05,HALDIA,8,49.4,114.8,MEDIUM,SYNTHETIC_GENERATOR_V1,SYNTHETIC
PA_010849,2025-09-06,HALDIA,6,31.8,104.5,MEDIUM,SYNTHETIC_GENERATOR_V1,SYNTHETIC
PA_010850,2025-09-07,HALDIA,9,60.8,124.3,HIGH,SYNTHETIC_GENERATOR_V1,SYNTHETIC
PA_010851,2025-09-08,HALDIA,4,17.5,82.7,LOW,SYNTHETIC_GENERATOR_V1,SYNTHETIC
PA_010852,2025-09-09,HALDIA,6,42.9,114.4,MEDIUM,SYNTHETIC_GENERATOR_V1,SYNTHETIC
PA_010853,2025-09-10,HALDIA,9,58.9,126.8,MEDIUM,SYNTHETIC_GENERATOR_V1,SYNTHETIC
PA_010854,2025-09-11,HALDIA,6,40.4,112.2,MEDIUM,SYNTHETIC_GENERATOR_V1,SYNTHETIC
PA_010855,2025-09-12,HALDIA,13,103.9,173.2,HIGH,SYNTHETIC_GENERATOR_V1,SYNTHETIC
PA_010856,2025-09-13,HALDIA,5,18.8,89.0,LOW,SYNTHETIC_GENERATOR_V1,SYNTHETIC
PA_010857,2025-09-14,HALDIA,6,37.9,102.9,MEDIUM,SYNTHETIC_GENERATOR_V1,SYNTHETIC
PA_010858,2025-09-15,HALDIA,7,39.9,107.8,MEDIUM,SYNTHETIC_GENERATOR_V1,SYNTHETIC
PA_010859,2025-09-16,HALDIA,4,17.7,80.9,LOW,SYNTHETIC_GENERATOR_V1,SYNTHETIC
PA_010860,2025-09-17,HALDIA,13,110.4,176.1,HIGH,SYNTHETIC_GENERATOR_V1,SYNTHETIC
PA_010861,2025-09-18,HALDIA,10,68.6,131.6,HIGH,SYNTHETIC_GENERATOR_V1,SYNTHETIC
PA_010862,2025-09-19,HALDIA,4,16.1,86.4,LOW,SYNTHETIC_GENERATOR_V1,SYNTHETIC
PA_010863,2025-09-20,HALDIA,10,73.3,140.1,HIGH,SYNTHETIC_GENERATOR_V1,SYNTHETIC
PA_010864,2025-09-21,HALDIA,3,6.2,71.1,LOW,SYNTHETIC_GENERATOR_V1,SYNTHETIC
PA_010865,2025-09-22,HALDIA,3,16.8,86.6,LOW,SYNTHETIC_GENERATOR_V1,SYNTHETIC
PA_010866,2025-09-23,HALDIA,13,110.9,175.6,HIGH,SYNTHETIC_GENERATOR_V1,SYNTHETIC
PA_010867,2025-09-24,HALDIA,9,60.1,125.2,HIGH,SYNTHETIC_GENERATOR_V1,SYNTHETIC
PA_010868,2025-09-25,HALDIA,8,56.3,128.4,MEDIUM,SYNTHETIC_GENERATOR_V1,SYNTHETIC
PA_010869,2025-09-26,HALDIA,6,31.9,96.4,MEDIUM,SYNTHETIC_GENERATOR_V1,SYNTHETIC
PA_010870,2025-09-27,HALDIA,7,36.5,108.6,MEDIUM,SYNTHETIC_GENERATOR_V1,SYNTHETIC
PA_010871,2025-09-28,HALDIA,8,51.0,119.5,MEDIUM,SYNTHETIC_GENERATOR_V1,SYNTHETIC
PA_010872,2025-09-29,HALDIA,8,49.0,118.6,MEDIUM,SYNTHETIC_GENERATOR_V1,SYNTHETIC
PA_010873,2025-09-30,HALDIA,9,63.5,138.6,HIGH,SYNTHETIC_GENERATOR_V1,SYNTHETIC
PA_010874,2025-10-01,HALDIA,2,7.6,78.4,LOW,SYNTHETIC_GENERATOR_V1,SYNTHETIC
PA_010875,2025-10-02,HALDIA,11,82.8,153.1,HIGH,SYNTHETIC_GENERATOR_V1,SYNTHETIC
PA_010876,2025-10-03,HALDIA,8,55.1,125.8,MEDIUM,SYNTHETIC_GENERATOR_V1,SYNTHETIC
PA_010877,2025-10-04,HALDIA,11,84.7,161.5,HIGH,SYNTHETIC_GENERATOR_V1,SYNTHETIC
PA_010878,2025-10-05,HALDIA,4,18.3,94.5,LOW,SYNTHETIC_GENERATOR_V1,SYNTHETIC
PA_010879,2025-10-06,HALDIA,4,10.0,80.6,LOW,SYNTHETIC_GENERATOR_V1,SYNTHETIC
PA_010880,2025-10-07,HALDIA,6,30.2,99.2,MEDIUM,SYNTHETIC_GENERATOR_V1,SYNTHETIC
PA_010881,2025-10-08,HALDIA,10,74.2,139.4,HIGH,SYNTHETIC_GENERATOR_V1,SYNTHETIC
PA_010882,2025-10-09,HALDIA,5,23.9,90.3,LOW,SYNTHETIC_GENERATOR_V1,SYNTHETIC
PA_010883,2025-10-10,HALDIA,3,16.1,90.2,LOW,SYNTHETIC_GENERATOR_V1,SYNTHETIC
PA_010884,2025-10-11,HALDIA,5,25.2,89.8,MEDIUM,SYNTHETIC_GENERATOR_V1,SYNTHETIC
PA_010885,2025-10-12,HALDIA,11,81.1,144.9,HIGH,SYNTHETIC_GENERATOR_V1,SYNTHETIC
PA_010886,2025-10-13,HALDIA,7,43.6,116.1,MEDIUM,SYNTHETIC_GENERATOR_V1,SYNTHETIC
PA_010887,2025-10-14,HALDIA,6,36.1,103.1,MEDIUM,SYNTHETIC_GENERATOR_V1,SYNTHETIC
PA_010888,2025-10-15,HALDIA,7,43.7,110.8,MEDIUM,SYNTHETIC_GENERATOR_V1,SYNTHETIC
PA_010889,2025-10-16,HALDIA,4,25.0,91.5,MEDIUM,SYNTHETIC_GENERATOR_V1,SYNTHETIC
PA_010890,2025-10-17,HALDIA,6,32.9,95.4,MEDIUM,SYNTHETIC_GENERATOR_V1,SYNTHETIC
PA_010891,2025-10-18,HALDIA,6,36.5,107.3,MEDIUM,SYNTHETIC_GENERATOR_V1,SYNTHETIC
PA_010892,2025-10-19,HALDIA,9,62.2,137.5,HIGH,SYNTHETIC_GENERATOR_V1,SYNTHETIC
PA_010893,2025-10-20,HALDIA,12,98.7,172.3,HIGH,SYNTHETIC_GENERATOR_V1,SYNTHETIC
PA_010894,2025-10-21,HALDIA,3,12.7,77.8,LOW,SYNTHETIC_GENERATOR_V1,SYNTHETIC
PA_010895,2025-10-22,HALDIA,7,44.4,116.0,MEDIUM,SYNTHETIC_GENERATOR_V1,SYNTHETIC
PA_010896,2025-10-23,HALDIA,8,55.1,128.6,MEDIUM,SYNTHETIC_GENERATOR_V1,SYNTHETIC
PA_010897,2025-10-24,HALDIA,4,18.8,84.2,LOW,SYNTHETIC_GENERATOR_V1,SYNTHETIC
PA_010898,2025-10-25,HALDIA,4,13.8,82.9,LOW,SYNTHETIC_GENERATOR_V1,SYNTHETIC
PA_010899,2025-10-26,HALDIA,4,18.7,82.5,LOW,SYNTHETIC_GENERATOR_V1,SYNTHETIC
PA_010900,2025-10-27,HALDIA,7,43.8,118.8,MEDIUM,SYNTHETIC_GENERATOR_V1,SYNTHETIC
PA_010901,2025-10-28,HALDIA,4,16.5,87.0,LOW,SYNTHETIC_GENERATOR_V1,SYNTHETIC
PA_010902,2025-10-29,HALDIA,5,25.1,94.3,MEDIUM,SYNTHETIC_GENERATOR_V1,SYNTHETIC
PA_010903,2025-10-30,HALDIA,7,44.1,119.4,MEDIUM,SYNTHETIC_GENERATOR_V1,SYNTHETIC
PA_010904,2025-10-31,HALDIA,2,6.8,85.0,LOW,SYNTHETIC_GENERATOR_V1,SYNTHETIC
PA_010905,2025-11-01,HALDIA,5,21.6,91.6,LOW,SYNTHETIC_GENERATOR_V1,SYNTHETIC
PA_010906,2025-11-02,HALDIA,8,45.3,115.6,MEDIUM,SYNTHETIC_GENERATOR_V1,SYNTHETIC
PA_010907,2025-11-03,HALDIA,5,28.9,103.6,MEDIUM,SYNTHETIC_GENERATOR_V1,SYNTHETIC
PA_010908,2025-11-04,HALDIA,6,35.7,109.5,MEDIUM,SYNTHETIC_GENERATOR_V1,SYNTHETIC
PA_010909,2025-11-05,HALDIA,7,41.9,115.7,MEDIUM,SYNTHETIC_GENERATOR_V1,SYNTHETIC
PA_010910,2025-11-06,HALDIA,14,119.7,192.4,HIGH,SYNTHETIC_GENERATOR_V1,SYNTHETIC
PA_010911,2025-11-07,HALDIA,5,23.4,93.2,LOW,SYNTHETIC_GENERATOR_V1,SYNTHETIC
PA_010912,2025-11-08,HALDIA,5,28.9,95.8,MEDIUM,SYNTHETIC_GENERATOR_V1,SYNTHETIC
PA_010913,2025-11-09,HALDIA,6,29.1,91.7,MEDIUM,SYNTHETIC_GENERATOR_V1,SYNTHETIC
PA_010914,2025-11-10,HALDIA,8,55.9,127.2,MEDIUM,SYNTHETIC_GENERATOR_V1,SYNTHETIC
PA_010915,2025-11-11,HALDIA,7,36.4,105.9,MEDIUM,SYNTHETIC_GENERATOR_V1,SYNTHETIC
PA_010916,2025-11-12,HALDIA,9,56.3,125.9,MEDIUM,SYNTHETIC_GENERATOR_V1,SYNTHETIC
PA_010917,2025-11-13,HALDIA,9,62.5,135.3,HIGH,SYNTHETIC_GENERATOR_V1,SYNTHETIC
PA_010918,2025-11-14,HALDIA,8,50.7,112.7,MEDIUM,SYNTHETIC_GENERATOR_V1,SYNTHETIC
PA_010919,2025-11-15,HALDIA,7,39.3,106.0,MEDIUM,SYNTHETIC_GENERATOR_V1,SYNTHETIC
PA_010920,2025-11-16,HALDIA,2,5.1,74.7,LOW,SYNTHETIC_GENERATOR_V1,SYNTHETIC
PA_010921,2025-11-17,HALDIA,5,19.1,86.3,LOW,SYNTHETIC_GENERATOR_V1,SYNTHETIC
PA_010922,2025-11-18,HALDIA,14,123.1,191.0,HIGH,SYNTHETIC_GENERATOR_V1,SYNTHETIC
PA_010923,2025-11-19,HALDIA,5,15.3,88.5,LOW,SYNTHETIC_GENERATOR_V1,SYNTHETIC
PA_010924,2025-11-20,HALDIA,9,63.9,130.2,HIGH,SYNTHETIC_GENERATOR_V1,SYNTHETIC
PA_010925,2025-11-21,HALDIA,8,48.6,123.0,MEDIUM,SYNTHETIC_GENERATOR_V1,SYNTHETIC
PA_010926,2025-11-22,HALDIA,7,34.3,105.5,MEDIUM,SYNTHETIC_GENERATOR_V1,SYNTHETIC
PA_010927,2025-11-23,HALDIA,7,38.7,108.2,MEDIUM,SYNTHETIC_GENERATOR_V1,SYNTHETIC
PA_010928,2025-11-24,HALDIA,6,38.2,108.2,MEDIUM,SYNTHETIC_GENERATOR_V1,SYNTHETIC
PA_010929,2025-11-25,HALDIA,10,68.2,138.8,HIGH,SYNTHETIC_GENERATOR_V1,SYNTHETIC
PA_010930,2025-11-26,HALDIA,6,30.1,99.8,MEDIUM,SYNTHETIC_GENERATOR_V1,SYNTHETIC
PA_010931,2025-11-27,HALDIA,8,49.0,119.9,MEDIUM,SYNTHETIC_GENERATOR_V1,SYNTHETIC
PA_010932,2025-11-28,HALDIA,7,46.6,122.1,MEDIUM,SYNTHETIC_GENERATOR_V1,SYNTHETIC
PA_010933,2025-11-29,HALDIA,8,51.1,118.1,MEDIUM,SYNTHETIC_GENERATOR_V1,SYNTHETIC
PA_010934,2025-11-30,HALDIA,5,25.8,96.0,MEDIUM,SYNTHETIC_GENERATOR_V1,SYNTHETIC
PA_010935,2025-12-01,HALDIA,4,19.0,89.2,LOW,SYNTHETIC_GENERATOR_V1,SYNTHETIC
PA_010936,2025-12-02,HALDIA,8,55.6,127.9,MEDIUM,SYNTHETIC_GENERATOR_V1,SYNTHETIC
PA_010937,2025-12-03,HALDIA,9,62.6,138.0,HIGH,SYNTHETIC_GENERATOR_V1,SYNTHETIC
PA_010938,2025-12-04,HALDIA,8,50.0,115.0,MEDIUM,SYNTHETIC_GENERATOR_V1,SYNTHETIC
PA_010939,2025-12-05,HALDIA,9,60.3,127.3,HIGH,SYNTHETIC_GENERATOR_V1,SYNTHETIC
PA_010940,2025-12-06,HALDIA,5,24.2,96.4,MEDIUM,SYNTHETIC_GENERATOR_V1,SYNTHETIC
PA_010941,2025-12-07,HALDIA,8,51.9,114.7,MEDIUM,SYNTHETIC_GENERATOR_V1,SYNTHETIC
PA_010942,2025-12-08,HALDIA,8,55.9,126.7,MEDIUM,SYNTHETIC_GENERATOR_V1,SYNTHETIC
PA_010943,2025-12-09,HALDIA,11,85.6,153.3,HIGH,SYNTHETIC_GENERATOR_V1,SYNTHETIC
PA_010944,2025-12-10,HALDIA,5,25.7,102.4,MEDIUM,SYNTHETIC_GENERATOR_V1,SYNTHETIC
PA_010945,2025-12-11,HALDIA,8,51.1,121.8,MEDIUM,SYNTHETIC_GENERATOR_V1,SYNTHETIC
PA_010946,2025-12-12,HALDIA,5,26.4,94.7,MEDIUM,SYNTHETIC_GENERATOR_V1,SYNTHETIC
PA_010947,2025-12-13,HALDIA,5,29.1,99.7,MEDIUM,SYNTHETIC_GENERATOR_V1,SYNTHETIC
PA_010948,2025-12-14,HALDIA,5,24.9,92.2,MEDIUM,SYNTHETIC_GENERATOR_V1,SYNTHETIC
PA_010949,2025-12-15,HALDIA,5,21.0,89.4,LOW,SYNTHETIC_GENERATOR_V1,SYNTHETIC
PA_010950,2025-12-16,HALDIA,6,31.7,104.1,MEDIUM,SYNTHETIC_GENERATOR_V1,SYNTHETIC
PA_010951,2025-12-17,HALDIA,6,28.0,108.5,MEDIUM,SYNTHETIC_GENERATOR_V1,SYNTHETIC
PA_010952,2025-12-18,HALDIA,2,1.9,73.1,LOW,SYNTHETIC_GENERATOR_V1,SYNTHETIC
PA_010953,2025-12-19,HALDIA,6,34.2,106.1,MEDIUM,SYNTHETIC_GENERATOR_V1,SYNTHETIC
PA_010954,2025-12-20,HALDIA,7,42.0,111.8,MEDIUM,SYNTHETIC_GENERATOR_V1,SYNTHETIC
PA_010955,2025-12-21,HALDIA,4,21.9,93.1,LOW,SYNTHETIC_GENERATOR_V1,SYNTHETIC
PA_010956,2025-12-22,HALDIA,6,36.8,109.7,MEDIUM,SYNTHETIC_GENERATOR_V1,SYNTHETIC
PA_010957,2025-12-23,HALDIA,6,39.4,105.6,MEDIUM,SYNTHETIC_GENERATOR_V1,SYNTHETIC
PA_010958,2025-12-24,HALDIA,10,70.8,139.9,HIGH,SYNTHETIC_GENERATOR_V1,SYNTHETIC
PA_010959,2025-12-25,HALDIA,7,38.6,103.8,MEDIUM,SYNTHETIC_GENERATOR_V1,SYNTHETIC
PA_010960,2025-12-26,HALDIA,7,42.7,112.2,MEDIUM,SYNTHETIC_GENERATOR_V1,SYNTHETIC
PA_010961,2025-12-27,HALDIA,5,24.2,92.6,MEDIUM,SYNTHETIC_GENERATOR_V1,SYNTHETIC
PA_010962,2025-12-28,HALDIA,13,104.5,179.5,HIGH,SYNTHETIC_GENERATOR_V1,SYNTHETIC
PA_010963,2025-12-29,HALDIA,10,72.6,142.2,HIGH,SYNTHETIC_GENERATOR_V1,SYNTHETIC
PA_010964,2025-12-30,HALDIA,5,24.2,91.5,MEDIUM,SYNTHETIC_GENERATOR_V1,SYNTHETIC
PA_010965,2025-12-31,HALDIA,8,50.6,120.9,MEDIUM,SYNTHETIC_GENERATOR_V1,SYNTHETIC
